OBJECTID,FID_krunghtep_2007_Project,ID_2007,AREA_2007,ED_2007,SHAPE_2007,ENN_2007,POINT_X_2007,POINT_Y_2007,FID_RasterT_Majori18_Project,ID_2015,AREA_2015,ED_2015,SHAPE_2015,ENN_2015,POINT_X_2015,POINT_Y_2015,Shape_Length,Shape_Area,OVERLAP_07_15,MAX_OVERLAP_07_15,RETENTION_07_15,CENTROID_07_15,EVENT TYPE,log_area_parent,log_area_child,log_change_area,log_change_ED,log_change_shape_index,log_change_ENN,logit_retention_ratio,log_centroid_shift,Predicted_Typology,Prob_0,Prob_1,Prob_2,Prob_3,Prob_4
1,1072,1072,0.1183092146,1247.219988,1.21017288,70.67316175,-2719544.434,3119135.959,940,940,0.7098553238,623.6100183,1.482153123,117.7874775,-2719475.634,3119141.883,97.3365046,591.546845,0.0591546845,0.0591546845,0.5000006524,69.05411917,Retain,-2.134453619,-0.342694099,1.79175952,-0.6931471419,0.2027326181,0.5108104095,2.604429057e-6,5.874496767,4,0.002,0.004,0.11,0.082,0.802
2,1073,1073,0.4732366741,941.9785554,1.827996167,0,-2718056.868,3119275.825,937,937,0.118309405,1247.219164,1.210173054,50.22112328,-2718120.424,3119282.179,147.5576491,1183.091448,0.1183091448,0.1183091448,0.2499999498,63.87197374,Retain,-0.7481596475,-2.13445201,-1.386292362,0.280689174,-0.412457007,10.82421091,-1.09595298,5.103341092,1,0,0.698,0.286,0.016,0
5,1078,1078,0.5323922617,648.6501243,1.335123502,0,-2717872.031,3119243.128,941,941,1.123938618,569.8280713,1.704159362,50.22112328,-2717914.837,3119243.869,345.3363067,5323.923867,0.5323923867,0.5323923867,1.000000235,42.81272399,Retain,-0.6303747274,0.1168391399,0.7472138673,-0.1295587856,0.244048148,10.82421091,6.908990014,4.644411012,4,0.002,0.004,0.008,0.04,0.946
6,1080,1080,4.732363039,227.5633726,1.396485583,75.33192769,-2718842.142,3119230.407,945,945,4.732364118,279.3122883,1.714052765,120.641679,-2718850.762,3119231.734,1076.912875,43182.81251,4.318281251,4.318281251,0.9124999954,8.721936889,Retain,1.554424663,1.554424891,2.279958102e-7,0.2049017082,0.2049018222,0.4709157847,2.334280767,1.961108592,0,0.428,0.066,0.026,0.362,0.118
7,1090,1090,2.366198247,435.2118974,1.888519143,23.55792889,-2718103.22,3119133.514,950,950,1.715492188,428.2638158,1.582343701,68.86228262,-2718135.619,3119140.633,734.682923,15380.27639,1.538027639,1.538027639,0.6499994839,33.17197459,Retain,0.8612845519,0.5397000297,-0.3215845223,-0.01609363526,-0.1768858964,1.072618233,0.6177211556,3.643458193,1,0.18,0.334,0.284,0.196,0.006
8,1095,1095,1.123947864,522.378051,1.562259131,25.11032277,-2718887.546,3118970.994,957,957,0.7690169307,575.6349462,1.424000593,25.11033135,-2718928.608,3118952.526,392.4521575,5323.95927,0.532395927,0.532395927,0.4736838283,45.02403823,Retain,0.116847366,-0.2626422933,-0.3794896593,0.09708212438,-0.09266270524,3.415548394e-7,-0.1051513573,4.32116,1,0.176,0.714,0.046,0.062,0.002
9,1096,1096,0.3549309773,689.9777681,1.159583743,75.33127251,-2718585.045,3118970.276,958,958,0.2366208369,822.7246632,1.128953561,117.7910062,-2718597.554,3118969.199,194.6736902,2366.205665,0.2366205665,0.2366205665,0.6666664272,12.55518254,Retain,-1.035831939,-1.441296263,-0.4054643246,0.1759622153,-0.02676994704,0.447011781,0.691649473,3.620494089,1,0.256,0.482,0.012,0.244,0.006
10,1106,1106,7.157799968,322.3893709,2.433131389,25.11029242,-2719279.845,3118836.501,961,961,2.780314571,464.0539654,2.182782805,25.11033135,-2719337.297,3118869.549,1290.215911,27803.14467,2.780314467,2.780314467,0.3884314286,66.27955065,Retain,1.968202667,1.022564076,-0.9456385905,0.3642408089,-0.1085784863,1.550203217e-6,-0.4529730896,3.78216011,2,0.002,0.258,0.74,0,0
11,1106,1106,7.157799968,322.3893709,2.433131389,25.11029242,-2719279.845,3118836.501,965,965,1.123953164,569.8201067,1.70414657,25.11027296,-2719113.513,3118776.069,640.451112,11239.54197,1.123954197,1.123954197,0.1570250918,176.9697815,Retain,1.968202667,0.1168520818,-1.851350585,0.5695606675,-0.356114625,-7.751838336e-7,-1.675368935,4.764248252,2,0.004,0.054,0.942,0,0
12,1112,1112,2.543695982,366.5776559,1.649277217,34.43138839,-2718627.977,3118754.047,975,975,2.247917121,345.0283335,1.459284522,50.22051161,-2718640.162,3118732.189,634.2440108,17746.71342,1.774671342,1.774671342,0.6976743112,25.02518865,Retain,0.9336181345,0.8100040636,-0.1236140709,-0.06058384441,-0.1223908798,0.3774458087,0.8343775894,3.325478698,3,0.236,0.124,0.134,0.488,0.018
13,1115,1115,1.833823382,530.7884928,2.027660869,0,-2718902.478,3118762.58,974,974,2.070446156,517.139731,2.099108773,25.11027296,-2718897.797,3118747.099,973.3723488,18338.22935,1.833822935,1.833822935,0.9999997563,16.17356677,Retain,0.6064030669,0.7277641186,0.1213610516,-0.02605051244,0.03463001338,10.13107215,6.90851089,3.052603465,4,0.18,0.008,0.006,0.228,0.578
14,1117,1117,0.8873355813,654.6797158,1.739674115,23.55863489,-2717882.895,3118796.613,971,971,0.2957781086,976.7734182,1.498552332,50.22037229,-2717896.186,3118814.386,288.9081942,2957.781536,0.2957781536,0.2957781536,0.3333329124,22.19273834,Retain,-0.1195320353,-1.218145739,-1.098613703,0.4001085768,-0.149198275,0.7569058175,-0.6916524371,3.731941153,1,0.002,0.78,0.214,0.004,0
15,1125,1125,0.5324050331,737.1322537,1.517265416,23.55863489,-2717889.686,3118634.713,980,980,0.2366244759,822.7178281,1.128952862,75.00402286,-2717937.771,3118624.007,147.5577797,1183.123422,0.1183123422,0.1183123422,0.2222224337,49.26173256,Retain,-0.6303507389,-1.441280884,-0.8109301455,0.1098459594,-0.2956191134,1.158020221,-1.249556733,4.784708176,1,0.018,0.702,0.214,0.066,0
16,1130,1130,0.4732488845,617.0383258,1.197435164,94.2343468,-2718728.194,3118547.114,979,979,0.1183121668,1220.964811,1.18471236,88.85209699,-2718750.842,3118554.032,144.4548841,1183.120215,0.1183120215,0.1183120215,0.2499995781,23.68095541,Retain,-0.7481338459,-2.134428667,-1.386294821,0.6824655157,-0.01068189464,-0.05881093223,-1.095954955,4.111145249,1,0.01,0.792,0.162,0.036,0
17,1140,1140,8.57760783,255.5075225,2.110968983,50.21985379,-2718143.353,3118685.161,989,989,8.281826462,252.8797194,2.052920502,50.21985379,-2718139.813,3118689.549,2094.30606,79860.49419,7.986049419,7.986049419,0.9310345701,5.636986058,Retain,2.149155067,2.114063531,-0.03509153567,-0.01033789341,-0.02788366125,0,2.589368645,1.227314329,0,0.4,0.064,0.024,0.288,0.224
18,1148,1148,53.24117473,199.0346698,4.096826908,0,-2718816.936,3118217.079,990,990,0.2366264032,822.7141934,1.128952472,0,-2719095.411,3118311.556,144.4560348,1183.130843,0.1183130843,0.1183130843,0.002222210251,294.0648586,Retain,3.974832058,-1.441272739,-5.416104797,1.419129837,-1.288922562,0,-5.736464784,4.268752665,2,0,0,1,0,0
19,1148,1148,53.24117473,199.0346698,4.096826908,0,-2718816.936,3118217.079,997,997,0.2957849974,827.9528762,1.270248697,0,-2719038.534,3118148.564,244.8960393,2957.849974,0.2957849974,0.2957849974,0.005555568578,231.9488516,Retain,3.974832058,-1.218122449,-5.192954507,1.42547721,-1.171000043,0,-5.022874449,4.031470105,2,0,0,1,0,0
20,1148,1148,53.24117473,199.0346698,4.096826908,0,-2718816.936,3118217.079,998,998,17.15549187,285.8629432,3.340061904,0,-2718491.349,3118234.067,5290.372036,130736.7301,13.07367301,13.07367301,0.2455556828,326.0293074,Retain,3.974832058,2.842318348,-1.13251371,0.3620334469,-0.2042234081,0,-1.119718214,4.371939259,2,0.002,0.028,0.97,0,0
21,1028,1028,0.4732260487,617.0544743,1.197437611,75.33314776,-2720963.355,3119625.556,906,906,0.2366129035,822.7396395,1.128955185,164.8975489,-2720974,3119639.417,194.6708149,2366.127861,0.2366127861,0.2366127861,0.4999994966,17.47677298,Retain,-0.7481821004,-1.441329792,-0.6931476914,0.2876824862,-0.05889135952,0.7833969082,-2.009587273e-6,3.807385952,1,0.048,0.86,0.05,0.042,0
22,1040,1040,0.1774607787,1096.983409,1.303605904,25.11089814,-2720078.353,3119531.348,919,919,0.2957678177,827.9917947,1.270271515,0,-2720064.875,3119530.932,194.6714217,1774.605083,0.17746050830000001,0.17746050830000001,0.9999984763,13.48427022,Retain,-1.729005659,-1.218180532,0.5108251274,-0.2813160913,-0.0259035276,-10.13109704,6.907230733,4.038465768,3,0.014,0.002,0,0.496,0.488
23,1044,1044,0.5323839714,636.9865989,1.311106135,25.11084999,-2720915.918,3119404.039,922,922,0.4140760139,697.696953,1.266490485,125.5542414,-2720927.41,3119412.056,288.899556,3549.223201,0.3549223201,0.3549223201,0.6666660515,14.01255498,Retain,-0.6303902992,-0.8817057136,-0.2513154144,0.09103622615,-0.03462148104,1.609405986,0.6916477862,3.527585166,3,0.192,0.346,0.006,0.444,0.012
24,1047,1047,2.129531178,504.2427061,2.075757875,47.11432841,-2721573.195,3119402.582,917,917,1.123917451,474.9386651,1.420364478,141.3424871,-2721602.203,3119440.319,533.7918539,11239.17451,1.123917451,1.123917451,0.5277769412,47.5981504,Retain,0.7559018511,0.1168203067,-0.6390815445,-0.05987204224,-0.3794128145,1.098594614,0.1109998211,4.05722893,1,0.026,0.552,0.368,0.054,0
25,1055,1055,8.57725761,307.1235379,2.537361798,0,-2720598.111,3119621.366,926,926,7.808255538,255.7467105,2.015961033,86.69803585,-2720559.781,3119560.996,2091.161785,62702.62403,6.270262403,6.270262403,0.7310334711,71.51076158,Retain,2.149114237,2.055181576,-0.09393266026,-0.1830625274,-0.2300288575,11.37019804,0.997528254,3.767669758,2,0.33,0.042,0.384,0.144,0.1
27,1106,1106,7.157799968,322.3893709,2.433131389,25.11029242,-2719279.845,3118836.501,964,964,0.2366221301,1048.07968,1.438192596,47.11598512,-2719487.082,3118762.575,247.9988464,2366.225162,0.2366225162,0.2366225162,0.03305799508,220.0283715,Retain,1.968202667,-1.441290798,-3.409493465,1.178954851,-0.5257918814,0.6293159119,-3.347107364,4.982024654,2,0,0.012,0.988,0,0
28,1039,1039,1.183070048,459.073807,1.408584198,23.55707838,-2720243.718,3119529.717,929,929,2.0112266,507.3882743,2.029859584,25.11089814,-2720233.842,3119463.25,492.8944411,10056.09005,1.005609005,1.005609005,0.8499995471,67.19590462,Retain,0.1681127956,0.6987447846,0.530631989,0.1000655409,0.3653815353,0.06387297052,1.72912876,4.695935729,4,0.01,0.008,0.002,0.04,0.94
30,1059,1059,1.360546033,581.4695371,1.913280545,50.22142016,-2719757.784,3119329.362,931,931,1.360545073,539.9900159,1.776794761,50.22142016,-2719706.978,3119350.185,492.893954,7690.039381,0.7690039381,0.7690039381,0.5652171404,54.90764656,Retain,0.307886114,0.3078854087,-7.052875665e-7,-0.07400793362,-0.07400828626,0,0.2618335541,4.424092719,3,0.02,0.024,0.042,0.84,0.074
31,1063,1063,0.2366169234,1034.980444,1.420201978,50.22142016,-2719520.042,3119291.75,933,933,0.1183082788,1247.22894,1.210176779,50.22142016,-2719533.561,3119302.408,147.5575091,1183.081537,0.1183081537,0.1183081537,0.4999986983,17.21557467,Retain,-1.441312803,-2.134461529,-0.6931487267,0.1865417107,-0.1600326526,0,-5.196459114e-6,4.138893908,1,0.186,0.534,0.082,0.198,0
32,1070,1070,1.71547696,516.0930128,1.906845438,23.55745451,-2721289.92,3119074.496,935,935,1.183088127,623.6121798,1.913454787,150.6637633,-2721305.334,3119082.422,737.7881657,11830.8819,1.18308819,1.18308819,0.6896555405,17.33246273,Retain,0.5396911525,0.1681280767,-0.3715630758,0.1892416618,0.003460123897,1.8555725,0.7967413191,3.155158262,0,0.538,0.276,0.046,0.138,0.002
36,1107,1107,0.473244648,716.6025432,1.390644968,47.11694986,-2720089.214,3118657.524,967,967,0.236622651,822.721306,1.128953281,55.47156768,-2720082.454,3118652.195,194.6744054,2366.223097,0.2366223097,0.2366223097,0.4999999698,8.607828319,Retain,-0.748142798,-1.441288597,-0.6931457986,0.1380961576,-0.2084767417,0.1632345929,-1.206292666e-7,3.099224567,1,0.178,0.664,0.096,0.062,0
37,1108,1108,7.453569017,260.765788,2.008296441,23.55805305,-2719771.166,3118816.556,968,968,12.12680933,228.3735495,2.243438376,55.47156768,-2719842.177,3118869.372,1849.402116,69803.2613,6.98032613,6.98032613,0.9365078816,88.49918911,Retain,2.00869298,2.495418649,0.4867256684,-0.1326399772,0.110722857,0.8563784577,2.676682144,4.051023142,4,0.018,0.002,0.006,0.012,0.962
38,1122,1122,12.54100603,267.6485088,2.673782548,0,-2721469.226,3118500.391,959,959,0.8281736478,595.1575167,1.527874542,34.43133312,-2721394.384,3118709.771,492.8937717,8281.736586,0.8281736586,0.8281736586,0.06603725861,222.3543994,Retain,2.529003758,-0.188532427,-2.717536185,0.7991515193,-0.5596165731,10.44675132,-2.635258116,4.712140064,2,0,0.018,0.982,0,0
39,1122,1122,12.54100603,267.6485088,2.673782548,0,-2721469.226,3118500.391,976,976,8.340964225,304.5306817,2.481042775,34.43133312,-2721491.255,3118457.302,2587.196514,78677.16745,7.867716745,7.867716745,0.6273592984,48.39343077,Retain,2.529003758,2.121178824,-0.4078249337,0.1290972577,-0.07481520914,10.44675132,0.5198174891,3.187247804,2,0.284,0.324,0.342,0.028,0.022
40,1148,1148,53.24117473,199.0346698,4.096826908,0,-2718816.936,3118217.079,993,993,9.938257846,275.7995063,2.452695773,47.11845475,-2719594.148,3118396.136,2740.966608,99382.57974,9.938257974,9.938257974,0.1866648891,797.5714746,Retain,3.974832058,2.296391738,-1.67844032,0.3261951459,-0.513025014,10.76044125,-1.467714098,5.266521622,2,0,0.008,0.992,0,0
41,904,904,0.1774518561,1079.461004,1.282750814,25.11193906,-2725187.707,3120422.843,812,812,1.005560753,533.922461,1.510349362,55.47315828,-2725130.115,3120408.341,191.5523587,1774.518561,0.1774518561,0.1774518561,1,59.38990289,Retain,-1.72905594,0.00554534932,1.734601289,-0.7039665006,0.163334144,0.792534082,6.908754779,5.521033978,4,0.002,0,0.016,0.01,0.972
44,937,937,1.123870092,522.4055288,1.562287255,23.5552203,-2725270.878,3120202.885,831,831,0.709812542,548.50391749999994,1.303606857,47.11037849,-2725276.997,3120216.149,389.33496,6506.612525,0.6506612525,0.6506612525,0.5789470303,14.60700599,Retain,0.1167781686,-0.3427543691,-0.4595325377,0.04875026041,-0.1810160085,0.6931246359,0.3178059456,3.195545593,1,0.088,0.696,0.116,0.096,0.004
45,1144,1144,13.96092576,300.9139684,3.171717695,23.55900849,-2720310.581,3118194.357,981,981,0.1183123441,1220.964253,1.184712707,50.22006167,-2720149.801,3118409.937,144.4551428,1183.123441,0.1183123441,0.1183123441,0.008474534288,268.932408,Retain,2.636262411,-2.134427168,-4.770689578,1.400571792,-0.9847729971,0.7568837746,-4.651645072,4.848697533,2,0,0.006,0.994,0,0
46,1144,1144,13.96092576,300.9139684,3.171717695,23.55900849,-2720310.581,3118194.357,992,992,2.721186563,370.458306,1.723905929,50.21998575,-2720040.788,3118391.052,1008.086164,27211.86335,2.721186335,2.721186335,0.194914462,333.8813875,Retain,2.636262411,1.001068022,-1.635194389,0.2079164991,-0.6096806954,0.7568822628,-1.414511718,5.065022535,2,0.002,0.014,0.98,0.002,0.002
47,1144,1144,13.96092576,300.9139684,3.171717695,23.55900849,-2720310.581,3118194.357,995,995,2.247944239,614.4910977,2.598982951,75.32971405,-2720477.036,3118205.029,1328.019569,20704.7634,2.07047634,2.07047634,0.1483050891,166.7970924,Retain,2.636262411,0.810016127,-1.826246284,0.713970037,-0.1991531048,1.162337221,-1.742410027,4.371017791,2,0,0.048,0.952,0,0
48,943,943,0.1183026829,1247.287785,1.210205254,25.11169683,-2724596.439,3120142.855,853,853,0.2366054932,1035.021036,1.420223375,86.69534032,-2724577.169,3120138.606,147.5574912,1183.026829,0.1183026829,0.1183026829,1,19.73295823,Retain,-2.13450883,-1.441361111,0.6931477192,-0.1865496705,0.1600241891,1.239038104,6.908754779,4.621960278,4,0.004,0.002,0,0.41,0.584
49,967,967,1.419640831,548.5006233,1.84357765,0,-2725927.358,3119866.464,870,870,3.075890713,445.0429594,2.20182325,97.51025996,-2725892.613,3119868.25,731.5627318,12421.86373,1.242186373,1.242186373,0.8750004546,34.7908871,Retain,0.3504039038,1.123594522,0.7731906182,-0.2090176007,0.1775777084,11.48772314,1.939088311,3.946547221,4,0.01,0.002,0.006,0.018,0.964
51,977,977,0.7689777961,628.8373621,1.555572673,141.3366827,-2724270.663,3119816.308,882,882,0.5323690982,731.3316689,1.505275064,25.11148897,-2724287.825,3119827.963,339.1154032,3549.126434,0.3549126434,0.3549126434,0.4615382202,20.74550427,Retain,-0.2626931836,-0.6304182365,-0.3677250529,0.150994419,-0.0328681075,-1.727786649,-0.1538427468,3.736089298,1,0.09,0.532,0.148,0.218,0.012
52,1001,1001,0.5323728256,831.508594,1.711471809,47.11255563,-2722643.632,3119759.566,895,895,0.1183054517,1247.259709,1.210192175,117.7814217,-2722648.477,3119767.029,147.5574241,1183.049514,0.1183049514,0.1183049514,0.2222219949,8.897867868,Retain,-0.630411235,-2.134485425,-1.50407419,0.4054625573,-0.3465745378,0.9162782737,-1.249559262,3.073494623,1,0.018,0.798,0.184,0,0
53,1014,1014,0.7689876761,898.1615763,2.221821831,50.22239558,-2722156.161,3119734.893,899,899,0.7098340685,911.0191647,2.165214869,236.7921418,-2722186.326,3119741.842,546.2274325,5915.280416,0.5915280416,0.5915280416,0.7692295468,30.95537677,Retain,-0.2626803355,-0.3427240426,-0.08004370717,0.01421395283,-0.02580790075,1.550705975,1.200941127,4.136284123,3,0.13,0.038,0.012,0.782,0.038
54,1022,1022,1.005601114,530.8158316,1.501591524,34.4307569,-2722550.452,3119601.628,901,901,0.3549177591,689.9986719,1.159597281,117.7814217,-2722572.781,3119619.87,244.8927824,3549.1802,0.35491802,0.35491802,0.3529411563,28.83324949,Retain,0.005585486172,-1.035869181,-1.041454667,0.2622745448,-0.2584527887,1.229859735,-0.604850826,3.931136099,1,0.004,0.694,0.298,0.004,0
55,1023,1023,4.259011405,333.2074222,1.939832076,50.22211565,-2724471.405,3119452.22,905,905,3.430878474,344.0691415,1.797808624,75.33324907,-2724497.785,3119442.471,1177.349784,28393.48704,2.839348704,2.839348704,0.6666684904,28.12329038,Retain,1.449037069,1.232816343,-0.2162207254,0.03207744446,-0.07603291825,0.40545947449999997,0.6916587342,3.184480038,0,0.402,0.158,0.184,0.232,0.024
56,1126,1126,14.4931294,246.5293004,2.647553203,23.55790025,-2722105.737,3118560.716,956,956,2.898622718,376.8817675,1.810072798,25.11040504,-2722106.801,3118677.335,1092.437871,26619.99119,2.661999119,2.661999119,0.1836731768,116.6232621,Retain,2.673674703,1.064235699,-1.609439003,0.424450672,-0.3802688297,0.06381844779,-1.487451392,3.994484924,2,0.002,0.082,0.916,0,0
57,1066,1066,2.188702756,398.8292169,1.664467908,55.47200382,-2721918.077,3119152.609,932,932,1.833777117,369.862346,1.412890362,55.47200382,-2721906.454,3119171.236,631.130852,15380.06962,1.538006962,1.538006962,0.7027025293,21.95572058,Retain,0.7833090192,0.6063778382,-0.1769311811,-0.07540239894,-0.1638679895,0,0.858264511,3.269783703,3,0.176,0.168,0.202,0.44,0.014
58,1089,1089,5.974604415,266.9936797,1.840986596,47.11432841,-2721654.411,3119014.149,951,951,6.033759394,256.0526594,1.774264458,55.47200382,-2721657.786,3119012.112,1544.960122,59154.50423,5.915450423,5.915450423,0.9900990948,3.941652349,Retain,1.787517889,1.797370265,0.00985237597,-0.04184186238,-0.03691567439,0.1632980928,4.509968696,1.05045968,3,0.28,0.034,0.012,0.372,0.302
59,1119,1119,29.93256467,157.5603609,2.431722425,23.55852809,-2722799.578,3118569.486,978,978,38.3326883,184.2992638,3.218869036,23.55782209,-2722616.007,3118537.972,4235.704303,248451.9018,24.84519018,24.84519018,0.8300388041,186.2568083,Retain,3.398947007,3.646303013,0.2473560055,0.156752241,0.2804302438,-2.996718362e-5,1.581239883,4.10002322,4,0.072,0.03,0.038,0.062,0.798
61,464,464,0.2365817328,1035.103669,1.420265443,211.590665,-2727611.946,3122518.545,441,441,0.2365817328,1035.103669,1.420265443,244.8697182,-2727611.946,3122518.545,244.8866197,2365.817328,0.2365817328,0.2365817328,1,0,Retain,-1.441461537,-1.441461537,0,0,0,0.1460720817,6.908754779,-5.614659567,3,0.226,0.03,0,0.584,0.16
62,637,637,0.2365910777,822.7808026,1.128959596,234.5724529,-2727435.229,3121493.668,610,610,0.4140345152,705.2404472,1.280119619,217.8451683,-2727421.706,3121483.016,194.6625968,2365.910879,0.2365910879,0.2365910879,1.000000043,17.21475362,Retain,-1.441422039,-0.8818059386,0.5596160999,-0.1541510213,0.1256570287,-0.07397960719,6.908797624,4.138900835,4,0,0.002,0.002,0.158,0.838
63,668,668,1.833586239,371.5776376,1.419368974,70.65888747,-2727797.077,3121366.717,634,634,1.833586239,371.5776376,1.419368974,70.65888747,-2727797.077,3121366.717,681.3196431,18335.86239,1.833586239,1.833586239,1,0,Retain,0.6062737428,0.6062737428,0,0,0,0,6.908754779,-6.638527207,3,0.104,0.018,0,0.744,0.134
64,747,747,0.7689338574,571.6397014,1.41404081,70.66059907,-2727254.263,3121048.3,687,687,0.8872314475,548.5150753,1.457478307,68.85960741,-2727252.568,3121042.142,439.5531206,7689.342327,0.7689342327,0.7689342327,1.000000488,6.386960795,Retain,-0.2627503244,-0.1196493978,0.1431009266,-0.04129413632,0.03025632698,-0.02581799338,6.909243454,2.558155198,4,0.102,0.002,0,0.316,0.58
66,757,757,2.720834037,482.3603883,2.244490285,0,-2727574.346,3121112.143,657,657,0.7097803755,623.674309,1.48222767,25.11270022,-2727555.792,3121211.392,442.6717852,7097.805114,0.7097805114,0.7097805114,0.260868727,100.9688303,Retain,1.000938464,-0.3427996871,-1.343738152,0.2569367631,-0.41493231270000003,10.1311688,-1.03898423,4.686717473,2,0,0.114,0.886,0,0
67,757,757,2.720834037,482.3603883,2.244490285,0,-2727574.346,3121112.143,673,673,0.2365942642,822.7747534,1.128958898,47.10636984,-2727552.929,3121105.256,194.6637874,2365.942433,0.2365942433,0.2365942433,0.08695651409,22.49721846,Retain,1.000938464,-1.4414085699999999,-2.442347035,0.5339909452,-0.6871825722,10.76018474,-2.341035614,3.185331837,2,0.006,0.244,0.75,0,0
68,1102,1102,457.6574353,133.6700561,8.066766007,0,-2727122.196,3119730.496,720,720,0.7689397328,506.3196956,1.252466276,50.22495891,-2727202.267,3120872.753,241.771822,2957.457623,0.2957457623,0.2957457623,6.462164481e-4,1145.059568,Retain,6.126120946,-0.2627426835,-6.38886363,1.331793784,-1.862638031,10.82428728,-6.409629407,4.552517282,2,0,0,1,0,0
69,1102,1102,457.6574353,133.6700561,8.066766007,0,-2727122.196,3119730.496,804,804,0.6506550906,675.5611525,1.537216905,50.22395222,-2726924.091,3120337.467,439.5572119,5915.049425,0.5915049425,0.5915049425,0.001292462215,638.4819104,Retain,6.126120946,-0.4297755919,-6.555896538,1.620169187,-1.657779082,10.82426724,-6.077836331,3.96839938,2,0,0,1,0,0
70,858,858,1.715342193,397.1974779,1.467496031,75.33695813,-2726704.493,3120675.924,770,770,1.774492419,383.9575671,1.442830696,50.22440485,-2726705.683,3120673.267,681.3295929,17153.42193,1.715342193,1.715342193,1,2.911567841,Retain,0.5396125904,0.573514421,0.03390183065,-0.03390153819,-0.01695062287,-0.4054631284,6.908754779,1.371593759,3,0.126,0.012,0.008,0.628,0.226
71,889,889,1.30130227,441.5975604,1.421054804,75.33615753,-2726426.735,3120535.148,787,787,1.183001998,445.9357633,1.368233156,78.93258734,-2726428.282,3120545.116,527.5428989,11830.01998,1.183001998,1.183001998,0.9090908587,10.08746084,Retain,0.263365509,0.1680552737,-0.09531023524,0.009775942797,-0.03787917482,0.0466333593,2.292743945,2.752074469,3,0.228,0.042,0.012,0.598,0.12
72,903,903,4.909471335,276.2890922,1.726935717,23.55483156,-2726209.799,3120492.164,808,808,4.377119571,265.4184982,1.566464152,23.55474053,-2726213.613,3120485.753,1161.768503,43771.19696,4.377119696,4.377119696,0.8915664024,7.459077459,Retain,1.591166265,1.476390876,-0.1147753891,-0.04013993427,-0.09752762884,-3.864414923e-6,2.09878296,1.786347608,0,0.42,0.042,0.142,0.308,0.088
73,922,922,0.8872618209,495.4099421,1.31639336,23.55483156,-2726176.895,3120241.339,816,816,0.4732065555,723.2034875,1.403398332,23.55474053,-2726180.872,3120248.483,342.2245231,4732.06014,0.473206014,0.473206014,0.5333330059,8.176094801,Retain,-0.1196151645,-0.7482232934,-0.6286081288,0.3783050458,0.06400098139,-3.864414923e-6,0.1332627597,2.733509454,1,0.274,0.572,0.104,0.05,0
74,1102,1102,457.6574353,133.6700561,8.066766007,0,-2727122.196,3119730.496,843,843,0.236605053,822.7544246,1.128956744,25.11173474,-2726450.865,3120018.306,194.6678542,2366.05053,0.236605053,0.236605053,5.169916071e-4,730.4248247,Retain,6.126120946,-1.441362971,-7.567483917,1.81728327,-1.966458689,10.13113036,-6.491509003,4.102932155,2,0,0,1,0,0
75,1102,1102,457.6574353,133.6700561,8.066766007,0,-2727122.196,3119730.496,960,960,415.9551173,147.6142562,8.492716099,23.55370843,-2727022.406,3119759.319,58842.18405,3839539.169,383.9539169,383.9539169,0.8389548322,103.869238,Retain,6.126120946,6.030577363,-0.09554358308,0.09922799887,0.05145620733,10.06708101,1.645473009,2.152446879,1,0.24,0.54,0.186,0.022,0.012
76,413,413,2.957232194,331.2369582,1.606854556,25.11403346,-2729712.5,3122632.58,391,391,2.898089167,354.2490603,1.701216737,25.11403346,-2729707.391,3122639.293,979.5446876,27797.99345,2.779799345,2.779799345,0.940000366,8.436343418,Retain,1.084253761,1.064051612,-0.02020214938,0.06716622096,0.05706514627,0,2.736075664,2.16290556,3,0.14,0.054,0.002,0.7,0.104
77,419,419,0.414014128,705.2590592,1.280121884,25.11403346,-2729482.733,3122581.519,395,395,0.414014128,705.2590592,1.280121884,25.11403346,-2729482.733,3122581.519,291.9872144,4140.14128,0.414014128,0.414014128,1,0,Retain,-0.8818551802,-0.8818551802,0,0,0,0,6.908754779,-5.894462746,3,0.188,0.018,0,0.604,0.19
81,930,930,1.005566234,530.8238498,1.501588163,117.776025,-2725902.103,3120213.783,820,820,1.064715751,460.0120317,1.339001607,70.66522901,-2725899.79,3120236.62,439.558308,7098.108068,0.7098108068,0.7098108068,0.7058817042,22.95442181,Retain,0.005550799659,0.06270786277,0.05715706311,-0.1431775883,-0.1145990568,-0.5108254253,0.8734870523,3.703143696,3,0.1,0.036,0.03,0.59,0.244
82,933,933,1.656224814,407.6187691,1.479819973,34.43031046,-2726382.236,3120193.106,819,819,1.005563996,480.8784839,1.360301796,50.22378439,-2726393.405,3120220.056,483.55409,10055.63996,1.005563996,1.005563996,0.6071422116,29.17294536,Retain,0.5045408038,0.005548574484,-0.4989922293,0.1652822578,-0.08421385689,0.3775422795,0.4344188544,3.69337057,1,0.142,0.668,0.116,0.074,0
85,420,420,3.430376091,464.9571529,2.429287243,34.42861715,-2728527.507,3122652.688,396,396,2.720642004,513.5527599,2.389548419,50.22792921,-2728533.675,3122861.348,1397.19321,27206.42259,2.720642259,2.720642259,0.7931032013,208.7516701,Retain,1.232669903,1.000867883,-0.2318020192,0.09940751273,-0.01649349686,0.377673982,1.340171633,5.297180146,0,0.38,0.292,0.138,0.164,0.026
86,450,450,0.9463226157,514.2500296,1.411201414,53.37826229,-2729651.798,3122441.332,421,421,0.7097418426,548.5333801,1.303611953,53.37826229,-2729660.589,3122451.899,389.3170919,6505.970182,0.6505970182,0.6505970182,0.6875002324,13.74547326,Retain,-0.05517173671,-0.3428539771,-0.2876822404,0.0645385488,-0.0793025714,0,0.7867170367,3.220733112,1,0.186,0.422,0.046,0.344,0.002
87,460,460,1.833499944,344.1929838,1.314732902,166.4245587,-2729158.606,3122472.269,432,432,1.53777348,377.7214908,1.321335023,177.7066934,-2729158.902,3122480.396,580.8500913,15377.733,1.5377733,1.5377733,0.8387092159,8.13308804,Retain,0.6062266778,0.4303355779,-0.1758910999,0.09295462791,0.005009077967,0.06559191362,1.643665971,2.365315235,0,0.57,0.11,0.008,0.296,0.016
88,461,461,0.414017558,705.2558966,1.280121447,23.55076756,-2728515.73,3122475.951,433,433,0.4731630052,617.0988393,1.197443934,117.7536213,-2728512.349,3122473.289,291.9883241,4140.17558,0.414017558,0.414017558,1,4.303616648,Retain,-0.8818468954,-0.74831533,0.1335315654,-0.1335315064,-0.06676572374,1.609402106,6.908754779,2.472976476,4,0.11,0.006,0.02,0.336,0.528
89,476,476,0.5914562461,578.5995111,1.255262173,88.85323079,-2729486.471,3122245.528,457,457,0.5914562461,578.5995111,1.255262173,88.85323079,-2729486.471,3122245.528,342.2162948,5914.562461,0.5914562461,0.5914562461,1,0,Retain,-0.5251675694,-0.5251675694,0,0,0,0,6.908754779,-6.072806551,3,0.144,0.016,0.002,0.638,0.2
90,479,479,4.140171311,414.0426537,2.376562867,23.55076756,-2728259.111,3122465.021,464,464,1.715215948,534.5197672,1.974777824,53.37917688,-2728248.738,3122454.179,916.8164305,17152.14556,1.715214556,1.715214556,0.4142858898,15.00502481,Retain,1.420737166,0.5395389897,-0.8811981767,0.2553997157,-0.1851993727,0.8182385844,-0.3455704915,2.570448134,2,0.07,0.31,0.614,0.006,0
91,482,482,0.8280388741,527.0539676,1.352930595,47.1026034,-2727872.455,3122366.037,465,465,0.2365827927,1021.890231,1.40213843,47.10244536,-2727882.284,3122365.188,241.7616448,2365.827927,0.2365827927,0.2365827927,0.2857145964,9.866129243,Retain,-0.1886951763,-1.441457057,-1.252761881,0.6621064108,0.03572547021,-3.355333252e-6,-0.9141943457,2.955921485,1,0.064,0.7,0.23,0.006,0
92,512,512,18.69003336,190.326807,2.321133225,50.22807011,-2729928.939,3122187.931,485,485,15.02297781,233.2335996,2.550141013,0,-2729948.832,3122223.888,3554.091003,148455.4286,14.84554286,14.84554286,0.7943026408,41.0929384,Retain,2.927990407,2.709580883,-0.2184095236,0.2032978932,0.09409313141,-10.82434922,1.347467032,2.824230366,0,0.488,0.11,0.362,0.018,0.022
93,512,512,18.69003336,190.326807,2.321133225,50.22807011,-2729928.939,3122187.931,492,492,1.715242089,516.1617771,1.906968948,0,-2729819.267,3121969.62,885.3424047,17152.42225,1.715242225,1.715242225,0.09177309592,244.3106729,Retain,2.927990407,0.5395542303,-2.388436176,0.9976776062,-0.196540482,-10.82434922,-2.282437999,4.606814498,2,0,0.008,0.992,0,0
94,487,487,1.301204621,480.1938413,1.54519912,47.1028624,-2728907.558,3122276.633,469,469,1.301204621,480.1938413,1.54519912,47.1028624,-2728907.558,3122276.633,624.8304451,13012.04621,1.301204621,1.301204621,1,0,Retain,0.2632904668,0.2632904668,0,0,0,0,6.908754779,-6.467035569,3,0.108,0.016,0,0.724,0.152
95,494,494,0.236583899,822.7943197,1.128961015,47.1026034,-2727902.416,3122233.436,474,474,0.354875276,690.0648429,1.159639076,47.10244536,-2727916.952,3122255.819,147.5571354,1182.919488,0.1182919488,0.1182919488,0.4999999972,26.68967891,Retain,-1.441452381,-1.035988886,0.4054634949,-0.1759206858,0.02681106163,-3.355333252e-6,-1.134920897e-8,4.577405534,3,0,0,0,0.56,0.44
96,496,496,0.6506058007,593.5928533,1.350649608,137.7161538,-2729286.408,3122112.814,480,480,0.6506058007,593.5928533,1.350649608,137.7161538,-2729286.408,3122112.814,386.1949536,6506.058007,0.6506058007,0.6506058007,1,0,Retain,-0.4298513491,-0.4298513491,0,0,0,0,6.908754779,-6.120464662,3,0.148,0.016,0,0.642,0.194
97,515,515,0.8280468168,534.5972344,1.3723005,199.4456581,-2730397.453,3121894.612,494,494,0.8280468168,534.5972344,1.3723005,199.4456581,-2730397.453,3121894.612,442.6715382,8280.468168,0.8280468168,0.8280468168,1,0,Retain,-0.1886855842,-0.1886855842,0,0,0,0,6.908754779,-6.241047544,3,0.136,0.016,0,0.672,0.176
98,528,528,0.5323182217,548.5270545,1.128960604,141.3114641,-2730697.938,3121767.326,514,514,0.5323182217,548.5270545,1.128960604,160.140715,-2730697.938,3121767.326,291.9909462,5323.182217,0.5323182217,0.5323182217,1,0,Retain,-0.6305138074,-0.6305138074,0,0,0,0.1250856461,6.908754779,-6.020133432,3,0.146,0.016,0.002,0.63,0.206
99,538,538,6.979262207,188.9374153,1.408049087,47.1028624,-2728865.644,3122001.192,517,517,7.156701807,184.2529827,1.390484192,47.1028624,-2728861.413,3121999.295,1318.643762,69201.16153,6.920116153,6.920116153,0.9915254575,4.637585797,Retain,1.94294321,1.968049233,0.02510602311,-0.02510610518,-0.01255309363,0,4.651644195,1.135302873,4,0.146,0.034,0.012,0.252,0.556
100,607,607,29.45500311,189.1976252,2.896611732,23.55124849,-2728157.935,3121931.681,582,582,26.43856546,177.2967854,2.571667835,53.37917688,-2728139.934,3121894.848,4882.133617,253147.843,25.3147843,25.3147843,0.8594391998,40.99685359,Retain,3.38286378,3.274823757,-0.1080400232,-0.06496702259,-0.1189870342,0.8182181642,1.804713649,2.594452767,0,0.588,0.018,0.344,0.018,0.032
101,650,650,0.7689207608,571.6468103,1.414046353,74.98856835,-2728038.88,3121422.447,613,613,0.7689207608,571.6468103,1.414046353,74.98856835,-2728038.88,3121422.447,439.5511003,7689.207608,0.7689207608,0.7689207608,1,0,Retain,-0.2627673567,-0.2627673567,0,0,0,0,6.908754779,-6.204006658,3,0.144,0.016,0,0.66,0.18
102,663,663,39.03733024,225.5217893,3.97487642,23.55243418,-2730556.813,3121342.684,630,630,18.63145264,203.5692182,2.478737488,25.11309745,-2730112.209,3121378.851,3981.20516,168570.3044,16.85703044,16.85703044,0.4318182195,446.0724249,Retain,3.664518374,2.924851155,-0.7396672191,-0.1024106956,-0.4722443051,0.06415770491,-0.2738820333,4.840589324,2,0.01,0.114,0.832,0.034,0.01
103,746,746,0.5914880939,578.576929,1.255246975,23.55340955,-2728996.966,3120897.789,684,684,0.5914880939,578.576929,1.255246975,23.55348457,-2728996.966,3120897.789,342.2213649,5914.880939,0.5914880939,0.5914880939,1,0,Retain,-0.5251137245,-0.5251137245,0,0,0,3.185251697e-6,6.908754779,-6.072833474,3,0.144,0.016,0.002,0.638,0.2
104,752,752,0.4140419416,705.2334414,1.280118383,34.42977343,-2727806.515,3120976.973,685,685,0.3548925833,681.2509139,1.144855375,34.42977342,-2727821.052,3120999.359,194.6642153,1774.466592,0.1774466592,0.1774466592,0.428571701,26.69125713,Retain,-0.8817880021,-1.035940118,-0.1541521154,-0.03459818307,-0.1116742408,0,-0.2870988176,4.297632472,3,0.004,0.114,0.028,0.848,0.006
105,772,772,0.5323411602,548.5142549,1.128958584,23.55348457,-2729051.405,3120798.521,700,700,0.5323411602,548.5142549,1.128958584,23.55348457,-2729051.405,3120798.521,291.9967148,5323.411602,0.5323411602,0.5323411602,1,0,Retain,-0.6304707166,-0.6304707166,0,0,0,0,6.908754779,-6.020154978,3,0.144,0.016,0.004,0.626,0.21
107,835,835,0.2957479552,817.4979564,1.25413018,25.11232072,-2728614.191,3120580.963,757,757,0.2365988089,1035.042872,1.420233275,23.55412868,-2728618.995,3120534.447,97.33272129,591.4965272,0.05914965272,0.05914965272,0.2000002085,46.76373354,Retain,-1.21824769,-1.441389362,-0.2231416715,0.2359497237,0.1243788879,-0.06405483617,-1.382554741,5.02661815,3,0.024,0.232,0.024,0.71,0.01
108,846,846,1.419589381,444.5679174,1.494220042,23.55379945,-2728737.72,3120571.474,762,762,1.715334931,507.0493845,1.873353749,47.10808845,-2728720.291,3120607.831,580.8794266,10646.92435,1.064692435,1.064692435,0.7500002812,40.31853735,Retain,0.3503676613,0.5396083564,0.1892406951,0.1315055659,0.2261259134,0.6931363449,1.095954208,4.094017261,4,0.04,0.016,0,0.396,0.548
109,1102,1102,457.6574353,133.6700561,8.066766007,0,-2727122.196,3119730.496,825,825,0.2957548257,987.3078442,1.514654486,23.55496058,-2728125.754,3120003.727,292.0010594,2957.548257,0.2957548257,0.2957548257,6.462362521e-4,1040.087865,Retain,6.126120946,-1.218224459,-7.344345406,1.999607394,-1.6725653089999999,10.06713417,-6.409617357,4.456365905,2,0,0,1,0,0
110,1102,1102,457.6574353,133.6700561,8.066766007,0,-2727122.196,3119730.496,826,826,0.1183021508,1247.293089,1.210207679,23.55499092,-2728011.143,3119989.983,147.5574551,1183.021508,0.1183021508,0.1183021508,2.584949827e-4,926.0449696,Retain,6.126120946,-2.134513327,-8.260634274,2.233356458,-1.896960679,10.06713546,-6.67857996,4.340228346,2,0,0.004,0.996,0,0
111,1102,1102,457.6574353,133.6700561,8.066766007,0,-2727122.196,3119730.496,836,836,0.4140584884,712.7373369,1.293765078,78.93191354,-2728910.225,3119831.259,295.1149443,4140.584884,0.4140584884,0.4140584884,9.047345381e-4,1790.865209,Retain,6.126120946,-0.8817480389,-7.007868985,1.673738465,-1.830196027,11.27635357,-6.263507891,4.999759167,2,0,0,1,0,0
112,864,864,0.8280985833,523.2758067,1.343280606,47.1080503,-2730291.554,3120294.508,769,769,0.4140485996,697.701806,1.266457369,70.6620982,-2730285.661,3120330.481,288.8824557,3548.988107,0.3548988107,0.3548988107,0.4285707256,36.45190388,Retain,-0.1886230697,-0.8817719216,-0.6931488519,0.2876831193,-0.05889130662,0.4054583543,-0.2871027921,4.262697601,1,0.002,0.91,0.06,0.028,0
113,866,866,2.839189334,358.3136849,1.703160752,86.69256592,-2729908.662,3120382.133,781,781,2.365992168,346.3829367,1.502997331,94.21786623,-2729892.028,3120368.302,772.4305482,21293.92999,2.129392999,2.129392999,0.7500003518,21.63312495,Retain,1.043518566,0.8611974555,-0.18232111,-0.03386390094,-0.1250244559,0.08324076969,1.095954583,3.124877587,3,0.274,0.186,0.182,0.34,0.018
114,898,898,1.183006284,445.9356257,1.368235213,23.55476498,-2729646.408,3120158.427,802,802,1.183006284,445.9356257,1.368235213,23.55476498,-2729646.408,3120158.427,527.5446475,11830.06284,1.183006284,1.183006284,1,0,Retain,0.1680588969,0.1680588969,0,0,0,0,6.908754779,-6.419419784,3,0.114,0.016,0,0.718,0.152
115,909,909,0.9464092051,517.5159878,1.420228806,23.55476498,-2729748.836,3120027.521,809,809,0.9464092051,517.5159878,1.420228806,23.55476498,-2729748.836,3120027.521,489.7818946,9464.092051,0.9464092051,0.9464092051,1,0,Retain,-0.05508023998,-0.05508023998,0,0,0,0,6.908754779,-6.307850216,3,0.128,0.012,0,0.696,0.164
116,926,926,17.68572068,327.3689936,3.88368495,34.42990468,-2730497.735,3120656.123,798,798,15.31972685,305.9817172,3.378438803,25.11201445,-2730512.56,3120446.965,4448.898107,121847.8968,12.18478968,12.18478968,0.6889620105,209.6836314,Retain,2.872757573,2.729141334,-0.1436162386,-0.06756260279,-0.1393707221,-0.3155683372,0.7935115973,4.481590803,2,0.12,0.068,0.716,0.054,0.042
117,559,559,1.123788376,438.6041805,1.311626259,50.22656967,-2731379.956,3121569.011,532,532,0.946348188,467.7682903,1.283663887,70.65627554,-2731392.836,3121568.364,442.6716739,9463.48188,0.946348188,0.946348188,0.8421053362,12.89547798,Retain,0.116705456,-0.05514471422,-0.1718501702,0.06437569964,-0.02154938548,0.3412770113,1.668850413,3.070966464,3,0.284,0.1,0.018,0.542,0.056
118,587,587,2.129288299,573.5796149,2.361054489,23.55226911,-2732470.615,3121432.796,562,562,1.123793426,695.6506439,2.080316929,23.55226911,-2732396.444,3121387.785,781.7676208,10054.99831,1.005499831,1.005499831,0.4722234334,86.76031508,Retain,0.7557877922,0.1167099503,-0.6390778419,0.1929508362,-0.1265880848,0,-0.1109983214,4.65763189,1,0.052,0.488,0.436,0.016,0.008
119,593,593,3.548805133,338.8694225,1.800812626,94.20961631,-2731922.013,3121527.526,567,567,3.253071849,369.6757354,1.880887591,94.20961631,-2731926.254,3121524.007,1202.581637,31939.25121,3.193925121,3.193925121,0.9000001412,5.510387157,Retain,1.266610965,1.179599734,-0.08701123036,0.08701138173,0.04350576655,0,2.188386295,1.645875805,0,0.448,0.086,0.016,0.386,0.064
120,661,661,31.93946178,263.1473994,4.195250976,0,-2733136.509,3121260.221,581,581,0.887210842,668.7815757,1.777021934,23.55226911,-2732382.965,3121237.073,593.3501911,8872.111408,0.8872111408,0.8872111408,0.02777789892,753.8989775,Retain,3.463842292,-0.1196726225,-3.583514914,0.9327431838,-0.8590142733,10.06701991,-3.521004626,5.465703501,2,0,0.002,0.998,0,0
121,960,960,15.08354513,229.8030468,2.517691791,0,-2730129.38,3119754.859,858,858,0.9464230912,467.7319475,1.28361495,0,-2730504.72,3119586.857,392.4487849,7689.690422,0.7689690422,0.7689690422,0.0509806571,411.2232211,Retain,2.713604423,-0.05506556764,-2.768669991,0.7106727463,-0.6736622492,0,-2.905610675,5.234701347,2,0,0.006,0.994,0,0
122,960,960,15.08354513,229.8030468,2.517691791,0,-2730129.38,3119754.859,859,859,11.29785428,241.2264983,2.287273324,0,-2730082.441,3119810.157,2533.78886,105288.9268,10.52889268,10.52889268,0.6980383314,72.53406854,Retain,2.713604423,2.424612821,-0.2889916026,0.04851369508,-0.09598210623,0,0.836099287,3.49963288,2,0.148,0.106,0.676,0.056,0.014
123,970,970,5.560258662,335.4001841,2.231032323,70.66647696,-2730734.376,3119465.418,871,871,2.18861658,332.8364467,1.389027319,68.86086711,-2730649.213,3119422.721,728.4513658,21294.6491,2.12946491,2.12946491,0.3829794691,95.26662016,Retain,1.715644629,0.7832696457,-0.9323749834,-0.007673180135,-0.4738606718,-0.02588288023,-0.4759325933,4.271232614,2,0.016,0.226,0.74,0.016,0.002
124,666,666,12.83502739,312.3715122,3.156929533,34.42940767,-2731701.503,3121192.761,605,605,9.345308029,267.0841767,2.303244472,34.42929558,-2731582.552,3121243.028,2640.420051,85172.44854,8.517244854,8.517244854,0.6635938201,129.1367555,Retain,2.552177948,2.234874402,-0.3173035457,-0.1566293466,-0.3152811195,-3.255648151e-6,0.6778885711,4.157155676,2,0.054,0.1,0.778,0.048,0.02
125,666,666,12.83502739,312.3715122,3.156929533,34.42940767,-2731701.503,3121192.761,624,624,2.247619465,395.291023,1.671758007,55.47401204,-2732116.602,3121020.679,888.4637065,17744.37832,1.774437832,1.774437832,0.1382496335,449.3540363,Retain,2.552177948,0.8098716405,-1.742306307,0.2354290368,-0.6357241169,0.476992568,-1.82385714,5.404089271,2,0.002,0.026,0.968,0.002,0.002
126,663,663,39.03733024,225.5217893,3.97487642,23.55243418,-2730556.813,3121342.684,629,629,20.11012412,270.5683994,3.42278418,25.11309745,-2730920.656,3121328.322,5058.08682,179808.2059,17.98082059,17.98082059,0.4606057966,364.126295,Retain,3.664518374,3.001223376,-0.6632949979,0.1821081482,-0.1495393508,0.06415770491,-0.157587607,4.637609274,2,0.01,0.186,0.8,0.004,0
128,662,662,0.473183485,723.2290435,1.403413712,47.10538388,-2731373.218,3121049.974,617,617,0.1182956566,1247.359004,1.210238415,53.38153213,-2731356.229,3121072.129,97.33123551,591.4768314,0.05914768314,0.05914768314,0.1249994664,27.91890958,Retain,-0.7482720481,-2.134568223,-1.386296175,0.5450578306,-0.148090257,0.1250750483,-1.939089028,4.275841006,1,0,0.944,0.05,0.006,0
129,667,667,1.419550164,446.7715761,1.501605932,34.42940767,-2731842.813,3121027.095,632,632,1.242106231,510.5962545,1.605284687,47.10511734,-2731833.677,3121034.218,634.2145729,11829.5797,1.18295797,1.18295797,0.8333329815,11.58479587,Retain,0.3503400352,0.2168085123,-0.1335315229,0.1335317208,0.06676595929,0.3134627545,1.604652601,2.846974779,0,0.56,0.066,0,0.332,0.042
130,781,781,5.205093006,436.7399807,2.81081502,0,-2732282.11,3120661.097,691,691,0.8280838427,637.0489509,1.635328586,157.867336,-2732162.053,3120625.871,527.5299433,8280.837636,0.8280837636,0.8280837636,0.15909106,125.1174649,Retain,1.649637571,-0.1886408705,-1.838278441,0.3775084906,-0.5416307299,11.96951665,-1.659929083,4.576807165,2,0,0.034,0.966,0,0
131,845,845,5.2642978,351.886218,2.277548061,120.6333727,-2731864.053,3120376.352,755,755,4.909402508,348.5373808,2.178505954,53.38340219,-2731864.046,3120379.076,1711.110166,46136.56153,4.613656153,4.613656153,0.8764048554,2.724160594,Retain,1.660947765,1.591152246,-0.06979551978,-0.009562392759,-0.04446015265,-0.815245648,1.951898885,0.7444184203,0,0.494,0.026,0.054,0.322,0.104
132,926,926,17.68572068,327.3689936,3.88368495,34.42990468,-2730497.735,3120656.123,824,824,1.123864494,639.8478442,1.913501269,25.112127,-2730770.682,3119877.211,719.1022739,11238.64515,1.123864515,1.123864515,0.06354643583,825.3510766,Retain,2.872757573,0.1167731875,-2.755984385,0.6701424494,-0.7078497434,-0.3155638556,-2.675782325,5.851796211,2,0,0.008,0.992,0,0
133,526,526,0.8871957959,498.9557222,1.325765805,23.55182676,-2734106.067,3121477.25,524,524,1.360370916,613.8885513,2.019822805,23.55186316,-2734053.965,3121440.03,392.4446334,5914.634991,0.5914634991,0.5914634991,0.6666662555,64.03067595,Retain,-0.1196895816,0.3077573951,0.4274469767,0.2072960403,0.4210195286,1.545498123e-6,0.691648702,4.791587631,4,0.014,0.014,0.006,0.134,0.832
134,527,527,0.8871971552,442.3420997,1.175339721,75.34018096,-2733750.378,3121503.306,513,513,0.7097587436,552.9268305,1.314068812,110.9488341,-2733751.956,3121497.26,392.4444532,7097.582432,0.7097582432,0.7097582432,0.800000585,6.248760315,Retain,-0.1196880494,-0.3428301645,-0.223142115,0.223142115,0.1115710575,0.3870512766,1.38255968,2.464752081,0,0.652,0.084,0.02,0.22,0.024
136,861,861,1.005546496,624.5246452,1.766630515,70.66305401,-2731561.513,3120231.101,774,774,1.1238452,603.4756688,1.804712723,70.66305401,-2731566.523,3120243.916,627.9884776,9463.964697,0.9463964697,0.9463964697,0.9411762396,13.75953801,Retain,0.005531170743,0.1167560193,0.1112248485,-0.03428506981,0.02132735445,0,2.756789434,3.191404289,4,0.118,0,0.002,0.432,0.448
137,936,936,46.78797196,209.5034289,4.04253058,23.55401857,-2732457.711,3119878.462,830,830,26.49946786,218.839227,3.177889679,50.22406847,-2731983.099,3119838.363,5120.903157,234827.8597,23.48278597,23.48278597,0.5018979234,476.3026475,Retain,3.84562616,3.277124652,-0.5685015083,0.04359723047,-0.2406535237,0.7571753737,0.007576576654,4.815607428,2,0.034,0.148,0.798,0.008,0.012
138,964,964,1.183030068,451.1987184,1.384397534,55.47288204,-2731208.073,3119504.473,865,865,1.123879508,516.8638013,1.545720837,97.50991543,-2731226.452,3119486.893,483.5581764,8872.72685,0.887272685,0.887272685,0.7500001131,25.43275634,Retain,0.1680790016,0.1167865461,-0.05129245546,0.1358715395,0.1102253118,0.5640520087,1.095953314,3.724402724,3,0.26,0.062,0.004,0.636,0.038
139,587,587,2.129288299,573.5796149,2.361054489,23.55226911,-2732470.615,3121432.796,527,527,0.5323201533,548.5259763,1.128960433,34.42927708,-2732566.322,3121511.197,291.9914318,5323.199187,0.5323199187,0.5323199187,0.2499989874,123.7198514,Retain,0.7557877922,-0.6305101786,-1.386297971,-0.0446621124,-0.7378110978,0.3796716983,-1.095958095,5.012498876,2,0.004,0.268,0.706,0.02,0.002
140,661,661,31.93946178,263.1473994,4.195250976,0,-2733136.509,3121260.221,628,628,27.79915635,265.4085848,3.947533665,50.22617169,-2733172.03,3121263.08,7422.116889,271485.3849,27.14853849,27.14853849,0.8499998741,35.63614451,Retain,3.463842292,3.325005673,-0.1388366183,0.008556138718,-0.06086217045,10.82431143,1.72913131,2.413832276,0,0.628,0.058,0.266,0.018,0.03
142,568,568,1.892701021,442.8798618,1.718786797,23.55191776,-2733774.432,3121326.141,539,539,0.2365872305,1035.085278,1.42025671,25.11323048,-2733860.755,3121322.364,244.8879592,2365.875949,0.2365875949,0.2365875949,0.1249999828,86.40526866,Retain,0.6380049203,-1.4414383,-2.07944322,0.8489405557,-0.1907810544,0.06418492765,-1.939084341,4.71242271,2,0,0.33,0.67,0,0
143,568,568,1.892701021,442.8798618,1.718786797,23.55191776,-2733774.432,3121326.141,540,540,0.946346474,680.0658418,1.866255557,25.11323048,-2733669.725,3121335.942,445.7938692,7097.603326,0.7097603326,0.7097603326,0.3749986527,105.1644767,Retain,0.6380049203,-0.05514652544,-0.6931514457,0.4288910787,0.08231535588,0.06418492765,-0.5097669633,4.908897561,1,0.064,0.542,0.366,0.024,0.004
144,577,577,1.951844066,402.1274344,1.584825062,23.55180883,-2734079.902,3121294.98,544,544,0.8872009827,718.3633404,1.908755214,23.55186316,-2734063.224,3121312.327,637.3325705,8871.99728,0.887199728,0.887199728,0.4545443684,24.06417154,Retain,0.6687746004,-0.1196837353,-0.7884583357,0.5802064468,0.185977279,2.3067359e-6,-0.1819600002,3.418743273,1,0.114,0.554,0.312,0.016,0.004
145,623,623,3.844575708,252.3522379,1.395810424,23.55196327,-2733811.277,3121127.068,591,591,2.898218224,319.5774113,1.534746614,53.3812333,-2733793.223,3121130.523,926.2049691,27207.77645,2.720777645,2.720777645,0.7076925652,18.38185265,Retain,1.346663248,1.064096143,-0.2825671053,0.2361736524,0.09489009973,0.8182263396,0.8822004908,2.810451628,0,0.844,0.064,0.062,0.024,0.006
146,636,636,0.2957388205,828.0569501,1.270309198,53.38122106,-2732972.291,3121017.455,609,609,0.473181539,610.4909821,1.184644977,53.38127554,-2732964.582,3121015.758,194.6625357,2365.909129,0.2365909129,0.2365909129,0.7999995148,7.893495297,Retain,-1.218278577,-0.7482761606,0.4700024166,-0.3048184103,-0.06981720194,1.020534927e-6,1.38255302,3.24766995,4,0.022,0,0.002,0.08,0.896
147,690,690,1.951892291,400.520214,1.578510343,55.47405267,-2733795.265,3120715.706,649,649,0.1182968754,1247.348199,1.210234166,25.11272372,-2733693.844,3120704.424,147.5573945,1182.970005,0.1182970005,0.1182970005,0.06060631575,102.0465925,Retain,0.6687993077,-2.134557921,-2.803357228,1.136010899,-0.2656677152,-0.7925189598,-2.725534207,4.863404587,2,0,0.208,0.792,0,0
148,690,690,1.951892291,400.520214,1.578510343,55.47405267,-2733795.265,3120715.706,652,652,1.419557594,411.3884402,1.382686303,25.11272372,-2733825.564,3120721.591,583.9895844,14195.57477,1.419557477,1.419557477,0.7272724439,30.86526162,Retain,0.6687993077,0.3503452696,-0.3184540382,0.0267736411,-0.132453378,-0.7925189598,0.9785419231,3.667629019,2,0.188,0.24,0.312,0.222,0.038
149,781,781,5.205093006,436.7399807,2.81081502,0,-2732282.11,3120661.097,701,701,1.89275848,507.6435531,1.970160209,157.8677947,-2732404.009,3120636.499,960.8465315,17744.62422,1.774462422,1.774462422,0.340908879,124.355943,Retain,1.649637571,0.638035278,-1.011602293,0.1504415262,-0.3553596201,11.96951955,-0.6578336218,4.570702161,2,0.01,0.144,0.82,0.018,0.008
150,936,936,46.78797196,209.5034289,4.04253058,23.55401857,-2732457.711,3119878.462,773,773,1.301296731,487.3767841,1.568368371,25.11220834,-2733636.087,3120023.814,634.2217251,12421.46502,1.242146502,1.242146502,0.02654841512,1187.306496,Retain,3.84562616,0.263361253,-3.582264907,0.8442974015,-0.9468350523,0.06405503608,-3.565929829,5.728995277,2,0,0,1,0,0
151,806,806,2.070218661,489.8974016,1.988420873,50.22486069,-2733386.502,3120377.751,714,714,1.892770583,409.7378477,1.590194103,70.66134409,-2733395.105,3120392.648,775.5395455,15970.25712,1.597025712,1.597025712,0.7714285173,17.20293615,Retain,0.727654235,0.6380416725,-0.08961256251,-0.1786784254,-0.2234847066,0.3413827682,1.213325018,3.053676029,3,0.174,0.042,0.122,0.61,0.052
153,832,832,0.3548975339,822.7669703,1.382685497,50.22459007,-2733390.069,3120155.434,751,751,0.4731963424,922.3197542,1.78977018,68.85990624,-2733427.712,3120177.789,241.7734046,2365.982945,0.2365982945,0.2365982945,0.6666664936,43.78063524,Retain,-1.035926168,-0.7482448764,0.2876812915,0.1142189545,0.2580596002,0.3155639593,0.6916497707,4.86954247,4,0.012,0.018,0.002,0.414,0.554
154,833,833,0.1774490338,1114.585033,1.324479054,50.22457283,-2733255.282,3120151.337,752,752,0.1182994375,1247.321703,1.210221563,68.8599555,-2733267.791,3120150.254,147.5574558,1182.994375,0.1182994375,0.1182994375,0.6666671265,12.55613651,Retain,-1.729071845,-2.134536263,-0.4054644183,0.1125164467,-0.09021576246,0.3155650179,0.6916526119,3.967190016,3,0.186,0.34,0.02,0.45,0.004
156,872,872,1.301297688,598.3745029,1.925557433,47.10828909,-2732611.33,3120104.183,760,760,0.7689461383,641.0028068,1.585634035,55.47336943,-2732604.998,3120187.595,197.782,1774.494263,0.1774494263,0.1774494263,0.1363634378,83.6519297,Retain,0.2633619881,-0.2627343531,-0.5260963412,0.06881701865,-0.194231152,0.1634508999,-1.839679016,4.867360399,1,0.03,0.714,0.17,0.08,0.006
157,876,876,0.1774504215,1097.017243,1.303608067,23.55432607,-2733677.648,3119886.244,786,786,0.3549008964,822.7628569,1.382685134,47.10864351,-2733689.142,3119873.428,194.6661721,1774.504191,0.1774504191,0.1774504191,0.9999999865,17.2150326,Retain,-1.729064024,-1.035916694,0.6931473309,-0.2876821637,0.05889150172,0.6931257706,6.908741278,4.282738033,4,0.002,0.002,0,0.262,0.734
158,936,936,46.78797196,209.5034289,4.04253058,23.55401857,-2732457.711,3119878.462,801,801,13.54535995,251.2698192,2.608739237,25.11220834,-2733051.939,3119989.291,3309.323571,124215.0746,12.42150746,12.42150746,0.2654850583,604.4750935,Retain,3.84562616,2.606044049,-1.239582111,0.1817872322,-0.4380038234,0.06405503608,-1.015252679,5.053913984,2,0.004,0.028,0.964,0.002,0.002
159,942,942,17.92265567,233.8697325,2.792995703,0,-2734042.626,3119621.347,847,847,20.17035327,217.3049017,2.753095921,47.10931889,-2734032.598,3119665.293,3805.350427,156157.7738,15.61577738,15.61577738,0.8712870272,45.07614966,Retain,2.886065593,3.004213866,0.1181482736,-0.07346281752,-0.01438868072,10.76024734,1.905794422,2.937707605,4,0.156,0.008,0.024,0.016,0.796
160,475,475,0.3548740271,681.2605458,1.144841631,47.10242149,-2742502.301,3121122.905,455,455,0.3548734994,681.2612049,1.144841887,47.10242437,-2742477.281,3121125.077,191.5342198,1774.369365,0.1774369365,0.1774369365,0.499999783,25.11371436,Retain,-1.035992406,-1.035993893,-1.486965415e-6,9.67561274e-7,2.240785664e-7,6.121268815e-8,-8.662582376e-7,4.31381505,3,0.002,0.006,0.004,0.972,0.016
161,481,481,1.892658553,437.9367665,1.699583911,23.55124902,-2742253.696,3121162.956,462,462,1.596929204,426.6359859,1.520881524,47.10247637,-2742255.435,3121177.608,681.3074653,15969.2912,1.59692912,1.59692912,0.8437491897,14.75409847,Retain,0.6379824823,0.4680825375,-0.1698999448,-0.02614337353,-0.1110933459,0.6931254908,1.681197718,2.944962384,3,0.266,0.094,0.118,0.492,0.03
162,499,499,0.8280429898,523.2794774,1.343244939,47.10242149,-2742469.984,3120978.806,484,484,0.7097505717,539.7257347,1.282688112,47.10242437,-2742464.04,3120972.568,383.0706487,7097.512144,0.7097512144,0.7097512144,0.8571429542,8.616245854,Retain,-0.1886902059,-0.3428416782,-0.1541514723,0.03094541679,-0.04613031935,6.121268815e-8,1.78595063,2.820475573,3,0.244,0.054,0.024,0.598,0.08
163,511,511,0.2365852851,1035.091039,1.420258776,190.0804411,-2742772.343,3120821.689,491,491,0.2365852851,1035.091039,1.420258776,188.414007,-2742772.343,3120821.689,244.8873086,2365.852851,0.2365852851,0.2365852851,1,0,Retain,-1.441446522,-1.441446522,0,0,0,-0.008805603705,6.908754779,-5.614667075,3,0.23,0.028,0,0.576,0.166
164,543,543,7.215844128,181.4439052,1.37493138,23.55124902,-2742241.96,3120856.402,521,521,5.973777055,307.4730858,2.119955183,23.5519637,-2742249.135,3120838.734,1786.548588,57963.38155,5.796338155,5.796338155,0.803279291,19.06853954,Retain,1.976279182,1.7873794,-0.1888997818,0.5274410143,0.4329911234,3.034379037e-5,1.403091111,2.532317625,0,0.626,0.138,0.116,0.066,0.054
165,660,660,20.64247805,267.8382238,3.432800304,75.33962794,-2742891.335,3120253.308,626,626,7.984944367,213.1179123,1.698834094,25.11301208,-2742561.979,3120183.311,1274.66848,60922.23614,6.092223614,6.092223614,0.2951304392,336.7115026,Retain,3.027350994,2.077557814,-0.9497931797,-0.2285375645,-0.7034341543,-1.098593596,-0.8686304321,4.877918904,2,0.002,0.038,0.902,0.032,0.026
166,575,575,1.360378371,500.8267924,1.647830288,23.5519637,-2742359.759,3120573.055,551,551,1.360378371,500.8267924,1.647830288,23.5519637,-2742359.759,3120573.055,681.3139361,13603.78371,1.360378371,1.360378371,1,0,Retain,0.3077628752,0.3077628752,0,0,0,0,6.908754779,-6.489271774,3,0.11,0.016,0,0.72,0.154
167,622,622,0.8280629886,705.2435861,1.81036398,47.10511425,-2742224.679,3120329.395,579,579,0.2365891737,1021.88326,1.402147774,25.11309441,-2742167.649,3120389.558,241.7665162,2365.891737,0.2365891737,0.2365891737,0.2857139819,82.89723869,Retain,-0.1886660543,-1.441430086,-1.252764032,0.3708592824,-0.2555227336,-0.6289735882,-0.9141973481,5.084311786,2,0.002,0.396,0.588,0.014,0
168,622,622,0.8280629886,705.2435861,1.81036398,47.10511425,-2742224.679,3120329.395,590,590,1.182949885,456.4883366,1.400580021,25.11301208,-2742300.365,3120321.297,339.0982047,4731.791051,0.4731791051,0.4731791051,0.5714288787,76.11785574,Retain,-0.1886660543,0.1680112216,0.3566772758,-0.4349801052,-0.2566414673,-0.6289768664,0.2871011796,4.99899398,4,0.01,0.01,0.044,0.172,0.764
169,635,635,5.559861904,253.5564043,1.686559452,23.55214289,-2734188.764,3121025.505,561,561,0.2365887599,822.78516749999994,1.128960055,97.49910753,-2734312.956,3121159.113,194.6617225,2365.887599,0.2365887599,0.2365887599,0.04255299214,182.4137424,Retain,1.715573271,-1.441431835,-3.157005106,1.17710883,-0.4013937228,1.420594213,-3.091335868,4.920861207,2,0,0.148,0.852,0,0
170,635,635,5.559861904,253.5564043,1.686559452,23.55214289,-2734188.764,3121025.505,580,580,0.5323256376,637.011743,1.311086054,50.22611419,-2734150.586,3121111.44,339.0975912,5323.25303,0.532325303,0.532325303,0.095744339,94.0341305,Retain,1.715573271,-0.6304998761,-2.346073147,0.9212017895,-0.2518347838,0.7572957367,-2.236145584,4.258246749,2,0,0.052,0.948,0,0
171,635,635,5.559861904,253.5564043,1.686559452,23.55214289,-2734188.764,3121025.505,596,596,0.5914759646,652.9483701,1.416584419,50.22611419,-2734241.868,3120978.507,386.203267,5323.284245,0.5323284245,0.5323284245,0.09574490044,70.91410412,Retain,1.715573271,-0.5251342311,-2.240707502,0.9459117598,-0.174441991,0.7572957367,-2.23613916,3.976061753,2,0.002,0.114,0.884,0,0
172,643,643,1.301249767,417.3861909,1.343115858,47.10511425,-2742113.951,3120213.15,627,627,3.016539399,274.7775546,1.346265831,53.38123165,-2742117.89,3120170.793,543.1236837,13012.49767,1.301249767,1.301249767,1,42.53974131,Retain,0.2633251619,1.10411028,0.8407851181,-0.4180500327,0.002342526384,0.1250751431,6.908754779,4.191164598,4,0.01,0,0,0.026,0.964
173,154,154,1.123615761,474.9928675,1.420335911,156.9748922,-2752523.163,3123745.892,130,130,1.064478234,457.1427719,1.330501346,156.9748922,-2752522.022,3123749.723,486.6185306,10644.78256,1.064478256,1.064478256,0.9473685691,3.997315827,Retain,0.1165518436,0.06248475815,-0.0540670855,-0.03830403498,-0.06533757773,0,2.872607919,1.89996225,3,0.21,0.018,0.008,0.634,0.13
174,170,170,2.188114224,354.3927915,1.478818729,53.37110103,-2752781.38,3123472.251,147,147,2.010698723,362.24224830000003,1.448997612,53.37110103,-2752781.642,3123480.326,728.3600262,20106.98723,2.010698723,2.010698723,0.9189185377,8.078949266,Retain,0.7830400881,0.6984822852,-0.08455780293,0.02190730374,-0.02037159773,0,2.416572923,2.270230492,3,0.296,0.024,0.016,0.562,0.102
175,689,689,1.537852137,375.6862794,1.314249113,120.4139259,-2735677.858,3120586.305,651,651,1.242111828,467.6469303,1.470257842,120.4139259,-2735673.538,3120576.936,580.8697833,12421.11828,1.242111828,1.242111828,0.8076926241,10.31611847,Retain,0.4303867264,0.2168130178,-0.2135737086,0.218959157,0.1121723027,0,1.431137356,2.690976083,0,0.73,0.068,0.054,0.132,0.016
178,827,827,0.41404615,697.7020998,1.266454156,34.42997242,-2735122.907,3120053.844,739,739,0.3548966365,813.9858801,1.367926872,74.99098947,-2735122.799,3120080.31,241.7729317,2365.975113,0.2365975113,0.2365975113,0.5714278741,26.46629067,Retain,-0.881777838,-1.035928697,-0.1541508587,0.154150799,0.07707536962,0.7784247805,0.287097086,4.289163518,3,0.052,0.166,0.002,0.776,0.004
180,853,853,0.2957490555,976.7814697,1.498491084,50.22452375,-2735417.028,3119907.462,768,768,0.295749113,817.497106,1.25413133,47.10805781,-2735416.215,3119898.076,241.774044,2365.994084,0.2365994084,0.2365994084,0.8000005546,9.421614692,Retain,-1.21824397,-1.218243775,1.944728096e-7,-0.1780155896,-0.1780154923,-0.06405804608,1.38255949,3.424599546,3,0.104,0.02,0.02,0.774,0.082
181,881,881,6.624754096,350.2614288,2.543151684,34.42997242,-2735229.877,3120007.849,783,783,5.560049161,442.7515649,2.945062316,23.55372787,-2735255.246,3120050.143,1975.057121,47911.08706,4.791108706,4.791108706,0.7232130637,49.31897305,Retain,1.890813254,1.71560695,-0.1752063035,0.2343289962,0.1467258444,-0.3796299613,0.9582312324,3.525287448,0,0.61,0.108,0.14,0.108,0.034
182,893,893,26.26242893,168.570617,2.436937492,23.55383181,-2735684.115,3119948.789,794,794,43.00168187,143.4759898,2.65409839,23.55372787,-2735806.591,3119998.721,4329.739756,259075.3503,25.90753503,25.90753503,0.9864866307,132.2626107,Retain,3.26813936,3.761239228,0.4930998681,-0.1611870512,0.08536288284,-4.412717997e-6,4.220092712,3.8230922449999998,4,0.034,0.008,0.022,0.022,0.914
184,188,188,0.2956948244,828.1556317,1.27036608,25.11600322,-2753266.518,3123060.878,165,165,0.2365558897,1035.194792,1.420312892,25.11600322,-2753265.573,3123064.505,244.8814251,2365.557537,0.2365557537,0.2365557537,0.7999996421,3.748559869,Retain,-1.218427355,-1.441570779,-0.2231434237,0.2231437951,0.1115720832,0,1.382553812,2.503217085,0,0.576,0.118,0.03,0.246,0.03
185,189,189,2.602111426,374.0212954,1.701979571,23.54639208,-2752293.175,3123221.759,164,164,1.301052775,448.8263789,1.444178577,0,-2752244.83,3123285.06,533.7146479,11827.75356,1.182775356,1.182775356,0.4545444688,79.65085809,Retain,0.9563232026,0.2631737635,-0.693149439,0.1823233937,-0.1642513259,-10.06677035,-0.1819595957,4.471868706,2,0.022,0.176,0.776,0.024,0.002
186,189,189,2.602111426,374.0212954,1.701979571,23.54639208,-2752293.175,3123221.759,166,166,0.709668154,482.2057331,1.145922102,34.42741513,-2752384.088,3123147.229,342.2060525,7096.68154,0.709668154,0.709668154,0.2727278112,117.558123,Retain,0.9563232026,-0.342957807,-1.29928101,0.2540581199,-0.3955823849,0.3798671702,-0.9785406409,4.861144723,2,0.002,0.136,0.862,0,0
187,192,192,0.2365562728,822.8464028,1.128966557,0,-2752230.895,3123125.123,171,171,2.306425202,442.3903832,1.895267141,0,-2752201.625,3123126.764,194.6494781,2365.561555,0.2365561555,0.2365561555,0.99999950419999994,29.31595794,Retain,-1.44156916,0.8356987945,2.277267954,-0.6205768403,0.5180571367,0,6.908258566,4.67131564,4,0,0,0.036,0.008,0.956
188,195,195,0.9462268288,411.4228054,1.128966507,122.8124533,-2751152.94,3123195.384,169,169,0.9462268288,411.4228054,1.128966507,122.8124533,-2751152.94,3123195.384,389.2992964,9462.268288,0.9462268288,0.9462268288,1,0,Retain,-0.05527296192,-0.05527296192,0,0,0,0,6.908754779,-6.307753855,3,0.128,0.012,0,0.696,0.164
190,204,204,4.671987567,446.1984799,2.720658259,25.11600322,-2753046.198,3123033.956,154,154,0.2365546338,1035.198803,1.420314624,53.37110103,-2752914.398,3123301.921,244.8810737,2365.546338,0.2365546338,0.2365546338,0.0506325478,298.623953,Retain,1.541584584,-1.441576088,-2.983160672,0.8415848917,-0.6499954444,0.7537431207,-2.912696457,5.500761099,2,0,0.058,0.942,0,0
191,204,204,4.671987567,446.1984799,2.720658259,25.11600322,-2753046.198,3123033.956,175,175,3.489212519,473.2822647,2.493899852,25.11600322,-2753069.405,3123031.025,1601.150631,33709.33323,3.370933323,3.370933323,0.7215201826,23.39161411,Retain,1.541584584,1.249676071,-0.2919085129,0.0589280894,-0.08702616707,0,0.9498152739,2.953992987,0,0.326,0.218,0.182,0.266,0.008
192,218,218,5.440878181,267.1637562,1.757952394,122.8124533,-2751383.628,3122823.58,187,187,5.91399862,237.2969956,1.627900727,122.8124533,-2751376.279,3122821.63,1453.605452,54408.7832,5.44087832,5.44087832,1.000000025,7.603572118,Retain,1.693940478,1.777322188,0.08338170978,-0.1185492869,-0.07685843202,0,6.908780243,1.754144365,4,0.068,0.006,0.006,0.058,0.862
193,262,262,6.150716539,284.8248881,1.99267219,584.0676968,-2751893.941,3122109.472,211,211,0.6505535433,521.2098181,1.185903032,55.47608906,-2752136.124,3122208.337,288.8446204,4139.886903,0.4139886903,0.4139886903,0.06730739218,261.5854263,Retain,1.816568586,-0.4299316734,-2.246500259,0.6042781187,-0.5189720107,-2.354048482,-2.615129279,5.230845381,2,0,0.01,0.99,0,0
194,262,262,6.150716539,284.8248881,1.99267219,584.0676968,-2751893.941,3122109.472,232,232,4.849604834,280.9658006,1.745427058,55.47608906,-2751860.501,3122106.144,1362.573105,48496.04834,4.849604834,4.849604834,0.7884617675,33.60574322,Retain,1.816568586,1.578897224,-0.2376713614,-0.01364160808,-0.1324772888,-2.354048482,1.312229516,3.178807388,2,0.308,0.06,0.468,0.12,0.044
195,353,353,1.478598129,496.8599488,1.70433175,50.228549,-2748539.837,3121355.545,331,331,2.720622171,576.989195,2.684706812,70.64996077,-2748407.567,3121341.955,781.7561718,13011.6565,1.30116565,1.30116565,0.8799995243,132.9665728,Retain,0.3910944289,1.000860593,0.6097661644,0.149515347,0.4543984292,0.341148229,1.985262609,5.266923014,4,0.026,0.006,0.01,0.048,0.91
197,364,364,8.753255492,261.1195885,2.179311563,25.11420966,-2750748.598,3121282.923,330,330,8.161815942,280.4247628,2.259981206,25.11423638,-2750757.627,3121294.986,2238.546378,80435.29199,8.043529199,8.043529199,0.9189185906,15.06804187,Retain,2.169425687,2.099466686,-0.06995900119,0.07132696793,0.03634746733,1.064051799e-6,2.416573625,2.200294531,0,0.55,0.078,0.024,0.216,0.132
198,369,369,1.478603292,363.093308,1.245486852,53.37750464,-2747914.614,3121308.766,339,339,1.478603292,363.093308,1.245486852,53.37750464,-2747914.614,3121308.766,536.8709606,14786.03292,1.478603292,1.478603292,1,0,Retain,0.3910979208,0.3910979208,0,0,0,0,6.908754779,-6.530939296,3,0.106,0.014,0,0.734,0.146
199,378,378,1.005452798,434.0481088,1.227760847,47.10059612,-2748637.601,3121173.667,366,366,2.129197019,386.3441333,1.590293612,23.55045183,-2748592.828,3121137.237,436.4148854,10054.52798,1.005452798,1.005452798,1,57.72151878,Retain,0.005437985202,0.7557449221,0.7503069369,-0.1164268685,0.2587265999,-0.693119421,6.908754774,4.625293321,4,0.002,0,0,0.014,0.984
200,381,381,17.50662095,151.0006479,1.782276344,25.11420966,-2750180.797,3121165.612,353,353,15.02257038,208.363346,2.278182516,25.11423638,-2750191.83,3121170.514,3130.152921,150225.6962,15.02256962,15.02256962,0.8581078934,12.07325008,Retain,2.862579149,2.709553762,-0.1530253869,0.321999284,0.2454865905,1.064051799e-6,1.793804671,1.632150461,0,0.646,0.134,0.09,0.058,0.072
203,394,394,0.887169278,552.0612184,1.466849491,25.11402986,-2749760.618,3120918.98,371,371,1.47861528,496.8551127,1.704325045,34.42869384,-2749799.995,3120923.432,489.7717525,8871.69246,0.887169246,0.887169246,0.9999999639,39.62835456,Retain,-0.1197194716,0.3911060283,0.5108255,-0.1053604831,0.1500522669,0.3154529189,6.90871868,4.311794799,4,0.004,0,0,0.026,0.97
204,410,410,3.548694978,292.826847,1.556110005,25.11397783,-2749371.115,3120894.574,388,388,3.430400712,302.9247159,1.582713126,25.11397783,-2749366.281,3120896.299,1039.15327,34304.02223,3.430402223,3.430402223,0.9666658432,5.132318286,Retain,1.266579924,1.23267708,-0.03390284409,0.03390284409,0.01695142205,0,3.338746142,1.57482727,3,0.182,0.05,0.01,0.656,0.102
205,411,411,4.61328192,402.8868573,2.441086484,23.55053412,-2748116.654,3121007.076,389,389,4.61328192,402.8868573,2.441086484,23.55053412,-2748116.654,3121062.895,1858.630655,46132.8192,4.61328192,4.61328192,1,55.8190565,Retain,1.528939517,1.528939517,0,0,0,0,6.908754779,3.830028425,3,0.158,0.016,0.012,0.672,0.142
206,412,412,5.618724781,223.5190392,1.494612017,47.10122933,-2747661.006,3121176.003,390,390,5.50043427,210.6312795,1.393530324,47.1012393,-2747663.111,3121181.773,1255.892073,53821.45556,5.382145556,5.382145556,0.9578944984,6.142311195,Retain,1.726104731,1.704827047,-0.02127768349,-0.05938748264,-0.07002632439,2.115046772e-7,3.10213042,1.524676457,3,0.332,0.048,0.034,0.408,0.178
207,418,418,1.4194737100000001,510.9474284,1.717255683,34.42880782,-2747438.992,3121086.916,394,394,1.360328601,533.1626793,1.754190377,34.42880782,-2747437.637,3121090.759,725.2764417,13603.28601,1.360328601,1.360328601,0.9583330723,4.075667606,Retain,0.3502861759,0.3077262891,-0.0425598868,0.0425598868,0.0212799434,0,3.112814233,1.802501746,3,0.132,0.028,0.004,0.696,0.14
208,436,436,0.3548700927,681.2629058,1.14483925,599.3953883,-2745326.915,3121137.577,413,413,0.3548700927,681.2629058,1.14483925,608.0533219,-2745326.915,3121137.577,241.7598305,3548.700927,0.3548700927,0.3548700927,1,0,Retain,-1.036003492,-1.036003492,0,0,0,0.01434109388,6.908754779,-5.81738859,3,0.2,0.018,0,0.602,0.18
209,484,484,1.00547584,483.9985624,1.36906781,23.55138523,-2746697.417,3120723.634,467,467,1.00547584,483.9985624,1.36906781,23.55138523,-2746697.417,3120723.634,486.6488609,10054.7584,1.00547584,1.00547584,1,0,Retain,0.005460901798,0.005460901798,0,0,0,0,6.908754779,-6.338120787,3,0.126,0.012,0,0.71,0.152
210,491,491,0.4731664601,617.0967501,1.197444252,34.42907332,-2744083.723,3120864.409,473,473,0.4140206208,705.2534829,1.280121801,25.11363133,-2744080.85,3120867.614,291.9894848,4140.206208,0.4140206208,0.4140206208,0.8749999327,4.303629037,Retain,-0.7483080283,-0.8818394978,-0.1335314695,0.1335314695,0.06676573477,-0.3154798089,1.939083573,2.406209921,0,0.608,0.026,0,0.292,0.074
211,493,493,0.5323131177,737.2429489,1.517362266,47.10291358,-2743872.871,3120859.414,479,479,1.242066446,434.7602127,1.366838728,23.55133984,-2743880.387,3120839.999,392.4440926,5323.131177,0.5323131177,0.5323131177,1,20.81916992,Retain,-0.6305233957,0.2167764816,0.8472998774,-0.5281228397,-0.104472901,-0.6931309166,6.90875478,3.923548865,4,0.016,0,0.006,0.028,0.95
213,524,524,37.61641353,148.2308004,2.564615217,23.55138523,-2747148.697,3120851.548,499,499,57.60744825,157.8821274,3.380394271,23.55045183,-2747542.236,3120854.376,5431.476993,363152.0562,36.31520562,36.31520562,0.965408507,393.5497476,Retain,3.627440485,4.053651869,0.4262113842,0.06307820427,0.2761838964,-3.963144033e-5,3.30147998,4.733854725,4,0.04,0.028,0.034,0.01,0.888
214,510,510,0.7689008891,510.3964317,1.262518873,23.55166037,-2743937.437,3120734.594,490,490,0.6506082974,525.9959278,1.196843178,23.55133984,-2743927.418,3120736.953,342.217315,6506.082974,0.6506082974,0.6506082974,0.8461536546,10.29317967,Retain,-0.2627932006,-0.4298475116,-0.167054311,0.03010573005,-0.05342142546,-1.360899181e-5,1.699448783,3.035340198,3,0.224,0.072,0.03,0.606,0.068
215,518,518,0.4140246012,705.2495901,1.280120888,23.55166037,-2744044.635,3120657.998,500,500,0.7689024113,563.5304407,1.393952773,25.11345482,-2744066.782,3120683.351,241.7638334,3548.786464,0.3548786464,0.3548786464,0.8571438639,33.66440468,Retain,-0.8818298837,-0.2627912209,0.6190386629,-0.2243304158,0.0851889156,0.06420478883,1.785958013,4.529750627,4,0,0,0,0.046,0.954
216,537,537,3.489629083,319.4067959,1.68317338,0,-2745970.862,3120541.091,512,512,3.134752406,324.5170132,1.620817661,23.55169753,-2745962.646,3120541.722,1017.280596,30756.06361,3.075606361,3.075606361,0.881356238,8.240394554,Retain,1.249795451,1.142550194,-0.107245257,0.01587245114,-0.03775017736,10.06699564,1.998077195,2.056636789,0,0.51,0.016,0.042,0.358,0.074
217,553,553,0.8280531781,595.2496819,1.528,0,-2746082.762,3120345.787,520,520,0.2365864984,1048.287387,1.438369306,23.55169753,-2746066.349,3120364.101,248.010534,2365.859879,0.2365859879,0.2365859879,0.2857135195,24.59236415,Retain,-0.1886779019,-1.441441394,-1.252763492,0.5659321007,-0.06044964535,10.06699564,-0.914199607,3.86918055,1,0.002,0.752,0.24,0.006,0
218,556,556,5.382311528,454.4052849,2.973876008,0,-2744526.454,3120570.435,483,483,0.4731680704,822.7941505,1.59659211,34.42903742,-2744476.828,3120782.977,389.3197213,4731.673438,0.4731673438,0.4731673438,0.08791154904,218.2586371,Retain,1.683117934,-0.7483046251,-2.431422559,0.5937165506,-0.6219947289,10.44668464,-2.329190711,5.116491326,2,0,0.018,0.982,0,0
219,556,556,5.382311528,454.4052849,2.973876008,0,-2744526.454,3120570.435,489,489,1.123775195,650.9641009,1.946667721,25.11345482,-2744213.215,3120787.683,543.1254254,8280.432552,0.8280432552,0.8280432552,0.1538452858,381.2027541,Retain,1.683117934,0.1166937266,-1.566424207,0.3594649983,-0.4237471053,10.13119885,-1.699456877,5.674139996,2,0.002,0.03,0.968,0,0
220,556,556,5.382311528,454.4052849,2.973876008,0,-2744526.454,3120570.435,550,550,5.97380721,334.7880012,2.308290977,0,-2744598.931,3120504.979,1268.41789,29573.25287,2.957325287,2.957325287,0.5494526416,97.65909144,Retain,1.683117934,1.787384448,0.1042665139,-0.3054919984,-0.2533587415,0,0.1980606659,4.312298971,4,0.016,0.024,0.172,0.194,0.594
221,660,660,20.64247805,267.8382238,3.432800304,75.33962794,-2742891.335,3120253.308,623,623,12.83496692,304.302763,3.075376847,75.33893214,-2743119.254,3120312.839,3811.504884,118886.0153,11.88860153,11.88860153,0.5759289895,235.5660211,Retain,3.027350994,2.552173237,-0.4751777573,0.127639981,-0.1099488976,-9.235423068e-6,0.3054629522,4.520684909,2,0.062,0.296,0.628,0.012,0.002
222,174,174,1.833295441,399.0095421,1.52403373,74.97084081,-2756884.353,3122979.724,155,155,1.774156509,383.996649,1.442840974,97.47617418,-2756880.839,3122982.013,681.2701544,17741.56509,1.774156509,1.774156509,0.9677417341,4.19397004,Retain,0.6061151349,0.573325104,-0.03279003094,-0.03835150574,-0.05474652122,0.2625056524,3.371694713,1.703193573,3,0.162,0.018,0,0.702,0.118
223,180,180,4.257980918,240.3664178,1.399170741,34.42726375,-2757259.794,3122907.511,150,150,0.7687995616,510.4549881,1.262580517,23.54590673,-2757249.911,3123002.891,392.4375711,7687.996891,0.7687996891,0.7687996891,0.1805549869,95.89043178,Retain,1.448795085,-0.2629249916,-1.711720077,0.7531379616,-0.1027220767,-0.3798833849,-1.508288326,4.411184033,2,0,0.062,0.938,0,0
224,565,565,7.156735639,169.7798064,1.281263899,68.85863649,-2745690.621,3120412.002,538,538,7.156734615,170.2161699,1.284556877,50.22679471,-2745702.925,3120419.333,1167.965122,66835.6091,6.68356091,6.68356091,0.9338840007,14.32271161,Retain,1.968053961,1.968053818,-1.431118693e-7,0.002566875812,0.002566804257,-0.315501626,2.634000002,2.250254281,3,0.23,0.046,0.036,0.454,0.234
227,605,605,3.430515718,420.1188251,2.195062635,75.33962794,-2743319.786,3120511.861,578,578,3.312221558,405.7381469,2.083054338,88.85317274,-2743324.769,3120517.047,1343.894563,29573.40944,2.957340944,2.957340944,0.8620689094,7.192150822,Retain,1.232710605,1.19761913,-0.03509147508,-0.03482959521,-0.05237533275,0.1649769805,1.826516478,1.929138939,3,0.254,0.02,0.01,0.638,0.078
229,634,634,17.62592502,249.9081589,2.95972569,0,-2744766.886,3120152.099,556,556,0.6506167614,603.1889293,1.372495894,50.22643089,-2745452.383,3120247.687,392.4448277,6506.166471,0.6506166471,0.6506166471,0.03691248241,692.1291654,Retain,2.869370831,-0.4298345023,-3.299205333,0.8811369774,-0.7684656891,10.82431659,-3.235901667,5.677453566,2,0,0.016,0.984,0,0
230,634,634,17.62592502,249.9081589,2.95972569,0,-2744766.886,3120152.099,603,603,22.41683949,223.1062574,2.979847303,0,-2744645.561,3120182.748,3864.860381,156740.6246,15.67406246,15.67406246,0.8892618371,125.1367313,Retain,2.869370831,3.109812439,0.2404416086,-0.1134453374,0.006775466919,0,2.075357316,3.967094509,4,0.052,0.002,0.014,0.044,0.888
231,180,180,4.257980918,240.3664178,1.399170741,34.42726375,-2757259.794,3122907.511,161,161,2.542963374,308.6461815,1.388436522,23.54590673,-2757277.002,3122876.64,784.8759352,25429.63649,2.542963649,2.542963649,0.5972228853,35.34264019,Retain,1.448795085,0.9333300837,-0.5154650014,0.2500310772,-0.007701423446,-0.3798833849,0.393100373,3.413085867,1,0.168,0.392,0.366,0.072,0.002
232,176,176,0.9462194182,514.2804998,1.411208077,47.09237689,-2756188.594,3122975.058,157,157,0.8279411791,587.7494782,1.508645015,47.09245194,-2756187.319,3122981.078,486.621996,8279.411791,0.8279411791,0.8279411791,0.874999142,6.153867488,Retain,-0.05528079372,-0.1888131669,-0.1335323731,0.1335319637,0.06676577713,1.593648109e-6,1.939076395,2.41724857,0,0.596,0.032,0.002,0.302,0.068
233,177,177,0.5322490311,548.5657577,1.128966883,0,-2753284.606,3123210.568,158,158,0.5322490311,548.5657577,1.128966883,0,-2753284.606,3123210.568,291.973593,5322.490311,0.5322490311,0.5322490311,1,0,Retain,-0.6306437957,-0.6306437957,0,0,0,0,6.908754779,-6.020068438,3,0.144,0.016,0.004,0.626,0.21
234,182,182,1.951575771,421.478544,1.660975582,0,-2753401.127,3123232.642,163,163,1.951575771,421.478544,1.660975582,0,-2753401.127,3123232.642,822.5473146,19515.75771,1.951575771,1.951575771,1,0,Retain,0.6686371341,0.6686371341,0,0,0,0,6.908754779,-6.669708903,3,0.104,0.022,0.002,0.742,0.13
235,194,194,1.774171973,633.5032689,2.380355296,23.54657198,-2757035.211,3122784.979,168,168,1.596755119,674.3997159,2.403984179,23.54657198,-2757029.121,3122741.294,1076.85109,15376.1615,1.53761615,1.53761615,0.8666669146,44.10718072,Retain,0.5733338202,0.4679735191,-0.105360301,0.06255782564,0.009877675131,0,1.865485474,4.072343302,3,0.208,0.072,0.012,0.632,0.076
236,202,202,4.080608725,273.8969363,1.560790882,34.427388,-2756147.522,3122726.269,174,174,4.13974755,269.9841512,1.549602354,34.427388,-2756147.613,3122728.263,1117.666137,40806.08485,4.080608485,4.080608485,0.9999999412,1.99561419,Retain,1.406246175,1.420634808,0.01438863296,-0.01438863295,-0.007194316476,0,6.908695913,0.5606946968,3,0.144,0.014,0.006,0.482,0.354
237,243,243,2.306506091,483.2201555,2.070224346,23.54760877,-2757419.872,3121772.899,205,205,1.005396185,480.9007439,1.360251249,23.54760877,-2757468.595,3121872.358,483.4957734,9462.550852,0.9462550852,0.9462550852,0.4102547524,110.7524894,Retain,0.8357338647,0.005381678039,-0.8303521867,-0.004811463001,-0.4199875564,0,-0.3621720133,4.861804926,2,0.012,0.356,0.574,0.056,0.002
238,243,243,2.306506091,483.2201555,2.070224346,23.54760877,-2757419.872,3121772.899,208,208,0.2957061841,828.1300286,1.270351206,23.54790184,-2757397.734,3121750.346,244.883279,2365.649181,0.2365649181,0.2365649181,0.1025641853,31.60209326,Retain,0.8357338647,-1.218388939,-2.054122804,0.5386978232,-0.4883635788,1.244507115e-5,-2.160463699,3.607753014,2,0.002,0.432,0.566,0,0
239,495,495,206.4664965,156.6396056,6.349235608,0,-2756615.623,3120159.152,231,231,0.2365676448,822.8250033,1.128964332,50.22999376,-2756780.395,3121522.94,194.6537731,2365.675275,0.2365675275,0.2365675275,0.001145791358,1373.705289,Retain,5.330138155,-1.441521087,-6.771659242,1.658795884,-1.727033737,10.82438752,-6.144101061,5.132563552,2,0,0,1,0,0
240,495,495,206.4664965,156.6396056,6.349235608,0,-2756615.623,3120159.152,235,235,60.79663615,149.5497917,3.289430052,23.54657198,-2756662.225,3122050.256,9877.004726,582536.067,58.2536067,58.2536067,0.2821455669,1891.678416,Retain,5.330138155,4.107534461,-1.222603694,-0.04631826884,-0.6576201158,10.06677799,-0.9316977438,5.452516159,2,0.002,0.034,0.944,0.008,0.012
241,495,495,206.4664965,156.6396056,6.349235608,0,-2756615.623,3120159.152,244,244,0.4139962401,819.039125,1.48661296,0,-2756081.512,3121376.248,97.32714796,591.4227493,0.05914227493,0.05914227493,2.864497433e-4,1329.133517,Retain,5.330138155,-0.8818983871,-6.212036542,1.654184193,-1.451834078,0,-6.656582287,5.099579135,2,0,0,1,0,0
242,248,248,0.6505556909,598.4211408,1.361583362,75.34540253,-2757200.785,3121678.574,219,219,0.6505556909,598.4211408,1.361583362,103.1837786,-2757200.785,3121678.574,389.3062787,6505.556909,0.6505556909,0.6505556909,1,0,Retain,-0.4299283722,-0.4299283722,0,0,0,0.3144251676,6.908754779,-6.12042615,3,0.156,0.016,0,0.64,0.188
243,282,282,1.951704054,424.6794016,1.673644624,23.54913406,-2756919.271,3121210.328,265,265,1.83342049,476.0586033,1.818387873,86.68295596,-2756911.957,3121190.054,634.1938352,13011.35926,1.301135926,1.301135926,0.6666666101,21.55266124,Retain,0.6687028647,0.6061833424,-0.06251952234,0.1142064278,0.08294666662,1.303137301,0.691650294,3.308559208,3,0.398,0.05,0.006,0.526,0.02
245,495,495,206.4664965,156.6396056,6.349235608,0,-2756615.623,3120159.152,476,476,126.6851599,143.7397954,4.563887835,0,-2756587.334,3120868.877,18944.36234,1178134.351,117.8134351,117.8134351,0.5706176888,710.2885552,Retain,5.330138155,4.841704952,-0.4884332024,-0.08594297216,-0.3301595733,0,0.2837964822,4.472968577,2,0.02,0.148,0.784,0.036,0.012
246,94,94,0.2365429963,822.8715202,1.128969337,0,-2758992.553,3124047.92,82,82,0.2365428075,822.8718661,1.128969361,150.702836,-2759017.575,3124045.735,144.4101123,1182.715576,0.1182715576,0.1182715576,0.5000002515,25.11715688,Retain,-1.441625285,-1.441626083,-7.980612797e-7,4.203298057e-7,2.129916576e-8,11.92307184,1.003971178e-6,4.516768552,3,0.008,0.038,0.006,0.936,0.012
247,97,97,1.478389677,424.7009703,1.456708928,25.11703278,-2757447.911,3124231.468,84,84,1.537525206,408.3664033,1.428420898,25.11703278,-2757449.529,3124234.454,627.8735302,14783.89677,1.478389677,1.478389677,1,3.395963636,Retain,0.3909534393,0.430174115,0.0392206757,-0.03922050319,-0.01961016534,0,6.908754779,1.599770208,3,0.116,0.008,0.002,0.634,0.24
248,101,101,0.3548148907,690.1592473,1.159699042,25.11703278,-2757322.451,3124122.834,87,87,0.3548148907,690.1592473,1.159699042,25.11703278,-2757322.451,3124122.834,244.8787779,3548.148907,0.3548148907,0.3548148907,1,0,Retain,-1.03615906,-1.03615906,0,0,0,0,6.908754779,-5.817310806,3,0.2,0.018,0,0.604,0.178
249,103,103,1.360123768,468.5705788,1.541555975,23.54387391,-2758789.067,3124008.662,86,86,0.9461732932,517.6192328,1.420335086,122.8120474,-2758769.003,3124014.267,489.7574941,9461.728967,0.9461728967,0.9461728967,0.6956520569,20.8326344,Retain,0.3075757013,-0.05532954151,-0.3629052428,0.0995531614,-0.08189946002,1.651755131,0.8248341617,3.455145811,1,0.232,0.506,0.04,0.22,0.002
250,109,109,0.4139532628,705.3156284,1.280130456,103.2798985,-2755055.057,3124183.918,98,98,0.4139532628,705.3156284,1.280130456,103.2798985,-2755055.057,3124183.918,291.9677057,4139.532628,0.4139532628,0.4139532628,1,0,Retain,-0.8820022034,-0.8820022034,0,0,0,0,6.908754779,-5.894389234,3,0.188,0.018,0,0.604,0.19
251,112,112,1.064449452,589.8615955,1.716752587,47.08819809,-2758507.93,3123865.166,89,89,0.1182717155,1221.006375,1.184550138,34.4267332,-2758494.385,3123973.256,144.4105187,1182.716085,0.1182716085,0.1182716085,0.1111105918,108.9352556,Retain,0.06245771878,-2.134770628,-2.197228347,0.72754277,-0.3710714033,-0.3131811976,-2.071611384,5.231898984,2,0,0.47,0.524,0.006,0
252,112,112,1.064449452,589.8615955,1.716752587,47.08819809,-2758507.93,3123865.166,97,97,0.4730889737,723.3344218,1.403478014,34.4267332,-2758524.75,3123887.886,342.2015392,4730.889737,0.4730889737,0.4730889737,0.444444753,28.26852197,Retain,0.06245771878,-0.7484718031,-0.8109295219,0.2039837371,-0.2014810238,-0.3131811976,-0.2226932136,3.882920346,1,0.026,0.542,0.398,0.032,0.002
253,111,111,0.4730891712,723.3346549,1.403478759,125.5849572,-2759036.159,3123825.499,100,100,0.41395315580000003,705.3160585,1.280131071,164.8088214,-2759043.089,3123822.362,291.9678082,4139.531558,0.41395315580000003,0.41395315580000003,0.8750002768,7.606737638,Retain,-0.7484713856,-0.8820024619,-0.1335310763,-0.02522597256,-0.09199151069,0.2718017694,1.939086697,2.975766475,3,0.222,0.044,0.03,0.598,0.106
254,113,113,1.241859293,553.6446489,1.740453283,25.11699333,-2755460.37,3124150.819,103,103,2.838538865,395.9532101,1.881855873,47.0888161,-2755396.243,3124127.925,687.5487522,12418.59407,1.241859407,1.241859407,1.000000092,68.09138901,Retain,0.2166096863,1.043289436,0.8266797492,-0.3352270051,0.07811286952,0.6284723041,6.908846833,4.684925545,4,0.01,0,0,0.02,0.97
256,115,115,0.9461803576,461.2010855,1.265529732,223.3244756,-2754262.112,3124211.07,102,102,0.7687710267,506.3802528,1.252478654,309.5697104,-2754264.831,3124221.399,389.2904668,7687.710267,0.7687710267,0.7687710267,0.8124994569,10.68177856,Retain,-0.05532207526,-0.2629621084,-0.2076400332,0.09345373262,-0.01036628397,0.3265562935,1.462244371,2.968658945,0,0.42,0.154,0.014,0.374,0.038
258,120,120,12.83252427,239.755402,2.422810886,78.94366292,-2755982.367,3124150.953,105,105,10.94016711,232.7306549,2.17150402,0,-2755978.841,3124144.841,2784.699357,103488.1008,10.34881008,10.34881008,0.806451627,7.056809735,Retain,2.551982907,2.392441072,-0.1595418347,-0.02973744774,-0.1095083651,-11.27650242,1.423202312,1.250508257,2,0.356,0.048,0.452,0.086,0.058
259,124,124,1.123594286,391.1778005,1.16969876,50.23378741,-2755447.02,3123981.098,111,111,1.00532196,437.1984066,1.236591403,47.0888161,-2755452.995,3123978.015,439.5250506,10053.21439,1.005321439,1.005321439,0.8947370516,6.723699421,Retain,0.1165327309,0.005307848036,-0.1112248828,0.1112249224,0.05561248095,-0.064651004,2.131730233,2.419885806,0,0.504,0.05,0.002,0.358,0.086
260,125,125,0.4730926055,716.6836994,1.390579026,74.96702156,-2758460.681,3123695.545,110,110,0.1774098214,1079.428565,1.282560334,117.7221498,-2758470.832,3123703.522,191.501229,1774.100355,0.1774100355,0.1774100355,0.375000652,12.91004979,Retain,-0.7484641264,-1.729292847,-0.9808287211,0.4095524752,-0.08086188538,0.4512740366,-0.5097584522,3.504680524,1,0.096,0.808,0.078,0.018,0
261,136,136,3.962154629,314.5581614,1.766288885,23.54497409,-2758813.393,3123648.914,118,118,3.725612962,350.545825,1.908704665,47.08984857,-2758783.072,3123612.855,1057.974459,28385.61148,2.838561148,2.838561148,0.7164185686,47.11263554,Retain,1.376787976,1.315231392,-0.06155658384,0.1083224477,0.07754415575,0.6931238298,0.9246400091,3.736533416,0,0.544,0.054,0.024,0.35,0.028
262,141,141,3.015979279,431.9849384,2.11630301,0,-2758103.782,3123596.453,119,119,3.07511176,346.090079,1.712043007,34.4267332,-2758137.01,3123656.312,963.7980767,22471.97567,2.247197567,2.247197567,0.7450971505,68.46290129,Retain,1.10392458,1.123341245,0.01941666541,-0.2216916377,-0.211983305,10.44661772,1.070057942,4.246709271,3,0.134,0.044,0.054,0.586,0.182
263,135,135,85.27227099,180.3625459,4.698349715,0,-2758207.345,3124534.815,120,120,0.3548221009,681.2884853,1.144804817,47.08955205,-2757791.377,3123573.77,147.5565763,1182.739195,0.1182739195,0.1182739195,0.001387015006,1047.204511,Retain,4.445849325,-1.036138739,-5.481988065,1.329016867,-1.411977165,10.75982767,-6.037324555,5.303320757,2,0,0.002,0.998,0,0
264,167,167,0.7096599213,685.7095999,1.629522783,0,-2753315.006,3123434.178,146,146,0.7096599213,685.7095999,1.629522783,0,-2753315.006,3123414.727,486.6206207,7096.599213,0.7096599213,0.7096599213,1,19.45113835,Retain,-0.3429694078,-0.3429694078,0,0,0,0,6.908754779,3.711806652,3,0.068,0.01,0,0.74,0.182
265,2,2,0.886845344,495.5698975,1.3165093,244.90884930000001,-2757273.849,3129729.491,2,2,1.418949532,451.3664059,1.516728247,188.9903531,-2757238.086,3129741.077,439.4936396,8868.444499,0.8868444499,0.8868444499,0.9999989919,37.59365145,Retain,-0.1200846704,0.3499168319,0.4700015023,-0.0934289688,0.1415717823,-0.2591889175,6.907746144,4.25926907,4,0.002,0,0,0.042,0.956
266,7,7,7.331319654,178.5448407,1.363745879,1491.294494,-2758951.211,3129356.275,7,7,7.331319654,178.5448407,1.363745879,1491.294494,-2758951.211,3129356.275,1308.9693,73313.19654,7.331319654,7.331319654,1,0,Retain,1.992155534,1.992155534,0,0,0,0,6.908754779,-7.331468103,3,0.278,0.07,0.016,0.402,0.234
267,11,11,2.364966413,430.0422093,1.865600463,0,-2756650.857,3129284.78,10,10,1.596353584,428.7057378,1.527984364,0,-2756664.724,3129267.098,731.4375789,15372.29029,1.537229029,1.537229029,0.6500003637,22.47096944,Retain,0.8607638201,0.4677220186,-0.3930418015,-0.003112607303,-0.1996335081,0,0.6177250135,3.254251763,1,0.178,0.33,0.318,0.17,0.004
268,156,156,2.4837737030000002,525.8175134,2.337685739,23.54497409,-2758710.057,3123280.844,131,131,1.892399595,562.3938121,2.182438552,47.08984857,-2758707.992,3123279.548,1064.273913,18332.61736,1.833261736,1.833261736,0.738095316,2.437689929,Retain,0.9097790582,0.6378456507,-0.2719334075,0.06724811793,-0.06871858581,0.6931238298,1.033635344,1.008936395,0,0.454,0.174,0.088,0.278,0.006
269,158,158,11.29525369,263.493194,2.498115216,0,-2754341.056,3123616.138,136,136,11.05870277,273.6718684,2.56730412,0,-2754339.188,3123679.303,3026.455666,107630.172,10.7630172,10.7630172,0.9528796334,63.19251248,Retain,2.42438261,2.403217699,-0.02116491152,0.03790228961,0.02731983385,0,2.986831983,3.506375283,3,0.344,0.09,0.048,0.35,0.168
270,165,165,5.026728977,338.5100339,2.140963924,0,-2753882.702,3123480.985,144,144,5.558967832,314.5708247,2.092235609,0,-2753882.351,3123492.626,1701.598088,50267.2872,5.02672872,5.02672872,0.999999949,11.64625143,Retain,1.61476947,1.715412449,0.1006429796,-0.07334448573,-0.02302299593,0,6.908703726,2.220050431,4,0.066,0.002,0,0.07,0.862
271,10,10,29.08884194,153.9967203,2.342986335,47.07149933,-2756587.402,3129511.499,11,11,27.25601377,178.6335459,2.630808625,47.07149933,-2756593.159,3129512.173,4868.837771,272560.106,27.2560106,27.2560106,0.9369919454,5.796585316,Retain,3.370354662,3.305274186,-0.0650804766,0.1484051722,0.1158649339,0,2.684732434,0.6446291179,0,0.602,0.23,0.046,0.062,0.06
272,12,12,0.82774103,527.1288031,1.352879316,0,-2756799.413,3129191.409,12,12,0.82774103,527.1288031,1.352879316,0,-2756799.413,3129191.409,436.3261384,8277.4103,0.82774103,0.82774103,1,0,Retain,-0.1890549393,-0.1890549393,0,0,0,0,6.908754779,-6.240862866,3,0.136,0.016,0,0.672,0.176
273,14,14,0.8277424051,474.0913134,1.216759283,47.07149933,-2757181.436,3129110.824,14,14,0.8277424051,474.0913134,1.216759283,47.07149933,-2757181.436,3129110.824,392.4254839,8277.424051,0.8277424051,0.8277424051,1,0,Retain,-0.189053278,-0.189053278,0,0,0,0,6.908754779,-6.240863697,3,0.136,0.016,0,0.672,0.176
274,15,15,1.00511462,484.0926529,1.36908797,23.5358904,-2756965.193,3129155.8,15,15,1.00511462,484.0926529,1.36908797,23.5358904,-2756965.193,3129155.8,486.5686029,10051.1462,1.00511462,1.00511462,1,0,Retain,0.0051015848,0.0051015848,0,0,0,0,6.908754779,-6.337941128,3,0.126,0.012,0,0.71,0.152
275,16,16,1.241622332,594.2054814,1.8677832620000001,23.5358904,-2756896.892,3129001.213,16,16,0.9459961743,620.5662664,1.702659955,23.5358904,-2756918.279,3129008.066,587.0534049,9459.966646,0.9459966646,0.9459966646,0.7619037131,22.45761014,Retain,0.2164188564,-0.05551675399,-0.2719356103,0.04340720628,-0.09256059889,0,1.160265483,3.575829581,1,0.166,0.384,0.09,0.358,0.002
276,17,17,0.23650135,822.9500853,1.128977729,330.4628301,-2757256.57,3128712.757,17,17,0.3547522166,690.2573285,1.159761408,313.9407199,-2757244.057,3128713.849,194.6288062,2365.0135,0.23650135,0.23650135,1,12.56038321,Retain,-1.441801363,-1.036335715,0.4054656479,-0.1758310813,0.02690174266,-0.0512898501,6.908754779,3.823892908,4,0.01,0.004,0,0.384,0.602
277,18,18,12.12072676,135.9663244,1.335336609,149.8929055,-2756121.38,3128756.078,18,18,11.70684563,144.7942858,1.397547047,160.0720994,-2756118.083,3128761.615,1695.084352,117068.4563,11.70684563,11.70684563,0.9658534398,6.443790821,Retain,2.494916943,2.460173768,-0.03474317488,0.06290677629,0.04553518886,0.06570283509,3.31452017,1.188178651,0,0.432,0.202,0.01,0.21,0.146
278,19,19,0.827769023,766.0736638,1.966166016,0,-2756358.771,3128352.32,19,19,0.827769023,766.0736638,1.966166016,0,-2756358.771,3128352.32,634.1320482,8277.69023,0.827769023,0.827769023,1,0,Retain,-0.1890211213,-0.1890211213,0,0,0,0,6.908754779,-6.240879775,3,0.136,0.016,0,0.672,0.176
279,22,22,11.52976773,231.6983479,2.219362707,0,-2756492.199,3128062.842,22,22,11.52976773,231.6983479,2.219362707,0,-2756492.199,3128062.842,2671.4281339999998,115297.6773,11.52976773,11.52976773,1,0,Retain,2.444932189,2.444932189,0,0,0,0,6.908754779,-7.557856431,0,0.394,0.096,0.032,0.268,0.21
280,20,20,0.7686465185,751.3995328,1.85835774,34.42447792,-2756808.45,3128113.512,20,20,0.7686465185,751.3995328,1.85835774,34.42447792,-2756808.45,3128167.561,577.5606349,7686.465185,0.7686465185,0.7686465185,1,54.04933154,Retain,-0.263124079,-0.263124079,0,0,0,0,6.908754779,4.69384266,3,0.066,0.018,0.006,0.728,0.182
281,21,21,0.1182543791,1221.023787,1.184480208,191.2259694,-2756999.31,3127931.902,21,21,0.1182543791,1221.023787,1.184480208,191.2259694,-2756999.31,3127931.902,144.3914097,1182.543791,0.1182543791,0.1182543791,1,0,Retain,-2.13491722,-2.13491722,0,0,0,0,6.908754779,-5.267931726,3,0.222,0.052,0,0.564,0.162
282,23,23,1.478187293,428.9959664,1.471339888,47.07566894,-2756679.422,3127826.083,23,23,1.06429538,409.9806365,1.193134769,70.61358595,-2756698.678,3127809.807,436.3404973,10642.95765,1.064295765,1.064295765,0.7200006184,25.21387935,Retain,0.3908165348,0.06231296509,-0.3285035697,-0.04533758592,-0.2095893708,0.4054591963,0.9422875264,3.604390946,1,0.076,0.336,0.282,0.3,0.006
283,24,24,1.419072256,376.0619025,1.263736885,70.6146621,-2756586.714,3127622.35,24,24,1.419072256,376.0619025,1.263736885,70.6146621,-2756586.714,3127622.35,533.6590123,14190.72256,1.419072256,1.419072256,1,0,Retain,0.35000331690000003,0.35000331690000003,0,0,0,0,6.908754779,-6.510391995,3,0.108,0.016,0,0.72,0.156
284,27,27,2.069642649,491.4518951,1.994452808,50.23624601,-2759076.013,3125362.361,29,29,2.483573189,527.0996884,2.343291455,75.35441748,-2759103.863,3125343.049,922.9623456,17739.78662,1.773978662,1.773978662,0.857142494,33.89032039,Retain,0.727375959,0.9096983253,0.1823223663,0.07002563156,0.1611868147,0.405459116,1.785946895,3.731835909,4,0.064,0.006,0.002,0.174,0.754
285,34,34,1.300929989,600.8885641,1.933374425,34.42602132,-2757901.658,3125257.128,31,31,1.241796692,551.1317731,1.732510065,68.85196043,-2757886.381,3125260.303,684.3937037,11235.3018,1.12353018,1.12353018,0.8636361597,15.60311125,Retain,0.2630793849,0.2165592761,-0.04652010878,-0.08643556668,-0.1096956211,0.6931314631,1.83967562,3.188359672,3,0.156,0.026,0.058,0.662,0.098
286,35,35,0.4730660055,723.3606327,1.4034948,34.42599812,-2757611,3125226.107,32,32,0.3547994044,690.1834882,1.159714465,125.5899765,-2757620.895,3125231.151,244.8766905,3547.992981,0.3547992981,0.3547992981,0.7499995644,11.10684793,Retain,-0.7485203537,-1.036202707,-0.2876823535,-0.0469504111,-0.1907915879,1.294189323,1.095950397,3.354276999,3,0.138,0.312,0.09,0.432,0.028
287,36,36,0.6504667696,598.4654939,1.361591214,34.42602132,-2758088.749,3125129.081,35,35,0.5913334522,578.6877014,1.255323169,68.85196043,-2758086.41,3125133.797,342.1973962,5913.334631,0.5913334631,0.5913334631,0.9090909647,5.263866528,Retain,-0.4300650667,-0.5253752038,-0.09531013715,-0.0336059129,-0.08126098147,0.6931314631,2.292745214,2.448453271,3,0.248,0.032,0.01,0.53,0.18
288,38,38,0.7096029335,614.9459919,1.461301211,25.11786453,-2757872.924,3125061.451,36,36,0.4139354115,697.7200337,1.266317334,94.16905246,-2757873.577,3125072.366,288.8110293,4139.35177,0.413935177,0.413935177,0.58333352,10.93453445,Retain,-0.343049714,-0.8820453281,-0.5389956141,0.1262834785,-0.1432143286,1.321483078,0.3357886965,3.135907328,1,0.176,0.71,0.06,0.05,0.004
289,41,41,1.300942954,600.8845652,1.933371192,106.7321665,-2759127.248,3124921.334,37,37,0.4730696607,710.0362482,1.37764759,0,-2759146.282,3124905.955,241.7263825,3548.024902,0.3548024902,0.3548024902,0.2727271699,24.47066559,Retain,0.2630893509,-0.7485126272,-1.011601978,0.1669131777,-0.3388878114,-11.57808723,-0.9785438643,3.638336209,2,0.034,0.222,0.73,0.012,0.002
290,41,41,1.300942954,600.8845652,1.933371192,106.7321665,-2759127.248,3124921.334,38,38,0.177401558,1097.180366,1.303622387,0,-2759093.097,3124862.351,194.6415063,1774.01558,0.177401558,0.177401558,0.1363638255,68.15568969,Retain,0.2630893509,-1.729339427,-1.992428778,0.6020960193,-0.3941183695,-11.57808723,-1.839675745,4.662629582,2,0,0.21,0.79,0,0
291,44,44,0.5322049779,637.0626516,1.311042224,0,-2758855.685,3124838.446,42,42,0.3548033431,681.2985565,1.14479148,50.23546105,-2758858.945,3124827.658,241.7270055,3548.033431,0.3548033431,0.3548033431,0.6666667127,11.26977788,Retain,-0.630726567,-1.036191606,-0.405465039,0.06713261415,-0.1355999053,10.82449636,0.6916507545,3.309941574,1,0.138,0.552,0.058,0.24,0.012
292,45,45,0.41393767,712.9402713,1.293944624,0,-2758750.567,3124803.362,43,43,0.1774019121,1097.179441,1.30362259,50.23546105,-2758761.66,3124820.399,147.5562181,1182.678512,0.1182678512,0.1182678512,0.285714154,20.32998174,Retain,-0.8820398721,-1.729337431,-0.8472975584,0.4311003753,0.007451596088,10.82449636,-0.9141965071,4.025530796,1,0.03,0.786,0.114,0.07,0
293,53,53,1.064413531,460.1170431,1.339117179,47.0853403,-2757642.899,3124873.437,49,49,0.8870110879,499.0572815,1.325897613,50.23537803,-2757647.822,3124865.655,442.6693422,8870.118058,0.8870118058,0.8870118058,0.8333338312,9.208828687,Retain,0.06242397244,-0.1198977963,-0.1823217688,0.08123998301,-0.00992090138,0.06475648209,1.604658687,2.761424206,3,0.372,0.09,0.012,0.472,0.054
294,58,58,1.123549434,556.017238,1.662567998,50.23537803,-2757477.723,3124837.55,56,56,1.123549434,556.017238,1.662567998,50.23537803,-2757477.723,3124837.55,624.7128528,11235.49434,1.123549434,1.123549434,1,0,Retain,0.1164928114,0.1164928114,0,0,0,0,6.908754779,-6.393636742,3,0.116,0.01,0.002,0.72,0.152
295,59,59,5.085537618,246.9205043,1.570799155,23.54311423,-2758047.343,3124803.17,58,58,6.031684714,265.4435763,1.839020642,23.54311423,-2758025.204,3124799.671,1255.723422,48490.01399,4.849001399,4.849001399,0.9534884535,22.41318858,Retain,1.62640075,1.79702636,0.1706256103,0.07233585947,0.1576486646,0,3.000202781,2.868858745,4,0.054,0.002,0.006,0.03,0.908
296,60,60,7.096087495,265.4397534,1.994667512,70.62672768,-2756699.867,3124957.839,59,59,5.322057559,280.1826265,1.823375243,472.0303938,-2756704.853,3124997.317,1440.912567,51446.56204,5.144656204,5.144656204,0.7249989812,39.79122637,Retain,1.959543575,1.671859988,-0.2876835872,0.05405373069,-0.08978806293,1.899622685,0.9671440545,3.276264731,0,0.36,0.228,0.296,0.096,0.02
297,63,63,0.5913465728,578.6780239,1.255316103,117.7168399,-2758847.786,3124497.777,61,61,0.3548077655,681.2962908,1.144794807,117.7168399,-2758830.27,3124499.307,241.7292146,3548.077655,0.3548077655,0.3548077655,0.5999996986,17.58226373,Retain,-0.5253530158,-1.036179142,-0.5108261261,0.1632510606,-0.09216200243,0,0.4046322542,3.701988976,1,0.122,0.732,0.022,0.124,0
298,74,74,0.7096213074,548.5845639,1.303622882,94.17476351,-2758831.968,3124302.217,67,67,0.5322155325,637.0581156,1.311045889,117.7168399,-2758817.144,3124300.885,339.0524234,4730.806309,0.4730806309,0.4730806309,0.6666663274,14.8834757,Retain,-0.3430238211,-0.6307067354,-0.2876829143,0.1495194437,0.005677986574,0.2231277128,0.6916490249,3.444195624,0,0.38,0.234,0.01,0.37,0.006
299,84,84,1.478379743,458.6813503,1.573255113,160.1035787,-2755221.166,3124590.239,74,74,1.182703851,530.8772569,1.628647863,160.1035787,-2755229.724,3124584.294,627.8705763,11827.04137,1.182704137,1.182704137,0.8000002317,10.42067003,Retain,0.3909467199,0.1678032166,-0.2231435033,0.1461750968,0.03460334517,0,1.382557481,2.720778878,0,0.682,0.076,0.018,0.216,0.008
300,86,86,0.2956768677,817.5525058,1.254063121,141.2634857,-2755698.806,3124470.117,73,73,0.3548115032,690.1643851,1.159702139,188.3512263,-2755714.433,3124475.844,194.6437347,2365.41024,0.236541024,0.236541024,0.7999984099,16.64342182,Retain,-1.218488084,-1.036168607,0.1823194768,-0.1693853194,-0.07822558103,0.2876798353,1.382546143,3.993684119,3,0.056,0.006,0.006,0.7,0.232
301,120,120,12.83252427,239.755402,2.422810886,78.94366292,-2755982.367,3124150.953,90,90,0.3548152009,964.4490969,1.620598705,0,-2755660.269,3124240.297,342.2012001,3548.154511,0.3548154511,0.3548154511,0.02764970036,334.2592802,Retain,2.551982907,-1.036158186,-3.588141093,1.391937809,-0.4021327374,-11.27650242,-3.525601053,5.108293461,2,0,0.03,0.97,0,0
302,135,135,85.27227099,180.3625459,4.698349715,0,-2758207.345,3124534.815,115,115,75.51499905,193.2737322,4.737884963,23.54311423,-2758194.728,3124548.006,14350.18327,730314.1075,73.03141075,73.03141075,0.8564496982,18.25339373,Retain,4.445849325,4.324331299,-0.1215180259,0.06913851625,0.008379503306,10.06663114,1.78033496,1.253846084,0,0.504,0.216,0.24,0.016,0.024
304,104,104,1.06444575,507.2985327,1.476455766,68.85329522,-2755275.749,3124296.156,88,88,1.06444575,507.2985327,1.476455766,68.85329522,-2755275.749,3124296.156,539.991767,10644.4575,1.06444575,1.06444575,1,0,Retain,0.0624542409,0.0624542409,0,0,0,0,6.908754779,-6.366617457,3,0.118,0.012,0.002,0.714,0.154
305,108,108,1.064447028,589.8618023,1.716751234,251.1699309,-2754713.172,3124301.889,96,96,1.241855051,546.0467709,1.716565443,251.1699309,-2754702.91,3124303.534,627.8766422,10053.11076,1.005311076,1.005311076,0.9444444388,10.39269438,Retain,0.06245544158,0.2166062706,0.154150829,-0.077183643,-1.082285043e-4,0,2.816431583,2.882336535,4,0.116,0,0,0.3,0.584
306,164,164,1.064485764,501.3791941,1.459255386,23.54541289,-2758341.908,3123045.129,143,143,0.7096574212,548.569096,1.303619296,25.11629669,-2758351.138,3123030.536,389.29613,7096.574322,0.7096574322,0.7096574322,0.6666669071,17.2675404,Retain,0.06249183217,-0.3429729307,-0.4054647629,0.08995055526,-0.1127818262,0.06458322974,0.6916516269,3.390005399,1,0.188,0.582,0.052,0.172,0.006
307,166,166,6.682606438,276.2410934,2.014449083,23.54553368,-2757947.183,3123108.177,145,145,5.085870983,344.4500419,2.191310801,23.54583589,-2757932.618,3123109.629,1751.82898,49675.98391,4.967598391,4.967598391,0.7433624046,14.63730448,Retain,1.899508097,1.6264663,-0.2730417972,0.2206750526,0.08415415399,1.283443297e-5,1.060974091,2.306252582,0,0.778,0.062,0.09,0.058,0.012
308,169,169,0.1774157606,1114.834442,1.324651221,23.54553368,-2758098.894,3122908.778,149,149,0.1182770703,1247.551322,1.210329916,23.54583589,-2758086.383,3122909.87,147.5567154,1182.770703,0.1182770703,0.1182770703,0.6666660836,12.55811255,Retain,-1.729259371,-2.134725354,-0.4054659827,0.1124767764,-0.09025621496,1.283443297e-5,0.6916479305,3.96744113,3,0.206,0.326,0.02,0.446,0.002
309,173,173,0.3548313015,690.1337538,1.159683022,47.09145313,-2757920.675,3122888.885,152,152,0.2365539508,822.8508006,1.12896705,47.09183717,-2757933.186,3122887.792,194.6486078,2365.539508,0.2365539508,0.2365539508,0.6666659615,12.55810094,Retain,-1.03611281,-1.441578975,-0.4054661658,0.1758894721,-0.02684361079,8.155114667e-6,0.6916473824,3.620866925,1,0.26,0.466,0.014,0.256,0.004
310,179,179,9.225585129,248.7616276,2.131451319,23.54574496,-2758470.958,3122912.804,162,162,0.236555083,1008.65184,1.383892944,70.63783631,-2758310.77,3122736.647,191.5091078,1774.160286,0.1774160286,0.1774160286,0.01923087003,238.0998161,Retain,2.221980617,-1.441574189,-3.663554806,1.399874787,-0.4319026161,1.09859249,-3.882146522,4.934068816,2,0,0.056,0.944,0,0
313,200,200,3.19351167,318.5213957,1.605713031,23.54615215,-2758374.225,3122597.168,172,172,1.47847928,490.5231034,1.682527443,78.94148169,-2758371.799,3122557.83,725.2282447,14784.7928,1.47847928,1.47847928,0.4629634812,39.41356559,Retain,1.161121148,0.391014046,-0.7701071024,0.4317827303,0.04672917915,1.209714622,-0.148120592,3.665939802,1,0.054,0.54,0.402,0.004,0
314,207,207,2.542999423,439.5085936,1.977131566,23.54694911,-2757999.048,3122456.87,173,173,0.4139761448,826.6338552,1.500361509,70.64021482,-2758044.157,3122488.111,342.2066965,4139.760087,0.4139760087,0.4139760087,0.1627904454,54.87166966,Retain,0.9333442597,-0.8819469281,-1.815291188,0.6317045883,-0.2759410056,1.098575023,-1.632680296,4.110708217,2,0,0.448,0.552,0,0
315,207,207,2.542999423,439.5085936,1.977131566,23.54694911,-2757999.048,3122456.87,178,178,0.4139784111,705.2925156,1.28012739,25.11572347,-2758074.761,3122343.621,291.975875,4139.785162,0.4139785162,0.4139785162,0.1627914314,136.227036,Retain,0.9333442597,-0.8819414536,-1.815285713,0.4729553625,-0.4346874942,0.0644951679,-1.632673099,5.02002303,2,0,0.278,0.722,0,0
316,208,208,0.5322591416,642.9335353,1.323191528,23.54684949,-2758161.952,3122283.483,180,180,0.5913990977,658.271647,1.428040572,25.11572347,-2758177.434,3122277.929,291.975871,4731.192213,0.4731192213,0.4731192213,0.8888888594,16.44825697,Retain,-0.6306248,-0.5252641972,0.1053606028,0.02357633127,0.07625663268,0.06449939838,2.071605872,3.68795765,3,0.028,0.002,0.004,0.53,0.436
317,219,219,11.29569276,266.5449183,2.527096991,0,-2757733.45,3122371.19,188,188,0.9462445916,670.212614,1.839117049,25.11556455,-2757910.669,3122124.536,634.1850613,9462.444846,0.9462444846,0.9462444846,0.08377038086,303.7180752,Retain,2.424421481,-0.05525418986,-2.479675671,0.9220522181,-0.3177856175,10.13128285,-2.381411644,5.076257382,2,0,0.032,0.968,0,0
318,219,219,11.29569276,266.5449183,2.527096991,0,-2757733.45,3122371.19,190,190,11.11823005,262.6100662,2.470155338,0,-2757646.811,3122483.07,2225.92986,80429.9447,8.04299447,8.04299447,0.7120408319,141.5045426,Retain,2.424421481,2.408586108,-0.01583537299,-0.01487248447,-0.02279017096,0,0.9032532954,4.312493089,3,0.298,0.034,0.166,0.318,0.184
319,224,224,1.182810399,448.5827902,1.37624338,0,-2757494.412,3122049.191,196,196,1.182810399,448.5827902,1.37624338,0,-2757494.412,3122049.191,530.5883892,11828.10399,1.182810399,1.182810399,1,0,Retain,0.1678933011,0.1678933011,0,0,0,0,6.908754779,-6.419336987,3,0.114,0.016,0,0.718,0.152
320,495,495,206.4664965,156.6396056,6.349235608,0,-2756615.623,3120159.152,405,405,1.596911658,520.9982221,1.857255935,0,-2758119.911,3120112.425,831.9880435,15377.66343,1.537766343,1.537766343,0.007448018777,1505.013731,Retain,5.330138155,0.46807155,-4.862066605,1.201798968,-1.229234334,0,-4.767354432,5.223853831,2,0,0,1,0,0
321,145,145,3.075133912,380.803798,1.883772079,50.23343522,-2760523.538,3123246.507,124,124,2.542899255,423.4703615,1.904945982,50.23343522,-2760540.415,3123251.765,1076.842467,24246.25076,2.424625076,2.424625076,0.7884616234,17.67700105,Retain,1.123348449,0.9333048692,-0.1900435796,0.1061992506,0.01117746077,0,1.312228656,2.883011707,0,0.628,0.104,0.014,0.248,0.006
322,260,260,0.4731354771,836.0688568,1.622295156,50.23013765,-2758372.74,3121425.298,227,227,0.2365672197,822.8258,1.128964411,240.7787602,-2758335.723,3121434.44,194.6537201,2365.674699,0.2365674699,0.2365674699,0.4999994322,38.12979428,Retain,-0.7483735106,-1.441522884,-0.6931493738,-0.01596646065,-0.3625411476,1.567247551,-2.266743178e-6,4.587573903,1,0.024,0.656,0.172,0.142,0.006
324,179,179,9.225585129,248.7616276,2.131451319,23.54574496,-2758470.958,3122912.804,151,151,13.6017885,270.7461439,2.816795749,23.54554925,-2758786.566,3122969.576,2015.559721,67417.76141,6.741776141,6.741776141,0.7307694901,320.6739796,Retain,2.221980617,2.610201291,0.3882206749,0.08468652427,0.2787968617,-8.311894242e-6,0.9961902252,5.23180272,4,0.03,0.01,0.016,0.024,0.92
325,155,155,0.9462057291,467.8369824,1.283755757,0,-2760379.937,3122991.685,133,133,0.6505159198,526.0505188,1.196882414,50.23279832,-2760366.089,3122992.223,342.2042371,6505.159198,0.6505159198,0.6505159198,0.6874994516,13.85873451,Retain,-0.05529526099,-0.4299895081,-0.3746942471,0.1172773445,-0.07006977907,10.82444335,0.7867134124,3.229000412,1,0.266,0.45,0.038,0.242,0.004
326,159,159,0.4731026641,710.0377109,1.377698482,287.8378546,-2761709.589,3122862.174,132,132,0.3548266104,681.2861602,1.144808185,287.8378546,-2761713.999,3122876.56,241.7384589,3548.264743,0.35482647430000003,0.35482647430000003,0.749998893,15.04716731,Retain,-0.7484428653,-1.03612603,-0.287683165,-0.04133565886,-0.1851772414,0,1.095946828,3.657842586,3,0.108,0.34,0.08,0.45,0.022
327,160,160,4.080516848,385.4633524,2.196522973,70.63595419,-2759936.548,3122985.317,141,141,3.430001085,417.3809385,2.180593976,125.5819716,-2759920.628,3122972.983,1431.616964,33117.25699,3.311725699,3.311725699,0.8115946637,20.13913269,Retain,1.406223659,1.232560577,-0.1736630813,0.07955320297,-0.007278337677,0.5754132304,1.456343062,2.871967589,0,0.518,0.066,0.056,0.334,0.026
328,162,162,1.123619476,656.6132106,1.963424986,0,-2760573.905,3122902.197,137,137,0.5913766797,838.7958491,1.819631465,50.23279832,-2760573.535,3122924.247,496.0443042,5913.768486,0.5913768486,0.5913768486,0.526314167,22.05307149,Retain,0.1165551497,-0.5253021046,-0.6418572543,0.2448722259,-0.07605640122,10.82444335,0.1051433324,3.607584601,1,0.07,0.76,0.126,0.042,0.002
329,172,172,9.816912921,237.9339183,2.102998166,25.11633148,-2759086.106,3123009.658,134,134,0.1182757611,1221.001391,1.184565562,23.54560662,-2759273.42,3123078.015,144.4148689,1182.758784,0.1182758784,0.1182758784,0.01204817435,199.3976221,Retain,2.284106706,-2.134736422,-4.418843129,1.635433633,-0.5739879318,-0.06457638765,-4.327997393,4.725617537,2,0,0.008,0.992,0,0
330,172,172,9.816912921,237.9339183,2.102998166,25.11633148,-2759086.106,3123009.658,148,148,0.7687973831,567.6250795,1.403985401,23.54554925,-2758947.424,3122898.315,436.3886757,7687.977578,0.7687977578,0.7687977578,0.07831359654,177.8476963,Retain,2.284106706,-0.2629278252,-2.547034532,0.8694681484,-0.4040491174,-0.06457882435,-2.453879848,4.611244758,2,0,0.01,0.99,0,0
332,178,178,1.655886277,356.4416313,1.293894134,610.2453704,-2762529.487,3122389.099,159,159,1.655886277,356.4416313,1.293894134,809.485103,-2762529.487,3122389.099,590.2268057,16558.86277,1.655886277,1.655886277,1,0,Retain,0.5043363801,0.5043363801,0,0,0,0.282536844,6.908754779,-6.587558526,3,0.116,0.012,0,0.734,0.138
333,296,296,37.85052534,229.1803845,3.977484241,0,-2758688.088,3121541.864,183,183,1.537641801,508.4024134,1.778403318,0,-2758507.224,3122165.858,734.6469955,12419.41848,1.241941848,1.241941848,0.03281174666,649.6768695,Retain,3.633644859,0.430249945,-3.203394914,0.7967638875,-0.8049335697,0,-3.354618269,5.232019168,2,0,0.05,0.95,0,0
334,296,296,37.85052534,229.1803845,3.977484241,0,-2758688.088,3121541.864,186,186,0.11828072319999999,1220.99601,1.184585189,23.54728277,-2758678.765,3122042.694,144.420291,1182.808405,0.1182808405,0.1182808405,0.003124945807,500.9167248,Retain,3.633644859,-2.13469447,-5.768339329,1.672912807,-1.211256857,10.06680818,-5.48857519,4.971984379,2,0,0.006,0.994,0,0
335,296,296,37.85052534,229.1803845,3.977484241,0,-2758688.088,3121541.864,192,192,1.241948925,513.1626111,1.613250997,23.54739109,-2758810.951,3121975.434,637.3217532,12419.48925,1.241948925,1.241948925,0.03281193362,450.6421836,Retain,3.633644859,0.2166818595,-3.416963,0.8060833768,-0.9023981232,10.06681278,-3.354612546,4.866218372,2,0,0,1,0,0
336,196,196,0.5322527223,642.9400968,1.323197053,100.4636972,-2758710.827,3122506.059,170,170,0.2365574704,822.8442233,1.128966425,211.5906433,-2758705.177,3122489.482,194.649948,2365.573429,0.2365573429,0.2365573429,0.4444455292,17.51339241,Retain,-0.6306368604,-1.441564097,-0.8109272363,0.2467153459,-0.1587482723,0.744851812,-0.2226900763,3.75070634,1,0.01,0.794,0.172,0.024,0
338,212,212,0.2365597834,822.8397913,1.128965863,88.85393239,-2761030.459,3121979.052,181,181,0.1774197844,1097.120051,1.303617686,292.4410148,-2761034.288,3121974.778,194.6508028,1774.197844,0.1774197844,0.1774197844,0.7499997752,5.737937032,Retain,-1.441554319,-1.729236691,-0.2876823722,0.2876823722,0.1438411861,1.19126134,1.095951518,3.04041611,0,0.444,0.148,0.018,0.352,0.038
339,230,230,2.957036085,381.1547311,1.848947991,0,-2759198.504,3121816.24,194,194,0.709687873,557.3931978,1.324617305,25.1154697,-2759302.439,3121822.762,395.575193,7096.87873,0.709687873,0.709687873,0.2399997337,104.1394349,Retain,1.0841874439999999,-0.3429300211,-1.427117465,0.3800655005,-0.3334932321,10.13127907,-1.149837879,4.676011545,2,0,0.118,0.882,0,0
340,230,230,2.957036085,381.1547311,1.848947991,0,-2759198.504,3121816.24,195,195,0.7688278714,637.0285987,1.57568194,25.1154697,-2759149.319,3121857.047,489.7652506,7688.277385,0.7688277385,0.7688277385,0.2599994442,63.90893214,Retain,1.0841874439999999,-0.2628881689,-1.347075613,0.5136091394,-0.159928667,10.13127907,-1.043483098,4.187746003,2,0.008,0.192,0.798,0.002,0
341,230,230,2.957036085,381.1547311,1.848947991,0,-2759198.504,3121816.24,200,200,0.3548453717,690.1116478,1.159668867,47.09529139,-2759131.612,3121743.134,244.8829242,3548.453717,0.3548453717,0.3548453717,0.1200003522,99.09065951,Retain,1.0841874439999999,-1.036073157,-2.120260601,0.5936479819,-0.4664823187,10.75994954,-1.98526377,4.626316496,2,0,0.308,0.692,0,0
342,1,1,2.305759,486.0330362,2.081938105,619.5817393,-2764000.561,3129590.381,1,1,1.596294802,548.6504155,1.955452767,619.5817393,-2764025.227,3129586.541,976.2952251,14780.50918,1.478050918,1.478050918,0.6410257609,24.96349069,Retain,0.8354099065,0.4676851948,-0.3677247117,0.1211848756,-0.06267748028,0,0.5785959582,3.372114433,0,0.42,0.398,0.082,0.1,0
343,4,4,1.30072182,637.1446045,2.049865143,285.2113143,-2763309.768,3128857.183,5,5,0.9459787718,720.0925857,1.975714116,285.2113143,-2763321.798,3128918.224,681.1922998,9459.790267,0.9459790267,0.9459790267,0.7272723593,62.21464973,Retain,0.2629193564,-0.05553515017,-0.3184545066,0.1223831565,-0.03684409676,0,0.9785414983,4.571511836,1,0.262,0.476,0.032,0.224,0.006
344,6,6,0.2364959903,822.9602528,1.128978884,47.07112009,-2763841.52,3128751.686,8,8,0.5912404551,653.0044351,1.416423978,50.24223444,-2763853.458,3128715.203,194.6268,2364.958543,0.2364958543,0.2364958543,0.9999994246,38.38635993,Retain,-1.441824025,-0.5255324829,0.9162915425,-0.2313239828,0.2268217884,0.0651950042,6.908178983,4.941005193,4,0,0,0.002,0.016,0.982
345,9,9,0.7686126343,694.2879878,1.717071892,50.24227554,-2763668.108,3128709.609,9,9,1.182482006,496.4571302,1.522909483,50.24223444,-2763680.208,3128694.92,533.6384283,7686.125194,0.7686125194,0.7686125194,0.9999998505,19.03028463,Retain,-0.263168163,0.1676156247,0.4307837876,-0.3353897068,-0.119997813,-8.179832703e-7,6.908605186,3.650033209,4,0.024,0,0.004,0.06,0.912
346,13,13,0.7686181105,506.435081,1.252489681,1067.872907,-2762128.614,3128695.209,13,13,0.7094935238,548.6380946,1.303632699,1105.342907,-2762125.837,3128693.029,389.255175,7094.935238,0.7094935238,0.7094935238,0.9230767713,3.530660019,Retain,-0.2631610382,-0.3432039103,-0.08004287207,0.08004287207,0.04002143604,0.03448684601,2.47307106,1.965713483,3,0.292,0.03,0,0.518,0.16
347,49,49,1.005277291,480.9164693,1.360215295,50.23538363,-2759608.281,3124755.26,40,40,0.5322051121,548.5902962,1.128970802,202.3163452,-2759599.157,3124786.64,291.9625601,5322.051121,0.5322051121,0.5322051121,0.5294112552,32.6795922,Retain,0.005263414404,-0.6307263148,-0.6359897292,0.1316582956,-0.186336569,1.393097943,0.1175453563,4.056514627,1,0.084,0.718,0.118,0.08,0
348,226,226,0.1774223086,1097.112521,1.303618012,164.8323009,-2760879.116,3121641.662,197,197,0.236563046,822.8336598,1.128965236,292.4410148,-2760876.654,3121661.575,147.556777,1182.812619,0.1182812619,0.1182812619,0.6666651044,20.06454491,Retain,-1.729222464,-1.441540527,0.2876819368,-0.2876829604,-0.143841992,0.5733317413,0.691643535,4.435980336,3,0.002,0.014,0.002,0.712,0.27
350,46,46,0.1774023359,1114.933797,1.324719153,34.4261946,-2761667.818,3124511.339,45,45,0.5913404076,748.5860244,1.623886087,300.3252905,-2761631.924,3124533.382,197.7918599,1774.023359,0.1774023359,0.1774023359,1,42.12186859,Retain,-1.729335042,-0.5253634416,1.2039716,-0.3983641806,0.2036216194,2.166022726,6.908754777,5.177623254,4,0.002,0,0,0.008,0.99
351,47,47,2.128819255,364.2472307,1.499203963,25.11766617,-2760787.781,3124683.444,46,46,2.128819396,365.7271524,1.505295217,25.11766617,-2760784.545,3124678.475,728.3314332,20105.51606,2.010551606,2.010551606,0.9444444854,5.929538163,Retain,0.7555674857,0.7555675519,6.618294049e-8,0.004054727917,0.004054761009,0,2.816432457,1.974696162,3,0.09,0.018,0.002,0.766,0.124
352,51,51,0.3548045334,690.1754164,1.159709284,34.42615718,-2760665.9,3124587.093,47,47,0.3548045334,690.1754164,1.159709284,34.42615718,-2760665.9,3124587.093,244.8773666,3548.045334,0.3548045334,0.3548045334,1,0,Retain,-1.036188251,-1.036188251,0,0,0,0,6.908754779,-5.81729621,3,0.2,0.018,0,0.604,0.178
353,54,54,0.7096095304,544.1507095,1.293075811,75.35308659,-2759318.179,3124696.959,53,53,0.5322073134,631.143538,1.298863842,166.4355495,-2759328.024,3124697.413,335.8992067,5322.073236,0.5322073236,0.5322073236,0.7500002478,9.855156343,Retain,-0.3430404174,-0.6307221787,-0.2876817613,0.1483070657,0.004466185032,0.7924159942,1.09595403,3.031981421,0,0.44,0.184,0.008,0.354,0.014
354,55,55,1.537487883,377.7437469,1.321290166,25.11766617,-2760940.847,3124548.522,50,50,1.182682439,411.4416816,1.262226891,25.11766617,-2760942.602,3124565.275,486.6048516,11826.82439,1.182682439,1.182682439,0.7692304128,16.84471187,Retain,0.43014984,0.1677851121,-0.2623647278,0.08545124106,-0.04573112286,0,1.200945988,3.181386159,1,0.29,0.348,0.042,0.306,0.014
355,61,61,2.483646121,410.8068685,1.826323142,0,-2761190.271,3124411.848,51,51,0.3548052752,690.1744425,1.15970886,0,-2761187.269,3124494.263,244.877533,3548.052752,0.3548052752,0.3548052752,0.142856614,82.46911723,Retain,0.9097276906,-1.036186161,-1.945913851,0.5188211831,-0.4541357424,0,-1.785954135,4.52993711,2,0,0.36,0.64,0,0
356,68,68,11.47210583,263.25688,2.515338107,53.36733647,-2760156.459,3124432.677,48,48,0.4139389537,712.9379565,1.293942429,0,-2760058.068,3124638.515,244.877473,3548.047391,0.3548047391,0.3548047391,0.03092760338,228.1447851,Retain,2.439918509,-0.8820367708,-3.32195528,0.9962641136,-0.6647135263,-10.8849729,-3.413899759,4.782390522,2,0,0.002,0.998,0,0
357,68,68,11.47210583,263.25688,2.515338107,53.36733647,-2760156.459,3124432.677,52,52,0.2956712576,828.2094326,1.27039798,0,-2760141.542,3124588.009,244.8777245,2956.712576,0.2956712576,0.2956712576,0.02577305875,156.0458549,Retain,2.439918509,-1.218507058,-3.658425567,1.146135775,-0.6830770089,-10.8849729,-3.595274093,4.402562002,2,0,0,1,0,0
358,68,68,11.47210583,263.25688,2.515338107,53.36733647,-2760156.459,3124432.677,55,55,0.3548061896,831.7582616,1.397615746,23.54305129,-2760379.995,3124537.239,295.1129794,3548.061896,0.3548061896,0.3548061896,0.03092772982,246.782117,Retain,2.439918509,-1.036183583,-3.476102092,1.150411562,-0.5876394842,-0.8183444304,-3.413895669,4.86091557,2,0,0.008,0.992,0,0
359,61,61,2.483646121,410.8068685,1.826323142,0,-2761190.271,3124411.848,60,60,1.478362244,558.4937946,1.91559569,0,-2761185.97,3124387.083,778.570205,12418.24453,1.241824453,1.241824453,0.5000005605,25.13554293,Retain,0.9097276906,0.3909348831,-0.5187928075,0.3071203098,0.04772390607,0,2.23762501e-6,3.341823779,1,0.146,0.692,0.152,0.01,0
360,68,68,11.47210583,263.25688,2.515338107,53.36733647,-2760156.459,3124432.677,65,65,7.332700288,280.0054484,2.138914955,0,-2760127.298,3124380.293,1952.726538,69187.57092,6.918757092,6.918757092,0.603093904,59.95386555,Retain,2.439918509,1.992343837,-0.4475746724,0.06167877592,-0.1621085603,-10.8849729,0.4175136182,3.445997727,2,0.044,0.064,0.874,0.012,0.006
361,67,67,0.4139444823,826.6797035,1.500387344,53.36700963,-2761196.512,3124187.915,63,63,0.1182699866,1221.006869,1.184541959,94.17306407,-2761185.642,3124187.177,144.4084661,1182.699866,0.1182699866,0.1182699866,0.2857146107,10.89516177,Retain,-0.8820234149,-2.134785246,-1.252761831,0.3900137794,-0.2363671362,0.5679333195,-0.9141942758,3.401787247,1,0.054,0.752,0.168,0.024,0.002
362,70,70,0.946160184,613.830133,1.684323881,70.63062144,-2760897.248,3124204.997,66,66,0.946160184,613.830133,1.684323881,172.1314711,-2760897.248,3124204.997,580.7816316,9461.60184,0.946160184,0.946160184,1,0,Retain,-0.05534339661,-0.05534339661,0,0,0,0.8907864213,6.908754779,-6.307718638,3,0.136,0.012,0,0.68,0.172
363,81,81,0.5913527584,573.3516327,1.24376816,74.96448115,-2761852.297,3123968.195,68,68,0.4730813388,723.3433064,1.403483928,206.3817095,-2761848.42,3123981.532,291.9655451,4139.463135,0.4139463135,0.4139463135,0.699998956,13.889297,Retain,-0.5253425558,-0.7484879416,-0.2231453858,0.2323847473,0.1208120544,1.012704502,0.8453926646,3.46622676,3,0.358,0.202,0.008,0.418,0.014
364,82,82,0.3548122286,681.293652,1.144797573,100.469076,-2761332.909,3123997.055,70,70,0.3548122286,681.293652,1.144797573,100.469076,-2761332.909,3123997.055,241.731319,3548.122286,0.3548122286,0.3548122286,1,0,Retain,-1.036166563,-1.036166563,0,0,0,0,6.908754779,-5.817307055,3,0.2,0.018,0,0.604,0.178
365,83,83,0.4730825871,816.2216445,1.583695405,53.36733647,-2760201.692,3124086.418,71,71,0.4139466709,811.470492,1.472787186,86.67289329,-2760213.456,3124108.391,335.9056171,3548.114003,0.3548114003,0.3548114003,0.7499988584,24.92381681,Retain,-0.748485303,-0.8820181277,-0.1335328247,-0.005837917194,-0.07260432953,0.484935103,1.095946645,4.162471561,3,0.098,0.026,0.01,0.832,0.034
366,87,87,1.182707089,536.1989608,1.644976265,100.469076,-2761535.176,3123974.648,78,78,0.8870308782,601.66711,1.598529696,100.469076,-2761521.558,3123972.687,533.697305,8870.308896,0.8870308896,0.8870308896,0.7500004844,13.75875456,Retain,0.1678059542,-0.1198754853,-0.2876814394,0.1151990313,-0.02864168844,0,1.095955287,3.110209961,0,0.4,0.3,0.026,0.266,0.008
367,89,89,8.633723537,230.5348079,1.910867811,0,-2762409.027,3124005.762,79,79,7.746696503,256.5256763,2.014114612,141.2641508,-2762401.998,3124006.239,1987.2263600000001,76284.2632,7.62842632,7.62842632,0.8835615696,7.045643868,Retain,2.155675876,2.047266495,-0.1084093816,0.1068269008,0.05262220999,11.85839391,2.019177921,1.447078461,0,0.692,0.114,0.016,0.104,0.074
368,90,90,0.3548135062,690.161501,1.159700566,47.08783676,-2760360.343,3123975.701,80,80,0.236542572,822.872333,1.128969439,110.9560623,-2760347.833,3123976.794,194.6443381,2365.42572,0.236542572,0.236542572,0.6666673277,12.55857137,Retain,-1.036162962,-1.441627079,-0.4054641166,0.1758754351,-0.02685662316,0.8571073392,0.6916535149,3.620929458,1,0.246,0.5,0.012,0.236,0.006
369,100,100,0.7687632423,690.1377367,1.706974951,94.17500715,-2759695.659,3123981.961,81,81,0.2365422111,822.8729591,1.128969437,47.08785224,-2759722.286,3124031.447,194.6440808,1774.064734,0.1774064734,0.1774064734,0.2307686731,56.19485932,Retain,-0.2629722342,-1.441628605,-1.17865637,0.1759106295,-0.4134175557,-0.6931291576,-1.200951119,4.732694137,2,0.004,0.356,0.628,0.012,0
370,100,100,0.7687632423,690.1377367,1.706974951,94.17500715,-2759695.659,3123981.961,85,85,0.2956794544,817.5503102,1.254065238,47.08785224,-2759685.132,3123923.615,241.7327213,2365.43432,0.236543432,0.236543432,0.3076934731,59.28826682,Retain,-0.2629722342,-1.218479336,-0.9555071015,0.1694212464,-0.3083323044,-0.6931291576,-0.809123432,4.786279352,2,0.008,0.424,0.546,0.022,0
371,105,105,0.2956801259,828.1883998,1.27038477,25.11699496,-2761274.549,3123704.372,92,92,0.2365439587,822.8696439,1.128969059,50.23402135,-2761282.261,3123706.061,194.644843,2365.440862,0.2365440862,0.2365440862,0.7999999508,7.89438931,Retain,-1.218477065,-1.441621217,-0.2231441519,-0.006442867794,-0.1180149438,0.6931279001,1.382555733,3.247882433,3,0.204,0.154,0.052,0.546,0.044
372,107,107,0.3548163837,822.8689653,1.382698793,34.42674689,-2761863.023,3123619.841,94,94,0.2956802783,987.4435704,1.514671778,86.67459152,-2761867.193,3123619.476,291.9675897,2956.804059,0.2956804059,0.2956804059,0.8333335761,4.186161835,Retain,-1.036154852,-1.218476549,-0.1823216967,0.1823223791,0.09116153078,0.9233094812,1.60465686,2.522465507,0,0.59,0.084,0.008,0.264,0.054
373,119,119,3.193355822,288.0503999,1.452068843,25.11699496,-2761102.35,3123624.186,106,106,2.897674463,334.7792881,1.607601661,50.23402135,-2761102.81,3123622.145,970.0813939,28976.75015,2.897675015,2.897675015,0.9074074976,2.092183132,Retain,1.161072346,1.063908506,-0.0971638395,0.1503360087,0.101754089,0.6931279001,2.272742786,0.7305147073,0,0.664,0.068,0.006,0.218,0.044
374,122,122,1.419274245,477.7895377,1.60570169,0,-2761701.924,3123471.44,108,108,0.887047311,601.6623384,1.598531825,23.54465878,-2761694.534,3123451.8,533.7029594,8870.47311,0.887047311,0.887047311,0.6250006398,20.98423563,Retain,0.3501456456,-0.1198569599,-0.4700026056,0.2305260505,-0.004475252262,10.06669674,0.5097639514,3.441111245,1,0.226,0.474,0.132,0.154,0.014
375,123,123,0.4730929821,723.3298457,1.403475081,70.63407011,-2760146.766,3123551.226,113,113,0.1774101124,1079.428843,1.282561715,263.8208082,-2760093.136,3123514.552,97.32295924,591.3669687,0.05913669687,0.05913669687,0.1250001566,64.97005433,Retain,-0.7484633303,-1.729291207,-0.9808278768,0.4003219946,-0.09009194377,1.317747141,-1.939082762,5.120538461,1,0,0.814,0.15,0.036,0
376,127,127,1.419277702,480.0046813,1.613148062,47.08881364,-2759308.885,3123628.362,109,109,0.2365460536,1021.935823,1.402092108,221.9109333,-2759277.267,3123627.185,241.734886,2365.460645,0.2365460645,0.2365460645,0.1666665122,31.64030199,Retain,0.3501480818,-1.44161236,-1.791760442,0.7556581168,-0.1402221042,1.5502239,-1.604656227,3.851754194,1,0,0.816,0.184,0,0
377,130,130,4.671778932,299.7086378,1.827407781,141.2641508,-2762271.941,3123423.135,116,116,4.612641759,293.3423528,1.777234365,141.2641508,-2762269.263,3123426.76,1353.083186,43760.96053,4.376096053,4.376096053,0.9367087177,4.506784498,Retain,1.541539927,1.528800743,-0.0127391842,-0.02147042901,-0.02784002111,0,2.680015321,1.30740077,3,0.216,0.03,0.02,0.588,0.146
378,138,138,1.537557924,438.9912337,1.535559534,0,-2761581.045,3123319.066,121,121,1.301011285,482.6130632,1.552868473,23.54465878,-2761580.888,3123307.18,627.88504150000006,13010.11285,1.301011285,1.301011285,0.8461543235,11.88716063,Retain,0.4301953941,0.2631418736,-0.1670535205,0.09473577701,0.01120901676,10.06669674,1.699453893,2.832810245,0,0.488,0.116,0.022,0.34,0.034
379,3,3,0.2364951616,822.961741,1.128978948,358.7153689,-2764896.698,3128706.616,4,4,0.3547430202,690.2715816,1.159770323,334.122042,-2764884.185,3128707.711,194.6263616,2364.948909,0.2364948909,0.2364948909,0.9999988551,12.56063955,Retain,-1.44182753,-1.036361638,0.4054658912,-0.1758245957,0.02690834997,-0.07102270312,6.907609351,3.823926398,4,0.01,0.004,0,0.388,0.598
380,5,5,3.310929946,365.9567456,1.878450784,358.7153689,-2764386.545,3128799.771,3,3,0.4138650484,697.7326027,1.266232511,25.12131459,-2764505.197,3128864.063,288.7671374,4138.650689,0.4138650689,0.4138650689,0.1249996453,134.9511163,Retain,1.1972291,-0.8822153284,-2.079444429,0.6453207935,-0.3944014209,-2.658775539,-1.939087404,4.878670414,2,0,0.056,0.944,0,0
381,5,5,3.310929946,365.9567456,1.878450784,358.7153689,-2764386.545,3128799.771,6,6,2.719693631,338.169608,1.573220635,25.12131459,-2764365.756,3128791.08,919.7177289,27196.93631,2.719693631,2.719693631,0.8214289264,22.53295725,Retain,1.1972291,1.000519238,-0.1967098621,-0.07896757678,-0.1773225078,-2.658775539,1.521690984,3.088773775,2,0.252,0.148,0.348,0.2,0.052
382,139,139,2.306339626,556.7538305,2.385173151,47.08992783,-2761022.974,3123328.459,123,123,2.069793095,620.3826078,2.517782142,50.23343522,-2761027.525,3123301.22,1284.063529,20697.92617,2.069792617,2.069792617,0.8974361771,27.61665156,Retain,0.8356616902,0.7274486481,-0.1082130421,0.1082132108,0.05410668978,0.0646203846,2.160467602,3.472989215,0,0.41,0.104,0.004,0.404,0.078
383,149,149,1.655847279,437.970537,1.58982786,75.34960567,-2759417.217,3123260.443,126,126,1.182748029,530.8726017,1.628663998,127.9958554,-2759419.183,3123260.271,627.8885231,11827.48077,1.182748077,1.182748077,0.7142857271,1.973450817,Retain,0.5043128286,0.1678405687,-0.3364722599,0.1923704299,0.02413429993,0.5298537334,0.9141959262,1.000498821,0,0.69,0.148,0.04,0.116,0.006
384,599,599,0.2365893359,822.7840905,1.128959951,23.55244034,-2766680.74,3118269.655,586,586,0.7097673915,614.8899027,1.461337237,0,-2766644.614,3118264.938,194.6618332,2365.890651,0.2365890651,0.2365890651,0.9999988557,36.43286432,Retain,-1.441429401,-0.3428179803,1.098611421,-0.2912505901,0.2580551203,-10.06702718,6.907610008,4.888578324,4,0.002,0,0.008,0.016,0.974
386,641,641,1.537841682,412.4049108,1.442695609,34.42948214,-2768360.968,3117936.925,607,607,0.887215515,491.9100277,1.307059349,34.42955666,-2768374.408,3117948.66,436.4302994,8872.155578,0.8872155578,0.8872155578,0.5769225585,17.84149664,Retain,0.4303799282,-0.1196673555,-0.5500472837,0.1762901694,-0.09873347243,2.164315332e-6,0.3095237944,3.238758042,1,0.212,0.598,0.158,0.032,0
387,715,715,9.108832784,267.8199519,2.280181199,34.42948214,-2768662.307,3117751.201,667,667,8.813084523,321.69131170000003,2.694004812,34.42955666,-2768696.419,3117687.048,2536.859007,76301.22305,7.630122305,7.630122305,0.8376619141,72.65807048,Retain,2.209244578,2.176237495,-0.03300708365,0.1832774929,0.1667739511,2.164315332e-6,1.635985463,3.753520888,0,0.502,0.07,0.034,0.292,0.102
388,716,716,22.12134609,163.0776953,2.163691845,23.55225273,-2766961.995,3117948.532,669,669,23.42254309,161.7960655,2.208920307,0,-2766941.95,3118011.835,3167.948515,189273.4409,18.92734409,18.92734409,0.8556144826,66.40178496,Retain,3.096543029,3.153698939,0.05715590992,-0.007890057819,0.02068789714,-10.06701921,1.773599017,3.219832426,4,0.166,0.016,0.066,0.058,0.694
390,677,677,3.075698966,364.4282517,1.802930637,50.2257327,-2766419.155,3117962.022,636,636,2.957397804,331.2217347,1.606825697,34.42949889,-2766437.079,3117986.005,932.4485191,22476.24398,2.247624398,2.247624398,0.7307686554,29.94071007,Retain,1.123532181,1.084309761,-0.03922242014,-0.09554164704,-0.1151528571,-0.3776046417,0.9961859957,3.409851346,3,0.106,0.112,0.076,0.638,0.068
391,714,714,1.478706496,486.2827929,1.668111055,150.6767714,-2770393.746,3117506.796,666,666,1.064669656,631.1475527,1.837102587,150.6767685,-2770395.362,3117507.968,671.9636481,10055.21177,1.005521177,1.005521177,0.6800005143,1.995734017,Retain,0.3911677161,0.0626645693,-0.3285031468,0.2607493415,0.09649776812,-1.932681622e-8,0.7521235405,1.068293939,0,0.738,0.088,0.058,0.11,0.006
392,720,720,0.5914849649,658.2205177,1.428033313,25.11260707,-2769846.243,3117455.513,671,671,0.5914846366,817.5024958,1.773600855,25.11260707,-2769848.918,3117486.015,288.8766781,2957.424084,0.2957424084,0.2957424084,0.4999998747,30.61914319,Retain,-0.5251190145,-0.5251195696,-5.550887862e-7,0.2167139473,0.2167136697,0,-5.000507358e-7,4.256582517,3,0.036,0.174,0.012,0.734,0.044
393,721,721,1.656154752,466.3911022,1.693151353,139.8009242,-2768119.28,3117671.597,672,672,1.064672309,492.5530533,1.433692663,223.3511212,-2768114.605,3117659.34,524.4075965,10646.72116,1.064672116,1.064672116,0.64285787,13.11784188,Retain,0.504498501,0.06266706063,-0.4418314404,0.05457762008,-0.1663381001,0.4685229515,0.5865480842,2.8941652,1,0.172,0.408,0.22,0.192,0.008
394,745,745,2.070203246,448.9085487,1.822046417,25.11265786,-2767722.507,3117586.293,668,668,0.7097822841,690.0400962,1.639955156,50.22539351,-2767723.931,3117660.083,442.6721107,5914.857688,0.5914857688,0.5914857688,0.285713864,73.80330402,Retain,0.7276467892,-0.34279699810000003,-1.070443787,0.429930517,-0.1052913766,0.6931288197,-0.9141979239,4.509958598,2,0.01,0.378,0.608,0.002,0.002
395,771,771,6.802102681,270.9554179,1.993492009,34.42976853,-2769282.097,3117412.874,648,648,0.3548896442,822.7772376,1.382687382,94.21258668,-2769404.973,3117617.154,291.9951211,3548.896442,0.3548896442,0.3548896442,0.05217352057,238.3886567,Retain,1.917231782,-1.035948399,-2.953180182,1.110731195,-0.3658588956,1.006613805,-2.881665397,5.0876556,2,0,0.11,0.89,0,0
396,771,771,6.802102681,270.9554179,1.993492009,34.42976853,-2769282.097,3117412.874,694,694,4.613605565,243.6263162,1.476180614,75.3380712,-2769225.557,3117399.177,1171.102643,42587.13339,4.258713339,4.258713339,0.6260877758,58.17495228,Retain,1.917231782,1.529009669,-0.3882221128,-0.1063187372,-0.3004297936,0.7830482754,0.5143945945,3.67722113,2,0.094,0.23,0.596,0.06,0.02
397,231,231,0.413986057,712.8585579,1.293871935,50.23065406,-2760148.382,3121632.358,201,201,0.118281709,1247.502246,1.210306037,125.5765225,-2760141.849,3121619.422,147.5566977,1182.81709,0.118281709,0.118281709,0.2857142337,14.49220686,Retain,-0.8819229844,-2.134686135,-1.252763151,0.559615603,-0.06676597233,0.9162778899,-0.9141961177,3.687006482,1,0.052,0.726,0.196,0.026,0
398,232,232,0.5322686996,642.9258373,1.323187566,47.09524059,-2759984.276,3121659.453,202,202,0.2365641759,822.8315696,1.128965064,125.5765225,-2759967.734,3121646.454,194.6524721,2365.640586,0.2365640586,0.2365640586,0.4444448053,21.03921399,Retain,-0.6306068426,-1.441535751,-0.8109289085,0.2467221465,-0.1587423078,0.9807300966,-0.2226930022,3.934103923,1,0.008,0.808,0.166,0.018,0
400,251,251,2.720500123,335.8319855,1.562577261,23.54784178,-2759543.927,3121538.057,220,220,2.838778561,373.8185493,1.776730976,103.2834811,-2759540.819,3121575.412,863.4008156,21290.86879,2.129086879,2.129086879,0.7826086318,37.48407761,Retain,1.000815732,1.043373875,0.04255814316,0.1071595254,0.128438597,1.478410495,1.277620982,3.6959,3,0.214,0.028,0.006,0.618,0.134
401,280,280,0.7097103317,681.2702247,1.619030536,23.54904593,-2759439.897,3120991.307,254,254,0.6505676216,743.2040899,1.691022481,23.54904593,-2759439.859,3120995.25,483.5045171,6505.676216,0.6505676216,0.6505676216,0.9166664096,3.94323359,Retain,-0.3428983757,-0.4299100332,-0.08701165746,0.08701165746,0.04350582873,0,2.387053688,2.116068792,3,0.334,0.042,0.002,0.474,0.148
403,727,727,0.3548914225,681.251646,1.144854733,25.11265786,-2767581.027,3117611.526,677,677,1.301264531,477.7964224,1.537519943,50.22539351,-2767580.637,3117698.611,241.7702748,3548.910924,0.3548910924,0.3548910924,0.9999990701,87.08572836,Retain,-1.035943389,0.2633365082,1.299279897,-0.354747015,0.2948929333,0.6931288197,6.907824356,5.557241137,4,0,0,0.004,0.002,0.994
404,794,794,4.25872991,297.1115666,1.729635842,25.11260707,-2769676.783,3117255.083,713,713,2.898297986,300.0912457,1.441185593,25.11260707,-2769690.17,3117283.813,869.7537623,28391.4955,2.83914955,2.83914955,0.6666657923,31.69572493,Retain,1.448970973,1.064123663,-0.3848473093,0.00997886757,-0.1824447871,0,0.6916466231,3.304092818,2,0.178,0.252,0.438,0.118,0.014
405,296,296,37.85052534,229.1803845,3.977484241,0,-2758688.088,3121541.864,271,271,31.46331897,214.5388463,3.394714656,0,-2758688.875,3121486.144,7001.249551,296890.7607,29.68907607,29.68907607,0.7843768561,55.72577502,Retain,3.633644859,3.44882239,-0.1848224691,-0.06601857552,-0.1584298101,0,1.288004494,2.776003245,2,0.256,0.03,0.676,0.02,0.018
406,289,289,1.419424039,418.0278801,1.404935524,0,-2759249.899,3120896.605,264,264,1.182855682,541.4496441,1.661188901,0,-2759252.873,3120894.573,640.456498,11828.54567,1.182854567,1.182854567,0.8333341792,3.602033114,Retain,0.3502511831,0.1679315845,-0.1823195986,0.2587019397,0.1675421404,0,1.60466118,1.679015374,0,0.63,0.066,0.046,0.21,0.048
407,291,291,0.5322858438,642.9103011,1.3231769,0,-2759423.544,3120852.216,268,268,0.5322858438,642.9103011,1.3231769,0,-2759423.544,3120852.216,342.2120521,5322.858438,0.5322858438,0.5322858438,1,0,Retain,-0.6305746337,-0.6305746337,0,0,0,0,6.908754779,-6.0201030190000004,3,0.144,0.016,0.004,0.626,0.21
408,435,435,0.1774350299,1097.068934,1.303612953,74.98311497,-2760166.041,3119828.625,444,444,2.010935401,532.4008667,2.129770864,25.11374616,-2760209.646,3119764.786,194.6581689,1774.346836,0.1774346836,0.1774346836,0.9999980482,77.30993105,Retain,-1.729150766,0.6985999873,2.427750753,-0.7230005822,0.4908747944,-1.093821121,6.906802964,5.784775682,4,0,0,0.072,0.002,0.926
409,441,441,1.833492889,482.8721393,1.844449765,0,-2758509.419,3120010.456,412,412,1.478623576,566.9063033,1.944621876,75.3419253,-2758499.955,3120018.298,838.2409344,14786.22848,1.478622848,1.478622848,0.8064513675,12.29101224,Retain,0.6062228304,0.3911116386,-0.2151111918,0.1604421435,0.05288654765,11.22980531,1.423200657,2.778203168,0,0.752,0.086,0.016,0.132,0.014
410,459,459,0.9463236241,514.2500518,1.411202227,0,-2759431.32,3119816.973,426,426,1.242048685,432.2490504,1.35893419,23.55096483,-2759399.783,3119838.162,439.5451165,7097.42771,0.709742771,0.709742771,0.7500000559,37.9937402,Retain,-0.0551706711,0.2167621812,0.2719328523,-0.1737077015,-0.03774127537,10.06696453,1.09595301,4.237398013,4,0.026,0.012,0.008,0.234,0.72
411,509,509,24.30894508,250.9485803,3.490300885,0,-2759947.026,3119411.528,417,417,0.414015384,712.8094267,1.293828585,25.11385884,-2760455.17,3119785.346,295.1140685,4140.153655,0.4140153655,0.4140153655,0.01703139993,630.8333917,Retain,3.190844393,-0.8818521465,-4.072696539,1.043966042,-0.9923822277,10.13121494,-3.999479308,5.423986121,2,0,0,1,0,0
412,466,466,1.715215284,367.9294964,1.359311506,0,-2758631.63,3119840.664,445,445,0.5323094268,648.7613341,1.335248519,117.7542208,-2758639.688,3119799.11,345.3417739,5323.094268,0.5323094268,0.5323094268,0.3103455477,42.32794795,Retain,0.539538603,-0.6305303294,-1.170068932,0.5671735711,-0.01786089513,11.67636335,-0.7967362486,4.048066842,1,0.01,0.522,0.464,0.004,0
413,509,509,24.30894508,250.9485803,3.490300885,0,-2759947.026,3119411.528,488,488,29.86861279,249.7530635,3.850467112,0,-2759992.653,3119534.04,5035.913541,162651.1383,16.26511383,16.26511383,0.6690999454,130.7329372,Retain,3.190844393,3.396808189,0.2059637965,-0.004775375401,0.09820652287,0,0.7025929903,3.85010699,4,0.034,0.022,0.04,0.072,0.832
414,295,295,0.5322869148,548.5445577,1.128963428,1381.503835,-2772337.763,3119676.745,272,272,0.5322869148,548.5445577,1.128963428,1423.920122,-2772337.763,3119676.745,291.9830903,5322.869148,0.5322869148,0.5322869148,1,0,Retain,-0.6305726214,-0.6305726214,0,0,0,0.03024105472,6.908754779,-6.020104025,3,0.144,0.016,0.002,0.628,0.21
415,326,326,1.242015409,437.2961632,1.374783234,1548.37575,-2775620.564,3119149.789,299,299,1.18287158,459.1611554,1.408734034,1567.805863,-2775616.861,3119150.002,543.1286816,11828.71834,1.182871834,1.182871834,0.9523809647,3.709079526,Retain,0.2167353904,0.167945025,-0.04879036544,0.04879056497,0.02439538225,0.012470616,2.97599945,1.77505056,3,0.148,0.028,0.002,0.684,0.138
422,590,590,15.55558824,260.9683524,2.903528753,34.42911709,-2762561.263,3118876.67,530,530,0.4731739527,723.2400618,1.403420957,34.42916779,-2762027.651,3118931.047,342.2182679,4731.73598,0.473173598,0.473173598,0.03041823881,536.3748604,Retain,2.744419947,-0.7482921934,-3.49271214,1.019342058,-0.727014012,1.472398558e-6,-3.430507067,5.484990117,2,0,0,1,0,0
423,590,590,15.55558824,260.9683524,2.903528753,34.42911709,-2762561.263,3118876.67,555,555,14.13604889,256.3012304,2.718377571,34.42916779,-2762615.86,3118908.118,2797.33996,108238.4181,10.82384181,10.82384181,0.6958169402,63.0063974,Retain,2.744419947,2.648728194,-0.09569175287,-0.018045711,-0.06589158743,1.472398558e-6,0.8256109438,3.343407108,2,0.362,0.058,0.37,0.132,0.078
424,523,523,12.65730907,364.128141,3.654433002,760.3423899,-2771422.166,3118285.942,496,496,0.2957314599,828.0731568,1.270318252,0,-2770927.976,3118320.531,244.8872835,2957.31574,0.295731574,0.295731574,0.02336449023,495.3991259,Retain,2.53823484,-1.218303467,-3.756538307,0.8215956628,-1.056673491,-13.54152544,-3.692010157,5.508613294,2,0,0.002,0.998,0,0
425,523,523,12.65730907,364.128141,3.654433002,760.3423899,-2771422.166,3118285.942,504,504,4.909131823,411.2128714,2.570183405,23.55152438,-2771389.178,3118313.051,1971.595092,46134.04773,4.613404773,4.613404773,0.3644854328,42.69769098,Retain,2.53823484,1.591097108,-0.947137732,0.1216051744,-0.3519636916,-3.474537153,-0.5547808811,3.057415786,2,0.04,0.102,0.842,0.012,0.004
426,523,523,12.65730907,364.128141,3.654433002,760.3423899,-2771422.166,3118285.942,505,505,1.419511941,555.1292578,1.865772597,0,-2771096.781,3118283.458,788.0126101,14195.12192,1.419512192,1.419512192,0.1121496034,325.3944468,Retain,2.53823484,0.3503131089,-2.187921731,0.4216951422,-0.6722657234,-13.54152544,-2.061218072,5.088288725,2,0,0.004,0.996,0,0
427,523,523,12.65730907,364.128141,3.654433002,760.3423899,-2771422.166,3118285.942,510,510,2.129269022,507.218145,2.087877996,50.22688843,-2771919.549,3118206.994,1080.003684,19518.30891,1.951830891,1.951830891,0.1542058333,503.6092428,Retain,2.53823484,0.7557787387,-1.782456101,0.3314353359,-0.5597927148,-2.717199741,-1.696705458,5.525050164,2,0,0.008,0.99,0.002,0
428,563,563,0.6506148039,820.3885981,1.866709141,0,-2773923.63,3117848.239,536,536,0.4731742643,829.388144,1.609397968,47.10380574,-2773929.222,3117846.673,392.4451249,4731.746396,0.4731746396,0.4731746396,0.7272730912,5.807106317,Retain,-0.429837511,-0.7482915348,-0.3184540237,0.01091012496,-0.1483168869,10.76013031,0.9785451771,2.546538281,1,0.188,0.332,0.13,0.318,0.032
429,564,564,5.145730492,442.9796206,2.834668861,0,-2773914.396,3118062.25,537,537,4.613416999,420.5901764,2.548387983,47.10380574,-2773905.652,3118053.037,1940.357778,41402.46836,4.140246836,4.140246836,0.8045984614,12.70241675,Retain,1.63816734,1.528968797,-0.1091985432,-0.05186485902,-0.1064641306,10.76013031,1.411424201,2.295152266,0,0.524,0.03,0.16,0.22,0.066
430,582,582,5.559816323,373.243926,2.482664528,75.33980874,-2774482.396,3117747.781,554,554,5.441511451,355.3893842,2.338618025,75.33980874,-2774468.339,3117748.179,1980.9584,50866.3647,5.08663647,5.08663647,0.9148928985,14.06242153,Retain,1.715565072,1.694056862,-0.02150820974,-0.04901811781,-0.05977222268,0,2.364307546,2.358159616,3,0.328,0.028,0.034,0.436,0.174
431,820,820,26.20297786,205.6088638,2.969013867,0,-2771372.118,3117136.969,737,737,25.49317964,196.3063649,2.796027588,122.8135579,-2771333.551,3117152.414,4948.011233,229497.9165,22.94979165,22.94979165,0.8758466987,41.54477796,Retain,3.265873063,3.238410951,-0.02746211184,-0.04629911933,-0.06003017525,11.71843084,1.946792779,2.666224314,0,0.618,0.076,0.116,0.072,0.118
433,848,848,0.8872438299,700.7695162,1.862051822,110.9466898,-2775415.913,3116509.449,743,743,1.005540081,577.6778555,1.634106964,68.85992633,-2775434.23,3116570.521,335.9883295,4140.461837,0.4140461837,0.4140461837,0.4666656106,63.7600909,Retain,-0.1196354416,0.00552479093,0.1251602326,-0.1931626703,-0.130582554,-0.4769699172,-0.133268307,4.787325808,3,0.042,0.024,0.072,0.578,0.284
435,892,892,0.7689539985,763.5233571,1.888719982,0,-2775929.72,3116127.685,805,805,1.360458706,606.9827739,1.997165779,0,-2775961.663,3116097.831,342.2234825,4140.519963,0.4140519963,0.4140519963,0.5384613347,43.72207053,Retain,-0.2627241312,0.3078219264,0.5705460576,-0.2294433048,0.055829724,0,0.1538409592,4.481602901,4,0,0,0,0.092,0.908
436,899,899,0.5323544126,737.1938784,1.517320122,0,-2775881.058,3116039.805,800,800,0.2366018562,822.7604561,1.128957393,34.43013446,-2775840.382,3116070.967,147.5573415,1183.00803,0.118300803,0.118300803,0.2222218887,51.24068999,Retain,-0.6304458223,-1.441376482,-0.8109306599,0.1098141745,-0.2956511554,10.44671651,-1.249559874,4.824141312,1,0.01,0.676,0.216,0.098,0
438,941,941,20.40708186,264.3116001,3.368230043,0,-2776873.46,3115683.114,823,823,2.839246658,363.7941856,1.729228494,34.43028641,-2777501.494,3115718.026,982.6776436,26617.93926,2.661793926,2.661793926,0.130434814,629.0036029,Retain,3.01588199,1.043538756,-1.972343235,0.3194595729,-0.6667120444,10.44672092,-1.890631622,5.508562522,2,0,0.006,0.994,0,0
439,953,953,11.8302355,295.664891,2.868742185,25.11169027,-2778229.4,3115569.209,828,828,0.1774530207,1079.462553,1.282756864,125.5590433,-2777882.492,3115643.137,191.5538907,1774.530207,0.1774530207,0.1774530207,0.01499995674,354.6974953,Retain,2.470658585,-1.729049377,-4.199707962,1.294991872,-0.8048621087,1.60941077,-4.12107038,5.20830377,2,0,0.022,0.978,0,0
440,941,941,20.40708186,264.3116001,3.368230043,0,-2776873.46,3115683.114,846,846,14.01877676,273.223783,2.885815942,34.43028641,-2776657.298,3115777.813,3729.814491,124808.5771,12.48085771,12.48085771,0.6115944356,235.9950226,Retain,3.01588199,2.640397628,-0.3754843624,0.0331624668,-0.1545797144,10.44672092,0.4530817285,4.528238899,2,0.07,0.086,0.788,0.03,0.026
441,486,486,0.295729238,1008.486025,1.547077551,175.7952802,-2783033.946,3117459.475,468,468,0.295729238,1008.486025,1.547077551,175.7952802,-2783033.946,3117459.475,298.2388035,2957.29238,0.295729238,0.295729238,1,0,Retain,-1.21831098,-1.21831098,0,0,0,0,6.908754779,-5.726234846,3,0.216,0.016,0,0.598,0.17
442,488,488,0.2365834918,822.7950648,1.128961066,50.22720531,-2783420.671,3117413.575,470,470,0.2365834918,822.7950648,1.128961066,50.22720531,-2783420.671,3117413.575,194.6597295,2365.834918,0.2365834918,0.2365834918,1,0,Retain,-1.441454102,-1.441454102,0,0,0,0,6.908754779,-5.614663285,3,0.23,0.028,0,0.576,0.166
443,489,489,0.3548755044,690.0647398,1.159639276,50.22720531,-2783308.096,3117423.496,471,471,0.3548755044,690.0647398,1.159639276,50.22720531,-2783308.096,3117423.496,244.8870726,3548.755044,0.3548755044,0.3548755044,1,0,Retain,-1.035988243,-1.035988243,0,0,0,0,6.908754779,-5.817396215,3,0.2,0.018,0,0.604,0.178
444,490,490,0.5914576525,838.6452938,1.819429407,260.2817691,-2781384.929,3117600.006,472,472,0.5914576525,838.6452938,1.819429407,1199.216089,-2781384.929,3117600.006,496.0231767,5914.576525,0.5914576525,0.5914576525,1,0,Retain,-0.5251651915,-0.5251651915,0,0,0,1.527655584,6.908754779,-6.07280774,3,0.152,0.018,0.002,0.622,0.206
445,626,626,0.1774428093,1097.042661,1.303610311,246.3704233,-2782634.934,3116745.931,602,602,1.005507889,668.2737684,1.890350007,282.6247936,-2782633.474,3116785.466,97.33126546,591.4768843,0.05914768843,0.05914768843,0.3333338143,39.56145785,Retain,-1.729106923,0.005492775852,1.734599699,-0.4956754258,0.3716244238,0.1372834903,-0.6916483889,5.114799039,4,0.002,0.002,0.088,0.05,0.858
446,799,799,0.6506424778,603.1683898,1.372476282,23.55363839,-2783251.46,3115948.598,724,724,0.4731941125,617.0769187,1.197440758,50.22481095,-2783231.775,3115949.527,291.997074,4140.449505,0.4140449505,0.4140449505,0.6363632326,19.70681645,Retain,-0.4297949768,-0.7482495889,-0.3184546121,0.0227972706,-0.1364300354,0.7572062967,0.5584380168,3.768277762,1,0.104,0.502,0.074,0.312,0.008
447,810,810,2.129374302,440.8272122,1.814635772,23.55370575,-2783541.622,3115893.649,730,730,2.070226075,453.4220872,1.840376279,23.55390498,-2783538.407,3115893.031,938.6861372,20702.25346,2.070225346,2.070225346,0.9722223774,3.274343957,Retain,0.7558281816,0.7276578164,-0.02817036518,0.02817046195,0.01408527936,8.458056069e-6,3.521014512,1.380873741,3,0.126,0.034,0.004,0.724,0.112
448,886,886,14.7282588,277.9834961,3.009468376,0,-2784110.614,3115710.074,753,753,0.2365984902,822.766755,1.128958006,25.11237504,-2783676.183,3115735.977,194.665372,2365.984902,0.2365984902,0.2365984902,0.01606425399,435.2030018,Retain,2.689768016,-1.441390709,-4.131158724,1.085111007,-0.9804683555,10.13115585,-4.055590541,5.303295826,2,0,0.026,0.974,0,0
449,953,953,11.8302355,295.664891,2.868742185,25.11169027,-2778229.4,3115569.209,857,857,6.565783395,363.9094052,2.630459525,75.33507635,-2778302.909,3115537.773,2483.570538,60925.76273,6.092576273,6.092576273,0.515000422,79.9485625,Retain,2.470658585,1.88187183,-0.5887867549,0.207678262,-0.0867151155,1.098585815,0.05989982777,3.718431618,2,0.06,0.424,0.496,0.012,0.008
450,824,824,3.903857308,337.7850284,1.882705676,23.55397387,-2782990.404,3115931.711,742,742,3.430663943,412.7472314,2.156593668,23.55397387,-2782999.522,3115929.328,1415.996954,34306.6296,3.43066296,3.43066296,0.878788001,9.423861264,Retain,1.361965118,1.232753812,-0.1292113058,0.2004256927,0.1358200398,0,1.973923737,2.134733397,0,0.664,0.072,0.058,0.152,0.054
451,840,840,1.892766886,681.6782276,2.64559314,23.55390498,-2783413.239,3115791.663,741,741,0.6506449492,921.5152562,2.096860936,23.55397387,-2783241.516,3115809.753,599.5787021,6506.356873,0.6506356873,0.6506356873,0.3437484521,172.6732288,Retain,0.6380397195,-0.4297911784,-1.067830898,0.3014615934,-0.2324538556,2.92455166e-6,-0.6452517921,5.404751832,2,0.01,0.252,0.712,0.026,0
452,840,840,1.892766886,681.6782276,2.64559314,23.55390498,-2783413.239,3115791.663,748,748,1.064692243,510.1204012,1.484840503,23.55390498,-2783531.742,3115781.548,543.1208916,10055.40503,1.005540503,1.005540503,0.5312542766,118.9342899,Retain,0.6380397195,0.06268578409,-0.5753539355,-0.2899109608,-0.5775879285,0,0.1249298045,5.031924646,2,0.022,0.344,0.424,0.14,0.07
453,982,982,1.005589682,736.7798518,2.084218341,0,-2783562.775,3114575.479,883,883,0.1774570301,1114.525231,1.32443783,34.4305132,-2783663.43,3114590.254,147.5574712,1183.046102,0.1183046102,0.1183046102,0.1176470009,101.7331231,Retain,0.005574117878,-1.729026783,-1.734600901,0.4138946522,-0.4534057984,10.44672751,-2.007572188,5.191940658,1,0,0.604,0.392,0.004,0
454,982,982,1.005589682,736.7798518,2.084218341,0,-2783562.775,3114575.479,889,889,0.6506763432,607.9219147,1.383328664,50.22285742,-2783503.325,3114567.82,395.5605168,5323.70521,0.532370521,0.532370521,0.5294112802,59.94180517,Retain,0.005574117878,-0.4297429291,-0.435317047,-0.1922426951,-0.4099012186,10.82424544,0.1175454566,4.662968744,1,0.012,0.526,0.246,0.198,0.018
455,294,294,0.5322864191,937.7689049,1.930027908,70.64772079,-2786372.838,3118441.745,270,270,0.2365718495,1048.372927,1.438442142,172.3282171,-2786310.295,3118447.262,248.0154491,2365.713802,0.2365713802,0.2365713802,0.444443765,62.78654122,Retain,-0.6305735527,-1.441503314,-0.8109297611,0.1114910997,-0.2939737808,0.8916866974,-0.2226972067,5.027408385,1,0.028,0.714,0.162,0.096,0
456,302,302,0.1182867184,1247.453076,1.210283961,75.34359962,-2786552.191,3118331.359,279,279,0.1182867184,1247.453076,1.210283961,103.285198,-2786552.191,3118331.359,147.5571307,1182.867184,0.1182867184,0.1182867184,1,0,Retain,-2.134643785,-2.134643785,0,0,0,0.3154315045,6.908754779,-5.268068444,3,0.222,0.058,0,0.564,0.156
457,324,324,0.2365736159,822.8136676,1.128963027,23.54960833,-2786442.809,3118234.625,296,296,0.2365738285,822.8133124,1.128963046,47.09921666,-2786417.791,3118236.832,144.4270827,1182.867114,0.1182867114,0.1182867114,0.4999995917,25.11448506,Retain,-1.441495847,-1.441494949,8.983325359e-7,-4.317218403e-7,1.744442775e-8,0.6931259494,-1.629967857e-6,4.516597457,3,0.012,0.024,0,0.958,0.006
458,340,340,0.5322935846,737.2665926,1.517383088,637.2195402,-2785304.261,3118205.022,314,314,0.5914373044,663.5397633,1.439515609,637.2195402,-2785303.356,3118207.466,392.4422774,5322.938348,0.5322938348,0.5322938348,1.00000047,2.606106216,Retain,-0.6305600911,-0.5251995954,0.1053604957,-0.1053607719,-0.05268052405,0,6.90922535,1.845885865,4,0.068,0.004,0.028,0.358,0.542
459,429,429,2.188357344,351.5197565,1.466911547,23.55073044,-2786633.388,3117610.479,403,403,2.188357344,351.5197565,1.466911547,23.55073044,-2786633.388,3117610.479,769.2508408,21883.57344,2.188357344,2.188357344,1,0,Retain,0.7831511912,0.7831511912,0,0,0,0,6.908754779,-6.726965932,3,0.102,0.02,0.002,0.75,0.126
460,434,434,0.1774349712,1079.448662,1.282675119,47.10160935,-2785693.795,3117603.269,404,404,0.1182898767,1220.987797,1.184623057,188.4070839,-2785694.83,3117614.999,144.430496,1182.898767,0.1182898767,0.1182898767,0.6666660801,11.77536143,Retain,-1.729151097,-2.134617085,-0.405465988,0.1232097883,-0.07952320568,1.38628187,0.6916479146,3.903034745,3,0.236,0.35,0.02,0.39,0.004
461,457,457,0.946322525,510.9472823,1.40213797,23.55073044,-2786495.682,3117458.651,425,425,0.8871773267,491.9186587,1.307054152,23.55073044,-2786498.267,3117462.955,436.4190806,8871.772127,0.8871772127,0.8871772127,0.9374998367,5.020382764,Retain,-0.05517183251,-0.1197103992,-0.06453856672,-0.03795304419,-0.07022232755,0,2.693240205,2.213656206,3,0.218,0.024,0.006,0.608,0.144
463,477,477,3.312154016,367.79142,1.888217087,47.10160935,-2785667.256,3117373.83,459,459,2.424969719,363.8055474,1.598150022,188.4070839,-2785624.763,3117350.445,882.2172371,21292.44745,2.129244745,2.129244745,0.6428580117,48.50260769,Retain,1.197598738,0.8858190375,-0.3117797002,-0.01089646952,-0.1667863196,1.38628187,0.5865486999,3.855203755,1,0.2,0.336,0.318,0.128,0.018
464,597,597,0.3548833859,690.05203529999994,1.159630804,23.55242386,-2786381.351,3116537.793,575,575,0.2957361605,828.0627934,1.27031245,25.11311616,-2786386.561,3116539.698,244.8881112,2957.361605,0.2957361605,0.2957361605,0.8333333489,5.547416239,Retain,-1.035966034,-1.218287572,-0.1823215381,0.1823219808,0.09116121174,0.06415888825,1.604655233,2.803860484,0,0.55,0.07,0.012,0.316,0.052
465,602,602,0.4731784796,716.6376874,1.390615942,251.1312408,-2785906.564,3116585.587,576,576,0.4731778308,617.0882539,1.197442153,376.6968948,-2785928.712,3116586.589,241.766293,2957.363078,0.2957363078,0.2957363078,0.6249994887,22.17035456,Retain,-0.7482826264,-0.7482839974,-1.371004714e-6,-0.1495583447,-0.1495590302,0.4054638702,0.509759051,4.045307377,3,0.022,0.054,0.012,0.868,0.044
466,693,693,14.90523362,349.6894402,3.808438787,23.55242386,-2786663.564,3116314.357,566,566,0.1182947504,1247.370209,1.210244651,23.55234182,-2786469.941,3116541.799,97.33110642,591.4743536,0.05914743536,0.05914743536,0.003968232693,298.69625,Retain,2.701712401,-2.134575884,-4.836288285,1.271747334,-1.146396808,-3.483057602e-6,-5.30171845,4.920939261,2,0,0.008,0.992,0,0
467,693,693,14.90523362,349.6894402,3.808438787,23.55242386,-2786663.564,3116314.357,593,593,1.478684642,526.5821964,1.80633801,23.55234182,-2786579.457,3116485.794,778.6490066,14786.84547,1.478684547,1.478684547,0.09920572762,190.9574656,Retain,2.701712401,0.3911529372,-2.310559464,0.4093619911,-0.7459177408,-3.483057602e-6,-2.197161066,4.473564689,2,0,0.01,0.99,0,0
468,693,693,14.90523362,349.6894402,3.808438787,23.55242386,-2786663.564,3116314.357,599,599,0.3548858124,681.2545798,1.144850615,23.55243704,-2786480.468,3116375.362,241.767585,3548.859485,0.3548859485,0.3548859485,0.02380948582,192.991975,Retain,2.701712401,-1.035959197,-3.737671598,0.6668906217,-1.201945177,5.596867011e-7,-3.67345556,4.484162531,2,0,0.036,0.964,0,0
469,693,693,14.90523362,349.6894402,3.808438787,23.55242386,-2786663.564,3116314.357,644,644,3.548866059,336.2306606,1.786805111,70.65947771,-2786850.392,3116282.035,1193.237579,35488.66783,3.548866783,3.548866783,0.2380953478,189.6026185,Retain,2.701712401,1.266628132,-1.435084269,-0.03924803264,-0.7567901669,1.098615206,-1.160270642,4.466444417,2,0.008,0.056,0.924,0.004,0.008
470,215,215,0.5914022231,573.3345049,1.243783021,97.48043484,-2787204.943,3119585.773,184,184,0.3548413881,681.2782501,1.144818732,447.4054319,-2787216.417,3119572.941,241.7457199,3548.415286,0.3548415286,0.3548415286,0.6000003293,17.21382916,Retain,-0.5252589126,-1.036084384,-0.510825471,0.1725014887,-0.0829112468,1.523805477,0.4046348762,3.680765572,1,0.116,0.776,0.014,0.092,0.002
471,241,241,0.532272275,637.0343098,1.311066782,117.7391995,-2787117.805,3119106.233,214,214,0.1182830752,1220.992962,1.184594009,156.9760925,-2787134.389,3119071.937,144.4228023,1182.829683,0.1182829683,0.1182829683,0.222222674,38.09505043,Retain,-0.6306001255,-2.134674585,-1.50407446,0.650596194,-0.1014410358,0.2876193888,-1.249555348,4.527775619,1,0.002,0.916,0.08,0.002,0
472,258,258,1.715104688,336.8259056,1.24435951,25.11514182,-2787311.396,3118979.285,221,221,0.1182834902,1247.485215,1.210298626,156.9760925,-2787285.621,3118928.574,147.5567967,1182.833508,0.1182833508,0.1182833508,0.06896567402,56.88548973,Retain,0.5394741212,-2.134671077,-2.674145198,1.309318779,-0.02775381963,1.832589147,-2.589364894,4.343685756,2,0,0.47,0.526,0.004,0
473,273,273,0.7688511054,571.6820884,1.414069564,47.09740311,-2787215.743,3118609.235,248,248,0.2365696344,822.8211872,1.128963844,75.34437309,-2787255.605,3118588.442,194.6545075,2365.696344,0.2365696344,0.2365696344,0.3076923903,44.95976545,Retain,-0.2628579493,-1.441512677,-1.178654728,0.3641558603,-0.2251715036,0.4698434213,-0.8091285013,4.509584148,1,0,0.752,0.248,0,0
474,275,275,2.129122976,502.8356532,2.069767221,23.5488173,-2788131.992,3118575.447,251,251,2.129122976,502.8356532,2.069767221,23.5488173,-2788131.992,3118575.447,1070.598942,21291.22976,2.129122976,2.129122976,1,0,Retain,0.7557101464,0.7557101464,0,0,0,0,6.908754779,-6.713245409,3,0.102,0.02,0.002,0.748,0.128
475,288,288,1.478566043,492.6329728,1.689814018,75.34437309,-2787433.072,3118490.984,263,263,1.419423362,477.7721309,1.605727539,75.34437309,-2787435.036,3118490.851,678.1609245,14194.23456,1.419423456,1.419423456,0.9600000365,1.967713587,Retain,0.3910727285,0.3502507063,-0.04082202217,-0.03063051451,-0.0510415256,0,3.154403269,1.054208907,3,0.154,0.014,0.002,0.696,0.134
476,694,694,0.8872229147,672.2863281,1.786346578,25.11269722,-2785297.981,3116164.41,655,655,0.8872237566,615.6757294,1.635926105,423.9631306,-2785279.498,3116164.464,546.242151,7689.257542,0.7689257542,0.7689257542,0.8666657967,18.48286138,Retain,-0.1196590152,-0.1196580663,9.489506008e-7,-0.08796392172,-0.08796344725,2.826235451,1.865475864,3.549092444,3,0.122,0.008,0.012,0.744,0.114
477,735,735,1.24211777,705.2369537,2.217233931,0,-2784397.936,3116208.869,656,656,0.4731863211,829.3696197,1.609382526,47.10634301,-2784390.025,3116255.307,392.4463592,4731.865823,0.4731865823,0.4731865823,0.3809514636,47.10746594,Retain,0.2168178016,-0.7482660545,-0.9650838561,0.1621320671,-0.3204098609,10.76018417,-0.4845042176,4.316408771,1,0.018,0.572,0.39,0.018,0.002
479,309,309,0.6505747757,603.2228735,1.372528842,70.64856864,-2787625.106,3118217.342,287,287,0.177429681,1079.444139,1.282650623,70.64856425,-2787663.392,3118209.664,191.5254293,1774.29681,0.177429681,0.177429681,0.2727275752,39.04882965,Retain,-0.4298990366,-1.729180912,-1.299281875,0.5819147654,-0.06772617224,-6.220521247e-8,-0.9785418276,4.452152975,1,0.002,0.684,0.314,0,0
480,323,323,3.903435557,357.9316523,1.994888745,23.5488173,-2788034.125,3118298.368,295,295,4.613148522,355.9493546,2.156661553,23.5488173,-2788024.401,3118319.038,1397.163138,37851.49806,3.785149806,3.785149806,0.9696970146,22.84225939,Retain,1.361857077,1.5289106,0.167053523,-0.005553594492,0.07797316703,0,3.434300912,3.020092484,4,0.094,0,0,0.044,0.862
481,335,335,0.5914364411,573.3228088,1.243793629,23.5496142,-2788068.152,3117996.629,307,307,0.5914364411,573.3228088,1.243793629,23.5496142,-2788068.152,3117996.629,339.0840016,5914.364411,0.5914364411,0.5914364411,1,0,Retain,-0.5252010551,-0.5252010551,0,0,0,0,6.908754779,-6.072789809,3,0.144,0.016,0.002,0.638,0.2
482,359,359,1.005444308,665.160289,1.8814834010000001,70.64856864,-2787668.071,3117977.011,329,329,1.005444772,665.1599996,1.881483017,70.64856425,-2787666.234,3117973.002,668.7815359,9463.00794,0.946300794,0.946300794,0.9411767377,4.41052808,Retain,0.005429541675,0.005430003063,4.613884787e-7,-4.351079295e-7,-2.044136902e-7,-6.220521247e-8,2.756798289,2.053871305,3,0.12,0.012,0,0.714,0.154
483,363,363,3.430315169,477.7789973,2.496256074,125.5727588,-2786966.723,3118206.334,333,333,2.957172142,436.3826918,2.116902657,150.6870941,-2786977.016,3118179.926,1290.458739,29571.72006,2.957172006,2.957172006,0.8620700606,28.34284365,Retain,1.232652143,1.084233454,-0.1484186888,-0.09062868499,-0.1648380294,0.1823187927,1.826526097,3.300448723,3,0.296,0.116,0.168,0.34,0.08
484,399,399,4.435788222,419.0448735,2.489665503,125.5727588,-2787221.441,3117989.872,378,378,4.258358693,425.4444354,2.476618062,150.6870941,-2787221.006,3117982.083,1811.69501,41400.70947,4.140070947,4.140070947,0.9333337706,7.801435894,Retain,1.489705328,1.448883803,-0.04082152477,0.01515634189,-0.005254420494,0.1823187927,2.625246502,1.881948258,3,0.248,0.034,0.01,0.598,0.11
485,409,409,1.06460695,457.1124931,1.330493654,23.550649,-2787497.138,3117547.927,387,387,0.4731582562,809.5852493,1.570944586,34.42868216,-2787463.644,3117588.973,285.7330914,2957.245096,0.2957245096,0.2957245096,0.2777781129,52.97788192,Retain,0.06260567025,-0.7483253666,-0.8109310369,0.5715925624,0.1661270439,0.3797232069,-0.9532999017,4.510955488,1,0.022,0.82,0.118,0.034,0.006
486,456,456,3.962701347,450.0437806,2.527234279,23.55069236,-2787645.194,3117534.486,361,361,0.4731556123,710.0403173,1.377780632,34.42868216,-2787557.134,3117684.156,335.9594703,4140.114732,0.4140114732,0.4140114732,0.1044770819,173.6538014,Retain,1.376925951,-0.7483309546,-2.125256906,0.4559768851,-0.6066515678,0.3797213658,-2.140030161,5.040971396,2,0,0.05,0.95,0,0
487,455,455,16.73791928,214.0290179,2.470122327,23.55090917,-2788052.881,3117582.826,430,430,16.85620756,221.0953034,2.560675347,23.55091796,-2788056.081,3117584.295,3773.930357,153775.9446,15.37759446,15.37759446,0.9187279613,3.521704226,Retain,2.817676761,2.82471899,0.007042229123,0.03248224235,0.03600335691,3.733370262e-7,2.41404663,0.4227555032,0,0.416,0.188,0.036,0.172,0.188
488,456,456,3.962701347,450.0437806,2.527234279,23.55069236,-2787645.194,3117534.486,431,431,2.543232126,507.4211704,2.282741063,50.22759469,-2787673.873,3117471.451,1290.489822,25432.32172,2.543232172,2.543232172,0.6417925422,69.25295531,Retain,1.376925951,0.9334357625,-0.4434901886,0.1199965013,-0.101748593,0.7573867997,0.5819219334,4.121682227,1,0.264,0.364,0.31,0.058,0.004
489,290,290,1.774280402,408.7624446,1.535950372,128.0124571,-2789574.297,3118283.664,267,267,1.774280402,408.7624446,1.535950372,128.0124571,-2789574.297,3118283.664,725.2591943,17742.80402,1.774280402,1.774280402,1,0,Retain,0.5733949332,0.5733949332,0,0,0,0,6.908754779,-6.622087803,3,0.104,0.018,0,0.742,0.136
490,318,318,1.301150874,562.2129001,1.809088043,173.3691265,-2790056.895,3117996.175,293,293,1.301150874,562.2129001,1.809088043,172.1423567,-2790056.895,3117996.175,731.5238062,13011.50874,1.301150874,1.301150874,1,0,Retain,0.2632491605,0.2632491605,0,0,0,-0.007101169888,6.908754779,-6.467014916,3,0.108,0.016,0,0.724,0.152
491,471,471,2.070086611,514.1676602,2.086863693,23.550649,-2787542.972,3117302.318,416,416,0.1774351064,1079.448896,1.282675886,47.10168355,-2787542.963,3117416.478,191.5321297,1774.35022,0.177435022,0.177435022,0.08571381561,114.1601413,Retain,0.7275904473,-1.729150335,-2.456740782,0.7416565088,-0.4867138821,0.6931341359,-2.356623566,4.94618069,2,0,0.274,0.726,0,0
492,471,471,2.070086611,514.1676602,2.086863693,23.550649,-2787542.972,3117302.318,439,439,0.2365813008,822.7991881,1.128961496,25.11376073,-2787469.034,3117292.97,194.6589022,2365.813008,0.2365813008,0.2365813008,0.1142857016,74.52679838,Retain,0.7275904473,-1.441463364,-2.169053811,0.4701627716,-0.6143641339,0.06425991095,-2.040109422,4.519741908,2,0.002,0.298,0.7,0,0
493,471,471,2.070086611,514.1676602,2.086863693,23.550649,-2787542.972,3117302.318,449,449,0.7688916991,563.5312226,1.393944997,25.11376073,-2787545.789,3117250.732,433.2944792,7688.919509,0.7688919509,0.7688919509,0.371429846,51.66310397,Retain,0.7275904473,-0.2628051529,-0.9903956002,0.09167334081,-0.4035244593,0.06425991095,-0.5249886043,4.153332946,1,0.02,0.55,0.42,0.01,0
494,474,474,2.070094919,283.611686,1.151103354,23.55090917,-2787949.609,3117167.803,453,453,2.010950087,291.9530991,1.167908457,23.55091796,-2787951.695,3117166.229,587.1031102,20109.50087,2.010950087,2.010950087,0.9714289278,2.613311718,Retain,0.7275944608,0.6986072907,-0.02898717005,0.02898717005,0.01449358503,3.733370262e-7,3.493000397,1.16956857,3,0.126,0.034,0.004,0.724,0.112
495,319,319,1.242007546,424.6975351,1.335171106,47.09924599,-2788161.939,3118185.922,294,294,1.242007546,424.6975351,1.335171106,47.09924599,-2788161.939,3118185.922,527.4775431,12420.07546,1.242007546,1.242007546,1,0,Retain,0.2167290588,0.2167290588,0,0,0,0,6.908754779,-6.443754865,3,0.108,0.016,0,0.722,0.154
496,330,330,0.2957176018,987.3757647,1.514663357,34.42852442,-2789557.274,3117900.607,303,303,0.2957176018,987.3757647,1.514663357,34.42852442,-2789557.274,3117900.607,291.9843932,2957.176018,0.2957176018,0.2957176018,1,0,Retain,-1.218350328,-1.218350328,0,0,0,0,6.908754779,-5.726215172,3,0.216,0.016,0,0.598,0.17
498,334,334,1.123728039,564.3694569,1.687676406,0,-2788578.802,3117982.033,306,306,1.47859078,428.9201418,1.471280591,0,-2788564.775,3117967.445,483.5111346,9462.976785,0.9462976785,0.9462976785,0.8421056034,20.23819597,Retain,0.1166517642,0.3910894587,0.2744376945,-0.2744383505,-0.1372195033,0,1.668852412,3.52166018,4,0.064,0.004,0.008,0.156,0.768
499,339,339,3.66689898,359.6017745,1.942523883,23.54990138,-2789338.677,3117932.115,319,319,4.080905267,322.3536143,1.836986094,53.37686644,-2789341.557,3117923.084,1318.62338,36668.992080000004,3.666899208,3.666899208,1.000000062,9.478242369,Retain,1.29934634,1.406318843,0.1069725027,-0.1093481131,-0.05586186174,0.8182320792,6.908817042,2.171796167,4,0.15,0.002,0.002,0.092,0.754
502,367,367,1.30117061,487.4066298,1.568388405,25.1141915,-2789503.399,3117685.07,336,336,3.016342317,290.4032235,1.422776929,34.42852442,-2789562.584,3117726.767,489.7710851,11237.3858,1.12373858,1.12373858,0.8636366139,72.39871144,Retain,0.2632643288,1.104044944,0.8407806153,-0.5178283603,-0.09743805265,0.3154415623,1.839679451,4.722935092,4,0.028,0,0.002,0.028,0.942
503,388,388,11.94711498,293.2780457,2.859605629,0,-2788881.15,3117713.015,320,320,0.5914378111,663.5392843,1.439515186,0,-2788649.219,3117867.315,392.4422218,5914.378111,0.5914378111,0.5914378111,0.04950465548,278.5684844,Retain,2.480489825,-0.5251987388,-3.005688564,0.8164669393,-0.6863773426,0,-2.935969274,4.961787554,2,0,0.006,0.994,0,0
504,389,389,1.833477622,529.1362219,2.021158475,23.55032225,-2788482.073,3117607.371,349,349,0.7097317458,614.9013997,1.461327864,25.11410353,-2788472.385,3117663.454,241.7578232,3548.659621,0.3548659621,0.3548659621,0.1935480193,56.91388232,Retain,0.6062145034,-0.3428682031,-0.9490827065,0.1502160222,-0.324325331,0.0642874338,-1.423204568,4.31081455,2,0.01,0.478,0.492,0.02,0
505,454,454,11.00094667,362.4563897,3.391297252,23.55039944,-2789136.356,3117381.63,340,340,0.1182883908,1220.989292,1.184617067,75.34261251,-2789351.254,3117623.283,144.4288586,1182.883787,0.1182883787,0.1182883787,0.01075256359,323.3843247,Retain,2.39798133,-2.134629646,-4.532610976,1.214512542,-1.051792946,1.162873908,-4.433883453,5.152218846,2,0,0.022,0.978,0,0
506,388,388,11.94711498,293.2780457,2.859605629,0,-2788881.15,3117713.015,356,356,7.984458664,286.6548882,2.284952406,53.37686644,-2788975.535,3117704.007,2386.112531,75113.03951,7.511303951,7.511303951,0.6287127867,94.81385527,Retain,2.480489825,2.077496985,-0.4029928396,-0.02284210841,-0.2243385282,10.88515145,0.525598186,3.884046129,2,0.09,0.11,0.756,0.018,0.026
507,389,389,1.833477622,529.1362219,2.021158475,23.55032225,-2788482.073,3117607.371,360,360,0.2957228009,817.5165274,1.254105334,23.55044628,-2788403.819,3117572.182,241.7582773,2957.227699,0.2957227699,0.2957227699,0.161290635,85.8018581,Retain,0.6062145034,-1.218332747,-1.82454725,0.4350252126,-0.4772484125,5.266038974e-6,-1.643667067,4.721310008,2,0,0.458,0.54,0.002,0
508,454,454,11.00094667,362.4563897,3.391297252,23.55039944,-2789136.356,3117381.63,376,376,0.5914469067,652.9552271,1.416564498,50.22804016,-2789307.99,3117447.425,291.9869332,2957.23386,0.295723386,0.295723386,0.02688163071,183.8135309,Retain,2.39798133,-0.5251833601,-2.92316469,0.5886043993,-0.8729779459,0.7574081059,-3.553564751,4.587301543,2,0,0.008,0.992,0,0
509,454,454,11.00094667,362.4563897,3.391297252,23.55039944,-2789136.356,3117381.63,393,393,0.29572413870000003,817.5165562,1.254108214,34.42871741,-2789417.903,3117350.242,241.7593794,2365.790737,0.2365790737,0.2365790737,0.02150533774,283.2913925,Retain,2.39798133,-1.218328223,-3.616309553,0.813366992,-0.9947877847,0.37973482670000003,-3.773284274,5.019853831,2,0,0.004,0.996,0,0
510,402,402,0.7097370756,552.9413182,1.314083184,23.55034666,-2788357.834,3117484.432,381,381,0.4140129116,705.2599836,1.280121682,23.55044628,-2788333.887,3117481.761,291.9867392,4140.129116,0.4140129116,0.4140129116,0.5833327944,24.09523243,Retain,-0.3428606936,-0.8818581183,-0.5389974247,0.2433146254,-0.02618408689,4.22965298e-6,0.3357857173,3.925850787,1,0.066,0.816,0.036,0.082,0
511,408,408,1.301183788,485.0006604,1.560654323,25.11392636,-2789543.44,3117411.801,375,375,0.9463150512,514.2524352,1.411202375,34.42871741,-2789526.468,3117430.494,486.6448195,9463.150512,0.9463150512,0.9463150512,0.7272723958,25.24804495,Retain,0.2632744566,-0.0551797303,-0.3184541869,0.05856401142,-0.100663082,0.3154577246,0.9785416816,3.669516046,1,0.132,0.434,0.118,0.308,0.008
512,428,428,0.7688843415,636.9903407,1.575645172,23.55066309,-2788601.812,3117372.112,402,402,0.2365798054,822.8020123,1.128961803,245.6261606,-2788634.293,3117355.604,194.6583399,2365.798054,0.2365798054,0.2365798054,0.3076923181,36.43527032,Retain,-0.262814722,-1.441469684,-1.178654962,0.2559611117,-0.3333663695,2.344618341,-0.8091288395,4.29933702,1,0,0.64,0.348,0.012,0
513,532,532,1.833538649,506.8468497,1.93605127,0,-2789245.08,3116688.101,508,508,1.65609817,441.7245941,1.603576514,50.22683453,-2789244.327,3116698,831.9929462,15378.05894,1.537805894,1.537805894,0.8387092873,9.928256972,Retain,0.6062477877,0.5044643353,-0.1017834524,-0.1375222888,-0.188414015,10.82432462,1.643666496,2.564726698,3,0.272,0.054,0.116,0.496,0.062
514,693,693,14.90523362,349.6894402,3.808438787,23.55242386,-2786663.564,3116314.357,654,654,0.2365933982,822.7763726,1.128959054,55.47380611,-2786702.679,3116036.558,194.663458,2365.935155,0.2365935155,0.2365935155,0.01587318398,280.5398896,Retain,2.701712401,-1.441412231,-4.143124632,0.8556389947,-1.215923321,0.8566577769,-4.067044765,4.858228231,2,0,0.016,0.984,0,0
515,735,735,1.24211777,705.2369537,2.217233931,0,-2784397.936,3116208.869,676,676,0.2957429882,976.7838994,1.498479441,47.10634301,-2784451.123,3116147.658,288.8769892,2957.429882,0.2957429882,0.2957429882,0.2380957711,81.09009111,Retain,0.2168178016,-1.218264485,-1.435082286,0.3257315889,-0.3918095544,10.76018417,-1.160268316,4.859529147,1,0,0.592,0.404,0.004,0
516,886,886,14.7282588,277.9834961,3.009468376,0,-2784110.614,3115710.074,705,705,0.4731923776,617.0783927,1.197441423,110.9472466,-2784389.209,3115924.353,291.9967918,4731.922603,0.4731922603,0.4731922603,0.0321281875,351.4690072,Retain,2.689768016,-0.7482532552,-3.438021271,0.797434325,-0.9215763104,11.61681912,-3.375747808,5.089605315,2,0,0.004,0.996,0,0
517,533,533,1.064635882,454.1720833,1.321953118,50.22683453,-2789057.842,3116679.848,519,519,1.419514772,409.1951422,1.375293833,50.22683453,-2789045.427,3116670.108,483.5278965,10646.35668,1.064635668,1.064635668,0.9999997991,15.78005866,Retain,0.06263284592,0.3503151035,0.2876822576,-0.1042840019,0.03955712691,0,6.908553691,3.299858922,4,0.016,0,0.002,0.118,0.864
518,609,609,32.23470572,156.5254769,2.506928563,23.5508038,-2789847.025,3116694.717,584,584,27.02984742,208.2710043,3.054539012,23.55077817,-2789823.715,3116685.797,6015.732827,264975.2851,26.49752851,26.49752851,0.8220186262,24.95924455,Retain,3.47304369,3.296941715,-0.1761019742,0.2856213485,0.1975703614,-1.088513573e-6,1.525697089,2.053127439,0,0.528,0.166,0.198,0.048,0.06
519,782,782,0.2957458185,828.0410814,1.270299884,0,-2786289.099,3115720.738,703,703,0.1182981423,1247.333998,1.210226867,141.3229634,-2786272.417,3115731.668,147.5572948,1182.981534,0.1182981534,0.1182981534,0.3999994115,19.9443434,Retain,-1.218254915,-2.134547211,-0.9162922963,0.4097009824,-0.04844516579,11.85881015,-0.4046359539,4.174488103,1,0.12,0.728,0.07,0.082,0
520,886,886,14.7282588,277.9834961,3.009468376,0,-2784110.614,3115710.074,747,747,0.1182990377,1220.978989,1.184660381,53.38338999,-2783790.82,3115749.518,144.4406395,1182.990584,0.1182990584,0.1182990584,0.008032114316,322.2177317,Retain,2.689768016,-2.134539643,-4.824307658,1.479846521,-0.9323073083,10.88527366,-4.699911839,5.002711541,2,0,0.006,0.994,0,0
521,991,991,118.5977541,197.2838527,6.060728661,0,-2785576.884,3114908.545,776,776,3.253228977,419.8218128,2.13607936,34.43006585,-2786120.69,3115510.749,1365.776487,32532.28966,3.253228966,3.253228966,0.02743078055,811.4027833,Retain,4.77573755,1.179648035,-3.596089515,0.7551867974,-1.04285796,10.44671451,-3.533496546,4.883261982,2,0,0,1,0,0
522,784,784,3.608079295,359.4237547,1.925927265,34.42984946,-2783921.887,3116092.446,706,706,0.2957458957,828.0406112,1.270299328,68.85969893,-2783839.245,3115955.691,244.8896122,2957.457706,0.2957457706,0.2957457706,0.08196764715,159.7857571,Retain,1.28317558,-1.218254654,-2.501430234,0.8345601329,-0.416154984,0.6931326586,-2.404870588,5.004617311,2,0,0.122,0.878,0,0
523,790,790,2.365953774,382.2502702,1.658616558,34.42970148,-2786795.892,3115807.253,718,718,2.070210818,414.1029256,1.680779156,55.47380611,-2786799.629,3115808.781,857.2802654,20702.09642,2.070209642,2.070209642,0.8750000378,4.036724654,Retain,0.8611812278,0.7276504464,-0.1335307815,0.08003900367,0.01327361294,0.4769803226,1.939084527,1.537455658,0,0.488,0.042,0.002,0.424,0.044
524,809,809,0.1774482034,1079.457825,1.282733835,25.11235647,-2783750.096,3115859.511,729,729,0.1182987344,1220.978603,1.184658488,25.11238382,-2783749.062,3115847.779,144.4402235,1182.987344,0.1182987344,0.1182987344,0.6666662842,11.77690553,Retain,-1.729076524,-2.134542206,-0.4054656818,0.1231937692,-0.07953907167,1.089093348e-6,0.691648831,3.903128569,3,0.254,0.316,0.02,0.408,0.002
525,823,823,1.123834243,703.9546989,2.105188121,75.33708482,-2785051.044,3115686.324,734,734,1.005534897,739.9249674,2.093058292,75.33710581,-2785038.791,3115691.651,744.0203756,10055.34886,1.005534886,1.005534886,0.8947359379,13.36006404,Retain,0.1167462702,0.005519635477,-0.1112266348,0.04983477964,-0.005778537733,2.786777118e-7,2.131718509,3.106336617,3,0.184,0.022,0.01,0.666,0.118
526,847,847,0.4731988545,710.0400583,1.377843086,47.10842207,-2786779.385,3115441.617,765,765,0.4140486972,697.700325,1.26645483,47.10842207,-2786777.343,3115433.775,288.8819106,4140.486972,0.4140486972,0.4140486972,0.874999365,8.10402714,Retain,-0.7482395677,-0.8817716861,-0.1335321184,-0.01753171181,-0.08429777099,0,1.939078419,3.03896923,3,0.212,0.028,0.012,0.63,0.118
528,991,991,118.5977541,197.2838527,6.060728661,0,-2785576.884,3114908.545,788,788,1.774501439,437.0519335,1.642352182,25.11206144,-2786220.275,3115331.142,583.9981438,12421.50635,1.242150635,1.242150635,0.01047364383,769.766194,Retain,4.77573755,0.573519504,-4.202218046,0.7954084605,-1.305700562,10.13114337,-4.458183911,4.830584292,2,0,0,1,0,0
529,886,886,14.7282588,277.9834961,3.009468376,0,-2784110.614,3115710.074,789,789,8.044346825,320.0565827,2.560750258,47.10738214,-2784167.095,3115711.48,2477.313164,77485.97902,7.748597902,7.748597902,0.5261041382,56.49858673,Retain,2.689768016,2.084969587,-0.6047984287,0.1409360556,-0.1614631587,10.76020623,0.1043025929,3.261714259,2,0.082,0.284,0.604,0.018,0.012
530,991,991,118.5977541,197.2838527,6.060728661,0,-2785576.884,3114908.545,799,799,0.354902472,681.2457235,1.144862603,23.55481164,-2786172.708,3115172.969,241.7757005,2957.523323,0.2957523323,0.2957523323,0.002493743111,651.8638576,Retain,4.77573755,-1.035912254,-5.811649804,1.2392795,-1.666545402,10.06712785,-5.655286733,4.664333435,2,0,0.002,0.998,0,0
531,991,991,118.5977541,197.2838527,6.060728661,0,-2785576.884,3114908.545,807,807,1.656207999,489.1891794,1.775944334,0,-2786747.865,3115181.338,810.1990318,16562.08637,1.656208637,1.656208637,0.01396492412,1202.336572,Retain,4.77573755,0.5045306511,-4.271206899,0.9081057161,-1.227497733,0,-4.188996506,5.276519086,2,0,0,1,0,0
532,991,991,118.5977541,197.2838527,6.060728661,0,-2785576.884,3114908.545,892,892,97.54018506,184.1530075,5.130570639,0,-2785561.523,3114928.907,16948.10054,839354.5768,83.93545768,83.93545768,0.7077322695,25.50642829,Retain,4.77573755,4.580264448,-0.1954731021,-0.06887659417,-0.1666131452,0,0.8823918906,1.423465883,2,0.166,0.06,0.71,0.054,0.01
533,552,552,0.4140270002,826.5597894,1.500319223,0,-2789220.361,3116548.968,529,529,0.3548806216,690.0565868,1.159633936,47.10411247,-2789203.846,3116525.094,197.7836888,1774.400551,0.1774400551,0.1774400551,0.4285712164,29.02932749,Retain,-0.8818240894,-1.035973823,-0.1541497338,-0.1804986509,-0.2575735179,10.76013682,-0.287100792,4.381618047,3,0.004,0.162,0.084,0.73,0.02
534,573,573,0.7689100454,636.973585,1.575630061,47.10435267,-2788664.36,3116499.074,547,547,0.2365880938,822.7864252,1.128960191,70.65660663,-2788607.685,3116483.162,147.5571222,1182.938997,0.1182938997,0.1182938997,0.1538462144,58.86623932,Retain,-0.2627812923,-1.441434651,-1.178653359,0.2559684724,-0.3333582068,0.4054591304,-1.699449784,4.779040317,1,0,0.688,0.31,0.002,0
537,878,878,77.36639749,214.927111,5.33288792,0,-2788356.887,3115607.959,571,571,0.768913998,571.6503152,1.414048804,25.11313819,-2788818.377,3116354.524,439.5499294,7689.13987,0.768913987,0.768913987,0.009938603993,877.68537,Retain,4.348552545,-0.2627761518,-4.611328697,0.9782285156,-1.327435833,10.13118624,-4.506478303,5.17537799,2,0,0,1,0,0
538,878,878,77.36639749,214.927111,5.33288792,0,-2788356.887,3115607.959,601,601,1.537837856,567.5891248,1.985566365,25.11291846,-2788767.148,3116202.633,872.8599519,15378.37769,1.537837769,1.537837769,0.01987733458,722.4618149,Retain,4.348552545,0.4303774402,-3.918175105,0.9710988333,-0.9879887193,10.13117749,-3.850033392,4.980754622,2,0,0,1,0,0
539,596,596,0.5323250305,642.8762537,1.32315553,50.22634081,-2788520.545,3116368.696,565,565,0.4731780978,623.6856527,1.210244559,70.65660663,-2788522.28,3116372.484,295.1143908,4731.780978,0.4731780978,0.4731780978,0.8888894391,4.165941784,Retain,-0.6305010165,-0.7482834332,-0.1177824166,-0.03030577452,-0.08919698283,0.3412862536,2.071611694,2.314797833,3,0.252,0.036,0.012,0.552,0.148
541,610,610,0.9463570141,517.5388818,1.420252472,25.11309861,-2788106.412,3116373.733,572,572,0.6506199018,607.9848041,1.383411765,25.11313083,-2788125.735,3116384.924,395.5670136,6506.200379,0.6506200379,0.6506200379,0.6874995675,22.32974192,Retain,-0.05513538778,-0.4298296755,-0.3746942877,0.1610652322,-0.02628191164,1.282938922e-6,0.7867139506,3.705896927,1,0.272,0.486,0.03,0.208,0.004
542,611,611,0.4731782508,716.6385975,1.390617372,25.11313962,-2787981.333,3116384.774,573,573,0.3548837271,690.051587,1.159630608,25.11313083,-2787982.369,3116396.505,244.8880791,3548.837271,0.3548837271,0.3548837271,0.7500000825,11.77619501,Retain,-0.7482831099,-1.035965072,-0.2876819625,-0.03780530694,-0.1816462882,-3.501291225e-7,1.095953151,3.412671533,3,0.142,0.318,0.09,0.426,0.024
543,612,612,0.4731785935,716.637936,1.390616592,75.33924187,-2787758.541,3116395.574,574,574,0.2365892871,822.7841689,1.128959943,110.9483309,-2787769.734,3116415.274,194.6619199,2365.892871,0.2365892871,0.2365892871,0.4999999795,22.65813622,Retain,-0.7482823856,-1.441429607,-0.6931472215,0.1381231748,-0.2084504359,0.3870592064,-8.172765809e-8,4.067069271,1,0.056,0.77,0.066,0.108,0
544,624,624,1.537830829,443.037965,1.549852232,25.11309861,-2788299.816,3116334.833,585,585,0.709767757,619.2875141,1.471788907,50.22624703,-2788287.604,3116355.766,439.550219,7097.674355,0.7097674355,0.7097674355,0.4615380457,24.23471127,Retain,0.4303728709,-0.3428174652,-0.7731903362,0.3349141803,-0.05168098774,0.6931282628,-0.1538434474,3.545005725,1,0.06,0.632,0.304,0.004,0
545,679,679,1.951882924,464.9290648,1.832350905,25.11280149,-2787441.818,3116166.577,631,631,2.247604726,536.4462517,2.268721838,25.11287007,-2787436.744,3116340.755,618.6115614,8872.166831,0.8872166831,0.8872166831,0.4545440057,174.2517467,Retain,0.668794509,0.8098650828,0.1410705738,0.1430815288,0.2136168157,2.730565994e-6,-0.1819614601,5.398474501,4,0.022,0.108,0.076,0.33,0.464
546,878,878,77.36639749,214.927111,5.33288792,0,-2788356.887,3115607.959,640,640,2.898242578,397.6105829,1.909503107,25.11287007,-2787566.735,3116216.775,1152.371812,28982.42319,2.898242319,2.898242319,0.03746125466,997.4957097,Retain,4.348552545,1.064104546,-3.284448,0.6151741395,-1.02704986,10.13117556,-3.220961338,5.30333752,2,0.002,0.01,0.988,0,0
547,878,878,77.36639749,214.927111,5.33288792,0,-2788356.887,3115607.959,709,709,0.1182985604,1247.330655,1.210225763,50.2248827,-2787821.292,3115571.339,147.5574208,1182.985604,0.1182985604,0.1182985604,0.001529069005,536.8451973,Retain,4.348552545,-2.134543677,-6.483096222,1.758462119,-1.483085992,10.82428576,-5.979374817,4.683800313,2,0,0.006,0.994,0,0
548,878,878,77.36639749,214.927111,5.33288792,0,-2788356.887,3115607.959,759,759,0.2957481844,987.3203479,1.514656661,23.55420518,-2787419.922,3115393.957,291.9983088,2957.483858,0.2957483858,0.2957483858,0.003822698167,961.0929391,Retain,4.348552545,-1.218246915,-5.56679946,1.524695602,-1.258704128,10.0671021,-5.331595032,5.266160826,2,0,0,1,0,0
549,759,759,0.8280839922,644.5817663,1.654665755,23.55354306,-2787970.995,3115716.885,689,689,0.2365954502,822.772519,1.128958662,70.66080642,-2787907.729,3115693.758,144.4391038,1182.977472,0.1182977472,0.1182977472,0.1428571839,67.36090877,Retain,-0.1886406899,-1.441403558,-1.252762868,0.2440780756,-0.3823033583,1.098586493,-1.785949509,4.876764994,1,0,0.686,0.31,0.004,0
550,878,878,77.36639749,214.927111,5.33288792,0,-2788356.887,3115607.959,785,785,59.5626946,193.0342634,4.202586287,25.11214055,-2788469.786,3115755.971,10866.53813,539436.1632,53.94361632,53.94361632,0.6972486515,186.1556054,Retain,4.348552545,4.087029449,-0.2615230968,-0.1074312482,-0.2381927966,10.13114652,0.8323658396,3.624676954,2,0.084,0.07,0.794,0.026,0.026
551,274,274,0.1774277829,1114.743974,1.324588604,260.0505498,-2790367.173,3118278.245,250,250,0.118285221,1247.467711,1.210290499,275.3652194,-2790379.682,3118277.14,147.5569939,1182.85221,0.118285221,0.118285221,0.6666668497,12.55738048,Retain,-1.72919161,-2.134656444,-0.4054648336,0.1124909061,-0.09024151075,0.05722203888,0.6916513691,3.967348958,3,0.186,0.34,0.02,0.452,0.002
552,287,287,1.005425692,677.6155017,1.916696678,47.09831502,-2792501.403,3117996.115,262,262,0.6505696848,598.4134431,1.361580492,47.09831502,-2792535.945,3117998.455,389.3096451,6505.696848,0.6505696848,0.6505696848,0.6470589423,34.62114182,Retain,0.00541102592,-0.4299068618,-0.4353178878,-0.124298129,-0.3419570728,0,0.6048512568,4.114152844,1,0.066,0.52,0.214,0.188,0.012
553,307,307,1.360290977,429.2955624,1.412431439,47.09899469,-2792402.201,3117861.986,277,277,0.9462894962,464.488101,1.274622765,53.37602587,-2792408.268,3117873.27,439.5402111,9462.891133,0.9462891133,0.9462891133,0.6956519814,12.81200785,Retain,0.3076986304,-0.05520673538,-0.3629053658,0.07879030272,-0.1026623802,0.1251075379,0.8248338058,2.968976521,1,0.184,0.44,0.128,0.24,0.008
554,366,366,5.677809144,257.6792229,1.732067709,34.42849049,-2792327.795,3117533.397,335,335,4.731508892,247.5043832,1.518720282,50.22857988,-2792339.558,3117520.29,1171.06919,47315.09209,4.731509209,4.731509209,0.8333336131,17.61105161,Retain,1.736565444,1.554244156,-0.1823212881,-0.04028719778,-0.1314478418,0.377690615,1.604657125,2.572665639,0,0.486,0.052,0.276,0.146,0.04
555,406,406,2.484075292,412.0315973,1.831926172,23.55053723,-2790688.599,3117330.084,374,374,1.301181273,487.4043285,1.568387426,70.65176112,-2790670.217,3117336.979,634.2013847,13011.81283,1.301181283,1.301181283,0.5238091163,19.632234360000002,Retain,0.9099004744,0.2632725235,-0.6466279509,0.1679939832,-0.1553199922,1.098586096,0.09511802207,3.094638466,1,0.138,0.54,0.31,0.012,0
558,440,440,27.26538936,181.9384065,2.679941454,0,-2790307.494,3117639.868,415,415,26.37823429,224.954696,3.259214864,23.55077817,-2790280.985,3117637.313,5789.479512,243081.9119,24.30819119,24.30819119,0.8915402187,26.63207195,Retain,3.305618109,3.272539211,-0.03307889756,0.2122308271,0.1956913783,10.0669566,2.098514387,2.201709639,0,0.592,0.142,0.082,0.078,0.106
559,439,439,0.5323058746,731.3785706,1.50528221,23.55053723,-2790521.315,3117169.236,401,401,0.2365802056,1035.108811,1.420267914,70.65176112,-2790523.042,3117188.785,244.8862553,2365.802056,0.2365802056,0.2365802056,0.4444441005,19.62561411,Retain,-0.6305370027,-1.441467993,-0.8109309901,0.3473306254,-0.05813486968,1.098586096,-0.2226958508,3.864519952,1,0.018,0.898,0.068,0.016,0
561,502,502,0.9463365525,564.0198543,1.547790824,34.42906136,-2791649.776,3116637.045,481,481,0.6506061913,593.5935865,1.350651682,34.42906136,-2791660.453,3116650.879,386.1956625,6506.061226,0.6506061226,0.6506061226,0.6874997282,17.47455998,Retain,-0.05515700946,-0.4298507486,-0.3746937392,0.05110543376,-0.1362414358,0,0.7867146964,3.46074678,1,0.102,0.59,0.062,0.244,0.002
562,513,513,4.613386899,230.7156206,1.397918996,94.20692275,-2791335.834,3116675.326,493,493,4.317656323,258.1511041,1.513188702,125.5684124,-2791334.843,3116682.896,1114.607639,41993.64337,4.199364337,4.199364337,0.910256267,7.634684365,Retain,1.528962272,1.462712737,-0.0662495352,0.1123592159,0.07923444834,0.2873544087,2.306784748,1.840716377,0,0.612,0.08,0.004,0.25,0.054
563,519,519,18.86754259,254.0957485,3.113509076,34.42888853,-2792571.779,3116603.441,502,502,15.61452018,297.5822968,3.317160468,53.37889899,-2792578.633,3116600.782,4649.730697,153187.9033,15.31879033,15.31879033,0.8119123227,7.352637799,Retain,2.937443122,2.748201262,-0.1892418599,0.157979656,0.06335872608,0.4385092119,1.458412451,1.098838511,0,0.726,0.166,0.08,0.022,0.006
564,521,521,0.6506101904,670.7925262,1.526313388,47.10315875,-2791655.989,3116470.724,503,503,0.3548783568,955.5219446,1.605740977,68.85831869,-2791669.917,3116472.717,288.8670775,2957.316258,0.2957316258,0.2957316258,0.4545450258,14.06969427,Retain,-0.4298446019,-1.035980205,-0.6061356033,0.3537978419,0.05073004024,0.3797042705,-0.1819573537,3.431381457,1,0.076,0.856,0.028,0.04,0
565,530,530,2.602436364,371.5957015,1.691047509,23.55189683,-2792063.8,3116488.41,507,507,2.543286319,399.9868748,1.799444416,34.42924651,-2792054.841,3116515.944,967.0540402,20109.71355,2.010971355,2.010971355,0.7727264276,28.95552011,Retain,0.9564480694,0.933457071,-0.02299099836,0.07362529426,0.06212979508,0.3796866166,1.22067357,3.459936306,3,0.138,0.016,0,0.78,0.066
566,501,501,8.812685325,204.4964965,1.71251771,23.55151691,-2791773.611,3116826.529,534,534,12.71635877,217.0313308,2.183226969,0,-2791785.21,3116687.904,1802.163057,83395.21647,8.339521647,8.339521647,0.9463087969,139.1099967,Retain,2.176192198,2.542889257,0.3666970589,0.05949088119,0.2428394107,-10.06698797,2.851922244,4.419540996,4,0.04,0.012,0.022,0.014,0.912
568,632,632,19.69600702,242.4579107,3.035432094,0,-2791425.481,3116150.988,535,535,0.1182938788,1247.378102,1.21024785,0,-2791662.725,3116248.738,97.33061244,591.4686968,0.05914686968,0.05914686968,0.003002987845,256.5918755,Retain,2.980415926,-2.134583253,-5.114999178,1.637970978,-0.9195286113,0,-5.518709239,4.629647667,2,0,0.008,0.992,0,0
569,572,572,3.430510411,410.028733,2.142341645,23.55221327,-2792227.233,3116319.045,545,545,2.18842824,507.8955357,2.119510726,25.11337142,-2792278.504,3116273.54,913.7093828,18335.48558,1.833548558,1.833548558,0.5344827264,68.55244007,Retain,1.232709058,0.7831835875,-0.4495254706,0.2140485503,-0.01071418498,0.06417799296,0.1378735847,4.183624002,1,0.06,0.77,0.122,0.046,0.002
570,572,572,3.430510411,410.028733,2.142341645,23.55221327,-2792227.233,3116319.045,546,546,1.360376763,609.2953395,2.004714478,25.11337142,-2792049.189,3116237.191,339.0953679,4140.269063,0.4140269063,0.4140269063,0.1206895933,195.9583895,Retain,1.232709058,0.30776169330000003,-0.9249473648,0.3960758706,-0.06639781186,0.06417799296,-1.978801095,5.233917855,2,0.01,0.278,0.696,0.008,0.008
572,632,632,19.69600702,242.4579107,3.035432094,0,-2791425.481,3116150.988,559,559,0.2365884825,822.7857017,1.128960126,50.22639998,-2791855.592,3116148.935,144.4352206,1182.943475,0.1182943475,0.1182943475,0.006006006567,430.1156476,Retain,2.980415926,-1.441433008,-4.421848934,1.221867649,-0.9890568182,10.82431597,-4.955968838,5.146213425,2,0,0.016,0.984,0,0
573,235,235,0.768833654,702.3588701,1.737282049,25.11521458,-2794227.253,3118591.645,204,204,0.3548460387,831.6668883,1.397540684,25.11521458,-2794256.387,3118588.462,295.1137008,3548.460387,0.3548460387,0.3548460387,0.4615381193,29.3074111,Retain,-0.2628806476,-1.036071277,-0.7731906298,0.1689875017,-0.2176078132,0,-0.153843152,4.08167981,1,0.016,0.698,0.242,0.044,0
574,247,247,0.7096972523,552.9687185,1.314111433,149.9528365,-2793154.821,3118510.566,217,217,0.5914146932,578.6297052,1.255283581,149.9528365,-2793143.459,3118510.388,342.2101095,5914.146932,0.5914146932,0.5914146932,0.833333779,11.36296771,Retain,-0.3429168051,-0.5252378271,-0.182321022,0.04536129799,-0.04579921303,0,1.604658313,3.174270968,3,0.218,0.132,0.034,0.554,0.062
577,595,595,1.242093134,472.6757043,1.486056866,23.55221327,-2792313.301,3116036.976,570,570,0.8280622335,530.8176402,1.362611042,47.10433574,-2792334.943,3116030.559,439.5500407,8280.621084,0.8280621084,0.8280621084,0.666666682,22.57371844,Retain,0.2167979678,-0.1886669662,-0.405464934,0.1160089965,-0.08672347054,0.6931240241,0.6916506167,3.580796586,1,0.226,0.556,0.04,0.172,0.006
578,272,272,8.753045078,219.1511346,1.829019661,23.54880751,-2793420.28,3118162.354,247,247,8.516476593,231.1366307,1.902802988,23.54880751,-2793424.812,3118162.126,1918.23976,84573.34659,8.457334659,8.457334659,0.9662162807,4.537903309,Retain,2.169401649,2.14200271,-0.02739893878,0.05324740646,0.03954793707,0,3.32527269,1.00034954,3,0.286,0.164,0.012,0.358,0.18
579,281,281,2.365701229,350.3605244,1.52016309,47.09816865,-2792943.58,3118060.575,255,255,2.365701505,307.8956304,1.335914201,47.09817041,-2792947.284,3118052.564,728.3893731,21882.74298,2.188274298,2.188274298,0.9250002796,8.825569041,Retain,0.8610744807,0.8610745974,1.167623581e-7,-0.1292018308,-0.1292017725,3.739794493e-8,2.500144875,2.319594085,3,0.13,0.03,0.064,0.644,0.132
580,284,284,0.9462825591,564.0334161,1.547783884,50.22948079,-2792691.712,3118031.427,259,259,1.774278967,355.6725023,1.336461063,50.22948079,-2792700.047,3118038.964,533.7349844,9462.825591,0.9462825591,0.9462825591,1,11.23779469,Retain,-0.05521406627,0.5733941244,0.6286081906,-0.4611031281,-0.1467990327,0,6.908754782,3.019343581,4,0.048,0,0,0.036,0.916
581,286,286,7.865952262,241.477123,1.910498558,47.09821881,-2794170.672,3117964.925,260,260,7.747667167,251.6469779,1.97593323,47.09821881,-2794169.174,3117965.588,1949.677028,77476.67167,7.747667167,7.747667167,0.9849623935,1.638583693,Retain,2.062543605,2.047391787,-0.01515181774,0.04125248405,0.03367657518,0,4.118681842,0.03553550426,3,0.24,0.152,0.016,0.396,0.196
582,298,298,2.247433844,393.93449,1.665952185,23.54924255,-2793047.061,3117858.47,285,285,1.656004454,528.9540344,1.920188004,47.09817041,-2793098.918,3117807.135,587.0971149,8871.434655,0.8871434655,0.8871434655,0.3947361867,72.96876238,Retain,0.8097890515,0.5044077458,-0.3053813058,0.29471691,0.1420262571,0.6931192678,-0.4265674326,4.457515559,1,0.11,0.548,0.226,0.11,0.006
583,299,299,0.3548580898,822.8172072,1.382693077,53.37626064,-2792750.508,3117858.771,276,276,0.6505735516,521.2043917,1.185908921,23.54936068,-2792746.568,3117840.135,291.9833424,3548.580898,0.3548580898,0.3548580898,1,19.04811153,Retain,-1.036037317,-0.429900918,0.6061363986,-0.4565917992,-0.1535235999,-0.8182436885,6.908754779,4.037404063,4,0.01,0.006,0.006,0.064,0.914
585,351,351,2.957184008,527.6574929,2.55968399,0,-2793889.297,3117478.93,290,290,0.1182866513,1247.451832,1.210282411,50.22897291,-2793800.934,3117620.086,97.32804416,591.4345073,0.05914345073,0.05914345073,0.01999992241,166.5323858,Retain,1.084237467,-2.134644352,-3.218881819,0.8604108296,-0.7490300799,10.8243672,-3.844053795,5.145442014,2,0,0.146,0.854,0,0
586,395,395,10.4092909,306.1499493,2.786376718,23.5495816,-2794219.423,3117426.302,283,283,1.833434908,426.3871051,1.62866543,23.54942146,-2794189.316,3117712.324,781.7530029,18334.34926,1.833434926,1.833434926,0.176134469,287.6027113,Retain,2.342698764,0.6061912066,-1.736507557,0.3312726188,-0.5369811597,-6.800011689e-6,-1.538311224,5.062599091,2,0,0.01,0.988,0,0.002
587,351,351,2.957184008,527.6574929,2.55968399,0,-2793889.297,3117478.93,311,311,0.828010273,754.590881,1.936977086,50.22897291,-2793912.052,3117532.577,574.5801281,7097.235145,0.7097235145,0.7097235145,0.2399997811,58.27286591,Retain,1.084237467,-0.1887297176,-1.272967184,0.3577283373,-0.2787552549,10.8243672,-1.149837621,4.095399933,2,0.002,0.098,0.9,0,0
589,305,305,9.285423789,199.1535932,1.711922419,23.54880751,-2793378.59,3117886.173,341,341,17.80212085,204.5810758,2.434985607,23.54880751,-2793481.794,3117685.853,1849.225512,91079.94469,9.107994469,9.107994469,0.9808916293,225.3421401,Retain,2.228445836,2.879317599,0.6508717632,0.0268880031,0.3523238847,0,3.888344766,4.875766332,4,0.022,0.004,0.006,0.016,0.952
590,316,316,1.774297068,352.142298,1.323202855,47.09831502,-2792578.136,3117791.268,292,292,1.596866364,391.2695889,1.394779156,47.09831502,-2792582.412,3117795.268,624.8052459,15968.66609,1.596866609,1.596866609,0.8999995765,5.854983773,Retain,0.5734043262,0.4680431866,-0.1053611396,0.1053614585,0.05268088866,0,2.188380078,2.053126785,0,0.502,0.064,0.008,0.366,0.06
591,331,331,1.419444601,519.770521,1.746891519,0,-2793143.926,3117603.33,313,313,1.892591849,618.7639076,2.401311629,0,-2793095.943,3117586.394,690.6860343,10054.38427,1.005438427,1.005438427,0.7083322776,50.88411945,Retain,0.3502656692,0.6379472382,0.287681569,0.1743363821,0.3181771666,0,0.8852861614,4.32680264,4,0.022,0.012,0.004,0.238,0.724
592,355,355,2.957181641,408.760382,1.98290937,23.54972299,-2792882.243,3117580.763,325,325,4.613204174,345.7380954,2.094805191,23.54936068,-2792846.471,3117584.169,1111.450176,25431.75247,2.543175247,2.543175247,0.8599996739,35.93372075,Retain,1.084236667,1.528922664,0.4446859976,-0.1674475826,0.05489541623,-1.538421175e-5,1.809331922,3.61195059,4,0.008,0,0.008,0.042,0.942
594,357,357,0.6505827686,670.8037217,1.526306696,50.22857988,-2792597.771,3117479.327,326,326,0.6505827686,670.8037217,1.526306696,50.22857988,-2792597.771,3117479.327,436.4133424,6505.827686,0.6505827686,0.6505827686,1,0,Retain,-0.4298867507,-0.4298867507,0,0,0,0,6.908754779,-6.120446961,3,0.148,0.016,0,0.642,0.194
595,361,361,2.010891329,434.0494764,1.736315353,0,-2793342.999,3117439.47,312,312,0.2365749714,1021.900736,1.402129666,23.54985784,-2793292.329,3117499.579,241.7561374,2365.749714,0.2365749714,0.2365749714,0.1176468206,78.61667199,Retain,0.6985780708,-1.441490117,-2.140068188,0.8562611101,-0.213772984,10.06691752,-2.007573911,4.587672416,2,0,0.322,0.678,0,0
596,361,361,2.010891329,434.0494764,1.736315353,0,-2793342.999,3117439.47,328,328,0.7097272885,619.3114074,1.471803731,23.54985784,-2793346.053,3117394.35,389.3135115,5914.39269,0.591439269,0.591439269,0.2941179668,45.22308952,Retain,0.6985780708,-0.3428744835,-1.041452554,0.355449699,-0.1652765781,10.06691752,-0.8734886327,4.034705806,2,0.008,0.344,0.646,0.002,0
597,632,632,19.69600702,242.4579107,3.035432094,0,-2791425.481,3116150.988,583,583,0.2957368006,828.0610801,1.270311196,53.38087654,-2791550.674,3116036.388,194.661969,1774.419491,0.1774419491,0.1774419491,0.009009031575,169.7250848,Retain,2.980415926,-1.218285408,-4.198701333,1.228258788,-0.8710918782,10.88522658,-4.59622616,4.216342852,2,0,0.016,0.984,0,0
598,632,632,19.69600702,242.4579107,3.035432094,0,-2791425.481,3116150.988,589,589,0.1182950029,1220.981907,1.184643009,23.55245928,-2791401.229,3115999.943,144.4360582,1182.950029,0.1182950029,0.1182950029,0.006006039844,152.9795002,Retain,2.980415926,-2.13457375,-5.114989675,1.616582524,-0.9409123134,10.06702798,-4.955964055,4.112467444,2,0,0.004,0.996,0,0
599,632,632,19.69600702,242.4579107,3.035432094,0,-2791425.481,3116150.988,618,618,7.630014441,288.4497235,2.24764581,23.55245928,-2791313.321,3116055.642,2109.784862,58555.83743,5.855583743,5.855583743,0.2972980126,147.2105469,Retain,2.980415926,2.032089738,-0.9483261879,0.1736926708,-0.3004704232,10.06702798,-0.8582619241,4.074027627,2,0.01,0.08,0.9,0.004,0.006
602,807,807,45.42619624,199.608889,3.795142888,23.55374267,-2791944.203,3115431.635,653,653,0.1182966306,1220.980836,1.18465012,34.42963849,-2791768.295,3115589.184,144.4379189,1182.966306,0.1182966306,0.1182966306,0.002604150037,236.1461112,Retain,3.816088948,-2.13455999,-5.950648939,1.811049881,-1.164274588,0.3796196342,-5.624063871,4.128775432,2,0,0.004,0.996,0,0
603,807,807,45.42619624,199.608889,3.795142888,23.55374267,-2791944.203,3115431.635,681,681,1.892756397,514.234134,1.995737098,0,-2791519.241,3115490.018,973.319856,18927.56427,1.892756427,1.892756427,0.04166662815,428.953332,Retain,3.816088948,0.6380341779,-3.17805477,0.9463187783,-0.642708607,-10.06708247,-3.112821566,4.72567093,2,0,0.02,0.98,0,0
604,807,807,45.42619624,199.608889,3.795142888,23.55374267,-2791944.203,3115431.635,686,686,0.2365953511,822.7727109,1.128958689,25.11259104,-2791336.881,3115414.511,194.6641984,2365.953511,0.2365953511,0.2365953511,0.005208346079,607.562705,Retain,3.816088948,-1.441403976,-5.257492925,1.416320094,-1.212426368,0.06408198763,-5.077643524,5.073777503,2,0,0,1,0,0
605,807,807,45.42619624,199.608889,3.795142888,23.55374267,-2791944.203,3115431.635,688,688,15.08285855,213.3672473,2.337570141,0,-2792124.856,3115519.32,3167.96286,146688.1761,14.66881761,14.66881761,0.3229153842,200.8092046,Retain,3.816088948,2.713558903,-1.102530045,0.06665494953,-0.484610073,-10.06708247,-0.7387897606,3.966680675,2,0.002,0.04,0.95,0.004,0.004
606,807,807,45.42619624,199.608889,3.795142888,23.55374267,-2791944.203,3115431.635,698,698,0.9463831809,411.3859327,1.128958588,25.11250409,-2791182.644,3115380.852,389.3287276,9463.832555,0.9463832555,0.9463832555,0.02083342507,763.2502235,Retain,3.816088948,-0.05510773817,-3.871196687,0.7231718859,-1.212426457,0.06407852539,-3.804280476,5.301907703,2,0,0.002,0.998,0,0
607,807,807,45.42619624,199.608889,3.795142888,23.55374267,-2791944.203,3115431.635,702,702,2.780000668,333.1707948,1.567055734,0,-2791707.133,3115346.316,926.2150321,27800.0011,2.78000011,2.78000011,0.06119817065,251.9547193,Retain,3.816088948,1.022451168,-2.79363778,0.5122953586,-0.8845235315,-10.06708247,-2.715343445,4.193573824,2,0,0.022,0.978,0,0
608,807,807,45.42619624,199.608889,3.795142888,23.55374267,-2791944.203,3115431.635,715,715,0.9463870433,464.455154,1.274598043,25.11242208,-2791482.346,3115259.781,439.55434,9463.870939,0.9463870939,0.9463870939,0.02083350956,492.7933028,Retain,3.816088948,-0.05510365692,-3.871192605,0.8445051098,-1.091091193,0.06407526,-3.80427652,4.86441232,2,0,0,1,0,0
609,807,807,45.42619624,199.608889,3.795142888,23.55374267,-2791944.203,3115431.635,716,716,0.6506404683,752.7647779,1.712871937,25.11242208,-2791318.094,3115266.775,489.7792276,6506.404683,0.6506404683,0.6506404683,0.01432302332,647.4492983,Retain,3.816088948,-0.4297980653,-4.245887014,1.327392902,-0.7955506048,0.06407526,-4.164986218,5.1373625,2,0,0,1,0,0
610,988,988,106.0543846,111.6762809,3.244294905,23.55457754,-2790852.904,3115339.301,792,792,0.5915035272,578.5657332,1.255239061,50.22414249,-2791484.559,3114746.468,295.1146077,3549.021227,0.3549021227,0.3549021227,0.003346416314,866.2790982,Retain,4.663952024,-0.5250876324,-5.189039657,1.64494783,-0.9495719984,0.7571531172,-5.436054436,5.004597226,2,0,0,1,0,0
611,988,988,106.0543846,111.6762809,3.244294905,23.55457754,-2790852.904,3115339.301,797,797,1.301307699,448.7785387,1.444166105,50.22401206,-2791319.556,3114764.707,684.4472261,10647.06824,1.064706824,1.064706824,0.01003925324,740.2184356,Retain,4.663952024,0.2633696811,-4.400582343,1.390925197,-0.809365975,0.7571505204,-4.497217527,4.847335608,2,0,0,1,0,0
612,988,988,106.0543846,111.6762809,3.244294905,23.55457754,-2790852.904,3115339.301,803,803,0.2366019009,822.7603476,1.128957351,50.22401206,-2791172.539,3114696.013,194.6666623,2366.019009,0.2366019009,0.2366019009,0.00223094879,718.3217398,Retain,4.663952024,-1.441376293,-6.105328317,1.997060627,-1.055603531,0.7571505204,-5.733747735,4.817307897,2,0,0,1,0,0
613,813,813,1.65618021,411.3848011,1.493472072,23.5539419,-2792481.702,3115114.009,727,727,1.53788214,410.3710742,1.435599624,25.11240173,-2792473.225,3115117.616,533.7698022,13604.33427,1.360433427,1.360433427,0.82142838,9.212736227,Retain,0.5045138723,0.4304062362,-0.07410763614,-0.002467222708,-0.03952104078,0.06406599157,1.521687277,2.540803445,3,0.272,0.02,0.012,0.646,0.05
614,959,959,0.1774545361,1079.464433,1.282764575,50.22335385,-2791269.679,3114226.313,860,860,0.1183032056,1247.281618,1.210201944,47.11109309,-2791280.112,3114201.744,97.33418085,591.5160279,0.05915160279,0.05915160279,0.3333338447,26.69282822,Retain,-1.729040837,-2.134504411,-0.4054635739,0.1445014548,-0.05823033219,-0.06397032385,-0.6916482522,4.721317748,3,0.122,0.31,0.016,0.55,0.002
615,988,988,106.0543846,111.6762809,3.244294905,23.55457754,-2790852.904,3115339.301,887,887,94.51989531,94.34555594,2.587486734,68.85912437,-2790808.332,3115456.302,8867.303854,922131.6441,92.21316441,92.21316441,0.8694894114,125.203582,Retain,4.663952024,4.548810345,-0.1151416797,-0.1686401683,-0.2262110082,1.072714634,1.889968225,3.070337986,2,0.206,0.026,0.626,0.052,0.09
617,395,395,10.4092909,306.1499493,2.786376718,23.5495816,-2794219.423,3117426.302,369,369,6.919843817,335.3025464,2.488170093,23.54942146,-2794204.302,3117318.887,2075.355678,47906.59492,4.790659492,4.790659492,0.4602291872,108.4737823,Retain,2.342698764,1.9343932,-0.408305564,0.09095823541,-0.1131945466,-6.800011689e-6,-0.1591004812,4.087533286,2,0.048,0.29,0.644,0.012,0.006
620,377,377,1.833470538,373.2966517,1.425890352,23.55002182,-2792897.069,3117308.792,344,344,1.656037879,472.0647445,1.713688049,23.54989194,-2792889.4,3117321.591,684.4285214,15377.49444,1.537749444,1.537749444,0.8387096557,14.92066786,Retain,0.6062106399,0.5044279294,-0.1017827105,0.2347427303,0.1838513751,-5.514864231e-6,1.643669204,2.972073998,0,0.51,0.042,0.038,0.346,0.064
622,397,397,2.010914253,385.6469908,1.542701107,47.10104857,-2792603.547,3117203.077,363,363,1.596902463,426.6390856,1.52087984,117.7502907,-2792592.638,3117203.32,681.3010064,15969.02713,1.596902713,1.596902713,0.7941177553,10.91191432,Retain,0.6985894709,0.46806579189999997,-0.2305236789,0.1010160037,-0.01424583581,0.9162582003,1.346340459,2.613017095,0,0.58,0.136,0.02,0.254,0.01
623,973,973,0.591519337,737.8445187,1.600826985,97.51111989,-2791331.461,3114041.132,876,876,1.597100298,458.0579845,1.632982841,47.11109309,-2791320.311,3114080.83,342.226499,2957.595366,0.2957595366,0.2957595366,0.4999997771,41.23347352,Retain,-0.5250609047,0.4681896716,0.9932505763,-0.4767373433,0.01988794485,-0.7274469552,-8.898829476e-7,4.554170038,4,0,0,0.026,0.052,0.922
624,998,998,0.5915259549,743.0988348,1.612235764,23.55628854,-2791501.253,3113765.999,897,897,0.5323729672,731.3287718,1.505274571,0,-2791492.221,3113765.221,342.2273812,4732.204812,0.4732204812,0.4732204812,0.799999522,9.065552969,Retain,-0.5250497168,-0.630410969,-0.1053612523,-0.01596594222,-0.06864656835,-10.06719054,1.382553064,3.039481946,3,0.238,0.034,0.046,0.61,0.072
625,1003,1003,0.7689838392,632.8798072,1.565578735,25.11131755,-2791302.754,3113766.809,898,898,0.8872886238,548.4961958,1.457475102,25.11127215,-2791300.314,3113774.301,486.6742355,7689.837037,0.7689837037,0.7689837037,0.9999998239,7.879449743,Retain,-0.2626853251,-0.1195849564,0.1431003687,-0.1431001821,-0.07154999775,-1.807988812e-6,6.908578492,2.768092582,4,0.128,0.002,0.016,0.388,0.466
627,468,468,10.17295259,373.4376937,3.359980295,23.55010495,-2793558.037,3116721.078,429,429,5.441329641,375.0519973,2.467965412,0,-2793528.97,3116983.706,2040.781441,47315.91748,4.731591748,4.731591748,0.4651148923,264.231324,Retain,2.319732491,1.69402345,-0.6257090412,0.004313502624,-0.308541018,-10.06692802,-0.1394876331,4.989327429,2,0.03,0.074,0.862,0.014,0.02
628,425,425,2.306648034,483.2089708,2.070240127,0,-2794112.723,3116953.565,373,373,0.9463136825,773.03162,2.121338072,125.5704418,-2794051.322,3117048.262,241.7587843,2957.235723,0.2957235723,0.2957235723,0.1282048964,112.8608099,Retain,0.8357954031,-0.05518117664,-0.8909765797,0.4698707415,0.02438245166,11.74063013,-1.910301336,4.880631391,2,0.014,0.32,0.658,0.006,0.002
629,433,433,0.3548697324,681.2632535,1.144839253,25.11392232,-2793036.152,3116954.823,410,410,0.3548697324,681.2632535,1.144839253,34.42886076,-2793036.152,3116954.823,241.7597085,3548.697324,0.3548697324,0.3548697324,1,0,Retain,-1.036004508,-1.036004508,0,0,0,0.315462049,6.908754779,-5.817388082,3,0.202,0.02,0,0.608,0.17
630,451,451,1.419482353,411.4006053,1.382690545,0,-2792704.707,3116936.847,414,414,0.3548701122,681.2630515,1.144839526,143.5177928,-2792708.866,3116960.122,241.7597871,3548.698309,0.3548698309,0.3548698309,0.2499994665,23.64367234,Retain,0.3502922647,-1.036003438,-1.386295702,0.5043810553,-0.1887667958,11.87422127,-1.095955548,3.560356629,1,0.01,0.692,0.298,0,0
631,463,463,0.8280332825,583.939147,1.498947961,23.55074112,-2792957.425,3116858.771,437,437,0.5914525464,732.5918454,1.589341052,34.42886076,-2792966.155,3116847.528,433.2933124,5914.524602,0.5914524602,0.5914524602,0.7142858538,14.23417824,Retain,-0.1887019292,-0.5251738247,-0.3364718956,0.2267919423,0.05855599447,0.3797244826,0.9141965453,3.32243215,0,0.422,0.19,0.03,0.35,0.008
632,483,483,2.424965367,420.7890569,1.848469441,25.11369397,-2794030.377,3116658.136,447,447,0.5323085,731.3766619,1.505281993,75.34138956,-2794126.048,3116687.668,389.3181223,5323.086355,0.5323086355,0.5323086355,0.2195118506,100.1253044,Retain,0.8858172427,-0.6305320704,-1.516349313,0.5527969407,-0.2053777158,1.098589827,-1.265248548,4.735888754,2,0.002,0.216,0.78,0.002,0
633,483,483,2.424965367,420.7890569,1.848469441,25.11369397,-2794030.377,3116658.136,448,448,0.2957276981,817.513095,1.254110452,75.34138956,-2793970.179,3116654.697,241.7612657,2957.276981,0.2957276981,0.2957276981,0.1219513079,60.29591671,Retain,0.8858172427,-1.218316187,-2.10413343,0.6641352653,-0.3879314495,1.098589827,-1.967051885,4.228737291,2,0,0.452,0.548,0,0
634,468,468,10.17295259,373.4376937,3.359980295,23.55010495,-2793558.037,3116721.078,451,451,2.365813914,429.9877116,1.865698246,0,-2793742.501,3116752.858,970.1686991,23066.68278,2.306668278,2.306668278,0.2267452107,187.1821622,Retain,2.319732491,0.8611221125,-1.458610379,0.1410054575,-0.588299732,-10.06692802,-1.223673497,4.644586311,2,0.006,0.01,0.984,0,0
638,504,504,0.3548770185,690.0621942,1.159637472,150.6810498,-2793329.263,3116420.576,487,487,3.785345143,334.2601507,1.834562089,88.85321466,-2793467.116,3116473.772,244.887214,3548.7712540000002,0.3548771254,0.3548771254,1.000000301,147.7613829,Retain,-1.035983976,1.33113707,2.367121046,-0.724862146,0.4586983771,-0.528174997,6.909056459,6.085962394,4,0.002,0.002,0.13,0.004,0.862
639,539,539,2.247564857,370.1751682,1.565519447,34.42913539,-2792997.472,3116322.368,518,518,2.247564857,370.1751682,1.565519447,47.10382616,-2792997.472,3116322.368,831.9926989,22475.64857,2.247564857,2.247564857,1,0,Retain,0.8098473442,0.8098473442,0,0,0,0.3134432523,6.908754779,-6.740314008,3,0.118,0.018,0.002,0.74,0.122
640,546,546,5.086586268,257.3970703,1.637615253,23.55131407,-2793755.096,3116306.481,522,522,4.495122265,354.136799,2.118053276,47.1024201,-2793762.489,3116307.904,1403.477733,41402.46726,4.140246726,4.140246726,0.8139538992,7.528599211,Retain,1.626606931,1.502992868,-0.1236140636,0.3190633631,0.2572563313,0.6931215344,1.471776431,1.777903292,0,0.702,0.1,0.036,0.096,0.066
641,555,555,1.064640278,504.2817814,1.467809833,25.11323385,-2793138.149,3116207.609,528,528,1.064640278,504.2817814,1.467809833,25.11323385,-2793138.149,3116207.609,536.878696,10646.40278,1.064640278,1.064640278,1,0,Retain,0.06263697511,0.06263697511,0,0,0,0,6.908754779,-6.366708824,3,0.118,0.012,0.002,0.714,0.154
642,571,571,0.6506165844,521.19208389999994,1.185920137,25.11323385,-2792977.002,3116117.493,542,542,0.3548815849,681.2566733,1.144847314,25.11323385,-2792988.556,3116131.517,241.765448,3548.813814,0.3548813814,0.3548813814,0.5454539431,18.17079725,Retain,-0.4298347743,-1.035971109,-0.6061363345,0.26782048470000003,-0.03524768254,0,0.1819532035,3.687153121,1,0.074,0.842,0.022,0.062,0
643,579,579,1.360379851,466.2009162,1.533904375,23.55228374,-2793414.917,3116075.306,552,552,1.47867383,462.8721071,1.58778711,23.55228374,-2793421.751,3116075.236,634.210333,13603.79968,1.360379968,1.360379968,1.000000086,6.834120185,Retain,0.307763963,0.391145625,0.08338166196,-0.00716590259,0.03452492839,0,6.908841098,2.340557015,4,0.088,0.002,0.002,0.292,0.616
644,580,580,1.301230328,562.1922518,1.809076833,75.33963991,-2792679.166,3116183.595,543,543,0.9463493522,620.3908392,1.702496348,88.8531314,-2792680.536,3116194.221,587.1064688,9463.493412,0.9463493412,0.9463493412,0.7272727365,10.71406159,Retain,0.2633102228,-0.05514348397,-0.3184537068,0.09850578882,-0.06072106457,0.1649763563,0.978543394,2.812360208,0,0.406,0.288,0.036,0.26,0.01
645,206,206,0.6505380372,603.2523363,1.372557123,94.18795974,-2795530.301,3119044.515,177,177,0.6505380372,603.2523363,1.372557123,137.7104131,-2795530.301,3119044.515,392.4385908,6505.380372,0.6505380372,0.6505380372,1,0,Retain,-0.429955509,-0.429955509,0,0,0,0.3798573113,6.908754779,-6.120412582,3,0.162,0.016,0,0.634,0.188
646,216,216,1.77420623,412.3028813,1.549221401,23.54736268,-2795109.344,3118881.769,185,185,0.1774208484,1079.437441,1.282610738,23.54735607,-2795107.549,3118851.984,191.5147066,1774.208484,0.1774208484,0.1774208484,0.100000127,29.83817825,Retain,0.5733531287,-1.729230694,-2.302583823,0.9624370683,-0.188854843,-2.806809853e-7,-2.188383342,3.681510615,1,0.002,0.526,0.472,0,0
647,245,245,1.537676147,508.3943023,1.778394806,25.11516918,-2794608.347,3118416.089,216,216,1.301110213,485.0126874,1.560648899,25.11516918,-2794596.012,3118420.157,631.0548704,11828.27853,1.182827853,1.182827853,0.7692308,12.9881769,Retain,0.4302722814,0.2632179103,-0.1670543711,-0.04708228192,-0.1306094675,0,1.200948161,2.921345267,3,0.156,0.12,0.14,0.568,0.016
648,246,246,2.483934523,332.4191095,1.477920664,25.11516918,-2794409.663,3118468.522,215,215,1.596814382,456.1462833,1.626022034,25.11516918,-2794418.109,3118490.101,728.3809453,15968.14382,1.596814382,1.596814382,0.6428568736,23.17338915,Retain,0.9098438042,0.468010633,-0.4418331711,0.3164170039,0.09550041835,0,0.5865437545,3.260490794,0,0.51,0.36,0.08,0.044,0.006
649,256,256,21.58643418,200.5633897,2.628676744,23.54736268,-2795202.808,3118565.512,223,223,20.04876784,228.3166216,2.883875059,23.54735607,-2795205.111,3118567.693,4577.466815,200487.6814,20.04876814,20.04876814,0.9287670196,3.171928714,Retain,3.07206507,2.998167698,-0.0738973727,0.1296030023,0.09265431594,-2.806809853e-7,2.555037304,0.1909874539,0,0.598,0.256,0.03,0.062,0.054
650,261,261,0.4139925497,819.0416316,1.486610884,23.54826138,-2795072.058,3118206.718,229,229,0.4139925497,819.0416316,1.486610884,23.54826138,-2795072.058,3118206.718,339.0771334,4139.925497,0.4139925497,0.4139925497,1,0,Retain,-0.8819073012,-0.8819073012,0,0,0,0,6.908754779,-5.894436685,3,0.188,0.018,0,0.604,0.19
651,301,301,36.01775657,180.8738548,3.062169255,25.11458781,-2795291.384,3117883.277,230,230,0.3548506924,955.5489552,1.605723778,34.42804479,-2795673.822,3118128.131,339.0772084,3548.506924,0.3548506924,0.3548506924,0.009852104244,454.1061282,Retain,3.584012055,-1.036058163,-4.620070218,1.664486144,-0.6455489651,0.3154118515,-4.514504761,4.898692051,2,0,0.004,0.996,0,0
652,301,301,36.01775657,180.8738548,3.062169255,25.11458781,-2795291.384,3117883.277,253,253,0.2365701603,822.8201826,1.12896372,53.37557823,-2795705.221,3117770.741,194.6547025,2365.700943,0.2365700943,0.2365700943,0.006568151846,428.8651916,Retain,3.584012055,-1.441510454,-5.025522509,1.514937833,-0.9978234217,0.7538833579,-4.878222671,4.841503878,2,0,0,1,0,0
653,301,301,36.01775657,180.8738548,3.062169255,25.11458781,-2795291.384,3117883.277,278,278,29.86693401,159.9909537,2.466526674,34.42804479,-2795221.869,3117896.122,4778.439257,298669.3362,29.86693362,29.86693362,0.8292280381,70.69146352,Retain,3.584012055,3.396751982,-0.1872600726,-0.1226825792,-0.2163126155,0.3154118515,1.575532614,3.038697885,2,0.222,0.034,0.696,0.014,0.034
654,293,293,0.295714675,817.5234792,1.254098767,47.0985617,-2794445.874,3117756.889,269,269,0.295714675,817.5234792,1.254098767,47.0985617,-2794445.874,3117756.889,241.75369,2957.14675,0.295714675,0.295714675,1,0,Retain,-1.218360225,-1.218360225,0,0,0,0,6.908754779,-5.726210223,3,0.216,0.016,0,0.598,0.17
655,300,300,0.4731446655,617.1121061,1.19744647,25.11458781,-2795378.248,3117601.686,275,275,0.236572569,822.8157284,1.128963356,55.47557704,-2795386.332,3117586.195,194.6556307,2365.72569,0.236572569,0.236572569,0.5000004993,17.4735833,Retain,-0.7483540905,-1.441500272,-0.693146182,0.2876815705,-0.05889152048,0.7924722145,1.993199342e-6,3.80728943,1,0.05,0.852,0.056,0.042,0
656,304,304,0.5322889152,642.9082536,1.323176504,47.0985617,-2794379.068,3117647.746,282,282,0.5322889152,642.9082536,1.323176504,47.0985617,-2794379.068,3117647.746,342.2129368,5322.889152,0.5322889152,0.5322889152,1,0,Retain,-0.6305688635,-0.6305688635,0,0,0,0,6.908754779,-6.020105904,3,0.144,0.016,0.004,0.626,0.21
657,314,314,0.4140032702,705.269585,1.280124203,25.11454374,-2794643.163,3117552.329,291,291,0.4140032702,705.269585,1.280124203,25.11454374,-2794643.163,3117552.329,291.9839146,4140.032702,0.4140032702,0.4140032702,1,0,Retain,-0.8818814061,-0.8818814061,0,0,0,0,6.908754779,-5.894449633,3,0.188,0.018,0,0.604,0.19
658,329,329,4.317451,337.4185244,1.977778714,50.22922853,-2795853.449,3117519.75,274,274,1.064575192,498.4203219,1.450704573,150.6881079,-2795898.121,3117576.357,530.6059099,10645.75045,1.064575045,1.064575045,0.2465748992,72.11074599,Retain,1.462665182,0.06257583902,-1.400089343,0.390119669,-0.3099250024,1.098601819,-1.114242844,4.119249296,2,0.002,0.112,0.886,0,0
659,405,405,14.37205087,248.1607433,2.653918135,50.22809493,-2795893.931,3117039.678,384,384,10.9416888,255.0863827,2.380260681,53.3776218,-2795890.523,3117030.455,2791.075817,109416.8949,10.94168949,10.94168949,0.7613171979,9.832417477,Retain,2.665285409,2.392580154,-0.272705254,0.02752554874,-0.1088270783,0.060815886,1.157046348,1.52550877,2,0.324,0.054,0.544,0.058,0.02
660,453,453,53.34826728,97.04507725,1.999533742,0,-2794992.921,3117042.438,351,351,0.3548670019,690.0780345,1.159647726,50.22820597,-2795622.116,3116974.279,244.8857064,3548.662099,0.3548662099,0.3548662099,0.006651878834,632.875092,Retain,3.976841499,-1.036012202,-5.012853701,1.9616291,-0.5447977502,10.82435193,-4.867136151,5.034218849,2,0,0.002,0.998,0,0
661,453,453,53.34826728,97.04507725,1.999533742,0,-2794992.921,3117042.438,428,428,47.96613617,107.6734277,2.103637841,25.11454374,-2794986.071,3117038.366,5164.678111,479661.3552,47.96613552,47.96613552,0.899113279,7.968955116,Retain,3.976841499,3.870495265,-0.1063462334,0.1039272436,0.05075412694,10.13124221,2.178659004,0.6596230547,0,0.408,0.338,0.194,0.026,0.034
662,651,651,242.7356226,163.0913074,7.167911591,0,-2797936.799,3116041.863,436,436,0.1182909894,1220.984785,1.184625706,70.65317,-2796112.151,3116528.974,144.4314075,1182.907659,0.1182907659,0.1182907659,4.873234699e-4,1888.548848,Retain,5.491972878,-2.134607678,-7.626580557,2.013102801,-1.800187477,11.16555241,-6.511289648,5.369943041,2,0,0.006,0.994,0,0
663,220,220,1.596791561,395.1985009,1.408751758,0,-2796667.859,3118649.955,191,191,1.655932079,381.0841932,1.383366527,0,-2796670.136,3118651.192,631.0496313,15967.91561,1.596791561,1.596791561,1,2.591504781,Retain,0.4679963418,0.5043640403,0.03636769848,-0.03636784236,-0.01818399312,0,6.908754779,1.290991277,3,0.116,0.008,0,0.644,0.232
664,225,225,0.6505487241,680.4570856,1.548230873,50.23072889,-2796403.428,3118524.525,198,198,0.4731264642,829.4604434,1.609456962,50.23072889,-2796414.54,3118520.587,392.4396868,4731.263281,0.4731263281,0.4731263281,0.7272727015,11.78946494,Retain,-0.4299390813,-0.74839256,-0.3184534787,0.1980106641,0.03878392479,0,0.9785432184,3.254625632,0,0.376,0.248,0.014,0.354,0.008
665,227,227,0.827970764,644.6183635,1.654646566,0,-2796587.238,3118518.382,199,199,0.827970764,644.6183635,1.654646566,0,-2796587.238,3118518.382,533.7251589,8279.70764,0.827970764,0.827970764,1,0,Retain,-0.1887774345,-0.1887774345,0,0,0,0,6.908754779,-6.241001619,3,0.136,0.016,0,0.672,0.176
666,233,233,0.7096897936,681.2766933,1.619022482,0,-2796664.471,3118448.223,203,203,0.7096897936,681.2766933,1.619022482,0,-2796664.471,3118448.223,483.4951159,7096.897936,0.7096897936,0.7096897936,1,0,Retain,-0.3429273148,-0.3429273148,0,0,0,0,6.908754779,-6.163926679,3,0.146,0.016,0,0.654,0.184
667,480,480,1.064621578,454.1741336,1.321950205,120.4028495,-2795415.45,3116475.057,458,458,0.2365828716,822.7962688,1.128961238,154.7820051,-2795386.738,3116451.329,194.659504,2365.827576,0.2365827576,0.2365827576,0.2222223957,37.24886039,Retain,0.06261941037,-1.441456724,-1.504076134,0.5942279443,-0.1578101228,0.2511726639,-1.249556952,4.158703435,1,0,0.948,0.05,0.002,0
668,516,516,0.3548781202,681.2584772,1.144844757,120.6274214,-2795938.219,3116130.613,495,495,0.3548781202,681.2584772,1.144844757,120.6274214,-2795938.219,3116130.613,241.7637278,3548.781202,0.3548781202,0.3548781202,1,0,Retain,-1.035980872,-1.035980872,0,0,0,0,6.908754779,-5.8173999,3,0.2,0.018,0,0.604,0.178
669,271,271,39.62456258,173.2819682,3.077022562,25.11503864,-2796164.357,3118382.393,209,209,0.2365650159,822.8299194,1.128964804,25.11526484,-2796457.614,3118295.149,194.652773,2365.648908,0.2365648908,0.2365648908,0.005970157787,305.9596987,Retain,3.679449193,-1.4415322,-5.120981393,1.557829378,-1.002661318,9.00602978e-6,-4.961134866,4.456097005,2,0,0,1,0,0
670,271,271,39.62456258,173.2819682,3.077022562,25.11503864,-2796164.357,3118382.393,228,228,0.887125606,707.8174001,1.880653818,0,-2796484.983,3118120.152,627.9228315,8871.25488,0.887125488,0.887125488,0.02238827208,414.2122165,Retain,3.679449193,-0.1197686991,-3.799217892,1.407266009,-0.4923429367,-10.13126191,-3.73390026,4.759021203,2,0,0.034,0.966,0,0
671,271,271,39.62456258,173.2819682,3.077022562,25.11503864,-2796164.357,3118382.393,233,233,32.29098113,154.0072461,2.468748468,0,-2796109.216,3118452.372,4973.044897,321726.987,32.1726987,32.1726987,0.8119382677,89.09251845,Retain,3.679449193,3.474787969,-0.2046612237,-0.1179204876,-0.2202510995,-10.13126191,1.458581588,3.222326934,2,0.18,0.016,0.742,0.024,0.038
672,446,446,131.948104,161.3245184,5.22753588,0,-2797015.531,3117476.664,239,239,0.1774268234,1114.75018,1.324592396,86.68259026,-2796606.821,3117844.589,197.7865833,1774.268123,0.1774268123,0.1774268123,0.001344671177,549.9209867,Retain,4.882408694,-1.729197018,-6.611605712,1.932967627,-1.372835229,11.37001987,-6.055265379,4.440937022,2,0,0,1,0,0
673,271,271,39.62456258,173.2819682,3.077022562,25.11503864,-2796164.357,3118382.393,245,245,0.5322821839,731.3959642,1.50528451,78.93865601,-2796415.276,3117801.133,389.3090411,5322.821839,0.5322821839,0.5322821839,0.01343313716,633.1065193,Retain,3.679449193,-0.6305815094,-4.310030702,1.440034846,-0.714980505,1.145177081,-4.225717449,5.183280611,2,0,0.006,0.994,0,0
674,446,446,131.948104,161.3245184,5.22753588,0,-2797015.531,3117476.664,273,273,1.478573893,558.4569102,1.915606288,23.54935447,-2796194.471,3117595.513,825.7197168,14785.73653,1.478573653,1.478573653,0.0112057211,829.6170228,Retain,4.882408694,0.3910780372,-4.491330657,1.241759484,-1.003905844,10.06689615,-4.395592338,4.852125977,2,0,0,1,0,0
675,269,269,0.1774268666,1079.442681,1.282638718,94.19445863,-2796154.438,3117861.001,246,246,0.6505662134,748.0194047,1.701976991,23.54895603,-2796174.916,3117833.398,191.5221325,1774.268978,0.1774268978,0.1774268978,1.000000176,34.36928509,Retain,-1.729196774,-0.4299121978,1.299284576,-0.3667712306,0.2828710574,-1.386248017,6.908930582,4.974155716,4,0,0,0.006,0.008,0.986
676,279,279,0.2365706175,822.8194014,1.128963739,34.42828731,-2796255.593,3117722.02,252,252,0.1182853198,1247.466716,1.210290039,23.54895603,-2796256.631,3117733.749,147.5569994,1182.853198,0.1182853198,0.1182853198,0.5000000468,11.77446971,Retain,-1.441508522,-2.134655609,-0.6931470869,0.4161334093,0.06955986588,-0.3797836242,1.869453433e-7,3.759137734,1,0.142,0.602,0.06,0.196,0
677,446,446,131.948104,161.3245184,5.22753588,0,-2797015.531,3117476.664,281,281,0.1182864491,1220.990717,1.184608726,50.22903491,-2796845.657,3117409.72,144.4266563,1182.864491,0.1182864491,0.1182864491,8.964619082e-4,182.5887045,Retain,4.882408694,-2.134646061,-7.017054755,2.023999892,-1.484527485,10.82436843,-6.267868815,3.33840218,2,0,0.008,0.992,0,0
678,446,446,131.948104,161.3245184,5.22753588,0,-2797015.531,3117476.664,289,289,0.3548598876,822.8139361,1.382691083,23.54935447,-2796316.846,3117417.14,291.9836609,3548.597703,0.3548597703,0.3548597703,0.00268938893,701.2164264,Retain,4.882408694,-1.03603225,-5.918440944,1.629312116,-1.329908356,10.06689615,-5.600603619,4.683978601,2,0,0,1,0,0
679,615,615,2.661625683,477.7325889,2.198636458,23.55228374,-2793292.967,3115956.829,588,588,1.360387854,680.8391719,2.240118412,23.55228374,-2793338.111,3115950.514,926.2054308,13603.87398,1.360387398,1.360387398,0.5111114634,45.5835047,Retain,0.9789370951,0.3077698458,-0.6711672494,0.3542749753,0.0186913506,0,0.0443644143,3.902464245,1,0.082,0.65,0.262,0.006,0
680,807,807,45.42619624,199.608889,3.795142888,23.55374267,-2791944.203,3115431.635,708,708,5.559977248,376.6559474,2.505396143,0,-2792658.858,3115363.294,2094.198389,55008.28866,5.500828866,5.500828866,0.1210937591,717.9154809,Retain,3.816088948,1.715594016,-2.100494932,0.6349722673,-0.4152751988,-10.06708247,-1.97502609,5.240673709,2,0,0.004,0.996,0,0
681,600,600,1.419533923,446.7747764,1.501608099,47.10438181,-2792911.403,3115983.668,569,569,1.182944687,496.3101642,1.52275648,70.65647311,-2792914.612,3115993.828,587.1073633,11237.97354,1.123797354,1.123797354,0.7916664307,10.65396453,Retain,0.3503285945,0.1680068272,-0.1823217673,0.1051464505,0.01398556684,0.405456622,1.331473486,2.763226582,0,0.554,0.1,0.01,0.312,0.024
682,652,652,11.65206653,192.6574855,1.855164536,213.4585403,-2795124.099,3115662.219,615,615,11.23803466,186.9029813,1.767488026,240.8249407,-2795126.542,3115659.886,2100.422164,111788.8741,11.17888741,11.17888741,0.9593909702,3.377878343,Retain,2.455483549,2.419303977,-0.03617957176,-0.03032426054,-0.04841404642,0.1206271271,3.139023256,0.5621669718,0,0.528,0.076,0.03,0.196,0.17
683,709,709,0.236594463,822.7744304,1.128958929,53.38219487,-2794801.402,3115249.986,663,663,0.4140399181,697.7023835,1.26644514,240.8249407,-2794829.835,3115266.048,144.4384639,1182.973418,0.1182973418,0.1182973418,0.5000004663,32.65627531,Retain,-1.44140773,-0.8817928893,0.5596148407,-0.1648894538,0.1149179665,1.506578441,1.861341698e-6,4.779136466,4,0,0.012,0.004,0.408,0.576
684,768,768,1.951911266,476.1141826,1.876446653,34.42982024,-2793763.871,3115201.702,697,697,1.833613779,479.439779,1.831399387,55.47365735,-2793772.514,3115198.002,879.107385,18336.13779,1.833613779,1.833613779,0.939394024,9.401726811,Retain,0.6688090292,0.6062887623,-0.06252026693,0.006960590393,-0.02429954307,0.4769741918,2.725540083,2.478960162,3,0.29,0.014,0.014,0.57,0.112
685,797,797,0.8280895073,591.4575334,1.518298898,0,-2793977.662,3115017.168,722,722,0.7689401928,571.6370317,1.414040032,0,-2793982.519,3115014.14,439.5546894,7689.402135,0.7689402135,0.7689402135,0.9285713763,5.723933145,Retain,-0.1886340298,-0.2627420852,-0.07410805543,-0.03408565606,-0.07113968378,0,2.552122018,2.411512829,3,0.222,0.03,0.008,0.582,0.158
686,812,812,0.6506433282,525.9753243,1.196828516,0,-2794095.348,3114924.457,732,732,0.6506433282,525.9753243,1.196828516,0,-2794095.348,3114924.457,342.2223355,6506.433282,0.6506433282,0.6506433282,1,0,Retain,-0.4297936699,-0.4297936699,0,0,0,0,6.908754779,-6.120493501,3,0.148,0.016,0,0.642,0.194
687,1101,1101,131.5574376,172.9673003,5.596503475,0,-2792914.15,3113206.306,818,818,0.8281120412,640.8114835,1.645015156,23.55499967,-2793415.254,3114359.219,530.6637056,8281.120412,0.8281120412,0.8281120412,0.006294680533,1257.105658,Retain,4.879443544,-0.1886068183,-5.068050362,1.309632755,-1.224392426,10.06713583,-4.915301143,5.269211228,2,0,0,1,0,0
688,1101,1101,131.5574376,172.9673003,5.596503475,0,-2792914.15,3113206.306,838,838,2.839244136,408.0884267,1.939772129,23.55500849,-2793521.789,3114315.873,1158.662962,25434.893,2.5434893,2.5434893,0.01933367924,1265.055141,Retain,4.879443544,1.043537867,-3.835905676,0.858381322,-1.059571516,10.0671362,-3.876972868,5.275514952,2,0,0,1,0,0
689,1101,1101,131.5574376,172.9673003,5.596503475,0,-2792914.15,3113206.306,839,839,1.064720796,498.4085402,1.450769483,23.55499967,-2793302.347,3114231.828,483.555956,8281.169686,0.8281169686,0.8281169686,0.006294717988,1096.536659,Retain,4.879443544,0.0627126015,-4.816730942,1.058317542,-1.35004793,10.06713583,-4.915295971,5.132556083,2,0,0,1,0,0
690,1101,1101,131.5574376,172.9673003,5.596503475,0,-2792914.15,3113206.306,873,873,1.005580201,621.4259865,1.757894613,25.11154928,-2793271.215,3113936.671,624.8936681,10055.80232,1.005580232,1.005580232,0.007643659305,812.9756921,Retain,4.879443544,0.00556468888,-4.873878855,1.278914254,-1.158025173,10.13112297,-4.744263429,4.833345611,2,0,0,1,0,0
691,836,836,0.9463934276,461.1595428,1.265558211,23.5539419,-2792579.82,3114983.937,740,740,0.4140462354,705.2296483,1.280118135,25.11240173,-2792591.779,3115004.625,291.9976809,4140.466198,0.4140466198,0.4140466198,0.4374994666,23.89594089,Retain,-0.05509691095,-0.8817776317,-0.8266807208,0.424779429,0.01143906859,0.06406599157,-0.2508096846,3.773663853,1,0.03,0.872,0.066,0.032,0
692,919,919,0.4732065023,816.1769785,1.583816126,68.86050846,-2793243.835,3114385.782,840,840,1.30132188,704.5807183,2.26734803,34.43029152,-2793197.463,3114308.462,386.2202533,4732.065023,0.4732065023,0.4732065023,1,90.15941428,Retain,-0.7482234059,0.2633805785,1.011603984,-0.1470283169,0.3587736753,-0.6931315758,6.90875476,5.44806711,4,0,0,0.026,0.01,0.964
693,944,944,2.661797155,399.8971925,1.840479148,23.55532494,-2793749.089,3114231.459,851,851,2.070287526,467.1386585,1.896078047,23.55532494,-2793736.996,3114222.319,967.1113376,20702.87282,2.070287282,2.070287282,0.7777780052,15.1582932,Retain,0.9790015169,0.727687499,-0.2513140179,0.1554186315,0.02976162261,0,1.249559263,2.801477941,0,0.768,0.062,0.02,0.148,0.002
695,446,446,131.948104,161.3245184,5.22753588,0,-2797015.531,3117476.664,297,297,5.91431005,408.7608808,2.804248126,23.54953813,-2796626.242,3117485.887,2417.538586,57368.80802,5.736880802,5.736880802,0.04347831175,389.3979432,Retain,4.882408694,1.777374847,-3.105033847,0.929712363,-0.6228045606,10.06690395,-3.069346678,4.095764975,2,0,0.03,0.97,0,0
696,446,446,131.948104,161.3245184,5.22753588,0,-2797015.531,3117476.664,298,298,0.6505782385,680.4266535,1.54819675,25.11445913,-2796442.489,3117334.733,442.6707736,6505.783525,0.6505783525,0.6505783525,0.00493056234,590.3568741,Retain,4.882408694,-0.4298937139,-5.312302408,1.439302054,-1.216849149,10.13123884,-5.123697933,4.511889515,2,0,0,1,0,0
697,446,446,131.948104,161.3245184,5.22753588,0,-2797015.531,3117476.664,301,301,0.7097237982,552.9506684,1.314093114,23.54953813,-2796608.572,3117271.132,392.4421402,7097.235273,0.7097235273,0.7097235273,0.005378808074,455.9157199,Retain,4.882408694,-0.3428794013,-5.225288095,1.231850812,-1.380793236,10.06690395,-5.050385598,4.253470757,2,0,0.01,0.99,0,0
698,446,446,131.948104,161.3245184,5.22753588,0,-2797015.531,3117476.664,304,304,0.1774312192,1097.081668,1.303614086,47.09933306,-2796409.674,3117231.609,194.6564295,1774.311503,0.1774311503,0.1774311503,0.001344704053,653.5400532,Retain,4.882408694,-1.729172242,-6.611580936,1.916990926,-1.388799543,10.76003535,-6.055251325,4.613565948,2,0,0,1,0,0
699,615,615,2.661625683,477.7325889,2.198636458,23.55228374,-2793292.967,3115956.829,553,553,0.3548816966,681.2568561,1.144847801,25.11324707,-2793159.516,3116069.11,241.7655889,3548.819208,0.3548819208,0.3548819208,0.1333327684,174.402736,Retain,0.9789370951,-1.035970794,-2.014907889,0.3548882714,-0.6525656731,0.0641700497,-1.865488199,5.244269328,2,0,0.216,0.784,0,0
700,393,393,0.3548679165,822.8046078,1.382691049,50.22809493,-2796214.891,3116835.115,368,368,0.118288994,1220.989606,1.184620391,94.20132915,-2796214.199,3116827.296,144.4296321,1182.889836,0.1182889836,0.1182889836,0.3333324262,7.850142914,Retain,-1.036009625,-2.134624547,-1.098614922,0.3946982032,-0.1546092579,0.6288504678,-0.6916546195,3.151028871,1,0.11,0.67,0.188,0.03,0.002
701,404,404,1.478617871,394.9458395,1.354754451,50.22803941,-2796439.393,3116785.134,383,383,1.478617871,394.9458395,1.354754451,50.22803941,-2796439.393,3116785.134,583.9739764,14786.17871,1.478617871,1.478617871,1,0,Retain,0.3911077805,0.3911077805,0,0,0,0,6.908754779,-6.530944226,3,0.106,0.014,0,0.734,0.146
702,584,584,4.790896582,297.511161,1.836989732,55.4743761,-2796078.953,3115855.151,558,558,4.672602429,294.2939879,1.794551281,55.4743761,-2796075.917,3115856.543,1375.118803,46726.02387,4.672602387,4.672602387,0.9753085476,3.340467911,Retain,1.566717572,1.541716182,-0.02500139005,-0.01087251358,-0.02337320861,0,3.637620327,0.9954163618,3,0.26,0.036,0.014,0.554,0.136
704,1101,1101,131.5574376,172.9673003,5.596503475,0,-2792914.15,3113206.306,880,880,2.543531346,456.7619569,2.054960791,23.55532494,-2793496.614,3113884.772,1161.788247,24843.79488,2.484379488,2.484379488,0.01888437123,894.193694,Retain,4.879443544,0.9335534092,-3.945890135,0.9710598121,-1.001885255,10.06714964,-3.899774992,4.928566701,2,0,0,1,0,0
705,446,446,131.948104,161.3245184,5.22753588,0,-2797015.531,3117476.664,266,266,29.33428278,206.0274992,3.14780627,23.54759677,-2796986.551,3118062.81,5946.342329,290977.1782,29.09771782,29.09771782,0.2205239555,586.8624024,Retain,4.882408694,3.378756893,-1.503651801,0.2445916727,-0.5072342279,10.06682151,-1.259373312,4.505952684,2,0,0.012,0.988,0,0
706,223,223,0.2365626644,1035.171195,1.420300854,23.54759677,-2797143.423,3118494.461,193,193,0.2957032874,828.1370768,1.270355796,23.54759677,-2797148.634,3118496.363,244.882856,2365.626644,0.2365626644,0.2365626644,1,5.547631694,Retain,-1.44154214,-1.218398735,0.2231434054,-0.2231434054,-0.1115717027,0,6.908754779,3.006687369,3,0.118,0.002,0.01,0.528,0.342
707,255,255,0.2365669333,822.8263397,1.128964468,23.54839109,-2798517.422,3117923.588,222,222,0.2365669333,822.8263397,1.128964468,23.54839109,-2798517.422,3117923.588,194.6535038,2365.669333,0.2365669333,0.2365669333,1,0,Retain,-1.441524095,-1.441524095,0,0,0,0,6.908754779,-5.614628289,3,0.23,0.028,0,0.576,0.166
708,259,259,0.2365666771,1035.157228,1.420293736,128.0089952,-2798203.15,3117933.701,225,225,0.2365666771,1035.157228,1.420293736,128.0089952,-2798203.15,3117933.701,244.8837056,2365.666771,0.2365666771,0.2365666771,1,0,Retain,-1.441525178,-1.441525178,0,0,0,0,6.908754779,-5.614627747,3,0.23,0.028,0,0.576,0.166
709,266,266,0.295711464,997.9788486,1.53091291,70.64634467,-2797723.824,3117759.851,237,237,0.295711464,997.9788486,1.53091291,70.64634467,-2797723.824,3117759.851,295.1137863,2957.11464,0.295711464,0.295711464,1,0,Retain,-1.218371084,-1.218371084,0,0,0,0,6.908754779,-5.726204794,3,0.216,0.016,0,0.598,0.17
710,303,303,0.2365724606,1021.903871,1.402126527,55.47557754,-2798016.223,3117317.863,280,280,0.177429351,1079.445173,1.282650659,55.47557754,-2798022.477,3117317.309,191.5252565,1774.29351,0.177429351,0.177429351,0.7500000234,6.278630677,Retain,-1.441500731,-1.729182772,-0.2876820413,0.05477975253,-0.08906126811,0,1.095952837,3.130426478,3,0.324,0.188,0.03,0.442,0.016
711,987,987,2.425236417,479.0431017,2.104489189,23.55554093,-2793049.638,3113822.083,874,874,2.070311888,515.6542518,2.093011232,0,-2793137.732,3113961.831,584.0065237,11238.85627,1.123885627,1.123885627,0.4634128117,165.196581,Retain,0.8859290113,0.7276992667,-0.1582297446,0.07364591026,-0.005468962025,-10.06715881,-0.1463171206,5.236542655,2,0.092,0.176,0.408,0.284,0.04
712,446,446,131.948104,161.3245184,5.22753588,0,-2797015.531,3117476.664,284,284,0.1182863936,1220.991588,1.184609293,75.34359167,-2796943.646,3117377.401,144.4266915,1182.863936,0.1182863936,0.1182863936,8.964614878e-4,122.5580327,Retain,4.882408694,-2.13464653,-7.017055224,2.024000606,-1.484527006,11.22982743,-6.267869037,2.939753409,2,0,0.01,0.99,0,0
713,446,446,131.948104,161.3245184,5.22753588,0,-2797015.531,3117476.664,300,300,0.2365741863,822.8126051,1.12896293,97.48859224,-2796993.724,3117231.116,194.6562225,2365.741863,0.2365741863,0.2365741863,0.001792933578,246.5138786,Retain,4.882408694,-1.441493436,-6.32390213,1.629310499,-1.532640566,11.48750091,-5.879869526,3.638582947,2,0,0,1,0,0
714,341,341,16.38248278,238.7924891,2.726500556,23.54839109,-2798406.121,3117574.011,316,316,16.08676402,233.8150244,2.645463831,23.54839109,-2798410.421,3117582.19,3761.327123,160276.2057,16.02762057,16.02762057,0.978338924,9.240241311,Retain,2.796212641,2.777996824,-0.0182158169,-0.02106461963,-0.03017252808,0,3.766229036,1.39793484,0,0.512,0.106,0.052,0.174,0.156
715,344,344,0.4140067909,705.2659409,1.280123032,134.1143277,-2800699.296,3116796.351,317,317,0.4140067909,705.2659409,1.280123032,134.1143277,-2800699.296,3116796.351,291.9848889,4140.067909,0.4140067909,0.4140067909,1,0,Retain,-0.8818729022,-0.8818729022,0,0,0,0,6.908754779,-5.894453885,3,0.188,0.018,0,0.604,0.19
716,345,345,0.6505822,752.8186787,1.712917879,34.42849078,-2798193.689,3117024.886,318,318,0.6505822,752.8186787,1.712917879,34.42849078,-2798193.689,3117024.886,489.7704322,6505.822,0.6505822,0.6505822,1,0,Retain,-0.4298876247,-0.4298876247,0,0,0,0,6.908754779,-6.120446524,3,0.148,0.016,0,0.642,0.194
717,349,349,4.258337739,272.8010479,1.588038964,34.42839428,-2800442.539,3116929.776,321,321,4.199194676,276.6432822,1.599183135,34.42839428,-2800442.829,3116927.646,1161.678998,41991.94676,4.199194676,4.199194676,0.9861112325,2.149534598,Retain,1.448878882,1.434892763,-0.01398611883,0.01398611883,0.006993059415,0,4.194175664,0.6136419634,3,0.178,0.056,0.012,0.642,0.112
718,354,354,28.6845596,146.1189063,2.207626375,34.42839428,-2799924.064,3117047.006,324,324,28.56627421,145.0752196,2.187334006,34.42839428,-2799924.445,3117045.572,4144.258504,285662.7434,28.56627434,28.56627434,0.9958763439,1.484053237,Retain,3.356358985,3.352226798,-0.004132186626,-0.007168353003,-0.009234446316,0,5.270758459,-0.7103639283,0,0.482,0.168,0.074,0.124,0.152
719,376,376,34.06652439,147.1814527,2.423327255,34.42851462,-2798916.462,3117200.95,342,342,34.00738089,145.9604244,2.401136105,34.42864869,-2798917.31,3117201.18,4963.731747,340073.8059,34.00738059,34.00738059,0.9982638735,0.8784069882,Retain,3.528315213,3.526577586,-0.001737626485,-0.008330678884,-0.009199492126,3.894108849e-6,5.900475651,-1.320300139,0,0.466,0.188,0.102,0.096,0.148
720,446,446,131.948104,161.3245184,5.22753588,0,-2797015.531,3117476.664,354,354,26.91022818,214.6740152,3.141472319,25.1141674,-2797432.368,3117294.598,5971.582074,266145.1137,26.61451137,26.61451137,0.2017043865,454.8636853,Retain,4.882408694,3.292506444,-1.58990225,0.2857026904,-0.5092484346,10.13122722,-1.371982163,4.251160576,2,0.002,0.01,0.988,0,0
721,446,446,131.948104,161.3245184,5.22753588,0,-2797015.531,3117476.664,367,367,10.40940663,159.2517482,1.449413371,25.11405058,-2796880.649,3116910.274,1657.716203,104094.0718,10.40940718,10.40940718,0.07889016109,582.2289278,Retain,4.882408694,2.342709881,-2.5396988130000002,-0.01293170634,-1.282781113,10.13122257,-2.446011643,4.498026031,2,0.006,0.038,0.938,0.01,0.008
722,379,379,0.4140102216,697.7080146,1.266409943,34.42864869,-2798818.07,3116743.579,346,346,0.4140102216,697.7080146,1.266409943,34.42864869,-2798818.07,3116743.579,288.8582497,4140.102216,0.4140102216,0.4140102216,1,0,Retain,-0.8818646157,-0.8818646157,0,0,0,0,6.908754779,-5.894458028,3,0.188,0.018,0,0.604,0.19
723,380,380,1.005453128,715.1160911,2.022798081,23.54984112,-2797503.89,3116887.625,347,347,0.887164266,757.374073,2.012368554,23.55004034,-2797499.766,3116900.229,671.9152136,8871.64266,0.887164266,0.887164266,0.8823526842,13.26119539,Retain,0.005438313118,-0.119725121,-0.1251634341,0.05741238868,-0.005169328392,8.459189899e-6,2.007569177,3.154563322,3,0.206,0.04,0.008,0.646,0.1
724,384,384,0.1774340727,1097.071342,1.303612298,125.57037,-2798060.864,3116707.094,357,357,0.1774340727,1097.071342,1.303612298,125.57037,-2798060.864,3116707.094,194.6578362,1774.340727,0.1774340727,0.1774340727,1,0,Retain,-1.72915616,-1.72915616,0,0,0,0,6.908754779,-5.470812256,3,0.232,0.032,0,0.57,0.166
725,385,385,13.66227295,192.3447594,2.005565753,0,-2797718.459,3116970.574,358,358,13.01169783,205.8222418,2.094374573,23.55004034,-2797728.312,3116952.737,2483.440155,125976.8861,12.59768861,12.59768861,0.9220785337,20.37715382,Retain,2.614638235,2.565848786,-0.04878944945,0.06772350851,0.04332878379,10.06692527,2.459261056,2.279509261,0,0.592,0.144,0.024,0.09,0.15
726,414,414,1.774344372,385.7371128,1.449457381,53.37829688,-2798919.425,3116532.508,392,392,1.774344372,385.7371128,1.449457381,53.37829688,-2798919.425,3116532.508,684.430475,17743.44372,1.774344372,1.774344372,1,0,Retain,0.5734309866,0.5734309866,0,0,0,0,6.908754779,-6.622105829,3,0.104,0.018,0,0.742,0.136
727,430,430,1.005461751,768.1834328,2.172915218,25.11390429,-2799307.93,3116492.745,406,406,1.005461751,768.1834328,2.172915218,25.11390429,-2799307.93,3116492.745,772.3790591,10054.61751,1.005461751,1.005461751,1,0,Retain,0.005446889358,0.005446889358,0,0,0,0,6.908754779,-6.338113781,3,0.126,0.012,0,0.71,0.152
728,446,446,131.948104,161.3245184,5.22753588,0,-2797015.531,3117476.664,422,422,6.387652806,237.3983624,1.692557525,25.11405058,-2797284.986,3116616.014,1516.418207,63876.52673,6.387652673,6.387652673,0.04841034072,901.8448811,Retain,4.882408694,1.854366878,-3.028041816,0.3863216054,-1.127699303,10.13122257,-2.959024504,4.935604238,2,0,0.004,0.996,0,0
729,651,651,242.7356226,163.0913074,7.167911591,0,-2797936.799,3116041.863,435,435,0.3548717341,681.262115,1.144840569,50.22755388,-2797976.874,3116375.653,241.7606681,3548.717341,0.3548717341,0.3548717341,0.001461968088,336.1878375,Retain,5.491972878,-1.035998867,-6.527971745,1.429636917,-1.834348955,10.82433895,-6.006332138,3.644051522,2,0,0.002,0.998,0,0
730,500,500,42.8209118,150.2326052,2.773238507,25.11390429,-2799704.878,3116414.011,466,466,38.97642384,133.6362611,2.35353347,23.55119531,-2799717.56,3116458.361,5158.434971,389172.7948,38.91727948,38.91727948,0.9088381784,46.12732418,Retain,3.757026577,3.662956946,-0.09406963044,-0.1170631549,-0.1640979701,-0.06424243102,2.289720795,2.525278823,2,0.396,0.04,0.468,0.02,0.076
731,500,500,42.8209118,150.2326052,2.773238507,25.11390429,-2799704.878,3116414.011,486,486,3.253028939,422.7187589,2.150753074,23.55119531,-2799573.167,3115965.949,1328.013948,31938.82875,3.193882875,3.193882875,0.07458698893,467.0200984,Retain,3.757026577,1.179586544,-2.577440033,1.034522291,-0.2541977255,-0.06424243102,-2.506035987,4.84022609,2,0,0.008,0.992,0,0
732,452,452,2.188368833,444.7570435,1.856000817,34.42893822,-2797616.086,3116514.327,427,427,2.188368833,444.7570435,1.856000817,34.42893822,-2797616.086,3116514.327,973.2924522,21883.68833,2.188368833,2.188368833,1,0,Retain,0.7831564411,0.7831564411,0,0,0,0,6.908754779,-6.726968557,3,0.102,0.02,0.002,0.75,0.126
733,462,462,0.4140173986,705.2566466,1.280122562,23.55105156,-2799219.323,3116272.314,434,434,0.4140173986,705.2566466,1.280122562,23.55105156,-2799219.323,3116272.314,291.9885222,4140.173986,0.4140173986,0.4140173986,1,0,Retain,-0.8818472805,-0.8818472805,0,0,0,0,6.908754779,-5.894466696,3,0.188,0.018,0,0.604,0.19
734,560,560,0.828055018,466.3936174,1.197229097,25.11331967,-2797106.271,3115817.768,533,533,0.9463476331,510.9432826,1.402145595,25.11331967,-2797118.44,3115828.09,386.1994845,7097.611085,0.7097611085,0.7097611085,0.857142452,15.95736342,Retain,-0.1886756799,-0.05514530054,0.1335303794,0.09122864096,0.1579938307,0,1.785946554,3.436685827,4,0.082,0.008,0.004,0.45,0.456
735,594,594,0.5323255821,642.8756234,1.323154918,88.85312934,-2796600.105,3115649.044,568,568,0.4731782727,723.2349189,1.403417383,88.85312934,-2796595.27,3115649.8,342.2190497,4731.782727,0.4731782727,0.4731782727,0.8888888466,4.894058871,Retain,-0.6304999803,-0.7482830636,-0.1177830833,0.117782818,0.05889127635,0,2.071605743,2.475841236,0,0.416,0.048,0.004,0.408,0.124
736,651,651,242.7356226,163.0913074,7.167911591,0,-2797936.799,3116041.863,598,598,203.1665031,170.5303206,6.856819691,23.55105156,-2797748.871,3116106.654,34646.05046,2021018.673,202.1018673,202.1018673,0.8326007743,198.7836469,Retain,5.491972878,5.314025855,-0.177947023,0.04460290223,-0.0443706093,10.06696821,1.599417096,3.118600566,2,0.188,0.084,0.67,0.016,0.042
737,651,651,242.7356226,163.0913074,7.167911591,0,-2797936.799,3116041.863,606,606,6.861094081,226.975039,1.677142076,0,-2799040.756,3115386.99,1557.297097,68610.94206,6.861094206,6.861094206,0.02826570791,1283.5804,Retain,5.491972878,1.925866916,-3.566105962,0.3305298392,-1.452523142,0,-3.503694512,4.983787923,2,0,0.008,0.992,0,0
738,651,651,242.7356226,163.0913074,7.167911591,0,-2797936.799,3116041.863,614,614,20.58306807,203.0298882,2.598424477,0,-2799582.355,3115612.389,4178.97801,205830.6846,20.58306846,20.58306846,0.08479624144,1700.6766,Retain,5.491972878,3.0244688,-2.467504078,0.2190429886,-1.014709051,0,-2.368263584,5.265160543,2,0,0.022,0.976,0,0.002
739,628,628,1.537834363,441.0070489,1.542749377,137.7175953,-2796828.271,3115537.999,594,594,1.301244481,521.1902802,1.677145828,141.3130767,-2796822.257,3115540.764,678.1959758,13012.44588,1.301244588,1.301244588,0.8461539287,6.618992024,Retain,0.4303751692,0.2633210999,-0.1670540693,0.167054337,0.08352730238,0.02577246873,1.699450877,2.247271523,0,0.718,0.042,0.018,0.204,0.018
740,675,675,0.5323333653,642.8685869,1.323150108,47.10624513,-2797665.444,3115152.727,637,637,0.5323334711,642.8682555,1.323149558,70.65920945,-2797672.388,3115167.876,295.11445200000003,4140.36996,0.414036996,0.414036996,0.777777654,16.66416877,Retain,-0.6304853593,-0.6304851606,1.986974812e-7,-5.15556799e-7,-4.162080584e-7,0.4054557926,1.249557238,3.700928461,3,0.064,0.004,0.002,0.858,0.072
741,698,698,0.2365937118,822.77580149999994,1.128959018,47.10624513,-2797582.206,3115051.07,658,658,0.2365937118,822.77580149999994,1.128959018,70.65920945,-2797582.206,3115051.07,194.6635809,2365.937118,0.2365937118,0.2365937118,1,0,Retain,-1.441410905,-1.441410905,0,0,0,0.4054557926,6.908754779,-5.614684883,3,0.236,0.032,0,0.572,0.16
742,767,767,1.597017611,359.8192134,1.282727101,70.66101123,-2798729.798,3114772.05,695,695,1.064679793,495.4830151,1.442226082,70.66104591,-2798734.783,3114749.277,527.5307539,10646.79633,1.064679633,1.064679633,0.6666674339,23.31291305,Retain,0.468137897,0.06267408996,-0.405463807,0.3199313548,0.1171994513,4.907181736e-7,0.6916539917,3.487346304,0,0.476,0.286,0.112,0.122,0.004
743,774,774,1.123829616,427.4889384,1.278410079,117.7664973,-2797453.077,3114844.098,696,696,1.00553106,430.9338852,1.218999305,128.0294887,-2797452.713,3114853.208,433.3174064,10055.3106,1.00553106,1.00553106,0.8947362175,9.117162534,Retain,0.1167421531,0.005515819892,-0.1112263332,0.00802626691,-0.0475868997,0.08355610938,2.131721452,2.724262174,3,0.254,0.024,0.008,0.594,0.12
744,796,796,0.3548960144,690.0326818,1.159618912,70.66101123,-2798687.111,3114574.843,721,721,0.2365972226,822.7691882,1.12895832,70.66104591,-2798699.618,3114573.735,194.6649047,2365.972226,0.2365972226,0.2365972226,0.6666663275,12.55623699,Retain,-1.03593045,-1.441396066,-0.4054656169,0.1759367482,-0.02679606024,4.907181736e-7,0.6916490251,3.62062732,1,0.26,0.466,0.014,0.256,0.004
745,817,817,0.1182988264,1247.326225,1.210222825,94.21628359,-2798265.018,3114505.838,745,745,0.1774487731,1079.458621,1.28273684,157.8662237,-2798250.432,3114483.484,97.33253684,591.4942428,0.05914942428,0.05914942428,0.5000000937,26.69171901,Retain,-2.134541429,-1.729073314,0.4054681148,-0.1445426013,0.05819145616,0.51615068099999994,3.740351711e-7,4.924026489,3,0.006,0.006,0.002,0.798,0.188
746,818,818,0.2365980229,822.7676948,1.12895818,173.3847345,-2797590.669,3114577.405,746,746,0.5914954424,652.9446594,1.416599693,206.5790854,-2797619.647,3114563.014,144.4406065,1182.992538,0.1182992538,0.1182992538,0.5000010245,32.35438004,Retain,-1.441392684,-0.5251013007,0.916291383,-0.231181517,0.2269641745,0.1751693685,4.089715335e-6,4.769841599,4,0,0.002,0.008,0.096,0.894
747,830,830,1.182989665,451.2050839,1.384393423,47.10819321,-2797202.838,3114624.763,726,726,0.2365977475,822.7682157,1.128958238,47.10784899,-2797194.595,3114659.78,194.6649982,2365.974766,0.2365974766,0.2365974766,0.1999996143,35.97425576,Retain,0.1680448483,-1.441393848,-1.609438696,0.60075256,-0.203966788,-7.306947601e-6,-1.38255844,4.071173881,1,0,0.906,0.086,0.008,0
748,830,830,1.182989665,451.2050839,1.384393423,47.10819321,-2797202.838,3114624.763,758,758,0.2365987102,1008.699563,1.384086036,47.10784899,-2797171.697,3114543.577,144.4406292,1182.992954,0.1182992954,0.1182992954,0.100000278,86.95331496,Retain,0.1680448483,-1.441389779,-1.609434627,0.8044952516,-2.220619957e-4,-7.306947601e-6,-2.188381679,4.953725384,1,0,0.54,0.442,0.018,0
749,869,869,0.5323502233,808.1311319,1.663319296,47.10819321,-2797165.134,3114406.221,784,784,0.4140508004,811.4770204,1.472984267,68.86021623,-2797162.071,3114353.569,241.7749112,2957.502452,0.2957502452,0.2957502452,0.555555783,52.74088269,Retain,-0.6304536917,-0.8817666064,-0.2513129147,0.004131731751,-0.1215247256,0.3796249533,0.22269538,4.853001667,3,0.05,0.342,0.07,0.53,0.008
750,911,911,1.005559931,524.6303082,1.484063296,106.7683905,-2797187.935,3114124.15,811,811,0.7098071346,743.2264448,1.766389206,68.86021623,-2797187.27,3114126.412,527.5474332,7098.068792,0.7098068792,0.7098068792,0.7058822231,2.356927715,Retain,0.005544531146,-0.3427619873,-0.3483065184,0.3483069295,0.1741536703,-0.4385781596,0.8734895447,1.427375824,0,0.682,0.098,0.04,0.166,0.014
751,918,918,0.3549048688,681.2444265,1.144864289,55.47304187,-2797814.902,3113978.197,813,813,0.1183014848,1220.97639,1.184670112,88.85270837,-2797803.434,3113991.037,144.4433199,1183.014848,0.1183014848,0.1183014848,0.3333329442,17.21514892,Retain,-1.035905501,-2.134518957,-1.098613456,0.5834849728,0.03417824474,0.4710760939,-0.6916522945,3.936165527,1,0.048,0.756,0.138,0.058,0
752,961,961,0.768969421,751.3686699,1.858671694,50.22322653,-2797666.496,3113693.023,862,862,0.3549095782,681.241874,1.144867595,55.47281083,-2797633.64,3113639.543,241.7792662,2957.582036,0.2957582036,0.2957582036,0.3846163391,62.7664407,Retain,-0.2627040749,-1.035892231,-0.7731881562,-0.09797901883,-0.4845730969,0.09941352196,-0.4690266607,4.843153459,1,0.004,0.602,0.284,0.11,0
754,963,963,4.554662922,321.9199339,1.938077138,0,-2796861.904,3113781.3,864,864,6.092609357,248.9014395,1.733102077,55.47282659,-2796850.431,3113757.13,1416.013341,44363.59442,4.436359442,4.436359442,0.974025854,26.75496905,Retain,1.516151526,1.807076456,0.2909249297,-0.2572458695,-0.1117834046,10.9236666,3.587585137,3.10104677,4,0.074,0.006,0.032,0.034,0.854
755,968,968,0.4732150622,617.062298,1.197438893,47.1114072,-2797115.933,3113593.767,867,867,0.354911357,690.0087925,1.15960383,55.47282659,-2797113.585,3113602.842,244.8919569,3549.113681,0.3549113681,0.3549113681,0.750000151,9.374497892,Retain,-0.7482053168,-1.035887219,-0.2876819024,0.1117343524,-0.03210659882,0.1633749277,1.095953515,3.18456728,3,0.34,0.232,0.01,0.404,0.014
756,971,971,3.785692946,444.5989175,2.440260341,47.11168583,-2797828.029,3113703.979,875,875,4.022300132,407.5077469,2.305516177,23.55588831,-2797811.691,3113695.059,1588.893969,34307.84256,3.430784256,3.430784256,0.9062500062,18.61453259,Retain,1.331228947,1.391853911,0.06062496427,-0.08711262341,-0.05680014128,-0.6931240281,2.259176275,2.830746787,4,0.188,0.004,0.016,0.172,0.62
757,974,974,1.478801271,734.538812,2.51979218,23.55585302,-2796929.142,3113471.661,872,872,0.1774566878,1114.529053,1.324441095,50.22292143,-2796904.125,3113514.978,147.5574052,1183.038953,0.1183038953,0.1183038953,0.07999986043,50.02263735,Retain,0.3912318075,-1.729028712,-2.12026052,0.4169443852,-0.6431858746,0.757074659,-2.431012756,4.28924468,2,0,0.344,0.654,0.002,0
758,974,974,1.478801271,734.538812,2.51979218,23.55585302,-2796929.142,3113471.661,884,884,1.123891928,516.8619743,1.545723915,50.22292143,-2797033.158,3113443.808,389.3383812,5915.208573,0.5915208573,0.5915208573,0.400000236,107.6810952,Retain,0.3912318075,0.1167975972,-0.2744342103,-0.3514669709,-0.4886840761,0.757074659,-0.4046325261,5.055932363,2,0.02,0.35,0.422,0.1,0.108
760,987,987,2.425236417,479.0431017,2.104489189,23.55554093,-2793049.638,3113822.083,891,891,0.768980263,563.5254703,1.394011045,23.55608659,-2792997.232,3113718.862,433.3399643,7689.802734,0.7689802734,0.7689802734,0.3170743553,115.7632113,Retain,0.8859290113,-0.2626899756,-1.148618987,0.1624219566,-0.4118875368,2.31634921e-5,-0.765564028,4.880955899,2,0.002,0.212,0.774,0.012,0
761,979,979,3.549106256,391.9638753,2.083054399,75.33492816,-2796557.929,3113671.758,885,885,3.194196341,388.3454975,1.957916409,75.3347512,-2796566.294,3113659.193,1290.674527,29575.88885,2.957588885,2.957588885,0.8333334287,15.09416511,Retain,1.266695813,1.16133552,-0.1053602931,-0.009274279831,-0.0619544264,-2.348988357e-6,1.604655805,2.653391537,0,0.448,0.028,0.042,0.436,0.046
762,985,985,0.532370441,725.4867011,1.493246449,34.43066898,-2797627,3113327.453,890,890,0.4732184119,816.1723129,1.583827003,23.55588831,-2797627.725,3113323.776,386.227675,4732.183057,0.4732183057,0.4732183057,0.8888891443,3.747844753,Retain,-0.6304157144,-0.7481982382,-0.1177825238,0.1177827589,0.05889149698,-0.379558476,2.071608733,2.209020527,0,0.524,0.03,0.002,0.338,0.106
763,992,992,0.1183052866,1220.970385,1.184683321,25.11126602,-2797534.731,3113234.464,894,894,0.1183052866,1220.970385,1.184683321,25.11127872,-2797534.731,3113234.464,144.4472513,1183.052866,0.1183052866,0.1183052866,1,0,Retain,-2.134486821,-2.134486821,0,0,0,5.054555869e-7,6.908754779,-5.268146925,3,0.222,0.052,0,0.564,0.162
764,1017,1017,2.780173568,449.5414298,2.114466191,25.11126602,-2797442.69,3113212.679,904,904,2.306952432,519.9849693,2.227948655,25.11127872,-2797440.54,3113200.058,1199.580589,23069.53081,2.306953081,2.306953081,0.8297874304,12.80239809,Retain,1.02251336,0.8359273599,-0.1865860002,0.1455718877,0.05227888757,5.054555869e-7,1.579468081,2.610818875,0,0.766,0.052,0.02,0.152,0.01
765,1101,1101,131.5574376,172.9673003,5.596503475,0,-2792914.15,3113206.306,916,916,0.2366145552,822.7365236,1.12895485,0,-2792653.115,3113193.556,194.6714366,2366.145552,0.2366145552,0.2366145552,0.001798564639,261.3460906,Retain,4.879443544,-1.441322811,-6.320766355,1.559533447,-1.60084973,0,-5.877849738,3.698492544,2,0,0.002,0.998,0,0
766,1041,1041,1.833760197,428.028726,1.635080938,34.43087295,-2794140.959,3113084.454,915,915,0.8281506601,534.5316918,1.372218289,86.69839992,-2794178.168,3113090.752,442.672665,8281.501391,0.8281501391,0.8281501391,0.4516131064,37.73840805,Retain,0.6063686114,-0.1885601845,-0.7949287959,0.2222007109,-0.1752636871,0.9234642877,-0.1937652268,3.899885492,2,0.014,0.42,0.554,0.012,0
767,1046,1046,0.4732302861,610.4845818,1.184693576,23.55715319,-2793947.576,3113008.112,924,924,1.774612943,601.5883051,2.260717391,0,-2793856.346,3113021.701,194.671453,2366.147749,0.2366147749,0.2366147749,0.4999992221,92.23712893,Retain,-0.7481731462,0.5735823388,1.321755485,-0.01467970549,0.646198037,-10.06722725,-3.105451443e-6,5.470825107,4,0,0,0.078,0.044,0.878
768,1065,1065,1.360546909,533.1389971,1.754253205,23.55715319,-2793843.558,3112829.663,928,928,0.591539865,732.5811588,1.589435182,0,-2793886.112,3112940.237,292.0082223,2957.702376,0.2957702376,0.2957702376,0.2173906946,118.4802976,Retain,0.3078867578,-0.5250262013,-0.8329129591,0.317791959,-0.0986645206,-10.06722725,-1.277624925,5.193176686,2,0.036,0.318,0.592,0.038,0.016
769,1065,1065,1.360546909,533.1389971,1.754253205,23.55715319,-2793843.558,3112829.663,934,934,1.005623951,527.721446,1.492854962,23.55724398,-2793767.724,3112793.791,292.0088579,3549.263636,0.3549263636,0.3549263636,0.2608703612,83.89041763,Retain,0.3078867578,0.005608195731,-0.3022785621,-0.01021359276,-0.1613528738,3.854210399e-6,-1.038975781,4.847944879,1,0.036,0.448,0.336,0.168,0.012
770,1088,1088,0.7098588746,544.1104037,1.293207176,34.43117474,-2795640.105,3112359.711,949,949,0.2957742413,976.7746199,1.498544379,23.55797388,-2795622.975,3112370.293,288.9046814,2957.740016,0.2957740016,0.2957740016,0.4166659208,20.13459441,Retain,-0.3426890969,-1.218158814,-0.875469717,0.5851037654,0.1473689069,-0.3794846353,-0.3357909924,3.746198606,1,0.076,0.72,0.12,0.082,0.002
771,1091,1091,2.721116295,370.4575959,1.723880367,34.43117474,-2795530.233,3112456.753,952,952,2.070416604,417.1174839,1.693098922,50.22092052,-2795527.91,3112435.469,863.6069646,20704.17293,2.070417293,2.070417293,0.7608705652,21.41111235,Retain,1.001042199,0.727749845,-0.2732923536,0.118628931,-0.01801724578,0.3774601557,1.15459859,3.135800603,0,0.56,0.2,0.022,0.212,0.006
772,1101,1101,131.5574376,172.9673003,5.596503475,0,-2792914.15,3113206.306,962,962,100.5613047,170.766183,4.83072582,0,-2792939.561,3113135.522,14271.05634,812180.163,81.2180163,81.2180163,0.6173578462,75.20683891,Retain,4.879443544,4.610767538,-0.2686760053,-0.01280729114,-0.1471452938,0,0.4773571021,2.452898637,2,0.114,0.06,0.816,0.006,0.004
773,1143,1143,76.48763818,125.7830842,3.103222623,47.11464927,-2794691.446,3112334.297,982,982,73.29314946,120.9372537,2.920699406,68.86224368,-2794662.659,3112374.98,9143.468786,643015.4001,64.30154001,64.30154001,0.840678854,49.83734486,Retain,4.337129135,4.294467146,-0.04266198982,-0.03928702214,-0.06061801705,0.3795173601,1.658219567,2.31258504,0,0.478,0.094,0.312,0.038,0.078
774,1143,1143,76.48763818,125.7830842,3.103222623,47.11464927,-2794691.446,3112334.297,991,991,0.709878707,614.8508782,1.461359074,68.86309906,-2795395.751,3111663.942,436.4697456,5324.089292,0.5324089292,0.5324089292,0.006960718644,972.3280923,Retain,4.337129135,-0.3426611588,-4.679790294,1.586820895,-0.7530742523,0.3795297814,-4.827257447,5.283494695,2,0,0,1,0,0
780,1110,1110,1.1239567,474.9315646,1.420368043,120.6424137,-2796000.69,3112017.948,969,969,0.591555979,573.2817224,1.243830173,172.1566698,-2796020.141,3112015.852,339.1282305,5915.55979,0.591555979,0.591555979,0.5263156302,19.56308537,Retain,0.1168552278,-0.5249989611,-0.6418541888,0.1882065389,-0.1327205555,0.3555715411,0.1051491894,3.487632836,1,0.106,0.736,0.12,0.038,0
782,1138,1138,0.2957818119,817.4720564,1.254162227,25.10994139,-2795742.817,3111673.818,986,986,0.118312668,1220.964913,1.184714969,230.8496014,-2795734.266,3111691.13,144.4556164,1183.1265759999999,0.1183126576,0.1183126576,0.399999773,19.30915129,Retain,-1.218133219,-2.13442443,-0.9162912115,0.4011800171,-0.05696558867,2.218467091,-0.4046344509,4.142062483,1,0.136,0.738,0.042,0.084,0
