OBJECTID,FID_RasterT_Majori18_Project,ID_2015,AREA_2015,ED_2015,SHAPE_2015,ENN_2015,POINT_X_2015,POINT_Y_2015,FID_RasterT_Raster20,ID_2020,Area_2020,ED_2020,SHAPE_2020,ENN_2020,POINT_X_2020,POINT_Y_2020,Shape_Length,Shape_Area,OVERLAP_15_20,MAX_OVERLAP_15_20,RETENTION_15_20,CENTROID_15_20,EVENT TYPE,log_area_parent,log_area_child,log_change_area,log_change_ED,log_change_shape_index,log_change_ENN,logit_retention_ratio,log_centroid_shift,Predicted_Typology,Prob_0,Prob_1,Prob_2,Prob_3,Prob_4
2,941,941,1.123938618,569.8280713,1.704159362,50.22112328,-2717914.837,3119243.869,473,473,2.347051166,425.3856736,1.838396591,52.54747059,-2717919.397,3119209.049,626.3124496,8746.604829,0.8746604829,0.8746604829,0.7782101875,35.11688089,Retain,0.1168391399,0.8531597172,0.7363205773,-0.2923384612,0.07582182745,0.04528036059,1.252052044,4.072655801,4,0.004,0,0,0.028,0.968
3,945,945,4.732364118,279.3122883,1.714052765,120.641679,-2718850.762,3119231.734,485,485,4.417978665,261.6681611,1.551521355,37.15667279,-2718794.278,3119210.788,908.3931352,34568.68984,3.456868984,3.456868984,0.7304740078,60.24280809,Retain,1.554424891,1.485682276,-0.06874261517,-0.06525332837,-0.09962463596,-1.177662825,0.994693504,3.893552294,3,0.25,0.068,0.24,0.352,0.09
4,950,950,1.715492188,428.2638158,1.582343701,68.86228262,-2718135.619,3119140.633,481,481,1.518680166,380.6082343,1.323141857,52.54747059,-2718115.677,3119115.546,532.8434088,8075.133069,0.8075133069,0.8075133069,0.4707181487,32.04759646,Retain,0.5397000297,0.417841646,-0.1218583837,-0.1179688081,-0.1788979999,-0.2703871346,-0.1170269956,3.769768318,3,0.032,0.248,0.268,0.404,0.048
5,957,957,0.7690169307,575.6349462,1.424000593,25.11033135,-2718928.608,3118952.526,498,498,1.932865666,543.726049,2.132436186,0,-2718928.286,3118922.246,445.0723183,3129.707004,0.3129707004,0.3129707004,0.4069750455,30.2814391,Retain,-0.2626422933,0.6590037028,0.9216459961,-0.05702815216,0.4037948459,-10.13107447,-0.3757153197,4.114254066,4,0.006,0.014,0.07,0.048,0.862
6,958,958,0.2366208369,822.7246632,1.128953561,117.7910062,-2718597.554,3118969.199,490,490,0.2761236666,761.2164686,1.128379167,78.82120589,-2718562.33,3118944.767,82.21039466,409.9016921,0.04099016921,0.04099016921,0.1732314438,42.86801928,Retain,-1.441296263,-1.286906446,0.1543898169,-0.07770382186,-5.089134269e-4,-0.401725652,-1.558349042,5.051162478,3,0,0.008,0.014,0.92,0.058
8,964,964,0.2366221301,1048.07968,1.438192596,47.11598512,-2719487.082,3118762.575,513,513,0.3451545832,913.4597623,1.513879513,26.2737353,-2719468.774,3118747.714,216.6189311,976.9313204,0.09769313204,0.09769313204,0.412865576,23.58063619,Retain,-1.441290798,-1.063762895,0.377527903,-0.1374755653,0.05128838622,-0.5840257118,-0.3514143087,4.453478624,3,0,0,0.002,0.562,0.436
9,971,971,0.2957781086,976.7734182,1.498552332,50.22037229,-2717896.186,3118814.386,508,508,0.4832164165,652.4712588,1.279461712,52.5474706,-2717832.296,3118811.521,73.22608748,52.82735932,0.005282735932,0.005282735932,0.01786046965,63.95434625,Retain,-1.218145739,-0.7272906584,0.4908550803,-0.4034876188,-0.1580600787,0.04529531419,-3.953682875,5.339622937,4,0,0.05,0.096,0.222,0.632
15,968,968,12.12680933,228.3735495,2.243438376,55.47156768,-2719842.177,3118869.372,527,527,44.93912674,129.7926698,2.454468982,0,-2719672.426,3118992.289,2645.412939,116867.9188,11.68679188,11.68679188,0.9637153157,209.5807287,Retain,2.495418649,3.805308835,1.309890186,-0.5650443339,0.08990075917,-10.9236439,3.253250414,4.669769395,4,0.018,0.006,0.02,0.012,0.944
16,974,974,2.070446156,517.139731,2.099108773,25.11027296,-2718897.797,3118747.099,514,514,0.2761236666,761.2164687,1.128379167,52.5474706,-2718772.52,3118760.85,80.02689442,385.8514155,0.03858514155,0.03858514155,0.01863614827,126.0289816,Retain,0.7277641186,-1.286906446,-2.014670565,0.3866046595,-0.620730623,0.738419126,-3.912589594,5.045002712,2,0,0.234,0.766,0,0
17,974,974,2.070446156,517.139731,2.099108773,25.11027296,-2718897.797,3118747.099,531,531,1.656742,539.1949986,1.95780018,37.15667279,-2718884.184,3118724.724,819.5697605,10252.97974,1.025297974,1.025297974,0.4952062971,26.19080912,Retain,0.7277641186,0.504853023,-0.2229110956,0.04176417312,-0.06969137467,0.3918534181,-0.01913712268,3.473929616,1,0.142,0.53,0.106,0.212,0.01
18,975,975,2.247917121,345.0283335,1.459284522,50.22051161,-2718640.162,3118732.189,524,524,2.623174833,280.4481726,1.281330904,52.5474706,-2718603.124,3118743.565,594.4104248,15174.53803,1.517453803,1.517453803,0.6750488211,38.74596967,Retain,0.8100040636,0.9643853524,0.1543812887,-0.2072375996,-0.1300469552,0.04529254002,0.729517682,3.824415462,4,0.054,0.012,0.014,0.36,0.56
19,989,989,8.281826462,252.8797194,2.052920502,50.21985379,-2718139.813,3118689.549,555,555,9.388204664,251.8730962,2.177048595,52.5474706,-2718100.415,3118678.938,2141.970721,61983.41346,6.198341346,6.198341346,0.7484268566,40.80218779,Retain,2.114063531,2.239454078,0.1253905471,-0.003988583922,0.05870668962,0.04530563845,1.08760784,3.224093388,4,0.048,0,0.002,0.052,0.898
20,993,993,9.938257846,275.7995063,2.452695773,47.11845475,-2719594.148,3118396.136,571,571,0.2070927499,1014.955292,1.302940032,26.2737353,-2719214.795,3118266.028,123.579426,733.2537318,0.07332537318,0.07332537318,0.007378091243,401.0448742,Retain,2.296391738,-1.574588519,-3.870980257,1.302925667,-0.6325644612,-0.5840781253,-4.775736648,5.418244894,2,0,0.002,0.998,0,0
21,997,997,0.2957849974,827.9528762,1.270248697,0,-2719038.534,3118148.564,592,592,0.1380618333,1141.824703,1.196826841,37.1566728,-2719008.984,3118117.144,64.99935344,42.86230417,0.004286230417,0.004286230417,0.01449103388,43.1327221,Retain,-1.218122449,-1.980053627,-0.761931178,0.3214266384,-0.05953895059,10.52292556,-4.153911017,4.945731274,1,0.058,0.646,0.156,0.138,0.002
22,998,998,17.15549187,285.8629432,3.340061904,0,-2718491.349,3118234.067,597,597,16.01517266,203.428539,2.296533372,37.15667279,-2718597.777,3118247.154,3253.569111,113532.8562,11.35328562,11.35328562,0.6617872403,107.229322,Retain,2.842318348,2.773536564,-0.06878178376,-0.3401976928,-0.3745885847,10.52292556,0.669826514,3.826184832,2,0.21,0.066,0.444,0.142,0.138
23,998,998,17.15549187,285.8629432,3.340061904,0,-2718491.349,3118234.067,609,609,5.315380582,306.4637731,1.993156475,37.15667279,-2717959.911,3118131.816,1344.973108,25324.83867,2.532483867,2.532483867,0.1476194262,541.1856605,Retain,2.842318348,1.670604614,-1.171713734,0.06958707647,-0.5162697903,10.52292556,-1.7478167550000001,5.444970017,2,0.008,0.034,0.94,0.008,0.01
25,396,396,2.720642004,513.5527599,2.389548419,50.22792921,-2728533.675,3122861.348,168,168,3.106391249,524.3935672,2.607236939,26.2737353,-2728502.268,3122810.801,1006.807308,10063.93147,1.006393147,1.006393147,0.3699101702,59.50963854,Retain,1.000867883,1.133461682,0.132593799,0.02088971514,0.08718661465,-0.6479832974,-0.5314883088,4.158086097,4,0.012,0.062,0.076,0.192,0.658
26,433,433,0.4731630052,617.0988393,1.197443934,117.7536213,-2728512.349,3122473.289,179,179,0.2761236666,761.2164686,1.128379167,78.82120589,-2728493.802,3122439.173,135.0073073,1030.707908,0.1030707908,0.1030707908,0.2178335789,38.83068961,Retain,-0.74831533,-1.286906446,-0.5385911162,0.2098885657,-0.05940699237,-0.4014082211,-1.275033689,4.605759264,1,0.024,0.758,0.098,0.12,0
27,441,441,0.2365817328,1035.103669,1.420265443,244.8697182,-2727611.946,3122518.545,173,173,0.2070927499,1014.955292,1.302940032,200.0948067,-2727596.116,3122496.1,147.3684806,1082.65552,0.108265552,0.108265552,0.457624309,27.46541649,Retain,-1.441461537,-1.574588519,-0.1331269813,-0.01965702127,-0.08622051191,-0.2019341054,-0.1695695849,4.606059751,3,0.02,0.06,0.01,0.89,0.02
28,464,464,1.715215948,534.5197672,1.974777824,53.37917688,-2728248.738,3122454.179,172,172,0.8283709998,444.04294,1.140072528,26.2737353,-2728231.065,3122531.131,186.025895,1832.07277,0.183207277,0.183207277,0.106812951,78.95532468,Retain,0.5395389897,-0.1882941575,-0.7278331472,-0.1854474429,-0.5493640165,-0.7088316151,-2.11551719,4.671490296,2,0.01,0.276,0.648,0.05,0.016
31,465,465,0.2365827927,1021.890231,1.40213843,47.10244536,-2727882.284,3122365.188,184,184,0.4141854999,634.3470571,1.151647165,83.08484618,-2727836.959,3122373.489,61.48187459,37.36138859,0.003736138859,0.003736138859,0.01579209889,46.07921517,Retain,-1.441457057,-0.8814413381,0.5600157194,-0.476813146,-0.1968052863,0.5675282164,-4.071944214,5.123477158,4,0.002,0.058,0.054,0.348,0.538
33,582,582,26.43856546,177.2967854,2.571667835,53.37917688,-2728139.934,3121894.848,194,194,2.692205749,468.4409038,2.168223274,26.2737353,-2728080.496,3122300.731,327.8036199,3342.419878,0.3342419878,0.3342419878,0.01264221345,410.2124346,Retain,3.274823757,0.9903608388,-2.284462918,0.9715848722,-0.170646587,-0.7088316151,-4.282875849,4.951630661,2,0,0.03,0.97,0,0
34,582,582,26.43856546,177.2967854,2.571667835,53.37917688,-2728139.934,3121894.848,225,225,27.81945941,128.4434736,1.911091379,37.1566728,-2728110.16,3121870.637,4036.111965,224778.0483,22.47780483,22.47780483,0.8501900323,38.37505687,Retain,3.274823757,3.325735755,0.05091199737,-0.3223361688,-0.2968801701,-0.3622691721,1.730614856,2.58238681,4,0.172,0.022,0.26,0.17,0.376
35,610,610,0.4140345152,705.2404472,1.280119619,217.8451683,-2727421.706,3121483.016,238,238,0.2070927499,1014.955291,1.302940032,224.4828928,-2727377.169,3121453.908,104.729046,609.804155,0.0609804155,0.0609804155,0.1472834106,53.20562572,Retain,-0.8818059386,-1.574588519,-0.6927825801,0.3640610382,0.01766974817,0.03001479395,-1.750473897,4.987450845,1,0.028,0.824,0.038,0.11,0
36,613,613,0.7689207608,571.6468103,1.414046353,74.98856835,-2728038.88,3121422.447,248,248,0.6212782499,592.0572533,1.316442362,74.31334558,-2728010.657,3121398.441,319.5822293,3161.010326,0.3161010326,0.3161010326,0.411097019,37.05140832,Retain,-0.2627673567,-0.47597623,-0.2132088733,0.0350820057,-0.07152243092,-0.009045005646,-0.3586992798,4.316081973,3,0.05,0.288,0.036,0.622,0.004
37,634,634,1.833586239,371.5776376,1.419368974,70.65888747,-2727797.077,3121366.717,254,254,1.518680166,415.2089829,1.44342748,78.82120589,-2727765.303,3121351.202,558.6998459,11544.44798,1.154444798,1.154444798,0.6296103088,35.36010044,Retain,0.6062737428,0.4178416459,-0.1884320968,0.1110241404,0.01680809196,0.1093167084,0.5294362028,3.83484043,1,0.254,0.484,0.018,0.238,0.006
38,657,657,0.7097803755,623.674309,1.48222767,25.11270022,-2727555.792,3121211.392,280,280,1.794803833,468.4409038,1.77034689,26.2737353,-2727480.242,3121136.602,268.9174268,3056.79596,0.305679596,0.305679596,0.4306678608,106.307444,Retain,-0.3427996871,0.5848957307,0.9276954177,-0.286218337,0.1776293719,0.04519431963,-0.2785624396,5.410109504,4,0,0.01,0.07,0.072,0.848
39,687,687,0.8872314475,548.5150753,1.457478307,68.85960741,-2727252.568,3121042.142,288,288,1.2425565,465.1878419,1.462788361,26.2737353,-2727210.768,3121016.013,422.2581086,4947.362267,0.4947362267,0.4947362267,0.5576180015,49.29505492,Retain,-0.1196493978,0.2171709505,0.3368203483,-0.1647734788,0.003636695358,-0.9634764362,0.2310341816,4.530033698,4,0.006,0,0.002,0.104,0.888
41,787,787,1.183001998,445.9357633,1.368233156,78.93258734,-2726428.282,3120545.116,327,327,1.2425565,422.8980381,1.329807601,83.08484618,-2726400.661,3120537.247,454.8233661,6882.913906,0.6882913906,0.6882913906,0.5818176063,28.72011004,Retain,0.1680552737,0.2171709505,0.04911567675,-0.05304380784,-0.02848596947,0.05126753234,0.3295681513,3.8459697,3,0.032,0.016,0.006,0.81,0.136
42,808,808,4.377119571,265.4184982,1.566464152,23.55474053,-2726213.613,3120485.753,346,346,5.936658832,292.0946914,2.007658204,26.27373529,-2726174.992,3120494.306,1114.057488,32606.29895,3.260629895,3.260629895,0.7449259364,39.55588545,Retain,1.476390876,1.781146489,0.3047556131,0.09577021677,0.2481480233,0.1092382922,1.069159601,3.511909279,4,0.046,0.002,0.004,0.068,0.88
43,917,917,1.123917451,474.9386651,1.420364478,141.3424871,-2721602.203,3119440.319,455,455,1.44964925,434.9808392,1.477395127,105.0949412,-2721554.408,3119408.31,447.8672866,5822.430236,0.5822430236,0.5822430236,0.518047854,57.52343871,Retain,0.1168203067,0.3713216304,0.2545013237,-0.08788368727,0.03936697458,-0.2963193479,0.07207851103,4.566164668,4,0,0.012,0.012,0.222,0.754
45,926,926,7.808255538,255.7467105,2.015961033,86.69803585,-2720559.781,3119560.996,458,458,20.08799674,243.2753663,3.075824258,78.82120589,-2720473.948,3119459.181,1958.318405,58078.25381,5.807825381,5.807825381,0.7438057518,133.167129,Retain,2.055181576,3.00012246,0.9449408835,-0.04999354651,0.4224768952,-0.0952480054,1.063291819,4.436386613,4,0.014,0.006,0.04,0.008,0.932
47,932,932,1.833777117,369.862346,1.412890362,55.47200382,-2721906.454,3119171.236,472,472,1.380618333,494.7907046,1.640036139,78.82120589,-2721884.644,3119168.093,524.2664583,8553.0006,0.85530006,0.85530006,0.4664144034,22.03463105,Retain,0.6063778382,0.3225314662,-0.283846372,0.2910039556,0.1490807697,0.351298273,-0.1342756234,3.36183676,1,0.294,0.476,0.134,0.086,0.01
48,935,935,1.183088127,623.6121798,1.913454787,150.6637633,-2721305.334,3119082.422,480,480,0.2761236666,761.2164686,1.128379167,52.5474706,-2721163.43,3119076.135,121.0706993,581.8274854,0.05818274854,0.05818274854,0.04917871055,142.0427457,Retain,0.1681280767,-1.286906446,-1.455034523,0.1993891018,-0.5281281596,-1.053321265,-2.942786452,5.444435983,2,0,0.298,0.696,0.006,0
49,935,935,1.183088127,623.6121798,1.913454787,150.6637633,-2721305.334,3119082.422,483,483,1.173525583,447.7743933,1.368360733,52.5474706,-2721324.936,3119073.817,464.6458902,7114.972346,0.7114972346,0.7114972346,0.6013898867,21.40818112,Retain,0.1681280767,0.1600125367,-0.00811553996,-0.3312391493,-0.3352969192,-1.053321265,0.4104155328,3.552120759,3,0.026,0.062,0.162,0.57,0.18
50,944,944,0.2366191487,822.7278253,1.128953872,86.70009747,-2721914.059,3118849.087,502,502,0.3451545832,761.2164686,1.261566261,0,-2721906.977,3118842.299,181.8717012,1837.992864,0.1837992864,0.1837992864,0.7767726634,9.809802047,Retain,-1.441303398,-1.063762895,0.3775405028,-0.07770766523,0.1110625861,-11.37022182,1.243773842,3.57650067,4,0.03,0.006,0,0.44,0.524
51,993,993,9.938257846,275.7995063,2.452695773,47.11845475,-2719594.148,3118396.136,583,583,14.56552341,277.7898961,2.990711779,0,-2719694.903,3118378.636,2557.477828,70158.54115,7.015854115,7.015854115,0.70594406220000006,102.2631239,Retain,2.296391738,2.678657326,0.3822655878,0.007190883139,0.1983236771,-10.76044125,0.873786585,4.051727991,4,0.02,0.012,0.06,0.014,0.894
52,960,960,415.9551173,147.6142562,8.492716099,23.55370843,-2727022.406,3119759.319,414,414,0.1380618333,1141.824703,1.196826841,26.2737353,-2724381.963,3119785.526,93.77898368,224.8517536,0.02248517536,0.02248517536,5.405673455e-5,2640.573725,Retain,6.030577363,-1.980053627,-8.01063099,2.045780384,-1.959535111,0.1092821084,-6.856054499,5.435828133,2,0,0,1,0,0
53,951,951,6.033759394,256.0526594,1.774264458,55.47200382,-2721657.786,3119012.112,512,512,6.212782499,253.7388229,1.784124116,26.27373531,-2721619.133,3118986.221,1396.357912,43900.66704,4.390066704,4.390066704,0.727583985,46.5226266,Retain,1.797370265,1.826608863,0.02923859817,-0.009077642563,0.005541656529,-0.7472886421,0.9801084041,3.513640093,4,0.138,0.01,0.042,0.356,0.454
54,959,959,0.8281736478,595.1575167,1.527874542,34.43133312,-2721394.384,3118709.771,523,523,1.44964925,362.4840327,1.231162606,0,-2721379.25,3118702.673,448.5867482,7233.837302,0.7233837302,0.7233837302,0.87346866460000006,16.71583891,Retain,-0.188532427,0.3713216303,0.5598540573,-0.495845679,-0.2159186503,-10.44675132,1.925254359,3.483047686,4,0.038,0.002,0.018,0.038,0.904
57,995,995,2.247944239,614.4910977,2.598982951,75.32971405,-2720477.036,3118205.029,579,579,1.104494666,523.3363221,1.551521355,52.54747059,-2720281.618,3118230.449,508.42339,5387.396824,0.5387396824,0.5387396824,0.2396588283,197.0646246,Retain,0.810016127,0.0993879149,-0.7106282121,-0.160570121,-0.515884227,-0.3601519476,-1.151701297,5.450893673,2,0.004,0.236,0.716,0.04,0.004
58,995,995,2.247944239,614.4910977,2.598982951,75.32971405,-2720477.036,3118205.029,590,590,0.6212782498,592.0572534,1.316442362,141.4883947,-2720575.19,3118137.579,260.4030009,1786.283194,0.1786283194,0.1786283194,0.07946296722,119.0957328,Retain,0.810016127,-0.4759762301,-1.285992357,-0.0371910998,-0.6801872783,0.6303368243,-2.43824592,4.947292923,2,0.002,0.264,0.706,0.026,0.002
59,960,960,415.9551173,147.6142562,8.492716099,23.55370843,-2727022.406,3119759.319,421,421,0.7593400831,484.41048,1.19076692,26.2737353,-2724463.172,3119710.288,265.1406786,3776.350379,0.3776350379,0.3776350379,9.078744851e-4,2559.703592,Retain,6.030577363,-0.2753055346,-6.305882898,1.188330152,-1.964611297,0.1092821084,-6.261857613,5.404723398,2,0,0,1,0,0
60,895,895,0.1183054517,1247.259709,1.210192175,117.7814217,-2722648.477,3119767.029,422,422,0.7593400833,761.2164685,1.871205159,78.82120589,-2722643.119,3119729.396,108.5759905,199.5026634,0.01995026634,0.01995026634,0.1686335334,38.01282116,Retain,-2.134485425,-0.2753055344,1.859179891,-0.4937864213,0.4358035241,-0.4016442809,-1.590632384,5.277557464,4,0,0.008,0.102,0.092,0.798
61,901,901,0.3549177591,689.9986719,1.159597281,117.7814217,-2722572.781,3119619.87,442,442,0.8283709998,570.9123515,1.465807536,78.82120589,-2722525.285,3119595.041,190.8322453,1801.48103,0.180148103,0.180148103,0.5075770326,53.59397779,Retain,-1.035869181,-0.1882941576,0.8475750233,-0.189453975,0.2343335366,-0.4016442809,0.0302499415,5.071754899,4,0,0,0.008,0.062,0.93
62,943,943,0.3549283765,937.9741806,1.576363292,23.55782209,-2722405.951,3118853.984,509,509,1.104494666,666.0644101,1.974663543,0,-2722365.454,3118911.924,149.8430295,221.5418131,0.02215418131,0.02215418131,0.06241873792,70.69055628,Retain,-1.035839266,0.09938791478,1.135227181,-0.3423360449,0.2252775456,-10.06725564,-2.694610071,5.348610712,4,0.002,0.02,0.078,0.09,0.81
64,978,978,38.3326883,184.2992638,3.218869036,23.55782209,-2722616.007,3118537.972,578,578,62.68007232,200.3642467,4.474866056,0,-2722292.882,3118529.711,6798.9965330000005,320184.6491,32.01846491,32.01846491,0.8352783571,323.230031,Retain,3.646303013,4.138043571,0.4917405586,0.08357607366,0.3294463529,-10.06725564,1.61865199,4.52758077,4,0.036,0.006,0.088,0.01,0.86
67,812,812,1.005560753,533.922461,1.510349362,55.47315828,-2725130.115,3120408.341,339,339,0.8974019164,468.4409038,1.251824291,94.73129981,-2725091.354,3120380.727,357.928929,4845.810679,0.4845810679,0.4845810679,0.4819013335,47.59211258,Retain,0.00554534932,-0.10825145,-0.1137967993,-0.1308406699,-0.1877390695,0.5351377214,-0.07228161981,4.432280325,3,0.01,0.08,0.112,0.754,0.044
68,816,816,0.4732065555,723.2034875,1.403398332,23.55474053,-2726180.872,3120248.483,364,364,1.2425565,507.4776457,1.595769122,0,-2726123.327,3120235.099,284.8380882,2796.918077,0.2796918077,0.2796918077,0.591056494,59.08074447,Retain,-0.7482232934,0.2171709506,0.9653942439,-0.3542379693,0.1284591526,-10.06712483,0.3675826994,5.025398574,4,0,0,0.006,0.046,0.948
69,819,819,1.005563996,480.8784839,1.360301796,50.22378439,-2726393.405,3120220.056,376,376,1.725772916,426.2812224,1.579730834,26.2737353,-2726338.83,3120182.259,384.3671017,4782.728136,0.4782728136,0.4782728136,0.4756264299,66.38485132,Retain,0.005548574484,0.5456750175,0.540126443,-0.120515331,0.1495478905,-0.6479007752,-0.09737655349,4.765074607,4,0,0.002,0.026,0.068,0.904
70,831,831,0.709812542,548.50391749999994,1.303606857,47.11037849,-2725276.997,3120216.149,365,365,0.4141854999,634.3470572,1.151647165,94.73129981,-2725248.996,3120205.906,215.8358319,2616.202278,0.2616202278,0.2616202278,0.3685765076,29.81539803,Retain,-0.3427543691,-0.8814413382,-0.5386869691,0.1454017916,-0.1239416929,0.6985404638,-0.5372014767,4.138800639,1,0.028,0.896,0.034,0.042,0
72,960,960,415.9551173,147.6142562,8.492716099,23.55370843,-2727022.406,3119759.319,426,426,0.4141854999,634.3470571,1.151647165,52.5474706,-2725813.881,3119641.021,74.96489962,89.82965123,0.008982965123,0.008982965123,2.159599618e-5,1214.30123,Retain,6.030577363,-0.8814413381,-6.912018701,1.457993719,-1.998015632,0.8024102592,-6.887367098,4.659001156,2,0,0,1,0,0
73,820,820,1.064715751,460.0120317,1.339001607,70.66522901,-2725899.79,3120236.62,381,381,2.623174833,340.5442096,1.555901812,26.27373531,-2725883.023,3120168.569,446.0773378,7121.634684,0.7121634684,0.7121634684,0.6688766161,70.08624874,Retain,0.06270786277,0.9643853524,0.9016774896,-0.3007076904,0.1501310544,-0.9893599499,0.701587002,4.790751888,4,0.006,0.002,0.014,0.016,0.962
75,870,870,3.075890713,445.0429594,2.20182325,97.51025996,-2725892.613,3119868.25,401,401,2.070927499,482.1037634,1.957122624,78.82120589,-2725895.33,3119895,997.9968386,14467.64564,1.446764564,1.446764564,0.4703562965,26.88729506,Retain,1.123594522,0.7279965743,-0.3955979477,0.07998855227,-0.1178104216,-0.2127731003,-0.1184765285,3.302258746,1,0.124,0.53,0.316,0.026,0.004
77,960,960,415.9551173,147.6142562,8.492716099,23.55370843,-2727022.406,3119759.319,552,552,543.5494377,131.9609448,8.678806584,0,-2726766.559,3119728.35,61085.90626,3668893.173,366.8893173,366.8893173,0.8820406387,257.7143946,Retain,6.030577363,6.298120664,0.2675433008,-0.1120964881,0.02167516232,-10.06708101,2.00458929,3.108932116,4,0.09,0.044,0.046,0.022,0.798
79,391,391,2.898089167,354.2490603,1.701216737,25.11403346,-2729707.391,3122639.293,170,170,2.968329416,336.3514629,1.634723993,26.2737353,-2729679.481,3122625.839,953.1250701,21536.16388,2.153616388,2.153616388,0.7431159856,30.98340975,Retain,1.064051612,1.087999308,0.02394769631,-0.05184359217,-0.03986974402,0.04514123279,1.05968699,3.473823304,3,0.154,0.01,0.002,0.732,0.102
81,395,395,0.414014128,705.2590592,1.280121884,25.11403346,-2729482.733,3122581.519,171,171,0.2761236666,761.2164686,1.128379167,26.2737353,-2729465.93,3122570.542,197.2616686,2340.864128,0.2340864128,0.2340864128,0.5654068231,20.07026053,Retain,-0.8818551802,-1.286906446,-0.405051266,0.07635257504,-0.126173058,0.04514123293,0.2626038613,4.012581501,1,0.058,0.724,0.02,0.198,0
82,421,421,0.7097418426,548.5333801,1.303611953,53.37826229,-2729660.589,3122451.899,182,182,0.6903091665,532.851528,1.248886881,37.15667279,-2729615.691,3122433.919,234.3185346,2297.276957,0.2297276957,0.2297276957,0.3236778247,48.36428406,Retain,-0.3428539771,-0.3706157143,-0.02776173722,-0.02900530862,-0.04288617723,-0.3622520387,-0.7353136643,4.622574216,3,0.004,0.048,0.038,0.866,0.044
83,432,432,1.53777348,377.7214908,1.321335023,177.7066934,-2729158.902,3122480.396,183,183,1.932865666,326.2356294,1.279461712,166.1696924,-2729118.742,3122459.817,503.3669523,8836.60508,0.883660508,0.883660508,0.5746363295,45.12577362,Retain,0.4303355779,0.6590037028,0.2286681249,-0.1465372175,-0.03220315499,-0.06712450112,0.3001834201,4.166672874,4,0.008,0.014,0.006,0.264,0.708
103,485,485,15.02297781,233.2335996,2.550141013,0,-2729948.832,3122223.888,207,207,16.49838908,229.3204424,2.627596106,26.2737353,-2729905.823,3122194.3,3015.358405,118297.99280000001,11.82979928,11.82979928,0.7874470317,52.20346793,Retain,2.709580883,2.803262745,0.09368186151,-0.01692018751,0.02992074325,10.17636312,1.306180331,3.172742585,4,0.08,0.002,0.022,0.016,0.88
104,457,457,0.5914562461,578.5995111,1.255262173,88.85323079,-2729486.471,3122245.528,193,193,0.5522473332,570.9123514,1.196826841,94.73129981,-2729449.509,3122238.836,231.6766954,2607.503236,0.2607503236,0.2607503236,0.4408615604,37.56223986,Retain,-0.5251675694,-0.5937592657,-0.06859169624,-0.0133748498,-0.04767069792,0.06405784641,-0.2371873454,4.460974636,3,0.008,0.048,0.036,0.874,0.034
105,463,463,0.1182915259,1247.402291,1.210259283,149.9675663,-2728612.109,3122278.517,190,190,0.2070927499,1014.955292,1.302940032,133.970289,-2728585.76,3122268.394,105.8447409,551.1990339,0.05511990339,0.05511990339,0.4659666273,28.22581429,Retain,-2.134603142,-1.574588519,0.5600146237,-0.2062186578,0.07378865406,-0.1128001982,-0.1360713304,4.979938902,3,0.004,0.008,0.004,0.702,0.282
106,469,469,1.301204621,480.1938413,1.54519912,47.1028624,-2728907.558,3122276.633,196,196,1.2425565,507.4776457,1.595769122,26.27373529,-2728877.691,3122258.176,528.2341389,6384.180692,0.6384180692,0.6384180692,0.4906361836,35.1097849,Retain,0.2632904668,0.2171709506,-0.04611951618,0.05526280374,0.03220304566,-0.5837471596,-0.03738485825,3.999228055,3,0.014,0.108,0.05,0.754,0.074
107,480,480,0.6506058007,593.5928533,1.350649608,137.7161538,-2729286.408,3122112.814,200,200,0.6903091665,608.9731749,1.427299293,131.3686765,-2729260.995,3122100.242,259.8675172,3075.421017,0.3075421017,0.3075421017,0.472701137,28.35226274,Retain,-0.4298513491,-0.3706157144,0.0592356347,0.02558056678,0.05519838413,-0.04718666493,-0.1090855419,4.132032729,3,0.008,0.026,0.006,0.864,0.096
109,514,514,0.5323182217,548.5270545,1.128960604,160.140715,-2730697.938,3121767.326,219,219,0.5522473332,570.9123514,1.196826841,141.4883947,-2730664.67,3121746.204,180.8047932,2025.536836,0.2025536836,0.2025536836,0.3805123991,39.40772128,Retain,-0.6305138074,-0.5937592656,0.03675454172,0.03999909465,0.05837636553,-0.1238343767,-0.486362271,4.561608991,3,0.004,0.024,0.01,0.902,0.06
110,517,517,7.156701807,184.2529827,1.390484192,47.1028624,-2728861.413,3121999.295,210,210,7.938555415,185.3396619,1.473106598,26.27373529,-2728810.115,3121986.465,1266.654439,60912.63482,6.091263482,6.091263482,0.8511271878,52.8774344,Retain,1.968049233,2.071731321,0.1036820877,0.005880432917,0.05772147677,-0.5837471596,1.737948781,3.556335915,4,0.024,0.014,0.004,0.072,0.886
111,532,532,0.946348188,467.7682903,1.283663887,70.65627554,-2731392.836,3121568.364,228,228,1.03546375,456.7298812,1.311058117,78.82120589,-2731346.254,3121557.252,359.6380405,5682.25789,0.568225789,0.568225789,0.6004405104,47.88864252,Retain,-0.05514471422,0.03484939371,0.08999410793,-0.02388092062,0.02111613334,0.109353674,0.4064653347,4.46883655,3,0.016,0.006,0.008,0.716,0.254
112,605,605,9.345308029,267.0841767,2.303244472,34.42929558,-2731582.552,3121243.028,237,237,1.104494666,475.7602929,1.410473959,37.15667279,-2731617.093,3121516.308,143.6525242,642.7757279,0.06427757279,0.06427757279,0.006878058229,275.4546977,Retain,2.234874402,0.09938791488,-2.135486487,0.5773502638,-0.4903929799,0.07623342303,-4.837778421,5.07335455,2,0,0.066,0.934,0,0
114,617,617,0.1182956566,1247.359004,1.210238415,53.38153213,-2731356.229,3121072.129,275,275,0.1380618333,1141.824703,1.196826841,26.2737353,-2731357.639,3121059.802,124.4323165,624.7817677,0.06247817677,0.06247817677,0.5281527533,12.40684226,Retain,-2.134568223,-1.980053627,0.1545145966,-0.08840092027,-0.01114362192,-0.7088757364,0.1125047583,4.157977768,3,0.02,0.026,0.004,0.848,0.102
115,629,629,20.11012412,270.5683994,3.42278418,25.11309745,-2730920.656,3121328.322,284,284,35.27479841,214.5110988,3.593991997,26.2737353,-2731086.29,3121281.509,5186.737581,162441.2966,16.24412966,16.24412966,0.8077587966,172.1224464,Retain,3.001223376,3.563168783,0.5619454069,-0.2321634495,0.04880925396,0.04517850265,1.431561556,4.219965186,4,0.03,0.004,0.018,0.006,0.942
116,630,630,18.63145264,203.5692182,2.478737488,25.11309745,-2730112.209,3121378.851,240,240,0.3451545832,761.2164686,1.261566261,0,-2730367.12,3121438.144,203.9448971,2106.236415,0.2106236415,0.2106236415,0.01130473536,261.7156829,Retain,2.924851155,-1.063762895,-3.98861405,1.318911685,-0.67539534,-10.13118462,-4.387412905,4.677201921,2,0,0.006,0.994,0,0
117,630,630,18.63145264,203.5692182,2.478737488,25.11309745,-2730112.209,3121378.851,276,276,19.19059483,183.4586453,2.267135453,0,-2730087.994,3121354.295,3358.279641,150163.014,15.0163014,15.0163014,0.8059651437,34.48711037,Retain,2.924851155,2.954420306,0.02956915156,-0.1040168095,-0.08923223368,-10.13118462,1.420102182,2.650554003,4,0.3,0.02,0.162,0.128,0.39
120,632,632,1.242106231,510.5962545,1.605284687,47.10511734,-2731833.677,3121034.218,290,290,1.587711083,430.2527866,1.529341586,26.2737353,-2731809.433,3121009.539,503.2759366,7176.234633,0.7176234633,0.7176234633,0.5777472532,34.59428461,Retain,0.2168085123,0.4622934086,0.2454848963,-0.1712062575,-0.04846380938,-0.58379503,0.3128963485,4.007678076,4,0.01,0.006,0.01,0.172,0.802
121,684,684,0.5914880939,578.576929,1.255246975,23.55348457,-2728996.966,3120897.789,296,296,0.6903091665,532.851528,1.248886881,26.2737353,-2728966.729,3120875.886,250.3440641,2510.306779,0.2510306779,0.2510306779,0.4244052932,37.33586113,Retain,-0.5251137245,-0.3706157144,0.1544980101,-0.08232869158,-0.005079686527,0.1092916122,-0.3040972598,4.454902878,3,0,0.004,0.028,0.78,0.188
123,700,700,0.5323411602,548.5142549,1.128958584,23.55348457,-2729051.405,3120798.521,304,304,0.2761236666,761.2164687,1.128379167,26.2737353,-2729019.277,3120783.928,156.2289868,1484.736068,0.1484736068,0.1484736068,0.27890687,35.28660893,Retain,-0.6304707166,-1.286906446,-0.6564357298,0.3277045021,-5.133627927e-4,0.1092916122,-0.9476971789,4.451132182,1,0.008,0.898,0.05,0.044,0
124,756,756,0.3548973621,822.7673511,1.382685802,53.38340219,-2731725.299,3120287.631,344,344,0.1380618333,1141.824703,1.196826841,26.27373529,-2731699.198,3120297.864,118.4380687,864.3081797,0.08643081797,0.08643081797,0.2435375046,28.03480879,Retain,-1.035926652,-1.980053627,-0.9441269747,0.3277094016,-0.1443540857,-0.7089107673,-1.130605335,4.423810848,1,0.03,0.692,0.188,0.09,0
125,769,769,0.4140485996,697.701806,1.266457369,70.6620982,-2730285.661,3120330.481,359,359,0.6903091665,608.9731749,1.427299293,78.82120589,-2730251.515,3120274.218,88.13798297,190.1470608,0.01901470608,0.01901470608,0.04592385073,65.81418655,Retain,-0.8817719216,-0.3706157144,0.5111562072,-0.1360175804,0.1195605232,0.1092712703,-3.013264984,5.200101514,4,0,0.026,0.086,0.198,0.69
126,756,756,0.3548973621,822.7673511,1.382685802,53.38340219,-2731725.299,3120287.631,363,363,0.4141854999,761.2164686,1.381976598,26.27373529,-2731734.23,3120214.664,48.9383427,147.4343469,0.01474343469,0.01474343469,0.04154281284,73.51201207,Retain,-1.035926652,-0.8814413382,0.154485314,-0.07775570644,-5.130494525e-4,-0.7089107673,-3.115856765,5.387790694,3,0.004,0.032,0.128,0.718,0.118
127,798,798,15.31972685,305.9817172,3.378438803,25.11201445,-2730512.56,3120446.965,415,415,22.22795516,283.683156,3.772926752,78.82120589,-2730513.29,3120394.147,4460.591494,122948.4357,12.29484357,12.29484357,0.8025497906,52.8230416,Retain,2.729141334,3.101350738,0.3722094038,-0.07566738511,0.1104373168,1.143808542,1.398500916,3.174760696,4,0.054,0.006,0.004,0.006,0.93
128,774,774,1.1238452,603.4756688,1.804712723,70.66305401,-2731566.523,3120243.916,369,369,0.8974019164,644.1062427,1.7212584,52.5474706,-2731532.461,3120206.916,495.9993838,3849.59802,0.384959802,0.384959802,0.3425381023,50.29134732,Retain,0.1167560193,-0.1082514499,-0.2250074692,0.06515796275,-0.04734577184,-0.2962010206,-0.6506086278,4.431839858,3,0.076,0.352,0.094,0.442,0.036
129,781,781,2.365992168,346.3829367,1.502997331,94.21786623,-2729892.028,3120368.302,360,360,2.554143916,411.4683614,1.855043924,52.54747059,-2729872.463,3120331.949,749.013645,12751.11106,1.275111106,1.275111106,0.5389329361,41.28343647,Retain,0.8611974555,0.9377171053,0.07651964978,0.1721872146,0.2104470395,-0.5838844469,0.1557348991,3.862251803,4,0.068,0.146,0.024,0.364,0.398
130,802,802,1.183006284,445.9356257,1.368235213,23.55476498,-2729646.408,3120158.427,379,379,1.104494666,475.7602929,1.410473959,26.27373529,-2729608.794,3120122.158,388.4224949,3690.367678,0.3690367678,0.3690367678,0.3119482735,52.25160327,Retain,0.1680588969,0.09938791484,-0.06867098203,0.06473953639,0.03040404536,0.1092372542,-0.7892784265,4.444425207,3,0.022,0.1,0.046,0.804,0.028
132,562,562,1.123793426,695.6506439,2.080316929,23.55226911,-2732396.444,3121387.785,252,252,3.451545832,441.5055518,2.313865226,26.2737353,-2732279.848,3121396.106,555.2995594,5676.818175,0.5676818175,0.5676818175,0.5051478361,116.8930749,Retain,0.1167099503,1.238822198,1.122112248,-0.4546569911,0.1063991327,0.1093432159,0.02055096701,5.27527815,4,0.002,0.008,0.058,0.04,0.892
135,859,859,11.29785428,241.2264983,2.287273324,0,-2730082.441,3119810.157,439,439,15.18680166,211.0645663,2.320296892,26.27373529,-2730085.871,3119797.588,2458.535706,96101.68107,9.610168107,9.610168107,0.8506188761,13.0290623,Retain,2.424612821,2.720426739,0.2958139183,-0.1335722309,0.01433472831,10.17636312,1.733966201,1.927317705,4,0.1,0.01,0.022,0.024,0.844
136,865,865,1.123879508,516.8638013,1.545720837,97.50991543,-2731226.452,3119486.893,452,452,1.44964925,398.7324359,1.354278867,78.82120589,-2731194.367,3119469.616,479.3165432,6570.221418,0.6570221418,0.6570221418,0.5846019412,36.44103522,Retain,0.1167865461,0.3713216303,0.2545350842,-0.259488794,-0.1322212519,-0.212769567,0.3409986026,4.109694592,4,0.008,0.018,0.01,0.206,0.758
137,866,866,0.1774550203,1097.001545,1.303606304,150.6694938,-2729807.643,3119535.296,445,445,0.5522473332,570.9123514,1.196826841,78.82120589,-2729791.068,3119532.641,189.312182,1634.979592,0.1634979592,0.1634979592,0.9213487392,16.78649657,Retain,-1.729038109,-0.5937592656,1.135278844,-0.6531001705,-0.08546074872,-0.6479005346,2.449265529,4.257518355,4,0.01,0.002,0.006,0.05,0.932
138,868,868,0.8281258568,837.7805646,2.150668734,106.7714699,-2730105.078,3119449.354,454,454,2.278020249,484.41048,2.062468805,78.82120589,-2730061.867,3119453.124,592.5885495,5755.266741,0.5755266741,0.5755266741,0.6949748874,43.37564571,Retain,-0.1885901351,0.8233067541,1.011896889,-0.5478235636,-0.04187511895,-0.3035053632,0.8216464124,4.436581189,4,0.002,0,0.004,0.03,0.964
139,871,871,2.18861658,332.8364467,1.389027319,68.86086711,-2730649.213,3119422.721,453,453,1.863834749,366.511633,1.411518368,37.15667279,-2730621.488,3119434.723,604.6305717,14126.59556,1.412659556,1.412659556,0.6454577604,30.21103809,Retain,0.7832696457,0.6226360586,-0.1606335871,0.0963790434,0.01606224986,-0.6169322868,0.5978638007,3.588970577,0,0.404,0.202,0.03,0.314,0.05
141,628,628,27.79915635,265.4085848,3.947533665,50.22617169,-2733172.03,3121263.08,300,300,34.79158199,238.6353215,3.970698231,0,-2733049.22,3121246.742,7115.446614,212677.9953,21.26779953,21.26779953,0.7650519772,123.892306,Retain,3.325005673,3.549375461,0.2243697874,-0.1063339328,0.005850960893,-10.82431143,1.177638484,3.729282866,4,0.076,0.004,0.054,0.032,0.834
142,567,567,3.253071849,369.6757354,1.880887591,94.20961631,-2731926.254,3121524.007,253,253,4.417978666,297.350183,1.763092449,83.08484618,-2731881.061,3121506.456,1086.947395,19692.83486,1.969283486,1.969283486,0.6053612025,48.48073694,Retain,1.179599734,1.485682276,0.3060825417,-0.2177157188,-0.06467444792,-0.1256585103,0.4269741849,3.863752245,4,0.018,0.012,0.028,0.11,0.832
143,609,609,0.473181539,610.4909821,1.184644977,53.38127554,-2732964.582,3121015.758,283,283,0.4141854999,634.3470571,1.151647165,58.74985814,-2732934.064,3121007.255,196.993272,1658.297726,0.1658297726,0.1658297726,0.3504569787,31.68101765,Retain,-0.7482761606,-0.881441338,-0.1331651774,0.03833269131,-0.02824989739,0.09582698751,-0.6157201211,4.402252277,3,0.012,0.064,0.004,0.92,0
144,624,624,2.247619465,395.291023,1.671758007,55.47401204,-2732116.602,3121020.679,289,289,3.244453083,356.3140917,1.810501194,0,-2732111.472,3120997.751,900.9826587,17494.44164,1.749444164,1.749444164,0.7783542507,23.49493556,Retain,0.8098716405,1.176946794,0.3670751538,-0.1038096388,0.07972793816,-10.92368796,1.252883753,3.324256574,4,0.032,0.002,0.01,0.036,0.92
145,679,679,0.1182975141,1220.979062,1.184652824,149.9807109,-2731889.741,3120683.197,306,306,0.1380618333,1141.824703,1.196826841,58.74985815,-2731883.114,3120691.97,103.1563554,662.2653916,0.06622653916,0.06622653916,0.5598303536,10.99424403,Retain,-2.134552521,-1.980053627,0.1544988946,-0.06702544754,0.01022399972,-0.9372075997,0.2399889726,4.037104022,3,0.026,0.026,0.002,0.832,0.114
146,691,691,0.8280838427,637.0489509,1.635328586,157.867336,-2732162.053,3120625.871,319,319,1.173525583,492.5518326,1.505196806,26.2737353,-2732128.078,3120617.785,370.6421267,3626.468253,0.3626468253,0.3626468253,0.4379349127,34.92411885,Retain,-0.1886408705,0.1600125367,0.3486534072,-0.2572467997,-0.08292009612,-1.793153527,-0.2490440901,4.219891686,4,0.016,0.008,0.05,0.186,0.74
147,755,755,4.909402508,348.5373808,2.178505954,53.38340219,-2731864.046,3120379.076,358,358,7.248246248,217.4904196,1.651777967,26.2737353,-2731855.965,3120362.672,1593.253012,42495.95985,4.249595985,4.249595985,0.8656034982,18.2862966,Retain,1.591152246,1.980759543,0.3896072971,-0.4715906846,-0.276787036,-0.7089107672,1.856374022,2.682995464,4,0.05,0.008,0.126,0.078,0.738
148,701,701,1.89275848,507.6435531,1.970160209,157.8677947,-2732404.009,3120636.499,336,336,5.453442415,337.2478025,2.22167006,26.2737353,-2732300.334,3120536.656,614.5281324,5016.848913,0.5016848913,0.5016848913,0.2650548904,143.9342209,Retain,0.638035278,1.696247045,1.058211767,-0.408961555,0.1201443285,-1.793156432,-1.017452894,5.222710647,4,0.006,0.008,0.162,0.044,0.78
149,760,760,0.7689461383,641.0028068,1.585634035,55.47336943,-2732604.998,3120187.595,372,372,1.104494666,475.7602929,1.410473959,52.54747059,-2732584.294,3120164.853,373.3550738,4220.878815,0.4220878815,0.4220878815,0.5489173565,30.75467572,Retain,-0.2627343531,0.09938791486,0.362122268,-0.2981196946,-0.1170585606,-0.05418510908,0.1959030033,4.129806673,4,0.014,0.012,0.004,0.136,0.834
150,801,801,13.54535995,251.2698192,2.608739237,25.11220834,-2733051.939,3119989.291,419,419,17.18869825,195.6540321,2.288259974,0,-2732959.44,3119971.5,2845.972372,106426.734,10.6426734,10.6426734,0.7857062082,94.19435221,Retain,2.606044049,2.844252089,0.2382080399,-0.2501793814,-0.1310753615,-10.13114922,1.295851304,3.814713759,4,0.096,0.006,0.104,0.05,0.744
152,830,830,26.49946786,218.839227,3.177889679,50.22406847,-2731983.099,3119838.363,424,424,25.88659374,194.871416,2.796923982,26.2737353,-2731930.442,3119835.096,4944.542069,202982.5009,20.29825009,20.29825009,0.7659870828,52.75880134,Retain,3.277124652,3.253725219,-0.02339943354,-0.1159974011,-0.1276971179,-0.6479064316,1.182829481,2.899552179,2,0.296,0.036,0.44,0.136,0.092
153,462,462,1.596929204,426.6359859,1.520881524,47.10247637,-2742255.435,3121177.608,273,273,0.2761236666,761.2164687,1.128379167,131.3686765,-2742261.24,3121099.213,160.4222701,1603.892044,0.1603892044,0.1603892044,0.1004360143,78.60951111,Retain,0.4680825375,-1.286906446,-1.754988984,0.5789866127,-0.2985078793,1.0256685,-2.183593019,4.702829094,2,0,0.426,0.574,0,0
154,513,513,0.7097587436,552.9268305,1.314068812,110.9488341,-2733751.956,3121497.26,234,234,0.7593400831,484.41048,1.19076692,105.0949412,-2733725.858,3121482.571,279.8673712,4336.912896,0.4336912896,0.4336912896,0.6110404325,29.94738236,Retain,-0.3428301645,-0.2753055346,0.06752462986,-0.1322930324,-0.0985307175,-0.05420449523,0.4507552857,4.143255337,3,0.028,0.032,0.028,0.76,0.152
155,521,521,5.973777055,307.4730858,2.119955183,23.5519637,-2742249.135,3120838.734,307,307,3.244453083,275.3336163,1.39902365,26.2737353,-2742253.693,3120751.226,799.6483025,26071.22195,2.607122195,2.607122195,0.4364277694,87.62745703,Retain,1.7873794,1.176946794,-0.6104326055,-0.1104040451,-0.4156203479,0.1093561827,-0.2551567369,4.15178104,2,0.028,0.316,0.624,0.022,0.01
156,540,540,0.946346474,680.0658418,1.866255557,25.11323048,-2733669.725,3121335.942,251,251,0.2070927499,1014.955292,1.302940032,94.73129981,-2733656.591,3121322.54,197.6458623,1859.883578,0.1859883578,0.1859883578,0.1965330489,18.76484833,Retain,-0.05514652544,-1.574588519,-1.519441993,0.4004102232,-0.3593107735,1.32762038,-1.404273979,3.531976846,1,0.004,0.812,0.182,0.002,0
157,544,544,0.8872009827,718.3633404,1.908755214,23.55186316,-2734063.224,3121312.327,256,256,0.5522473331,666.0644101,1.396297981,153.2008866,-2734073.687,3121306.118,366.1347618,2567.066115,0.2567066115,0.2567066115,0.2893443723,12.16606618,Retain,-0.1196837353,-0.5937592658,-0.4740755305,-0.07558910854,-0.3126268738,1.872509181,-0.8965264161,3.130939619,1,0.034,0.706,0.22,0.036,0.004
158,561,561,0.2365887599,822.78516749999994,1.128960055,97.49910753,-2734312.956,3121159.113,264,264,0.3451545832,761.2164686,1.261566261,153.2008866,-2734276.651,3121159.642,119.1995341,584.4357099,0.05844357099,0.05844357099,0.247025983,36.30888009,Retain,-1.441431835,-1.063762895,0.3776689403,-0.07777736051,0.1110571097,0.4519030911,-1.111824396,4.885170744,3,0.002,0.01,0.004,0.712,0.272
159,591,591,2.898218224,319.5774113,1.534746614,53.3812333,-2733793.223,3121130.523,279,279,3.520576749,283.5904491,1.501044531,37.15667279,-2733764.777,3121105.652,874.312978,22400.2434,2.24002434,2.24002434,0.7728970583,37.78520053,Retain,1.064096143,1.258624825,0.1945286828,-0.1194684166,-0.02220407523,-0.3623076956,1.221641839,3.672260842,4,0.106,0.002,0.002,0.13,0.76
160,801,801,13.54535995,251.2698192,2.608739237,25.11220834,-2733051.939,3119989.291,384,384,0.2761236666,761.2164687,1.128379167,37.1566728,-2733459.538,3120048.263,153.2714511,1295.127672,0.1295127672,0.1295127672,0.009561412003,411.8429912,Retain,2.606044049,-1.286906446,-3.892950496,1.108390432,-0.8380848161,0.391776349,-4.541950026,5.289987534,2,0,0.002,0.998,0,0
162,652,652,1.419557594,411.3884402,1.382686303,25.11272372,-2733825.564,3120721.591,308,308,1.587711083,463.3491548,1.646983246,58.74985814,-2733771.967,3120702.251,468.1006852,8120.67362,0.812067362,0.812067362,0.5720566502,56.97910443,Retain,0.3503452696,0.4622934086,0.111948139,0.1189430058,0.1749170753,0.8498913012,0.2896597194,4.43989447,3,0.034,0.06,0.01,0.5,0.396
163,714,714,1.892770583,409.7378477,1.590194103,70.66134409,-2733395.105,3120392.648,351,351,2.208989333,404.3962489,1.695504692,26.27373529,-2733349.517,3120370.938,515.6590399,8969.711536,0.8969711536,0.8969711536,0.4738932239,50.49386292,Retain,0.6380416725,0.7925350955,0.1544934229,-0.01312234781,0.06412436366,-0.9893049733,-0.1043131524,4.175215713,4,0.016,0.062,0.03,0.226,0.666
164,751,751,0.4731963424,922.3197542,1.78977018,68.85990624,-2733427.712,3120177.789,371,371,0.4141854999,888.08588,1.612306031,52.54747059,-2733389.475,3120157.737,234.4314704,1493.385117,0.1493385117,0.1493385117,0.3155952368,43.17610843,Retain,-0.7482448764,-0.8814413381,-0.1331964616,-0.03782351845,-0.1044217493,-0.2703526255,-0.7723854566,4.711797839,3,0.01,0.138,0.054,0.788,0.01
165,752,752,0.1182994375,1247.321703,1.210221563,68.8599555,-2733267.791,3120150.254,368,368,0.4832164165,652.4712588,1.279461712,0,-2733228.705,3120151.482,113.141304,776.6375131,0.07766375131,0.07766375131,0.6565014422,39.1056293,Retain,-2.134536263,-0.7272906584,1.407245605,-0.6479868034,0.05563599895,-11.13984461,0.6463570532,5.305925075,4,0,0.002,0.004,0.11,0.884
166,847,847,20.17035327,217.3049017,2.753095921,47.10931889,-2734032.598,3119665.293,425,425,6.350844332,281.3191297,1.999908227,0,-2734399.11,3119727.838,1604.710724,33647.13126,3.364713126,3.364713126,0.1668147841,371.8104322,Retain,3.004213866,1.84858777,-1.155626097,0.2581882737,-0.3196247746,-10.76024734,-1.603594563,4.988644833,2,0,0.012,0.984,0,0.004
167,794,794,43.00168187,143.4759898,2.65409839,23.55372787,-2735806.591,3119998.721,434,434,56.8124444,166.4871985,3.539954265,0,-2735716.925,3119978.812,6285.436448,379381.8282,37.93818282,37.93818282,0.8822488138,91.84979852,Retain,3.761239228,4.039755393,0.2785161651,0.1487507177,0.2880088002,-10.06708184,2.006576511,3.211910834,4,0.12,0.02,0.104,0.014,0.742
168,847,847,20.17035327,217.3049017,2.753095921,47.10931889,-2734032.598,3119665.293,456,456,25.95562466,176.132534,2.531339487,0,-2733814.304,3119799.152,2574.901716,114717.7115,11.47177115,11.47177115,0.5687441859,256.067384,Retain,3.004213866,3.256388336,0.2521744698,-0.2100646986,-0.08397746371,-10.76024734,0.2761698884,4.615702544,4,0.038,0.014,0.142,0.062,0.744
169,130,130,1.064478234,457.1427719,1.330501346,156.9748922,-2752522.022,3123749.723,99,99,1.104494666,475.7602929,1.410473959,148.6266912,-2752491.575,3123739.723,424.65964,6000.9989,0.60009989,0.60009989,0.5637502682,32.04682845,Retain,0.06248475815,0.09938791482,0.03690315667,0.03991838778,0.0583699661,-0.05464777847,0.2558791298,4.00835199,3,0.012,0.034,0.008,0.886,0.06
170,147,147,2.010698723,362.24224830000003,1.448997612,53.37110103,-2752781.642,3123480.326,117,117,2.278020249,322.94032,1.374979203,58.74985815,-2752749.635,3123464.247,630.8908631,12983.59689,1.298359689,1.298359689,0.6457256246,35.81866962,Retain,0.6984822852,0.8233067541,0.1248244689,-0.1148456438,-0.05243340936,0.09601760295,0.5990317519,3.801620974,4,0.042,0.008,0.004,0.402,0.544
171,154,154,0.2365546338,1035.198803,1.420314624,53.37110103,-2752914.398,3123301.921,120,120,0.2761236666,761.2164686,1.128379167,52.54747059,-2752875.829,3123279.933,103.9466313,82.56494508,0.008256494508,0.008256494508,0.03490311889,44.39661801,Retain,-1.441576088,-1.286906446,0.1546696417,-0.3074309968,-0.2300961759,-0.01555216367,-3.292439951,5.086338807,3,0,0.074,0.098,0.64,0.188
174,169,169,0.9462268288,411.4228054,1.128966507,122.8124533,-2751152.94,3123195.384,134,134,1.03546375,405.9821166,1.165384993,131.3686765,-2751118.116,3123177.465,287.6440238,5127.81752,0.512781752,0.512781752,0.5419226515,39.16417245,Retain,-0.05527296192,0.03484939367,0.09012235559,-0.01331229837,0.0317488794,0.06734874245,0.167748152,4.267789318,3,0.016,0.012,0.006,0.704,0.262
175,171,171,2.306425202,442.3903832,1.895267141,0,-2752201.625,3123126.764,139,139,5.936658832,274.3919829,1.88598195,365.006396,-2752225.095,3123152.23,1147.810769,19801.79695,1.980179695,1.980179695,0.858549279,34.6323062,Retain,0.8356987945,1.781146489,0.9454476944,-0.4776350336,-0.004911186428,12.8076729,1.797412035,3.699331372,4,0.022,0,0.012,0.022,0.944
180,175,175,3.489212519,473.2822647,2.493899852,25.11600322,-2753069.405,3123031.025,149,149,3.727669499,436.9946394,2.380070807,0,-2753022.28,3123074.608,1017.120243,15695.64403,1.569564403,1.569564403,0.4498334208,64.18937348,Retain,1.249676071,1.315783239,0.06610716776,-0.07977103652,-0.04671745263,-10.13130032,-0.2009391689,4.109380161,4,0.056,0.054,0.152,0.206,0.532
181,175,175,3.489212519,473.2822647,2.493899852,25.11600322,-2753069.405,3123031.025,150,150,0.3451545832,761.2164686,1.261566261,0,-2752936.258,3122888.454,155.4311544,1185.859552,0.1185859552,0.1185859552,0.03398645242,195.0755982,Retain,1.249676071,-1.063762895,-2.313438966,0.4752258056,-0.6814936776,-10.13130032,-3.319251592,5.2209192,2,0,0.054,0.946,0,0
182,187,187,5.91399862,237.2969956,1.627900727,122.8124533,-2751376.279,3122821.63,165,165,5.522473332,237.8801464,1.576957826,131.3686765,-2751347.026,3122802.408,1240.859085,43104.37164,4.310437164,4.310437164,0.7288532584,35.00377749,Retain,1.777322188,1.708825827,-0.06849636069,0.002454457731,-0.03179372261,0.06734874245,0.9865020861,3.239188401,0,0.564,0.018,0.104,0.264,0.05
183,211,211,0.6505535433,521.2098181,1.185903032,55.47608906,-2752136.124,3122208.337,197,197,0.5522473332,666.06441,1.396297981,78.82120589,-2752094.185,3122189.573,185.4010438,2104.712541,0.2104712541,0.2104712541,0.3235264126,45.94576965,Retain,-0.4299316734,-0.5937592657,-0.1638275923,0.2452336951,0.1633198989,0.3512246321,-0.7360036391,4.614814325,3,0.072,0.278,0.046,0.576,0.028
184,232,232,4.849604834,280.9658006,1.745427058,55.47608906,-2751860.501,3122106.144,204,204,5.453442415,231.255636,1.523430898,78.82120589,-2751836.686,3122075.498,1234.242007,39340.11232,3.934011232,3.934011232,0.8112024312,38.81107207,Retain,1.578897224,1.696247045,0.11734982100000001,-0.1947092076,-0.1360342971,0.3512246321,1.453791532,3.441647665,4,0.152,0.004,0.056,0.094,0.694
185,331,331,2.720622171,576.989195,2.684706812,70.64996077,-2748407.567,3121341.955,255,255,3.106391249,439.8139596,2.186714852,26.2737353,-2748382.144,3121320.788,1334.228403,16140.45172,1.614045172,1.614045172,0.5932632578,33.08140678,Retain,1.000860593,1.133461682,0.1326010891,-0.2714717217,-0.2051711771,-0.9891438656,0.3767006897,3.57093627,4,0.056,0.04,0.072,0.3,0.532
186,339,339,1.478603292,363.093308,1.245486852,53.37750464,-2747914.614,3121308.766,257,257,1.656742,348.8908814,1.266811881,58.74985815,-2747888.198,3121291.887,461.0829862,10748.23127,1.074823127,1.074823127,0.7269178506,31.34858453,Retain,0.3910979208,0.504853023,0.1137551022,-0.03990063538,0.0169769157,0.09589762962,0.9767603224,3.822016997,3,0.044,0,0.004,0.482,0.47
187,499,499,57.60744825,157.8821274,3.380394271,23.55045183,-2747542.236,3120854.376,277,277,0.966432833,434.9808392,1.20628807,26.2737353,-2748835.303,3121042.912,426.1302146,7218.709378,0.7218709378,0.7218709378,0.01253086119,1306.739594,Retain,4.053651869,-0.03414347779,-4.087795347,1.013453257,-1.030444417,0.109420375,-4.291184331,5.720830228,2,0,0,1,0,0
188,330,330,8.161815942,280.4247628,2.259981206,25.11423638,-2750757.627,3121294.986,271,271,8.007586331,275.6128593,2.200114886,26.2737353,-2750716.173,3121267.954,1995.469743,60443.54974,6.044354974,6.044354974,0.7405649695,49.4894098,Retain,2.099466686,2.080389384,-0.01907730244,-0.01730826629,-0.02684691751,0.04513315327,1.04640935,3.424410509,3,0.344,0.014,0.06,0.428,0.154
190,353,353,15.02257038,208.363346,2.278182516,25.11423638,-2750191.83,3121170.514,285,285,15.39389441,218.465713,2.417979453,26.2737353,-2750152.02,3121151.819,3135.449567,120698.8933,12.06988933,12.06988933,0.8034503435,43.9812875,Retain,2.709553762,2.733970964,0.02441720176,0.04734567084,0.05955427172,0.04513315327,1.404169263,3.001375058,4,0.276,0.088,0.042,0.19,0.404
191,366,366,2.129197019,386.3441333,1.590293612,23.55045183,-2748592.828,3121137.237,278,278,2.899298499,308.1114278,1.479957827,26.27373529,-2748542.539,3121130.491,714.541999,14166.88461,1.416688461,1.416688461,0.6653627865,50.73918873,Retain,0.7557449221,1.064468811,0.3087238888,-0.2262670132,-0.07190506882,0.1094203748,0.6858033916,4.121210756,4,0.008,0.004,0.006,0.166,0.816
192,371,371,1.47861528,496.8551127,1.704325045,34.42869384,-2749799.995,3120923.432,292,292,1.380618333,494.7907046,1.640036139,52.5474706,-2749754.509,3120911.356,597.230952,8487.791588,0.8487791588,0.8487791588,0.5740365125,47.06206746,Retain,0.3911060283,0.3225314662,-0.06857456215,-0.004163605711,-0.03845088679,0.4228166081,0.2977350386,4.228300492,3,0.032,0.064,0.04,0.818,0.046
193,388,388,3.430400712,302.9247159,1.582713126,25.11397783,-2749366.281,3120896.299,299,299,3.175422166,330.963682,1.663704317,78.82120589,-2749320.307,3120875.315,937.5357352,23010.88877,2.301088877,2.301088877,0.670793027,50.53667668,Retain,1.23267708,1.155440589,-0.07723649089,0.08852433492,0.04990608948,1.143730363,0.7102306489,3.878745534,3,0.37,0.066,0.028,0.498,0.038
194,389,389,4.61328192,402.8868573,2.441086484,23.55053412,-2748116.654,3121062.895,286,286,4.210885916,399.3266721,2.311586367,26.2737353,-2748090.348,3121040.851,1569.362351,27382.31903,2.738231903,2.738231903,0.5935539926,34.32164921,Retain,1.528939517,1.437673057,-0.09126646019,-0.008875962486,-0.05450919259,0.109416881,0.3779031053,3.343700648,3,0.232,0.076,0.164,0.462,0.066
195,499,499,57.60744825,157.8821274,3.380394271,23.55045183,-2747542.236,3120854.376,328,328,68.61673115,154.69389,3.614791404,26.27373529,-2747491.457,3120853.921,8426.983675,491240.6697,49.12406697,49.12406697,0.8527381174,50.78097781,Retain,4.053651869,4.228536399,0.17488453,-0.0204004648,0.06704180019,0.1094203748,1.750644305,2.473080532,4,0.104,0.046,0.036,0.006,0.808
197,394,394,1.360328601,533.1626793,1.754190377,34.42880782,-2747437.637,3121090.759,281,281,1.725772916,456.7298812,1.692568751,26.2737353,-2747421.927,3121054.547,642.5976725,7676.176467,0.7676176467,0.7676176467,0.5642883977,39.47294693,Retain,0.3077262891,0.5456750175,0.2379487284,-0.1547344455,-0.03576008128,-0.2703148533,0.2580630109,4.094142681,4,0.008,0.016,0.012,0.206,0.758
198,455,455,0.3548734994,681.2612049,1.144841887,47.10242437,-2742477.281,3121125.077,272,272,0.4141854999,634.3470572,1.151647165,52.54747059,-2742445.156,3121112.35,160.910595,1193.529317,0.1193529317,0.1193529317,0.3363252876,34.5550505,Retain,-1.035993893,-0.8814413381,0.1545525547,-0.07134957999,0.005926697339,0.1093902904,-0.6782500569,4.632944547,3,0,0.004,0.014,0.94,0.042
200,479,479,1.242066446,434.7602127,1.366838728,23.55133984,-2743880.387,3120839.999,302,302,1.311587416,400.6402466,1.294339674,26.2737353,-2743850.801,3120820.573,430.0053254,8289.389872,0.8289389872,0.8289389872,0.6673869901,35.39417585,Retain,0.2167764816,0.2712381718,0.05446169014,-0.08173075988,-0.05449991482,0.1093826705,0.6948856642,4.030552238,3,0.048,0.006,0.004,0.7,0.242
201,484,484,0.7097505717,539.7257347,1.282688112,47.10242437,-2742464.04,3120972.568,282,282,0.2761236666,761.2164686,1.128379167,52.54747059,-2742445.156,3120994.118,166.7444748,1614.571412,0.1614571412,0.1614571412,0.2274843413,28.65383586,Retain,-0.3428416782,-1.286906446,-0.944064768,0.3438566584,-0.1281757256,0.1093902904,-1.219478234,4.099108002,1,0,0.948,0.046,0.006,0
202,490,490,0.6506082974,525.9959278,1.196843178,23.55133984,-2743927.418,3120736.953,305,305,0.7593400831,553.6119772,1.360876479,26.27373529,-2743896.182,3120711.078,285.7803321,2711.848394,0.2711848394,0.2711848394,0.41681737,40.56010458,Retain,-0.4298475116,-0.2753055346,0.154541977,0.05117056828,0.1284415568,0.1093826703,-0.3351692333,4.490098291,3,0.01,0.012,0.014,0.786,0.178
203,500,500,0.7689024113,563.5304407,1.393952773,25.11345482,-2744066.782,3120683.351,310,310,0.8283709998,507.4776457,1.302940032,26.27373529,-2744036.906,3120663.507,312.281499,4103.616502,0.4103616502,0.4103616502,0.5336979623,35.86630846,Retain,-0.2627912209,-0.1882941576,0.07449706331,-0.1047686907,-0.06752015907,0.04516427242,0.1347262208,4.283586806,3,0.008,0.016,0.018,0.79,0.168
205,551,551,1.360378371,500.8267924,1.647830288,23.5519637,-2742359.759,3120573.055,323,323,1.380618333,342.5474109,1.135409635,26.2737353,-2742313.787,3120560.601,458.8782619,6264.487426,0.6264487426,0.6264487426,0.460495959,47.6292678,Retain,0.3077628752,0.3225314662,0.014768591,-0.3798502435,-0.3724659481,0.1093561827,-0.1580288159,4.281951943,3,0.004,0.114,0.162,0.504,0.216
210,512,512,3.134752406,324.5170132,1.620817661,23.55169753,-2745962.646,3120541.722,332,332,3.451545832,304.4865874,1.595769122,26.2737353,-2745937.986,3120526.971,951.8859212,22931.03871,2.293103871,2.293103871,0.7315103631,28.7349119,Retain,1.142550194,1.238822198,0.0962720043,-0.06371092532,-0.01557492317,0.1093674835,0.9999475517,3.359237472,4,0.138,0.002,0.002,0.248,0.61
211,520,520,0.2365864984,1048.287387,1.438369306,23.55169753,-2746066.349,3120364.101,338,338,0.2070927499,1014.955291,1.302940032,26.2737353,-2746031.521,3120350.411,129.4180196,512.5157267,0.05125157267,0.05125157267,0.2166293217,37.42182425,Retain,-1.441441394,-1.574588519,-0.1331471247,-0.03231320896,-0.09888677134,0.1093674835,-1.282088456,4.915366432,3,0.008,0.104,0.018,0.864,0.006
212,526,526,0.1182933355,1247.382501,1.210249339,125.5666339,-2742759.752,3120604.109,318,318,0.7593400832,553.6119772,1.360876479,105.0949412,-2742697.145,3120570.155,66.34551832,175.7121553,0.01757121553,0.01757121553,0.1485393531,71.22146479,Retain,-2.134587845,-0.2753055345,1.85928231,-0.8123385963,0.1173025589,-0.1779708705,-1.740567457,5.905467151,4,0,0.004,0.16,0.098,0.738
213,538,538,7.156734615,170.2161699,1.284556877,50.22679471,-2745702.925,3120419.333,349,349,6.626967998,174.4454407,1.266811881,74.31334559,-2745662.594,3120408.706,1087.132811,56213.00016,5.621300016,5.621300016,0.7854559822,41.70771445,Retain,1.968053818,1.891147384,-0.07690643351,0.02454281514,-0.01391040162,0.3917354568,1.294371607,3.319048121,0,0.612,0.024,0.092,0.168,0.104
214,550,550,5.97380721,334.7880012,2.308290977,0,-2744598.931,3120504.979,321,321,11.73525583,201.498477,1.947211459,26.2737353,-2744318.628,3120672.806,753.2532972,9995.787011,0.9995787011,0.9995787011,0.16732691,326.7041442,Retain,1.787384448,2.46259763,0.6752131819,-0.5077156764,-0.1701090855,10.17636312,-1.599933366,5.467730783,4,0.022,0.038,0.248,0.044,0.648
215,556,556,0.6506167614,603.1889293,1.372495894,50.22643089,-2745452.383,3120247.687,355,355,0.1380618333,1141.824703,1.196826841,52.5474706,-2745414.088,3120245.316,159.7399419,828.8508172,0.08288508172,0.08288508172,0.1273946302,38.36858287,Retain,-0.4298345023,-1.980053627,-1.550219124,0.638152415,-0.1369571472,0.04517468357,-1.917520182,4.434547227,1,0,0.886,0.108,0.006,0
217,18,18,11.70684563,144.7942858,1.397547047,160.0720994,-2756118.083,3128761.615,18,18,12.0113795,144.3686406,1.411446364,166.1696924,-2756088.17,3128734.904,1577.469499,98756.95415,9.875695415,9.875695415,0.8435829534,40.10306602,Retain,2.460173768,2.485854492,0.02568072416,-0.002943983851,0.00989637823,0.03738494523,1.679944328,3.033755785,4,0.24,0.024,0.03,0.182,0.524
218,578,578,3.312221558,405.7381469,2.083054338,88.85317274,-2743324.769,3120517.047,356,356,4.279916832,356.0528644,2.077912314,52.5474706,-2743281.254,3120487.289,1257.705965,16219.86976,1.621986976,1.621986976,0.4896976087,52.71759322,Retain,1.19761913,1.453933578,0.2563144478,-0.1306287778,-0.00247155394,-0.5252605242,-0.04113310921,3.938523584,4,0.022,0.036,0.048,0.102,0.792
219,590,590,1.182949885,456.4883366,1.400580021,25.11301208,-2742300.365,3120321.297,357,357,1.2425565,465.1878419,1.462788362,26.27373529,-2742268.538,3120297.864,436.6299458,6701.506485,0.6701506485,0.6701506485,0.5665080634,39.52320766,Retain,0.1680112216,0.2171709506,0.049159729,0.01887813503,0.04345799952,0.04518190173,0.2670775712,4.165272668,3,0.006,0.01,0.006,0.824,0.154
220,603,603,22.41683949,223.1062574,2.979847303,0,-2744645.561,3120182.748,361,361,0.2761236666,951.5205858,1.410473959,52.5474706,-2745302.424,3120199.337,207.1824565,1149.670245,0.1149670245,0.1149670245,0.005128600957,657.0727065,Retain,3.109812439,-1.286906446,-4.396718886,1.450413173,-0.7479462697,10.86949127,-5.090651637,5.505254922,2,0,0,1,0,0
221,603,603,22.41683949,223.1062574,2.979847303,0,-2744645.561,3120182.748,389,389,29.20007774,181.7561781,2.770615463,78.8212059,-2744560.999,3120191.465,4722.460817,189526.5773,18.95265773,18.95265773,0.8454652024,85.01032257,Retain,3.109812439,3.374171372,0.2643589324,-0.2049820404,-0.07280257422,11.27495004,1.694199607,3.460243178,4,0.082,0.006,0.034,0.038,0.84
222,623,623,12.83496692,304.302763,3.075376847,75.33893214,-2743119.254,3120312.839,382,382,11.66622491,324.3052411,3.124742309,26.2737353,-2743090.728,3120305.793,3993.771698,87964.33544,8.796433544,8.796433544,0.6853491404,29.38392638,Retain,2.552173237,2.456697908,-0.0954753293,0.06366203765,0.01592437299,-1.053402459,0.7767497212,2.676760159,0,0.462,0.094,0.23,0.158,0.056
223,626,626,7.984944367,213.1179123,1.698834094,25.11301208,-2742561.979,3120183.311,377,377,13.18490508,219.1984595,2.245282904,26.27373529,-2742406.708,3120174.474,1628.5469,63173.44295,6.317344295,6.317344295,0.7911569579,155.5224558,Retain,2.077557814,2.579072621,0.5015148063,0.02813193619,0.2788893393,0.04518190173,1.328399719,4.580382597,4,0.016,0.006,0.002,0.008,0.968
226,73,73,0.3548115032,690.1643851,1.159702139,188.3512263,-2755714.433,3124475.844,57,57,0.6212782498,761.2164686,1.692568751,94.73129981,-2755729.448,3124446.195,221.1434105,1713.262847,0.1713262847,0.1713262847,0.4828656433,33.23448425,Retain,-1.036168607,-0.47597623,0.5601923774,0.09798796175,0.3780841504,-0.6872587367,-0.0684273128,4.594067355,4,0.004,0.018,0.018,0.176,0.784
227,74,74,1.182703851,530.8772569,1.628647863,160.1035787,-2755229.724,3124584.294,53,53,1.03546375,608.9731749,1.748077489,176.2495744,-2755202.806,3124566.47,527.3632257,6898.973731,0.6898973731,0.6898973731,0.5833221667,32.28427091,Retain,0.1678032166,0.03484939367,-0.1329538229,0.1372433791,0.07076646759,0.09607948243,0.3357420846,3.963074452,3,0.11,0.252,0.016,0.608,0.014
228,88,88,1.06444575,507.2985327,1.476455766,68.85329522,-2755275.749,3124296.156,64,64,0.6212782498,761.2164686,1.692568751,58.74985815,-2755256.521,3124276.875,413.0575176,4854.434559,0.4854434559,0.4854434559,0.4560527918,27.23007846,Retain,0.0624542409,-0.4759762301,-0.538430471,0.4058181181,0.1366028826,-0.1586868486,-0.175890022,3.845496734,1,0.12,0.682,0.082,0.11,0.006
229,90,90,0.3548152009,964.4490969,1.620598705,0,-2755660.269,3124240.297,66,66,0.4832164165,652.4712588,1.279461712,26.2737353,-2755625.187,3124246.431,248.2472515,1548.787842,0.1548787842,0.1548787842,0.4365054929,35.61422005,Retain,-1.036158186,-0.7272906584,0.3088675275,-0.3907899639,-0.2363562001,10.17636312,-0.2548413919,4.663217112,4,0,0.052,0.022,0.29,0.636
230,96,96,1.241855051,546.0467709,1.716565443,251.1699309,-2754702.91,3124303.534,67,67,1.104494666,523.3363222,1.551521355,316.3776685,-2754680.506,3124283.261,429.6406677,4978.992597,0.4978992597,0.4978992597,0.4009318634,30.21538343,Retain,0.2166062706,0.09938791485,-0.1172183557,-0.04248031224,-0.1010894901,0.2308061072,-0.4007606295,3.872446083,3,0.026,0.204,0.162,0.578,0.03
231,102,102,0.7687710267,506.3802528,1.252478654,309.5697104,-2754264.831,3124221.399,69,69,1.03546375,456.7298812,1.311058117,224.4828928,-2754230.678,3124193.383,304.4920815,4943.858452,0.4943858452,0.4943858452,0.6430859489,44.17429317,Retain,-0.2629621084,0.03484939373,0.2978115022,-0.1031957283,0.04571002282,-0.3213825752,0.5875393014,4.492011652,4,0.002,0,0,0.146,0.852
232,105,105,10.94016711,232.7306549,2.17150402,0,-2755978.841,3124144.841,86,86,18.91447116,222.2529835,2.726715138,26.2737353,-2755794.802,3124121.555,2505.099289,98401.99194,9.840199194,9.840199194,0.8994560221,185.5056111,Retain,2.392441072,2.939927299,0.5474862266,-0.04606549894,0.2276776144,10.17636312,2.182409342,4.599234927,4,0.026,0.002,0.01,0.008,0.954
235,136,136,11.05870277,273.6718684,2.56730412,0,-2754339.188,3123679.303,110,110,13.53005966,240.7929646,2.49855387,0,-2754327.05,3123705.272,2826.182893,86026.38554,8.602638554,8.602638554,0.7779066618,28.66603746,Retain,2.403217699,2.604913852,0.2016961531,-0.127992332,-0.02714425544,0,1.25030098,2.726504036,4,0.122,0,0.018,0.052,0.808
237,144,144,5.558967832,314.5708247,2.092235609,0,-2753882.351,3123492.626,113,113,0.2761236666,761.2164686,1.128379167,0,-2753664.041,3123490.123,71.81761325,309.2808005,0.03092808005,0.03092808005,0.005563637169,218.3244574,Retain,1.715412449,-1.286906446,-3.002318896,0.8837085218,-0.617450926,0,-5.021636301,5.100645591,2,0,0.026,0.974,0,0
238,144,144,5.558967832,314.5708247,2.092235609,0,-2753882.351,3123492.626,116,116,5.384411499,283.0163793,1.852574834,0,-2753865.473,3123476.649,1577.553257,40255.90594,4.025590594,4.025590594,0.7241615199,23.24058851,Retain,1.715412449,1.683508019,-0.03190442999,-0.105704475,-0.12165669,0,0.9629601841,2.860602,3,0.276,0.028,0.198,0.442,0.056
239,146,146,0.7096599213,685.7095999,1.629522783,0,-2753315.006,3123414.727,118,118,0.7593400832,622.8134743,1.530986039,0,-2753285.46,3123393.388,285.6851431,1985.227419,0.1985227419,0.1985227419,0.2797434883,36.44631701,Retain,-0.3429694078,-0.2753055345,0.06766387326,-0.09620713956,-0.06237520294,0,-0.9435534469,4.339717495,3,0.004,0.034,0.044,0.828,0.09
240,158,158,0.5322490311,548.5657577,1.128966883,0,-2753284.606,3123210.568,131,131,0.6212782498,507.4776457,1.128379167,0,-2753256.798,3123187.975,202.5496193,2559.083266,0.2559083266,0.2559083266,0.4808056223,35.8299764,Retain,-0.6306437957,-0.4759762301,0.1546675656,-0.07785449683,-5.207140169e-4,0,-0.07666178569,4.466499623,3,0,0.002,0.03,0.774,0.194
241,163,163,1.951575771,421.478544,1.660975582,0,-2753401.127,3123232.642,135,135,1.794803833,439.1633473,1.659700209,0,-2753376.04,3123215.259,715.5467266,12088.27424,1.208827424,1.208827424,0.6194109608,30.52120846,Retain,0.6686371341,0.5848957306,-0.08374140347,0.04110256109,-7.681406335e-4,0,0.4860378825,3.656500941,3,0.086,0.072,0.016,0.82,0.006
242,2,2,1.418949532,451.3664059,1.516728247,188.9903531,-2757238.086,3129741.077,1,1,1.725772916,456.7298812,1.692568751,159.8168926,-2757190.501,3129730.135,560.5575735,9296.072774,0.9296072774,0.9296072774,0.6551376608,48.82610168,Retain,0.3499168319,0.5456750175,0.1957581856,0.0118127068,0.1096917996,-0.1676662673,0.6403297835,4.285692048,4,0.008,0.004,0.004,0.288,0.696
243,17,17,0.3547522166,690.2573285,1.159761408,313.9407199,-2757244.057,3128713.849,15,15,0.4141854999,634.3470572,1.151647165,316.3776685,-2757224.132,3128692.322,171.276999,1597.098627,0.1597098627,0.1597098627,0.4502011692,29.33269325,Retain,-1.036335715,-0.8814413381,0.1548943766,-0.08446825447,-0.007021066179,0.00773245093,-0.1994563528,4.469269596,3,0,0.002,0.012,0.926,0.06
244,157,157,0.8279411791,587.7494782,1.508645015,47.09245194,-2756187.319,3122981.078,144,144,0.6212782498,761.2164686,1.692568751,52.5474706,-2756164.424,3122966.108,413.3191097,4137.440366,0.4137440366,0.4137440366,0.4997263659,27.35421418,Retain,-0.1888131669,-0.47597623,-0.2871630632,0.2586169706,0.115035439,0.1096020264,-0.001092351671,3.975678683,1,0.128,0.43,0.038,0.394,0.01
245,174,174,4.13974755,269.9841512,1.549602354,34.427388,-2756147.613,3122728.263,169,169,3.934762249,280.4481726,1.569303454,37.1566728,-2756115.104,3122714.126,972.6589916,29933.04809,2.993304809,2.993304809,0.7230645766,35.44999875,Retain,1.420634808,1.36985046,-0.0507843472,0.03802568226,0.01263350865,0.07628882879,0.9574917857,3.430198965,3,0.154,0.018,0.038,0.764,0.026
246,26,26,0.5321939715,731.4620765,1.505295828,34.4257976,-2758099.048,3125445.418,25,25,0.3451545833,761.2164685,1.261566261,37.15667279,-2758085.91,3125379.204,108.9072934,207.0625868,0.02070625868,0.02070625868,0.03890735294,67.50431883,Retain,-0.6307472479,-1.063762895,-0.4330156468,0.03987239446,-0.1766354289,0.07633502403,-3.182550162,5.099944959,1,0.016,0.738,0.084,0.156,0.006
247,31,31,1.241796692,551.1317731,1.732510065,68.85196043,-2757886.381,3125260.303,29,29,1.44964925,398.7324359,1.354278867,52.54747059,-2757869.715,3125241.08,556.38053,8731.698105,0.8731698105,0.8731698105,0.7031503757,25.44186243,Retain,0.2165592761,0.3713216303,0.1547623542,-0.3236833279,-0.2463021508,-0.2702372296,0.8604031925,3.700520554,4,0.06,0.022,0.058,0.29,0.57
248,32,32,0.3547994044,690.1834882,1.159714465,125.5899765,-2757620.895,3125231.151,30,30,0.2761236666,761.2164686,1.128379167,26.2737353,-2757578.827,3125224.189,125.4229028,895.9794002,0.08959794002,0.08959794002,0.2525312582,42.63989227,Retain,-1.036202707,-1.286906446,-0.2507037391,0.0979602831,-0.0273915864,-1.564422566,-1.08254232,4.843280002,3,0.044,0.22,0.05,0.676,0.01
249,35,35,0.5913334522,578.6877014,1.255323169,68.85196043,-2758086.41,3125133.797,32,32,0.7593400831,553.6119772,1.360876479,52.5474706,-2758055.337,3125120.289,290.3660208,3013.849134,0.3013849134,0.3013849134,0.5096699878,33.88210329,Retain,-0.5253752038,-0.2753055346,0.2500696692,-0.04429891706,0.08073591755,-0.2702372295,0.0386075407,4.357969007,4,0,0,0.002,0.44,0.558
250,36,36,0.4139354115,697.7200337,1.266317334,94.16905246,-2757873.577,3125072.366,34,34,0.3451545832,761.2164686,1.261566261,105.0949412,-2757833.682,3125069.174,138.5571814,1027.096334,0.1027096334,0.1027096334,0.2481296127,40.02161144,Retain,-0.8820453281,-1.063762895,-0.1817175669,0.08709984576,-0.003758937675,0.109771442,-1.10591979,4.702832187,3,0.004,0.138,0,0.856,0.002
252,115,115,75.51499905,193.2737322,4.737884963,23.54311423,-2758194.728,3124548.006,112,112,87.87635689,179.3911552,4.743862762,26.2737353,-2758162.99,3124543.869,14297.89855,644240.683,64.4240683,64.4240683,0.8531294328,32.00693167,Retain,4.324331299,4.475930791,0.1515994918,-0.07453883926,0.001260906643,0.1097319798,1.753745398,1.87618303,4,0.148,0.028,0.048,0.014,0.762
254,49,49,0.8870110879,499.0572815,1.325897613,50.23537803,-2757647.822,3124865.655,40,40,1.104494666,428.1842636,1.269426563,52.54747058,-2757613.312,3124856.357,358.875235,6121.521835,0.6121521835,0.6121521835,0.6901291223,35.74135229,Retain,-0.1198977963,0.09938791489,0.2192857112,-0.1531672564,-0.04352440078,0.04499656675,0.7989490273,4.208650165,3,0.046,0.006,0.01,0.55,0.388
255,56,56,1.123549434,556.017238,1.662567998,50.23537803,-2757477.723,3124837.55,44,44,1.03546375,558.2254103,1.602404365,52.54747058,-2757453.589,3124827.456,528.0655928,5947.803326,0.5947803326,0.5947803326,0.5293762026,26.15997259,Retain,0.1164928114,0.03484939376,-0.08164341762,0.003963544612,-0.03685816419,0.04499656675,0.1174049426,3.778387242,3,0.016,0.114,0.014,0.842,0.014
257,84,84,1.537525206,408.3664033,1.428420898,25.11703278,-2757449.529,3124234.454,73,73,1.380618333,418.6690577,1.387722887,58.74985815,-2757426.44,3124216.592,542.8422885,10096.25473,1.009625473,1.009625473,0.6566562085,29.19245845,Retain,0.430174115,0.3225314662,-0.1076426488,0.02491595071,-0.02890537369,0.8497197342,0.6470417632,3.731222544,3,0.14,0.068,0.02,0.768,0.004
258,119,119,3.07511176,346.090079,1.712043007,34.4267332,-2758137.01,3123656.312,107,107,2.485112999,359.4633324,1.598537153,26.2737353,-2758098.463,3123660.172,795.8159926,17392.65169,1.739265169,1.739265169,0.5655941327,38.73907029,Retain,1.123341245,0.9103181311,-0.2130231141,0.03791309077,-0.06859846629,-0.2702545948,0.2633646078,3.667568793,1,0.176,0.444,0.158,0.19,0.032
260,145,145,5.085870983,344.4500419,2.191310801,23.54583589,-2757932.618,3123109.629,141,141,7.248246248,260.9885035,1.982133561,26.2737353,-2757913.755,3123125.418,1631.511912,43041.6308,4.30416308,4.30416308,0.8462981257,24.59949308,Retain,1.6264663,1.980759543,0.3542932432,-0.2774727052,-0.1003260836,0.1096163882,1.700552738,2.96189828,4,0.074,0.002,0.024,0.062,0.838
261,149,149,0.1182770703,1247.551322,1.210329916,23.54583589,-2758086.383,3122909.87,146,146,0.1380618333,1141.824703,1.196826841,52.54747059,-2758051.754,3122898.964,59.55618996,215.8892802,0.02158892802,0.02158892802,0.1825284307,36.30596158,Retain,-2.134725354,-1.980053627,0.154671727,-0.08855508856,-0.01121922507,0.8027445389,-1.49506907,5.231737122,3,0.008,0.062,0.026,0.844,0.06
262,7,7,7.331319654,178.5448407,1.363745879,1491.294494,-2758951.211,3129356.275,3,3,7.110184415,192.1517299,1.445372539,1484.872883,-2758920.956,3129337.049,1258.618629,59642.1934,5.96421934,5.96421934,0.8135260256,35.84654266,Retain,1.992155534,1.961528181,-0.03062735347,0.07344554167,0.05813186494,-0.004315360016,1.468966348,3.155562195,3,0.318,0.07,0.03,0.45,0.132
263,29,29,2.483573189,527.0996884,2.343291455,75.35441748,-2759103.863,3125343.049,33,33,4.072824082,335.4513251,1.909731914,105.0949412,-2759088.231,3125246.232,999.8075371,13308.91446,1.330891446,1.330891446,0.5358776828,98.07010017,Retain,0.9096983253,1.404336637,0.4946383112,-0.4519128283,-0.2045936727,0.3326578385,0.1434698712,4.703208508,4,0.018,0.016,0.054,0.082,0.83
265,37,37,0.4730696607,710.0362482,1.37764759,0,-2759146.282,3124905.955,36,36,0.1380618333,1141.824703,1.196826841,105.0949412,-2759115.841,3124908.904,117.0515074,506.956826,0.0506956826,0.0506956826,0.1071632506,30.58373457,Retain,-0.7485126272,-1.980053627,-1.231541,0.4750668558,-0.140703644,11.56262894,-2.111881486,4.367122271,1,0.002,0.888,0.102,0.008,0
268,152,152,0.2365539508,822.8508006,1.12896705,47.09183717,-2757933.186,3122887.792,154,154,0.2761236666,761.2164686,1.128379167,78.82120589,-2757894.112,3122859.553,66.83972246,268.1071112,0.02681071112,0.02681071112,0.1133386741,48.2098969,Retain,-1.441578975,-1.286906446,0.1546725292,-0.07785712674,-5.20862151e-4,0.5150738454,-2.049425411,5.168739503,3,0.002,0.028,0.038,0.882,0.05
269,153,153,0.2365541561,822.8504307,1.128967033,75.34842596,-2757507.828,3122924.925,147,147,0.2761236666,761.2164686,1.128379167,78.82120589,-2757473.732,3122912.101,106.7899193,631.8050341,0.06318050341,0.06318050341,0.2670868458,36.4283162,Retain,-1.441578108,-1.286906446,0.1546716614,-0.07785667732,-5.208466268e-4,0.04505845115,-1.007079723,4.888527837,3,0,0.006,0.012,0.964,0.018
270,161,161,2.542963374,308.6461815,1.388436522,23.54590673,-2757277.002,3122876.64,158,158,3.796700416,262.9656892,1.445430851,58.74985815,-2757237.508,3122892.276,718.8913669,20793.19034,2.079319034,2.079319034,0.8176755729,42.47704157,Retain,0.9333300837,1.334132378,0.4008022942,-0.1601720131,0.040229134,0.9143112969,1.49643047,3.854687175,4,0.04,0,0.006,0.036,0.918
271,40,40,0.5322051121,548.5902962,1.128970802,202.3163452,-2759599.157,3124786.64,43,43,0.5522473332,570.9123514,1.196826841,216.6587716,-2759565.778,3124767.683,184.7036458,2104.371665,0.2104371665,0.2104371665,0.3954061352,38.38620123,Retain,-0.6307263148,-0.5937592657,0.03696704913,0.03988380769,0.05836733225,0.06849076991,-0.4237702918,4.535452203,3,0.002,0.02,0.008,0.93,0.04
272,42,42,0.3548033431,681.2985565,1.14479148,50.23546105,-2758858.945,3124827.658,41,41,0.4141854999,761.2164686,1.381976598,94.73129981,-2758831.209,3124821.325,189.8459917,1780.485888,0.1780485888,0.1780485888,0.5018233122,28.44997814,Retain,-1.036191606,-0.8814413382,0.1547502679,0.1109171513,0.1882922852,0.6343139383,0.007278723673,4.438643287,3,0.01,0.044,0,0.804,0.142
273,53,53,0.5322073134,631.143538,1.298863842,166.4355495,-2759328.024,3124697.413,46,46,0.4832164166,652.4712587,1.279461712,205.2044326,-2759273.483,3124678.071,106.4553394,525.1749434,0.05251749434,0.05251749434,0.09867864087,57.86866447,Retain,-0.6307221787,-0.7272906582,-0.09656847948,0.03323377662,-0.01505046311,0.209397435,-2.203019311,4.94591935,3,0,0.074,0.038,0.862,0.026
274,61,61,0.3548077655,681.2962908,1.144794807,117.7168399,-2758830.27,3124499.307,55,55,0.1380618333,1141.824703,1.196826841,78.82120589,-2758800.556,3124488.525,117.0091783,461.5705408,0.04615705408,0.04615705408,0.1300903153,31.60995564,Retain,-1.036179142,-1.980053627,-0.943874485,0.5163855849,0.04444834243,-0.4010958159,-1.893651765,4.543958272,1,0.036,0.762,0.098,0.104,0
275,67,67,0.5322155325,637.0581156,1.311045889,117.7168399,-2758817.144,3124300.885,63,63,0.5522473332,570.9123514,1.196826841,131.3686765,-2758787.419,3124278.335,207.6307426,2055.290884,0.2055290884,0.2055290884,0.3861764189,37.31122853,Retain,-0.6307067354,-0.5937592656,0.03694746979,-0.1096251869,-0.09115145199,0.1097247331,-0.4624549149,4.507039426,3,0.006,0.046,0.048,0.842,0.058
276,82,82,0.2365428075,822.8718661,1.128969361,150.702836,-2759017.575,3124045.735,80,80,0.5522473332,570.9123514,1.196826841,26.27373529,-2758945.061,3124041.871,98.56650643,229.1998875,0.02291998875,0.02291998875,0.09689573314,72.61640453,Retain,-1.441626083,-0.5937592656,0.8478668175,-0.3655647995,0.05836860924,-1.746708717,-2.223041728,5.578382609,4,0,0.022,0.078,0.132,0.768
277,86,86,0.9461732932,517.6192328,1.420335086,122.8120474,-2758769.003,3124014.267,83,83,1.587711083,430.2527866,1.529341586,26.27373529,-2758769.713,3123987.61,423.1409311,6632.579749,0.6632579749,0.6632579749,0.7009899557,26.66666606,Retain,-0.05532954151,0.4622934086,0.5176229501,-0.1848669884,0.07394448664,-1.542055417,0.8501031407,3.883481536,4,0.018,0,0.004,0.046,0.932
278,97,97,0.4730889737,723.3344218,1.403478014,34.4267332,-2758524.75,3123887.886,89,89,0.8283709997,570.9123515,1.465807536,105.0949412,-2758454.618,3123901.745,108.0313071,726.1686548,0.07261686548,0.07261686548,0.1534951553,71.48739949,Retain,-0.7484718031,-0.1882941577,0.5601776455,-0.2366359647,0.04345285797,1.116011221,-1.702133817,5.216136036,4,0.002,0.03,0.04,0.202,0.726
279,100,100,0.41395315580000003,705.3160585,1.280131071,164.8088214,-2759043.089,3123822.362,94,94,0.6212782498,676.636861,1.504505556,78.82120589,-2759048.697,3123833.141,246.8382431,2477.301591,0.2477301591,0.2477301591,0.5984497416,12.15039062,Retain,-0.8820024619,-0.47597623,0.4060262318,-0.04151127772,0.1615018382,-0.7375974537,0.3981921826,3.510809792,4,0.006,0.002,0.002,0.102,0.888
280,109,109,0.2365460536,1021.935823,1.402092108,221.9109333,-2759277.267,3123627.185,100,100,0.2070927499,1014.955292,1.302940032,26.2737353,-2759299.757,3123687.176,11.7148096,1.370703752,1.370703752e-4,1.370703752e-4,5.794659143e-4,64.06770638,Retain,-1.44161236,-1.574588519,-0.1329761586,-0.006854130669,-0.07334220996,-2.133672764,-6.451088964,5.453127168,3,0.01,0.068,0.152,0.732,0.038
281,118,118,3.725612962,350.545825,1.908704665,47.08984857,-2758783.072,3123612.855,111,111,4.487009582,269.3535197,1.609519421,26.2737353,-2758746.796,3123571.167,1065.839017,27826.35794,2.782635794,2.782635794,0.7468934167,55.2619304,Retain,1.315231392,1.501186463,0.1859550708,-0.2634667233,-0.1704891879,-0.5834708418,1.079506678,3.926851594,4,0.066,0.01,0.066,0.11,0.748
282,11,11,27.25601377,178.6335459,2.630808625,47.07149933,-2756593.159,3129512.173,7,7,29.95941783,163.1178147,2.518622898,52.5474706,-2756585.45,3129484.227,4803.517026,235081.9259,23.50819259,23.50819259,0.8624956235,28.98993623,Retain,3.305274186,3.399843727,0.09456954116,-0.09086374845,-0.04357897787,0.110047041,1.830086905,2.286711088,4,0.16,0.016,0.028,0.02,0.776
283,10,10,1.596353584,428.7057378,1.527984364,0,-2756664.724,3129267.098,4,4,2.761236666,361.5778226,1.69491791,0,-2756624.434,3129264.433,621.3974233,11713.03724,1.171303724,1.171303724,0.7337370216,40.37867592,Retain,0.4677220186,1.015678647,0.5479566281,-0.1702934623,0.1036848517,0,1.01127953,4.036830521,4,0.006,0,0.004,0.048,0.942
284,12,12,0.82774103,527.1288031,1.352879316,0,-2756799.413,3129191.409,5,5,0.8974019164,526.9960167,1.408302327,0,-2756767.373,3129176.365,370.3355272,4434.285306,0.4434285306,0.4434285306,0.5357092552,35.39605637,Retain,-0.1890549393,-0.1082514499,0.08080348934,-2.519367352e-4,0.04014980794,0,0.1427940558,4.233521076,3,0.008,0.008,0.004,0.814,0.166
286,15,15,1.00511462,484.0926529,1.36908797,23.5358904,-2756965.193,3129155.8,6,6,0.8283709998,507.4776458,1.302940032,26.27373529,-2756941.689,3129145.544,363.216816,5667.551466,0.5667551466,0.5667551466,0.5638711598,25.64419932,Retain,0.0051015848,-0.1882941576,-0.1933957424,0.04717634213,-0.04952152909,0.1100388475,0.256369689,3.814170544,3,0.1,0.39,0.022,0.486,0.002
287,16,16,0.9459961743,620.5662664,1.702659955,23.5358904,-2756918.279,3129008.066,9,9,1.104494666,570.9123514,1.692568751,26.27373529,-2756884.215,3128987.902,465.2170791,4106.959741,0.4106959741,0.4106959741,0.4341412632,39.58429025,Retain,-0.05551675399,0.09938791493,0.1549046689,-0.08339669636,-0.005944361902,0.1100388475,-0.2644394099,4.278580911,3,0.02,0.024,0.016,0.628,0.312
288,20,20,0.7686465185,751.3995328,1.85835774,34.42447792,-2756808.45,3128167.561,19,19,0.2070927499,1014.955292,1.302940032,52.54747059,-2756786.236,3128223.774,168.8616599,916.6211164,0.09166211164,0.09166211164,0.1192513196,60.44300582,Retain,-0.263124079,-1.574588519,-1.31146444,0.3006623313,-0.3550698886,0.4229390655,-1.99232319,4.805644395,1,0,0.68,0.318,0.002,0
289,20,20,0.7686465185,751.3995328,1.85835774,34.42447792,-2756808.45,3128167.561,20,20,0.4141854999,761.2164686,1.381976598,37.15667279,-2756777.478,3128096.784,130.1750734,963.8671502,0.09638671502,0.09638671502,0.1253979725,77.25625826,Retain,-0.263124079,-0.8814413381,-0.6183172591,0.01298025882,-0.2961783707,0.07637335773,-1.93547624,5.051067852,1,0.004,0.682,0.2,0.11,0.004
290,22,22,11.52976773,231.6983479,2.219362707,0,-2756492.199,3128062.842,22,22,12.63265775,253.7388229,2.54407174,37.15667279,-2756450.995,3128071.587,2320.839148,90207.08437,9.020708437,9.020708437,0.7823842293,42.12239417,Retain,2.444932189,2.536285345,0.09135315657,0.09086918059,0.1365457589,10.52292556,1.276307573,3.090502116,4,0.128,0.002,0.014,0.062,0.794
292,23,23,1.06429538,409.9806365,1.193134769,70.61358595,-2756698.678,3127809.807,23,23,1.311587416,400.6402466,1.294339674,37.15667279,-2756654.407,3127796.941,365.7200799,5514.328356,0.5514328356,0.5514328356,0.5181201065,46.10302112,Retain,0.06231296509,0.2712381718,0.2089252067,-0.02304604648,0.08141655689,-0.6420664378,0.07236732032,4.372108633,4,0,0.01,0.016,0.202,0.772
293,24,24,1.419072256,376.0619025,1.263736885,70.6146621,-2756586.714,3127622.35,24,24,1.380618333,380.6082343,1.261566261,52.5474706,-2756564.661,3127605.903,449.9515216,10126.58918,1.012658918,1.012658918,0.7136063113,27.51085517,Retain,0.35000331690000003,0.3225314662,-0.02747185077,0.01201682544,-0.001719099953,-0.2955159695,0.9108787639,3.711980293,3,0.014,0.014,0.004,0.912,0.056
294,59,59,5.322057559,280.1826265,1.823375243,472.0303938,-2756704.853,3124997.317,42,42,5.591504248,244.3410887,1.629881019,74.31334559,-2756701.901,3125026.163,1328.548078,40139.3083,4.01393083,4.01393083,0.75420658,28.99686681,Retain,1.671859988,1.721248347,0.04938835944,-0.1368764746,-0.11218229490000001,-1.848741486,1.118439697,3.103657218,4,0.144,0.024,0.152,0.282,0.398
295,140,140,0.1182760757,1221.000817,1.18456658,309.8447957,-2756514.944,3123247.933,125,125,0.4141854999,761.2164686,1.381976598,242.2318706,-2756462.193,3123209.87,29.29125864,8.561100741,8.561100741e-4,8.561100741e-4,0.007238235364,65.04922286,Retain,-2.134733762,-0.8814413382,1.253292424,-0.4725083732,0.1541378389,-0.2461752018,-4.792711338,5.814891455,4,0,0.018,0.07,0.242,0.67
296,155,155,1.774156509,383.996649,1.442840974,97.47617418,-2756880.839,3122982.013,148,148,1.863834749,338.3184305,1.302940032,83.08484618,-2756848.515,3122967.081,548.0053547,11025.9152,1.10259152,1.10259152,0.6214736493,35.6067477,Retain,0.573325104,0.6226360586,0.04931095467,-0.126646272,-0.1019907946,-0.159743875,0.4947772671,3.858265637,3,0.038,0.034,0.036,0.71,0.182
297,476,476,126.6851599,143.7397954,4.563887835,0,-2756587.334,3120868.877,320,320,1.518680166,449.8097314,1.563713104,26.2737353,-2756874.213,3120554.63,119.0914007,288.7851976,0.02887851976,0.02887851976,2.279550327e-4,425.5009933,Retain,4.841704952,0.417841646,-4.423863306,1.140819985,-1.071111668,10.17636312,-6.703176815,4.204782099,2,0,0,1,0,0
298,476,476,126.6851599,143.7397954,4.563887835,0,-2756587.334,3120868.877,433,433,213.2365015,133.8104702,5.512085419,0,-2756622.558,3121180.369,18539.68619,1140685.153,114.0685153,114.0685153,0.9004094518,313.4769449,Retain,4.841704952,5.362401886,0.5206969331,-0.07158029165,0.1887681749,0,2.192901296,3.899241473,4,0.02,0.018,0.026,0.012,0.924
300,109,109,0.2365460536,1021.935823,1.402092108,221.9109333,-2759277.267,3123627.185,105,105,0.6212782498,761.2164686,1.692568751,26.2737353,-2759270.564,3123587.919,103.7094813,111.8307413,0.01118307413,0.01118307413,0.04727651954,39.83378368,Retain,-1.44161236,-0.4759762301,0.9656361301,-0.2945362031,0.1882818619,-2.133672764,-2.983428472,4.977911615,4,0,0.016,0.068,0.13,0.786
301,106,106,2.897674463,334.7792881,1.607601661,50.23402135,-2761102.81,3123622.145,108,108,2.554143916,349.7481072,1.576787335,26.2737353,-2761067.908,3123616.876,841.2722895,17661.47102,1.766147102,1.766147102,0.6095050097,35.29747803,Retain,1.063908506,0.9377171053,-0.1261914008,0.04374172856,-0.01935397185,-0.6481045774,0.4443137801,3.604250538,3,0.18,0.218,0.08,0.464,0.058
302,116,116,4.612641759,293.3423528,1.777234365,141.2641508,-2762269.263,3123426.76,121,121,4.625071415,318.1203152,1.929948382,159.8168926,-2762242.023,3123397.773,1288.197652,32686.75789,3.268675789,3.268675789,0.7086342186,39.77763396,Retain,1.528800743,1.531491812,0.002691069377,0.08108929463,0.08243482932,0.1233963691,0.8867439581,3.491294505,3,0.162,0.034,0.012,0.686,0.106
304,257,257,0.1182856181,1247.464004,1.210288934,94.19566067,-2756273.287,3121200.8,260,260,0.1380618333,1141.824703,1.196826841,0,-2756252.004,3121204.308,81.06136392,398.8478408,0.03988478408,0.03988478408,0.3371904777,21.57089142,Retain,-2.134653086,-1.980053627,0.1545994597,-0.0884850941,-0.01118536424,-11.45314001,-0.6743859642,4.71108263,3,0.01,0.032,0.018,0.862,0.078
305,265,265,1.83342049,476.0586033,1.818387873,86.68295596,-2756911.957,3121190.054,270,270,2.416082083,434.9808392,1.907308908,111.4700184,-2756881.823,3121163.396,768.3513359,11915.34448,1.191534448,1.191534448,0.6498969847,40.23333352,Retain,0.6061833424,0.88214725409999994,0.2759639117,-0.09023898049,0.04774297537,0.2514958179,0.6172717167,3.96399397,4,0.016,0.002,0,0.216,0.766
309,121,121,1.301011285,482.6130632,1.552868473,23.54465878,-2761580.888,3123307.18,122,122,3.313483999,444.04294,2.280145056,94.73129981,-2761569.151,3123359.849,580.910364,8582.334479,0.8582334479,0.8582334479,0.6596664132,53.96091767,Retain,0.2631418736,1.198000204,0.93485833,-0.08329395167,0.3841352133,1.392113554,0.660388783,4.429072576,4,0.006,0,0.04,0.03,0.924
310,123,123,2.069793095,620.3826078,2.517782142,50.23343522,-2761027.525,3123301.22,123,123,2.485112999,528.6225476,2.350789931,52.5474706,-2760987.115,3123290.15,1130.955372,11263.11419,1.126311419,1.126311419,0.5441661882,41.89974527,Retain,0.7274486481,0.9103181311,0.182869483,-0.1600617405,-0.06862699896,0.04503524114,0.1767710061,3.943944233,4,0.016,0.032,0.012,0.312,0.628
311,124,124,2.542899255,423.4703615,1.904945982,50.23343522,-2760540.415,3123251.765,126,126,2.347051166,537.329272,2.322185168,52.5474706,-2760485.166,3123242.841,979.4125395,15329.58891,1.532958891,1.532958891,0.6028390184,55.96520917,Retain,0.9333048692,0.8531597172,-0.08014515196,0.2381275489,0.198054973,0.04503524114,0.4164512367,4.130460609,3,0.158,0.174,0.03,0.622,0.016
312,126,126,1.182748029,530.8726017,1.628663998,127.9958554,-2759419.183,3123260.271,128,128,1.587711083,496.445523,1.764624906,105.0949412,-2759366.012,3123241.665,497.1954758,5566.111577,0.5566111577,0.5566111577,0.4706084003,56.33178013,Retain,0.1678405687,0.4622934086,0.2944528399,-0.06704831559,0.08017810434,-0.1971320379,-0.1174666204,4.519721265,4,0,0.014,0.01,0.186,0.79
313,131,131,1.892399595,562.3938121,2.182438552,47.08984857,-2758707.992,3123279.548,124,124,1.932865666,570.9123515,2.239057996,52.54747059,-2758693.584,3123279.933,997.9259708,13236.17706,1.323617706,1.323617706,0.6994388023,14.41318324,Retain,0.6378456507,0.6590037028,0.0211580521,0.01503336012,0.02561238617,0.1096573089,0.842734026,2.921654787,3,0.07,0.01,0,0.858,0.062
314,143,143,0.7096574212,548.569096,1.303619296,25.11629669,-2758351.138,3123030.536,140,140,0.6903091665,532.851528,1.248886881,26.27373529,-2758319.747,3123009.313,237.0393609,3372.030055,0.3372030055,0.3372030055,0.4751630793,37.892275,Retain,-0.3429729307,-0.3706157143,-0.0276427836,-0.02907041817,-0.04289180995,0.04505112221,-0.09923072899,4.378625064,3,0.008,0.04,0.026,0.89,0.036
316,151,151,13.6017885,270.7461439,2.816795749,23.54554925,-2758786.566,3122969.576,145,145,8.559833664,325.3586519,2.685283175,26.2737353,-2759060.115,3123034.358,1882.717234,50971.47126,5.097147126,5.097147126,0.3747409486,281.1151837,Retain,2.610201291,2.147080758,-0.4631205332,0.1837464748,-0.04781379179,0.1096285618,-0.510864166,4.906032346,2,0.052,0.402,0.52,0.006,0.02
317,151,151,13.6017885,270.7461439,2.816795749,23.54554925,-2758786.566,3122969.576,156,156,6.765029832,295.1655695,2.165686665,26.27373529,-2758456.584,3122912.369,1950.584055,51388.26136,5.138826136,5.138826136,0.3778051788,334.9037491,Retain,2.610201291,1.911766671,-0.6984346202,0.08635480793,-0.2628625022,0.1096285612,-0.4978371519,5.081110458,2,0.016,0.16,0.79,0.022,0.012
318,132,132,0.3548266104,681.2861602,1.144808185,287.8378546,-2761713.999,3122876.56,151,151,0.2761236666,761.2164686,1.128379167,299.5666731,-2761677.53,3122859.553,118.4299842,692.5236763,0.06925236763,0.06925236763,0.1951724183,40.23943859,Retain,-1.03612603,-1.286906446,-0.2507804159,0.1109353465,-0.01445486151,0.03993955478,-1.412875843,4.785300383,3,0.02,0.264,0.004,0.712,0
319,133,133,0.6505159198,526.0505188,1.196882414,50.23279832,-2760366.089,3122992.223,142,142,1.86383475,394.7048356,1.520096704,105.0949412,-2760392.55,3122968.054,316.9088714,5001.251195,0.5001251195,0.5001251195,0.7688130363,35.83762682,Retain,-0.4299895081,0.6226360587,1.052625567,-0.2872590177,0.2390537657,0.7381855851,1.19860475,4.36638597,4,0,0,0.01,0.008,0.982
322,141,141,3.430001085,417.3809385,2.180593976,125.5819716,-2759920.628,3122972.983,143,143,3.658638582,387.7895217,2.092429783,105.0949412,-2759895.625,3122956.468,1352.050205,24941.62926,2.494162926,2.494162926,0.7271609728,29.96392843,Retain,1.232560577,1.297091106,0.06453052869,-0.07353660372,-0.04127133937,-0.17809301,0.9779816983,3.3561123,4,0.12,0.012,0.012,0.332,0.524
324,168,168,1.596755119,674.3997159,2.403984179,23.54657198,-2757029.121,3122741.294,166,166,2.208989333,451.9722782,1.894975832,26.2737353,-2756999.984,3122740.5,896.5257199,10992.10507,1.099210507,1.099210507,0.6884026825,29.14816259,Retain,0.4679735191,0.7925350955,0.3245615763,-0.4002021389,-0.2379213507,0.1095851278,0.7909097083,3.710804368,4,0.01,0.016,0.016,0.142,0.816
325,190,190,11.11823005,262.6100662,2.470155338,0,-2757646.811,3122483.07,191,191,11.04494666,223.6073376,2.096345836,26.2737353,-2757623.985,3122498.125,2693.672509,89395.57487,8.939557487,8.939557487,0.8040450183,27.34322149,Retain,2.408586108,2.401973008,-0.006613100439,-0.1607787372,-0.1640852874,10.17636312,1.407923016,2.676577115,0,0.376,0.026,0.27,0.172,0.156
326,190,190,11.11823005,262.6100662,2.470155338,0,-2757646.811,3122483.07,198,198,0.3451545833,761.2164685,1.261566261,26.2737353,-2757576.2,3122142.28,202.0527951,1216.411745,0.1216411745,0.1216411745,0.01094069595,348.0280748,Retain,2.408586108,-1.063762895,-3.472349003,1.064247476,-0.6719270253,10.17636312,-4.417812451,5.220357913,2,0,0.012,0.988,0,0
327,173,173,0.4139761448,826.6338552,1.500361509,70.64021482,-2758044.157,3122488.111,176,176,0.6212782498,761.2164686,1.692568751,74.31334559,-2758006.505,3122487.342,287.911301,1866.512059,0.1866512059,0.1866512059,0.4508743033,37.65995901,Retain,-0.8819469281,-0.4759762301,0.4059706981,-0.08244408818,0.1205412609,0.05069025613,-0.1967427405,4.641962395,4,0,0.004,0.012,0.252,0.732
328,178,178,0.4139784111,705.2925156,1.28012739,25.11572347,-2758074.761,3122343.621,187,187,0.4141854999,634.3470572,1.151647165,26.2737353,-2758038.618,3122334.078,184.9560375,1523.184114,0.1523184114,0.1523184114,0.367938055,37.38231251,Retain,-0.8819414536,-0.8814413382,5.001154172e-4,-0.1060164191,-0.1057663614,0.04507394431,-0.5399395194,4.634560085,3,0,0.038,0.014,0.93,0.018
330,180,180,0.5913990977,658.271647,1.428040572,25.11572347,-2758177.434,3122277.929,195,195,1.173525583,626.8841506,1.915705026,26.2737353,-2758160.713,3122239.029,356.2729623,2237.69811,0.223769811,0.223769811,0.378373609,42.34117454,Retain,-0.5252641972,0.1600125367,0.6852767339,-0.04885592781,0.2937824392,0.04507394431,-0.4954251503,4.580780665,4,0,0.012,0.032,0.146,0.81
331,188,188,0.9462445916,670.212614,1.839117049,25.11556455,-2757910.669,3122124.536,199,199,0.6212782499,676.6368609,1.504505556,58.74985815,-2757889.733,3122110.752,376.8467646,3290.599911,0.3290599911,0.3290599911,0.3477536295,25.06621645,Retain,-0.05525418986,-0.47597623,-0.4207220402,0.009539738116,-0.200821282,0.849778189,-0.627588608,3.821552913,1,0.028,0.806,0.086,0.074,0.006
333,196,196,1.182810399,448.5827902,1.37624338,0,-2757494.412,3122049.191,203,203,1.104494666,428.1842636,1.269426563,26.2737353,-2757457.311,3122025.362,366.3470299,5366.950439,0.5366950439,0.5366950439,0.453745625,44.09376459,Retain,0.1678933011,0.09938791486,-0.06850538624,-0.04653963269,-0.08079232582,10.17636312,-0.1851755343,4.274759351,3,0.024,0.088,0.104,0.74,0.044
334,205,205,1.005396185,480.9007439,1.360251249,23.54760877,-2757468.595,3121872.358,215,215,0.6903091665,608.9731749,1.427299293,26.2737353,-2757436.949,3121848.014,346.874586,3490.608386,0.3490608386,0.3490608386,0.3471873514,39.9257767,Retain,0.005381678039,-0.3706157144,-0.3759973925,0.2361133237,0.0481146275,0.1095410991,-0.6300801395,4.256721298,1,0.066,0.568,0.046,0.318,0.002
335,219,219,0.6505556909,598.4211408,1.361583362,103.1837786,-2757200.785,3121678.574,222,222,0.5522473332,570.9123515,1.196826841,78.82120589,-2757174.869,3121660.814,280.5552654,3399.654882,0.3399654882,0.3399654882,0.5225770721,31.4179788,Retain,-0.4299283722,-0.5937592657,-0.1638308935,-0.04705905714,-0.1289745039,-0.2693265903,0.09018911638,4.23474126,3,0.016,0.254,0.08,0.6,0.05
337,350,350,1.242032441,515.6522,1.621132127,25.11407023,-2757813.006,3120349.355,347,347,1.44964925,507.4776457,1.723627649,52.5474706,-2757865.962,3120324.138,534.5867506,7794.254374,0.7794254374,0.7794254374,0.6275403218,58.65322335,Retain,0.2167491028,0.3713216303,0.1545725276,-0.01597984519,0.06130641857,0.7382679195,0.5205901394,4.535649973,4,0.02,0.012,0.002,0.466,0.5
338,170,170,0.2365574704,822.8442233,1.128966425,211.5906433,-2758705.177,3122489.482,174,174,0.5522473332,570.9123515,1.196826841,210.1898824,-2758692.177,3122481.868,193.1062528,2350.658565,0.2350658565,0.2350658565,0.9936944966,15.06571389,Retain,-1.441564097,-0.5937592657,0.8478048311,-0.3655312058,0.0583712097,-0.006642124571,4.913807702,4.005634924,4,0,0,0,0.02,0.98
339,172,172,1.47847928,490.5231034,1.682527443,78.94148169,-2758371.799,3122557.83,163,163,0.4832164165,652.4712588,1.279461712,26.2737353,-2758425.217,3122677.514,63.56020437,192.0336428,0.01920336428,0.01920336428,0.01298859209,131.0638777,Retain,0.391014046,-0.7272906584,-1.118304704,0.2852947109,-0.2738576413,-1.100111665,-4.257452098,5.25255037,2,0.006,0.106,0.874,0.014,0
340,172,172,1.47847928,490.5231034,1.682527443,78.94148169,-2758371.799,3122557.83,175,175,1.311587416,600.9603699,1.94150951,26.2737353,-2758344.223,3122538.046,608.2722871,8834.603409,0.8834603409,0.8834603409,0.59754665,33.93907493,Retain,0.391014046,0.2712381718,-0.1197758742,0.2030566126,0.1431686755,-1.100111665,0.3944435993,3.901454387,3,0.174,0.178,0.15,0.452,0.046
342,195,195,0.7688278714,637.0285987,1.57568194,25.1154697,-2759149.319,3121857.047,214,214,1.518680166,449.8097315,1.563713104,26.2737353,-2759208.993,3121830.1,352.456646,5568.625154,0.5568625154,0.5568625154,0.724300635,65.47627405,Retain,-0.2628881689,0.417841646,0.6807298148,-0.3479898761,-0.007624968712,0.04508404797,0.9636546458,4.885512149,4,0.002,0.006,0,0.044,0.948
346,200,200,0.3548453717,690.1116478,1.159668867,47.09529139,-2759131.612,3121743.134,218,218,0.4832164165,652.4712588,1.279461712,26.2737353,-2759115.841,3121742.919,215.3356634,2500.189413,0.2500189413,0.2500189413,0.7045856061,15.77228873,Retain,-1.036073157,-0.7272906583,0.3087824987,-0.05608630251,0.09830494686,-0.5835864164,0.8672696505,3.848719444,4,0,0,0,0.222,0.778
347,220,220,2.838778561,373.8185493,1.776730976,103.2834811,-2759540.819,3121575.412,246,246,3.175422166,330.963682,1.663704317,111.4700184,-2759503.093,3121555.576,988.1536362,16300.71039,1.630071039,1.630071039,0.5742156366,42.62360171,Retain,1.043373875,1.155440589,0.1120667137,-0.12176187,-0.06572851311,0.07627749922,0.2984661089,3.803109597,4,0.068,0.026,0.014,0.31,0.582
349,264,264,1.182855682,541.4496441,1.661188901,0,-2759252.873,3120894.573,293,293,2.139958416,441.9966592,1.82396593,37.1566728,-2759276.026,3120902.16,597.6686978,9092.545177,0.9092545177,0.9092545177,0.7686943821,24.36444312,Retain,0.1679315845,0.7607863971,0.5928548126,-0.2029477452,0.09347966115,10.52292556,1.197939706,3.681565014,4,0.01,0.004,0.006,0.042,0.938
350,271,271,31.46331897,214.5388463,3.394714656,0,-2758688.875,3121486.144,294,294,38.72634424,230.6716571,4.049417491,37.1566728,-2758655.933,3121490.532,7551.364831,260173.7542,26.01737542,26.01737542,0.8269113453,33.23284819,Retain,3.44882239,3.656520098,0.2076977079,0.07250447834,0.1763533323,10.52292556,1.559341398,2.351522628,4,0.134,0.042,0.024,0.022,0.778
351,412,412,1.478623576,566.9063033,1.944621876,75.3419253,-2758499.955,3120018.298,392,392,1.44964925,616.2228555,2.09297643,26.2737353,-2758472.76,3120000.095,717.0297445,6466.723245,0.6466723245,0.6466723245,0.4373475002,32.72570004,Retain,0.3911116386,0.3713216304,-0.01979000825,0.08341463634,0.07351963222,-1.053442187,-0.2514259513,3.865000383,3,0.044,0.146,0.088,0.622,0.1
352,13,13,0.7094935238,548.6380946,1.303632699,1105.342907,-2762125.837,3128693.029,17,17,0.8974019165,468.4409037,1.251824291,1053.901062,-2762104.983,3128673.122,311.9760206,4256.924991,0.4256924991,0.4256924991,0.5999949045,28.82968457,Retain,-0.3432039103,-0.1082514499,0.2349524604,-0.1580290613,-0.04055283113,-0.04765698884,0.4046123221,4.105407154,3,0.008,0.004,0.008,0.512,0.468
353,46,46,2.128819396,365.7271524,1.505295217,25.11766617,-2760784.545,3124678.475,49,49,2.278020249,369.0746514,1.571404803,0,-2760754.366,3124672.043,725.6076388,14592.83465,1.459283465,1.459283465,0.6854895572,30.85664969,Retain,0.7555675519,0.8233067541,0.06773920225,0.009111360842,0.04298096197,-10.13136652,0.7773992327,3.623965851,3,0.064,0.004,0.042,0.46,0.43
354,47,47,0.3548045334,690.1754164,1.159709284,34.42615718,-2760665.9,3124587.093,51,51,0.4141854999,634.3470572,1.151647165,37.15667279,-2760639.717,3124567.346,161.6067039,1500.771013,0.1500771013,0.1500771013,0.422985298,32.79455859,Retain,-1.036188251,-0.8814413382,0.1547469131,-0.08434957851,-0.006976121966,0.07632457937,-0.3099005243,4.580752166,3,0,0,0.018,0.93,0.052
355,48,48,0.4139389537,712.9379565,1.293942429,0,-2760058.068,3124638.515,47,47,0.4141854999,634.3470571,1.151647165,0,-2760035.421,3124619.893,204.1231664,1978.486528,0.1978486528,0.1978486528,0.4779657749,29.31973734,Retain,-0.8820367708,-0.8814413381,5.954326756e-4,-0.1167981857,-0.1165004694,0,-0.08801775825,4.391678353,3,0.002,0.038,0.016,0.91,0.034
359,445,445,0.5323094268,648.7613341,1.335248519,117.7542208,-2758639.688,3119799.11,408,408,0.5522473332,666.06441,1.396297981,26.2737353,-2758629.777,3119824.937,202.2523335,2307.679089,0.2307679089,0.2307679089,0.4335221156,27.66347128,Retain,-0.6305303294,-0.5937592656,0.03677106375,0.02632147257,0.04470700445,-1.500000227,-0.2669549361,4.207779072,3,0.006,0.042,0.036,0.85,0.066
360,488,488,29.86861279,249.7530635,3.850467112,0,-2759992.653,3119534.04,417,417,0.7593400831,553.6119772,1.360876479,26.2737353,-2759906.441,3119731.784,314.5760684,3995.05116,0.399505116,0.399505116,0.01337541582,215.7206397,Retain,3.396808189,-0.2753055346,-3.672113724,0.7959913556,-1.040065506,10.17636312,-4.229783137,4.24794972,2,0,0.004,0.996,0,0
361,488,488,29.86861279,249.7530635,3.850467112,0,-2759992.653,3119534.04,462,462,47.90745615,209.4990569,4.090521651,26.2737353,-2760045.908,3119539.068,7390.756723,255268.6732,25.52686732,25.52686732,0.8546385297,53.49165237,Retain,3.396808189,3.869271153,0.4724629637,-0.1757534458,0.06047803605,10.17636312,1.765768623,2.853505154,4,0.074,0.024,0.046,0.012,0.844
363,45,45,0.5913404076,748.5860244,1.623886087,300.3252905,-2761631.924,3124533.382,52,52,0.6212782499,676.636861,1.504505556,299.5666731,-2761606.007,3124519.177,321.0077827,2573.181148,0.2573181148,0.2573181148,0.4351438047,29.55487094,Retain,-0.5253634416,-0.47597623,0.04938721158,-0.1010513917,-0.07635778594,-0.002529172964,-0.2603679577,4.221329066,3,0.006,0.052,0.05,0.804,0.088
364,50,50,1.182682439,411.4416816,1.262226891,25.11766617,-2760942.602,3124565.275,54,54,1.173525583,447.7743933,1.368360733,0,-2760910.182,3124531.026,337.2249954,5904.674411,0.5904674411,0.5904674411,0.4992611892,47.15915358,Retain,0.1677851121,0.1600125367,-0.007772575445,0.08462223062,0.0807359429,-10.13136652,-0.002949346543,4.342021719,3,0.034,0.068,0.156,0.644,0.098
367,60,60,1.478362244,558.4937946,1.91559569,0,-2761185.97,3124387.083,59,59,2.278020249,346.0074857,1.473192003,108.3293858,-2761150.861,3124403.732,672.9497695,9209.331759,0.9209331759,0.9209331759,0.6229414879,38.85614782,Retain,0.3909348831,0.8233067541,0.432371871,-0.4787830977,-0.2625971622,11.59294096,0.501007617,4.036789546,4,0.008,0.042,0.028,0.104,0.818
368,64,64,0.1182698401,1247.624429,1.210363846,0,-2760044.065,3124251.486,61,61,0.2761236666,761.2164686,1.128379167,37.15667279,-2760022.285,3124252.061,106.4333043,697.5537275,0.06975537275,0.06975537275,0.5897984871,21.78748186,Retain,-2.134786485,-1.286906446,0.8478800386,-0.4940787953,-0.07013877605,10.52292556,0.3623915966,4.721139661,4,0,0.016,0.004,0.488,0.492
369,65,65,7.332700288,280.0054484,2.138914955,0,-2760127.298,3124380.293,62,62,8.766926414,281.7100317,2.352995308,0,-2760111.76,3124387.257,2064.863097,62678.73676,6.267873676,6.267873676,0.8547838354,17.02674295,Retain,1.992343837,2.170986279,0.1786424425,0.006069223978,0.09539044524,0,1.766931709,2.411036977,4,0.048,0.01,0.002,0.052,0.888
370,66,66,0.946160184,613.830133,1.684323881,172.1314711,-2760897.248,3124204.997,70,70,1.03546375,558.2254103,1.602404365,176.2495744,-2760860.417,3124184.625,419.7890294,5045.066146,0.5045066146,0.5045066146,0.5332148014,42.08989182,Retain,-0.05534339661,0.03484939374,0.09019279035,-0.09495539163,-0.04985899646,0.02364233962,0.1327887948,4.339868012,3,0.022,0.022,0.014,0.75,0.192
371,71,71,0.4139466709,811.470492,1.472787186,86.67289329,-2760213.456,3124108.391,77,77,0.4141854999,761.2164685,1.381976598,83.08484618,-2760184.306,3124085.661,145.195374,1196.989274,0.1196989274,0.1196989274,0.2891650924,36.964657,Retain,-0.8820181277,-0.8814413381,5.767895933e-4,-0.06393025391,-0.06364185911,-0.04227835844,-0.8973959679,4.623363299,3,0.002,0.034,0.012,0.938,0.014
373,1,1,1.596294802,548.6504155,1.955452767,619.5817393,-2764025.227,3129586.541,2,2,2.139958416,368.3305493,1.519971608,639.8072645,-2763991.738,3129567.407,726.9533364,7970.482318,0.7970482318,0.7970482318,0.4993114248,38.57009716,Retain,0.4676851948,0.7607863971,0.2931012023,-0.398480706,-0.2519301048,0.0321222944,-0.002748804992,3.991025563,4,0.002,0.044,0.056,0.194,0.704
374,3,3,0.4138650484,697.7326027,1.266232511,25.12131459,-2764505.197,3128864.063,10,10,0.4141854999,634.3470572,1.151647165,37.15667279,-2764488.82,3128863.102,224.7208089,2506.704941,0.2506704941,0.2506704941,0.6056817195,16.4060026,Retain,-0.8822153284,-0.8814413381,7.739902363e-4,-0.09523972519,-0.09485273007,0.3914138066,0.4283130894,3.811180838,3,0.01,0.026,0.008,0.94,0.016
375,70,70,0.3548122286,681.293652,1.144797573,100.469076,-2761332.909,3123997.055,82,82,0.4141854999,634.3470572,1.151647165,105.0949412,-2761309.698,3123976.187,163.925914,1532.196077,0.1532196077,0.1532196077,0.4318329397,31.21309739,Retain,-1.036166563,-0.8814413382,0.1547252248,-0.07139720678,0.005965405607,0.04501372684,-0.2738221612,4.531318057,3,0,0.008,0.012,0.928,0.052
376,78,78,0.8870308782,601.66711,1.598529696,100.469076,-2761521.558,3123972.687,87,87,0.966432833,598.0986539,1.658646097,83.08484618,-2761518.011,3123940.53,394.4617136,4092.450528,0.4092450528,0.4092450528,0.4613650582,32.35229286,Retain,-0.1198754853,-0.03414347779,0.08573200748,-0.005948605552,0.03691739819,-0.1899855672,-0.1545381288,4.10901849,3,0.008,0.016,0.01,0.718,0.248
377,79,79,7.746696503,256.5256763,2.014114612,141.2641508,-2762401.998,3124006.239,93,93,6.834060748,230.6716571,1.701095599,0,-2762397.669,3123995.295,1698.48944,56950.72326,5.695072326,5.695072326,0.7351614104,11.76943057,Retain,2.047266495,1.921919043,-0.125347452,-0.1062334604,-0.1689071864,-11.85839391,1.018560084,2.014322199,2,0.212,0.028,0.53,0.146,0.084
378,92,92,0.2365439587,822.8696439,1.128969059,50.23402135,-2761282.261,3123706.061,96,96,0.2070927499,1014.955292,1.302940032,26.2737353,-2761235.255,3123695.934,47.10173043,22.17190807,0.002217190807,0.002217190807,0.009373271758,48.08386426,Retain,-1.441621217,-1.574588519,-0.1329673023,0.2098020461,0.1433183949,-0.6481045774,-4.56011428,5.166143006,3,0.024,0.124,0.072,0.754,0.026
379,94,94,0.2956802783,987.4435704,1.514671778,86.67459152,-2761867.193,3123619.476,103,103,0.2761236666,951.5205857,1.410473959,94.73129981,-2761841.741,3123601.786,191.0766069,926.864631,0.0926864631,0.0926864631,0.313468533,30.99591406,Retain,-1.218476549,-1.286906446,-0.06842989707,-0.03705802976,-0.07127297829,0.08888270109,-0.7822235815,4.615490871,3,0.004,0.022,0.006,0.966,0.002
380,6,6,2.719693631,338.169608,1.573220635,25.12131459,-2764365.756,3128791.08,14,14,2.554143916,308.6012711,1.391282943,37.15667279,-2764335.793,3128775.759,805.063688,17719.65305,1.771965305,1.771965305,0.6515312183,33.65248579,Retain,1.000519238,0.9377171053,-0.06280213298,-0.09149750964,-0.1228985761,0.3914138066,0.624444747,3.588221964,3,0.168,0.074,0.07,0.656,0.032
381,79,79,7.746696503,256.5256763,2.014114612,141.2641508,-2762401.998,3124006.239,75,75,0.20709275,1014.955291,1.302940032,0,-2762548.942,3124125.071,174.3264829,993.1075605,0.09931075605,0.09931075605,0.01281975562,188.9804468,Retain,2.047266495,-1.574588519,-3.621855013,1.37537108,-0.4355564263,-11.85839391,-4.269765979,4.790380541,2,0,0.05,0.95,0,0
382,4,4,0.3547430202,690.2715816,1.159770323,334.122042,-2764884.185,3128707.711,13,13,0.2761236666,761.2164686,1.128379167,357.3614358,-2764882.926,3128692.322,174.0956179,1807.628745,0.1807628745,0.1807628745,0.5095600596,15.44050167,Retain,-1.036361638,-1.286906446,-0.250544808,0.09783265355,-0.02743975046,0.06724117877,0.03816854355,3.82760456,3,0.064,0.302,0.002,0.632,0
383,5,5,0.9459787718,720.0925857,1.975714116,285.2113143,-2763321.798,3128918.224,12,12,0.6903091665,532.851528,1.248886881,282.9767894,-2763259.209,3128831.573,129.6951411,599.9669897,0.05999669897,0.05999669897,0.0634228809,106.891154,Retain,-0.05553515017,-0.3706157143,-0.3150805641,-0.3011369688,-0.4586772508,-0.007865453565,-2.677830151,5.271952938,1,0.006,0.548,0.236,0.144,0.066
385,9,9,1.182482006,496.4571302,1.522909483,50.24223444,-2763680.208,3128694.92,16,16,2.554143916,390.8949433,1.762291727,282.9767894,-2763735.047,3128681.316,540.9091142,6494.683364,0.6494683364,0.6494683364,0.549241623,56.50174383,Retain,0.1676156247,0.9377171052,0.7701014806,-0.2390582989,0.1459924414,1.728492512,0.1972100236,4.522846331,4,0.006,0.006,0,0.032,0.956
386,159,159,1.655886277,356.4416313,1.293894134,809.485103,-2762529.487,3122389.099,185,185,1.380618333,418.6690577,1.387722887,824.5935538,-2762502.525,3122368.234,474.4822831,9415.071198,0.9415071198,0.9415071198,0.5685819932,34.09217183,Retain,0.5043363801,0.3225314662,-0.1818049139,0.1609102701,0.07000781312,0.01849221007,0.2755100179,3.849293878,1,0.176,0.59,0.036,0.19,0.008
387,272,272,0.5322869148,548.5445577,1.128963428,1423.920122,-2772337.763,3119676.745,423,423,0.5522473332,570.9123514,1.196826841,1409.996596,-2772301.972,3119664.01,217.9105718,2180.181131,0.2180181131,0.2180181131,0.4095875871,37.98966615,Retain,-0.6305726214,-0.5937592657,0.03681335577,0.0399671858,0.05837386368,-0.009826420511,-0.3649243231,4.524991755,3,0.002,0.024,0.014,0.92,0.04
388,496,496,0.2957314599,828.0731568,1.270318252,0,-2770927.976,3118320.531,566,566,0.4141854999,761.2164686,1.381976598,0,-2770917.127,3118318.576,229.6134012,1901.707283,0.1901707283,0.1901707283,0.6430520731,11.02395762,Retain,-1.218303467,-0.8814413382,0.3368621285,-0.08418373384,0.08424733038,0,0.5873920616,3.581678254,4,0.006,0.006,0,0.468,0.52
389,505,505,1.419511941,555.1292578,1.865772597,0,-2771096.781,3118283.458,577,577,1.44964925,507.4776457,1.723627649,0,-2771122.938,3118253.517,612.1446012,6028.834712,0.6028834712,0.6028834712,0.4247117998,39.75740622,Retain,0.3503131089,0.3713216303,0.02100852138,-0.08974832136,-0.07924406068,0,-0.3028452922,4.080029684,3,0.012,0.076,0.082,0.718,0.112
391,555,555,14.13604889,256.3012304,2.718377571,34.42916779,-2762615.86,3118908.118,488,488,0.6212782499,592.0572533,1.316442362,52.5474706,-2763007.273,3118969.581,303.3326043,3481.862597,0.3481862597,0.3481862597,0.02463108768,396.2089965,Retain,2.648728194,-0.47597623,-3.124704424,0.837249908,-0.7251023038,0.4228028426,-3.640034522,5.229945211,2,0,0.002,0.998,0,0
392,555,555,14.13604889,256.3012304,2.718377571,34.42916779,-2762615.86,3118908.118,494,494,1.2425565,422.8980381,1.329807601,52.5474706,-2763134.263,3118928.71,115.7669367,503.5336993,0.05035336993,0.05035336993,0.00356205403,518.8112174,Retain,2.648728194,0.2171709505,-2.431557243,0.5007776715,-0.7150009501,0.4228028426,-5.38741697,5.499542848,2,0,0.01,0.99,0,0
393,555,555,14.13604889,256.3012304,2.718377571,34.42916779,-2762615.86,3118908.118,525,525,19.39768758,205.8806107,2.557911391,26.2737353,-2762490.753,3118867.582,2995.360717,102637.1621,10.26371621,10.26371621,0.7260668302,131.509941,Retain,2.648728194,2.965153862,0.3164256683,-0.2190569927,-0.06084415854,-0.270325308,0.97249035,4.127090896,4,0.04,0.004,0.068,0.044,0.844
394,504,504,4.909131823,411.2128714,2.570183405,23.55152438,-2771389.178,3118313.051,589,589,9.319173748,394.7048356,3.399039562,26.2737353,-2771477.147,3118290.356,1867.478906,37772.83534,3.777283534,3.777283534,0.7694402331,90.84884932,Retain,1.591097108,2.232073971,0.6409768631,-0.04097278194,0.2795156496,0.1093748354,1.20212407,4.286024525,4,0.018,0.002,0.004,0.012,0.964
395,669,669,23.42254309,161.7960655,2.208920307,0,-2766941.95,3118011.835,644,644,19.46671849,153.8629032,1.915029045,0,-2766871.903,3118084.814,2627.319714,158412.7717,15.84127717,15.84127717,0.6763260977,101.1554254,Retain,3.153698939,2.968706264,-0.1849926749,-0.05027472035,-0.1427710578,0,0.7353315362,3.612183559,2,0.138,0.044,0.766,0.034,0.018
396,669,669,23.42254309,161.7960655,2.208920307,0,-2766941.95,3118011.835,651,651,2.208989333,523.3363222,2.194182542,0,-2767278.762,3117837.985,689.6141744,6414.044745,0.6414044745,0.6414044745,0.02738406637,379.0331511,Retain,3.153698939,0.7925350954,-2.361163843,1.173887633,-0.006694288251,0,-3.535188963,4.933141783,2,0,0.03,0.964,0.004,0.002
400,607,607,0.887215515,491.9100277,1.307059349,34.42955666,-2768374.408,3117948.66,626,626,0.2070927499,1014.955292,1.302940032,83.08484618,-2768337.922,3117933.228,175.0346646,1357.436164,0.1357436164,0.1357436164,0.1529995972,39.61520018,Retain,-0.1196673555,-1.574588519,-1.454921163,0.7243040136,-0.003156568181,0.8809299196,-1.705931124,4.311436751,1,0.004,0.854,0.13,0.012,0
402,636,636,2.957397804,331.2217347,1.606825697,34.42949889,-2766437.079,3117986.005,613,613,6.143751582,230.9308388,1.614707359,26.2737353,-2766419.939,3118082.604,875.5889073,17989.653010000002,1.798965301,1.798965301,0.6082933107,98.10795107,Retain,1.084309761,1.815435562,0.7311258011,-0.3606697781,0.004893122467,-0.2703349246,0.4392367829,4.616288669,4,0.006,0.008,0.036,0.038,0.912
404,666,666,1.064669656,631.1475527,1.837102587,150.6767685,-2770395.362,3117507.968,685,685,0.4832164165,652.4712588,1.279461712,131.3686765,-2770398.533,3117531.615,314.3924481,4399.535244,0.4399535244,0.4399535244,0.4132300773,23.85828189,Retain,0.0626645693,-0.7272906584,-0.7899552277,0.03322741587,-0.361750198,-0.1371282661,-0.3499140218,3.713205978,1,0.024,0.568,0.372,0.036,0
405,667,667,8.813084523,321.69131170000003,2.694004812,34.42955666,-2768696.419,3117687.048,683,683,9.181111914,309.0653331,2.641757828,78.82120589,-2768680.271,3117678.59,2642.615974,64978.29436,6.497829436,6.497829436,0.7372934435,18.22965598,Retain,2.176237495,2.217148321,0.0409108261,-0.04003973778,-0.01958432473,0.8282503128,1.029504409,2.387350767,4,0.198,0.002,0.022,0.214,0.564
407,671,671,0.5914846366,817.5024958,1.773600855,25.11260707,-2769848.918,3117486.015,689,689,1.380618333,456.7298812,1.513879513,131.3686765,-2769881.504,3117539.122,375.7359507,3511.119213,0.3511119213,0.3511119213,0.5936112277,62.30672743,Retain,-0.5251195696,0.3225314662,0.8476510357,-0.5821618093,-0.1583362915,1.654605493,0.3781398494,4.967010182,4,0,0.004,0.01,0.068,0.918
408,672,672,1.064672309,492.5530533,1.433692663,223.3511212,-2768114.605,3117659.34,659,659,1.104494666,475.7602929,1.410473959,210.1898824,-2768086.679,3117688.554,356.2495181,4879.272131,0.4879272131,0.4879272131,0.45828862930000003,40.41355476,Retain,0.06266706063,0.09938791482,0.03672085419,-0.03468803621,-0.01632760912,-0.06073346348,-0.1668987986,4.240221399,3,0.01,0.046,0.038,0.82,0.086
409,677,677,1.301264531,477.7964224,1.537519943,50.22539351,-2767580.637,3117698.611,660,660,3.727669499,267.8354241,1.458753076,105.0949412,-2767644.101,3117713.793,463.1533045,9020.449863,0.9020449863,0.9020449863,0.6932064653,65.25467308,Retain,0.2633365082,1.315783239,1.052446731,-0.5788120443,-0.05258867877,0.7383330029,0.8133402003,4.619009675,4,0.022,0.004,0.014,0.044,0.916
410,694,694,4.613605565,243.6263162,1.476180614,75.3380712,-2769225.557,3117399.177,718,718,6.626967998,333.032205,2.418459046,111.4700184,-2769219.187,3117415.69,1389.547676,31500.9589,3.15009589,3.15009589,0.6827839628,17.69855806,Retain,1.529009669,1.891147384,0.3621377147,0.3126036365,0.4936724938,0.3917657582,0.7649115096,2.681399779,4,0.178,0.03,0.034,0.06,0.698
411,299,299,1.18287158,459.1611554,1.408734034,1567.805863,-2775616.861,3119150.002,471,471,0.4832164165,869.9616784,1.705948949,1564.33564,-2775578.213,3119130.559,373.9118858,2767.784809,0.2767784809,0.2767784809,0.2339886133,43.26272345,Retain,0.167945025,-0.7272906583,-0.8952356833,0.6390479133,0.1914300716,-0.002215877917,-1.182964588,4.255706919,1,0.05,0.802,0.11,0.034,0.004
412,536,536,0.4731742643,829.388144,1.609397968,47.10380574,-2773929.222,3117846.673,635,635,0.1380618333,1141.824703,1.196826841,26.2737353,-2773842.269,3117854.407,57.42138398,205.3415323,0.02053415323,0.02053415323,0.04339659779,87.29562717,Retain,-0.7482915348,-1.980053627,-1.231762092,0.3196946252,-0.2961864207,-0.5837671861,-3.071270867,5.415822537,1,0.002,0.624,0.36,0.014,0
413,537,537,4.613416999,420.5901764,2.548387983,47.10380574,-2773905.652,3118053.037,572,572,0.5522473332,761.2164686,1.595769122,26.2737353,-2774052.459,3118235.376,396.9581649,4493.44982,0.449344982,0.449344982,0.09739960252,234.0935048,Retain,1.528968797,-0.5937592657,-2.122728063,0.5932588635,-0.4681051678,-0.5837671861,-2.21735046,5.263605445,2,0,0.032,0.968,0,0
414,537,537,4.613416999,420.5901764,2.548387983,47.10380574,-2773905.652,3118053.037,636,636,4.348947749,350.4012316,2.06135498,26.2737353,-2773841.644,3117998.286,1301.742517,26085.89608,2.608589608,2.608589608,0.5654354697,84.22984729,Retain,1.528968797,1.469933919,-0.05903487795,-0.1825800329,-0.2120974719,-0.5837671861,0.262720203,4.241441756,2,0.098,0.104,0.4,0.294,0.104
415,713,713,2.898297986,300.0912457,1.441185593,25.11260707,-2769690.17,3117283.813,730,730,2.347051166,313.4420753,1.354608015,131.3686765,-2769664.745,3117264.793,672.0561366,18944.92703,1.894492703,1.894492703,0.653656978,31.75177533,Retain,1.064123663,0.8531597172,-0.2109639461,0.04352799438,-0.06195397869,1.654605493,0.6337985729,3.498283245,0,0.43,0.242,0.052,0.262,0.014
416,737,737,25.49317964,196.3063649,2.796027588,122.8135579,-2771333.551,3117152.414,750,750,28.16461399,195.9012971,2.932812382,52.54747059,-2771292.365,3117164.592,5237.144607,220293.9593,22.02939593,22.02939593,0.8641290042,42.94895806,Retain,3.238410951,3.338066367,0.09965541591,-0.002065579079,0.04776212888,-0.8489395653,1.843839788,2.713195139,4,0.162,0.032,0.02,0.042,0.744
417,472,472,0.5914576525,838.6452938,1.819429407,1199.216089,-2781384.929,3117600.006,674,674,0.6212782498,761.2164686,1.692568751,822.4980141,-2781358.017,3117585.831,400.1014531,1902.317256,0.1902317256,0.1902317256,0.3216320304,30.41667288,Retain,-0.5251651915,-0.4759762301,0.04918896148,-0.09687007425,-0.07227559351,-0.3770769132,-0.7446504606,4.249971323,3,0.006,0.046,0.06,0.802,0.086
418,554,554,5.441511451,355.3893842,2.338618025,75.33980874,-2774468.339,3117748.179,658,658,7.386308081,305.909422,2.345317426,78.82120589,-2774437.357,3117743.91,1963.978172,48119.50816,4.811950816,4.811950816,0.884304087,31.27491087,Retain,1.694056862,1.999628027,0.3055711646,-0.1499249939,0.002860588436,0.04517282103,2.02635967,3.168184692,4,0.022,0.002,0.004,0.026,0.946
419,767,767,0.3548989691,681.2473977,1.144859766,68.85992633,-2775340.828,3116410.433,797,797,1.03546375,507.4776458,1.456731241,689.6542726,-2775328.487,3116451.389,240.2434307,2293.742255,0.2293742255,0.2293742255,0.6463085145,42.77445306,Retain,-1.035922124,0.03484939369,1.070771518,-0.294472864,0.2409128949,2.304102958,0.6015746626,4.846290416,4,0.004,0,0.016,0.022,0.958
420,778,778,0.1183004447,1247.311201,1.210216526,100.4485246,-2778380.365,3116001.318,872,872,0.5522473332,761.2164686,1.595769122,37.15667279,-2778374.489,3115942.992,113.1741093,561.2424074,0.05612424074,0.05612424074,0.4744212151,58.62104042,Retain,-2.134527749,-0.5937592656,1.540768483,-0.4938277039,0.2765565375,-0.9944850737,-0.1021997796,5.710739559,4,0,0.002,0.092,0.076,0.83
421,779,779,0.1183003595,1247.311656,1.210216531,100.4485246,-2778230.272,3116014.522,858,858,0.2761236666,761.2164685,1.128379167,58.74985815,-2778256.257,3115975.834,36.26034702,13.21621141,0.001321621141,0.001321621141,0.01117174239,46.6039552,Retain,-2.134528469,-1.286906446,0.8476220234,-0.4938280686,-0.07001705694,-0.5363495992,-4.398414383,5.481336048,4,0,0.024,0.09,0.402,0.484
424,846,846,14.01877676,273.223783,2.885815942,34.43028641,-2776657.298,3115777.813,880,880,5.867627915,367.1750025,2.508993045,78.82120589,-2776157.913,3116000.717,997.6712083,25050.92017,2.505092017,2.505092017,0.1786954783,546.8751456,Retain,2.640397628,1.769450449,-0.8709471789,0.2955474029,-0.1399261865,0.828229118,-1.52084716,5.556388481,2,0.008,0.118,0.854,0.014,0.006
425,846,846,14.01877676,273.223783,2.885815942,34.43028641,-2776657.298,3115777.813,929,929,15.46292533,261.6681611,2.902630669,78.82120589,-2777027.139,3115706.411,2799.628109,82863.83334,8.286383334,8.286383334,0.5910917533,376.6696622,Retain,2.640397628,2.738445244,0.09804761644,-0.04321403727,0.005809770955,0.828229118,0.3677282655,5.183537359,4,0.042,0.022,0.106,0.086,0.744
426,470,470,0.2365834918,822.7950648,1.128961066,50.22720531,-2783420.671,3117413.575,703,703,0.2761236666,761.2164686,1.128379167,52.54747059,-2783405.909,3117394.616,135.4773162,1132.385887,0.1132385887,0.1132385887,0.4786411251,24.02812948,Retain,-1.441454102,-1.286906446,0.1545476561,-0.07778938941,-5.155613448e-4,0.04515926535,-0.08531668334,4.472358817,3,0.004,0,0.008,0.954,0.034
427,471,471,0.3548755044,690.0647398,1.159639276,50.22720531,-2783308.096,3117423.496,697,697,0.1380618333,1141.824703,1.196826841,52.54747059,-2783300.814,3117407.753,146.0883439,1071.701596,0.1071701596,0.1071701596,0.3019936802,17.34528837,Retain,-1.035988243,-1.980053627,-0.9440653839,0.5035974594,0.03156476749,0.04515926535,-0.8359478356,3.943737621,1,0.064,0.808,0.056,0.072,0
428,656,656,0.4731863211,829.3696197,1.609382526,47.10634301,-2784390.025,3116255.307,831,831,0.5522473332,666.06441,1.396297981,26.27373531,-2784381.321,3116218.866,235.3409866,1790.983152,0.1790983152,0.1790983152,0.3784942785,37.46548277,Retain,-0.7482660545,-0.5937592657,0.1545067888,-0.2192795403,-0.1420261459,-0.5838210487,-0.4949132992,4.569944711,3,0.02,0.038,0.042,0.652,0.248
430,828,828,0.1774530207,1079.462553,1.282756864,125.5590433,-2777882.492,3115643.137,923,923,0.4141854999,634.3470572,1.151647165,105.0949412,-2777862.151,3115594.865,93.39856589,535.8650497,0.05358650497,0.05358650497,0.3019757273,52.38213356,Retain,-1.729049377,-0.8814413381,0.8476080393,-0.5316223467,-0.107818327,-0.177910418,-0.8360327723,5.395474293,4,0.002,0.024,0.026,0.17,0.778
431,842,842,0.3549079279,822.7540261,1.382683991,301.3407062,-2779003.399,3115442.059,940,940,0.8974019164,702.6613556,1.877736436,26.2737353,-2779009.1,3115516.044,227.620159,2109.849202,0.2109849202,0.2109849202,0.5944779013,74.2048364,Retain,-1.035896881,-0.1082514499,0.9276454312,-0.1577822188,0.3060404968,-2.439637015,0.3817259878,5.397156188,4,0.002,0.002,0.018,0.034,0.944
432,857,857,6.565783395,363.9094052,2.630459525,75.33507635,-2778302.909,3115537.773,943,943,6.419875248,327.4049327,2.340149379,105.0949412,-2778280.977,3115536.385,2253.951332,44648.69489,4.464869489,4.464869489,0.6800208324,21.97568382,Retain,1.88187183,1.859398686,-0.02247314386,-0.1057072186,-0.1169437905,0.3329145369,0.7522166738,2.721411093,3,0.21,0.042,0.242,0.404,0.102
433,705,705,0.4731923776,617.0783927,1.197441423,110.9472466,-2784389.209,3115924.353,879,879,2.208989333,428.1842636,1.795240262,0,-2784443.722,3115917.54,275.1560383,3635.731535,0.3635731535,0.3635731535,0.7683411033,54.93699471,Retain,-0.7482532552,0.7925350954,1.540788351,-0.3654424451,0.4049517302,-11.61681912,1.19596102,4.952696751,4,0,0,0.01,0.012,0.978
434,706,706,0.2957458957,828.0406112,1.270299328,68.85969893,-2783839.245,3115955.691,863,863,0.6903091665,532.851528,1.248886881,58.74985815,-2783826.289,3115988.971,197.9148133,1942.090152,0.1942090152,0.1942090152,0.6566752676,35.71292072,Retain,-1.218254654,-0.3706157144,0.8476389396,-0.4408193743,-0.01699990446,-0.1587798482,0.6471260938,4.757032819,4,0,0.002,0.002,0.022,0.974
435,724,724,0.4731941125,617.0769187,1.197440758,50.22481095,-2783231.775,3115949.527,865,865,0.9664328332,434.9808392,1.20628807,52.54747059,-2783216.363,3115953.314,293.5877816,4154.872076,0.4154872076,0.4154872076,0.8780481344,15.87077352,Retain,-0.7482495889,-0.03414347764,0.7141061113,-0.3496916995,0.007361356115,0.045206936,1.967046714,3.711032019,4,0.004,0,0,0.044,0.952
436,730,730,2.070226075,453.4220872,1.840376279,23.55390498,-2783538.407,3115893.031,881,881,1.863834749,366.511633,1.411518368,26.2737353,-2783536.791,3115877.065,633.5074139,13343.45107,1.334345107,1.334345107,0.6445407692,16.04815235,Retain,0.7276578164,0.6226360586,-0.1050217578,-0.2127931898,-0.2653040687,0.109273764,0.5938684937,2.98419207,3,0.11,0.07,0.192,0.574,0.054
437,741,741,0.6506449492,921.5152562,2.096860936,23.55397387,-2783241.516,3115809.753,888,888,0.2761236666,951.5205858,1.410473959,26.2737353,-2783143.172,3115805.055,209.5971159,1123.622597,0.1123622597,0.1123622597,0.1726936632,98.45646506,Retain,-0.4297911784,-1.286906446,-0.8571152678,0.03204198878,-0.3965156451,0.1092708396,-1.562089866,5.37688516,1,0.004,0.656,0.252,0.082,0.006
438,742,742,3.430663943,412.7472314,2.156593668,23.55397387,-2782999.522,3115929.328,889,889,3.589607666,439.1633473,2.347170545,26.2737353,-2782966.834,3115908.634,1436.078569,20105.13692,2.010513692,2.010513692,0.5860421555,38.6866087,Retain,1.232753812,1.278042911,0.04528909929,0.06203605823,0.08468060787,0.1092708396,0.3469196969,3.611507397,3,0.076,0.114,0.034,0.514,0.262
440,741,741,0.6506449492,921.5152562,2.096860936,23.55397387,-2783241.516,3115809.753,895,895,0.1380618333,1141.824703,1.196826841,78.82120589,-2783300.814,3115778.781,36.30204938,13.26795087,0.001326795087,0.001326795087,0.002039199856,66.89909538,Retain,-0.4297911784,-1.980053627,-1.550262448,0.2143635455,-0.5607676787,1.207857755,-5.795121263,4.990460925,1,0.01,0.582,0.384,0.024,0
441,748,748,1.064692243,510.1204012,1.484840503,23.55390498,-2783531.742,3115781.548,901,901,0.9664328331,489.3534441,1.357074079,26.2737353,-2783497.867,3115765.645,405.4274513,6383.787031,0.6383787031,0.6383787031,0.5995898881,37.42264539,Retain,0.06268578409,-0.03414347776,-0.09682926184,-0.04156176067,-0.0899763916,0.109273764,0.4029286915,4.163324785,3,0.036,0.03,0.026,0.898,0.01
442,789,789,8.044346825,320.0565827,2.560750258,47.10738214,-2784167.095,3115711.48,946,946,8.904988248,289.14424,2.434032028,58.74985815,-2784152.47,3115718.291,2501.878919,58716.55962,5.871655962,5.871655962,0.7299108418,16.13346048,Retain,2.084969587,2.186611597,0.1016420101,-0.1015721371,-0.05075113208,0.2208548097,0.9918437209,2.310837537,4,0.094,0,0.01,0.066,0.83
443,184,184,0.3548413881,681.2782501,1.144818732,447.4054319,-2787216.417,3119572.941,437,437,0.5522473332,666.06441,1.396297981,449.7339055,-2787182.758,3119575.336,175.2202374,1548.573315,0.1548573315,0.1548573315,0.4364128218,33.74364573,Retain,-1.036084384,-0.5937592657,0.4423251179,-0.02258443557,0.1985781234,0.005190885265,-0.2552173844,4.609228894,4,0,0.006,0.012,0.108,0.874
444,248,248,0.2365696344,822.8211872,1.128963844,75.34437309,-2787255.605,3118588.442,534,534,0.2761236666,761.2164685,1.128379167,78.82120589,-2787215.601,3118576.934,96.93785561,431.6891941,0.04316891941,0.04316891941,0.1824787002,41.62700526,Retain,-1.441512677,-1.286906446,0.1546062309,-0.07782113745,-5.180219866e-4,0.04511224026,-1.495400834,5.021894426,3,0,0.008,0.016,0.948,0.028
445,747,747,0.1182990377,1220.978989,1.184660381,53.38338999,-2783790.82,3115749.518,903,903,0.20709275,1014.955291,1.302940032,108.3293858,-2783769.362,3115734.992,73.12731594,308.6584015,0.03086584015,0.03086584015,0.2609137044,25.91191315,Retain,-2.134539643,-1.574588519,0.559951124,-0.1848084237,0.09516713829,0.7076673044,-1.038751718,4.894376186,3,0,0.01,0.002,0.716,0.272
446,889,889,0.6506763432,607.9219147,1.383328664,50.22285742,-2783503.325,3114567.82,997,997,0.8974019164,526.9960167,1.408302327,117.4997163,-2783457.446,3114545.937,305.8689464,3745.56301,0.374556301,0.374556301,0.575641492,50.83037272,Retain,-0.4297429291,-0.10825145,0.3214914792,-0.1428534538,0.01789228581,0.8499542685,0.3042883809,4.715750145,4,0.008,0.002,0.01,0.234,0.746
447,263,263,1.419423362,477.7721309,1.605727539,75.34437309,-2787435.036,3118490.851,557,557,1.518680166,380.6082343,1.323141857,105.0949412,-2787405.488,3118475.422,444.1197053,7489.296872,0.7489296872,0.7489296872,0.527629534,33.33305636,Retain,0.3502507063,0.417841646,0.06759093973,-0.2273633156,-0.1935678457,0.332791141,0.1104095646,3.903819178,3,0.026,0.032,0.038,0.586,0.318
448,295,295,4.613148522,355.9493546,2.156661553,23.5488173,-2788024.401,3118319.038,595,595,4.901195082,278.7553265,1.740881609,0,-2787998.817,3118317.342,1531.05801,34771.43412,3.477143412,3.477143412,0.7537462528,25.64047096,Retain,1.5289106,1.58947907,0.0605684693,-0.244454027,-0.2141697924,-10.06687334,1.115966478,3.052120643,4,0.132,0.006,0.14,0.27,0.452
449,329,329,1.005444772,665.1599996,1.881483017,70.64856425,-2787666.234,3117973.002,633,633,1.173525583,671.6615899,2.052541099,78.82120589,-2787636.753,3117990.412,532.6195547,3618.316771,0.3618316771,0.3618316771,0.3598722546,34.23767953,Retain,0.005430003063,0.1600125368,0.1545825337,0.009727014668,0.08701828153,0.1094628165,-0.5747046974,4.103005927,3,0.018,0.04,0.008,0.674,0.26
450,333,333,2.957172142,436.3826918,2.116902657,150.6870941,-2786977.016,3118179.926,624,624,3.106391249,490.5617242,2.439028105,105.0949412,-2786947.9,3118166.772,1116.021726,16803.52223,1.680352223,1.680352223,0.5682294242,31.94899675,Retain,1.084233454,1.133461682,0.04922822826,0.1170315186,0.1416456328,-0.3603384396,0.2740758195,3.494420295,3,0.138,0.14,0.024,0.486,0.212
451,361,361,0.4731556123,710.0403173,1.377780632,34.42868216,-2787557.134,3117684.156,665,665,0.9664328331,489.3534441,1.357074079,26.27373529,-2787544.022,3117683.627,338.0855124,3985.311811,0.3985311811,0.3985311811,0.8422835338,13.12192638,Retain,-0.7483309546,-0.03414347774,0.7141874769,-0.3722367355,-0.01514299706,-0.2703112037,1.670183861,3.520891226,4,0.006,0,0,0.04,0.954
452,378,378,4.258358693,425.4444354,2.476618062,150.6870941,-2787221.006,3117982.083,673,673,4.417978666,416.2902563,2.468329428,105.0949412,-2787190.969,3117957.859,1609.559493,23033.59643,2.303359643,2.303359643,0.5409031527,38.58782677,Retain,1.448883803,1.485682276,0.03679847321,-0.02175160449,-0.003352367886,-0.3603384396,0.1636502954,3.500885814,3,0.066,0.078,0.094,0.456,0.306
453,431,431,2.543232126,507.4211704,2.282741063,50.22759469,-2787673.873,3117471.451,657,657,0.7593400831,553.6119772,1.360876479,26.27373529,-2787653.894,3117694.376,327.6182017,3330.041912,0.3330041912,0.3330041912,0.1309373957,223.8184682,Retain,0.9334357625,-0.2753055346,-1.208741297,0.08712266955,-0.5172479791,-0.6479766376,-1.886237633,5.516486843,2,0.004,0.12,0.862,0.012,0.002
454,431,431,2.543232126,507.4211704,2.282741063,50.22759469,-2787673.873,3117471.451,721,721,5.177318749,395.8325637,2.540733062,26.2737353,-2787562.939,3117406.352,562.1186133,8890.897296,0.8890897296,0.8890897296,0.3495904761,128.6239594,Retain,0.9334357625,1.644287306,0.7108515436,-0.2483500668,0.107075705,-0.6479766375,-0.619519706,4.96254794,4,0.002,0.01,0.124,0.064,0.8
456,403,403,2.188357344,351.5197565,1.466911547,23.55073044,-2786633.388,3117610.479,681,681,2.070927499,329.8604697,1.3390839,26.2737353,-2786606.926,3117591.669,603.3704098,14723.80883,1.472380883,1.472380883,0.6728247041,32.46681578,Retain,0.7831511912,0.7279965743,-0.05515461696,-0.0635961699,-0.09117347838,0.1094085452,0.7194220899,3.661038662,3,0.108,0.042,0.028,0.812,0.01
458,425,425,0.8871773267,491.9186587,1.307054152,23.55073044,-2786498.267,3117462.955,706,706,1.03546375,507.4776457,1.456731241,26.2737353,-2786475.557,3117434.027,359.6534833,6192.824287,0.6192824287,0.6192824287,0.6980368073,36.77754801,Retain,-0.1197103992,0.03484939369,0.1545597929,0.03113928712,0.1084191836,0.1094085452,0.836092076,4.237134883,3,0.016,0.006,0.002,0.68,0.296
460,453,453,2.010950087,291.9530991,1.167908457,23.55091796,-2787951.695,3117166.229,734,734,1.86383475,310.1252279,1.194361696,26.2737353,-2787929.37,3117150.854,489.2348047,14322.56518,1.432256518,1.432256518,0.7122287754,27.1059462,Retain,0.6986072907,0.6226360586,-0.07597123206,0.06038300718,0.02239739115,0.1094005834,0.9041674676,3.52285131,3,0.124,0.034,0.012,0.806,0.024
461,573,573,0.3548837271,690.051587,1.159630608,25.11313083,-2787982.369,3116396.505,801,801,0.2761236666,761.2164686,1.128379167,26.27373529,-2787977.539,3116369.94,151.1534288,1204.75916,0.120475916,0.120475916,0.339479967,26.99977376,Retain,-1.035965072,-1.286906446,-0.2509413739,0.09815141174,-0.02731927521,0.04517717317,-0.6641839774,4.386213003,3,0.046,0.22,0.002,0.732,0
463,593,593,1.478684642,526.5821964,1.80633801,23.55234182,-2786579.457,3116485.794,789,789,2.278020249,438.2761486,1.866043204,26.2737353,-2786469.188,3116486.58,510.2465068,6928.233394,0.6928233394,0.6928233394,0.4685402957,110.2717846,Retain,0.3911529372,0.8233067541,0.432153817,-0.18355825,0.03251865847,0.1093401287,-0.1257531002,5.079745631,4,0.006,0.01,0.022,0.124,0.838
464,599,599,0.3548858124,681.2545798,1.144850615,23.55243704,-2786480.468,3116375.362,805,805,0.4141854999,634.3470572,1.151647165,26.2737353,-2786453.662,3116356.804,160.8519907,1391.015162,0.1391015162,0.1391015162,0.3919613333,32.60327804,Retain,-1.035959197,-0.8814413381,0.1545178584,-0.07133985513,0.005919074068,0.1093360859,-0.4381705394,4.574788049,3,0,0,0.014,0.934,0.052
465,251,251,2.129122976,502.8356532,2.069767221,23.5488173,-2788131.992,3118575.447,548,548,2.070927499,507.4776457,2.060129077,26.27373529,-2788114.162,3118553.288,942.3274311,10946.22351,1.094622351,1.094622351,0.5141188947,28.44132757,Retain,0.7557101464,0.7279965743,-0.02771357214,0.009189278692,-0.004667507372,0.1094897797,0.0563777813,3.542388313,3,0.032,0.11,0.018,0.806,0.034
467,267,267,1.774280402,408.7624446,1.535950372,128.0124571,-2789574.297,3118283.664,575,575,1.725772916,395.8325637,1.466892917,153.2008866,-2789559.743,3118278.99,649.0512175,13345.77448,1.3345774480000001,1.3345774480000001,0.7521795579,15.28551453,Retain,0.5733949332,0.5456750175,-0.02771991574,-0.03214286433,-0.0460028222,0.1796211801,1.107572136,3.012638513,3,0.08,0.008,0.006,0.878,0.028
468,293,293,1.301150874,562.2129001,1.809088043,172.1423567,-2790056.895,3117996.175,621,621,1.311587416,520.8323206,1.682641576,168.2339913,-2790031.73,3117974.713,633.0676144,8567.03586,0.856703586,0.856703586,0.6584198675,33.07422895,Retain,0.2632491605,0.2712381718,0.007989011306,-0.07645245533,-0.07245794968,-0.02296583891,0.6548548658,3.939524995,3,0.042,0.016,0.004,0.904,0.034
469,294,294,1.242007546,424.6975351,1.335171106,47.09924599,-2788161.939,3118185.922,594,594,1.03546375,558.2254103,1.602404365,26.27373531,-2788137.809,3118187.207,474.1427285,6330.02416,0.633002416,0.633002416,0.5096606847,24.16429153,Retain,0.2167290588,0.03484939377,-0.181879665,0.2733856086,0.182445776,-0.5836703809,0.03857038838,3.648917783,1,0.244,0.396,0.096,0.222,0.042
470,306,306,1.47859078,428.9201418,1.471280591,0,-2788564.775,3117967.445,623,623,1.587711083,364.0600502,1.294058265,0,-2788526.432,3117956.074,532.2183134,10448.23933,1.044823933,1.044823933,0.7066349575,39.99355653,Retain,0.3910894587,0.4622934085,0.07120394984,-0.1639519249,-0.12834995,0,0.8771077257,4.065563572,3,0.056,0.018,0.014,0.548,0.364
471,307,307,0.5914364411,573.3228088,1.243793629,23.5496142,-2788068.152,3117996.629,612,612,0.8974019164,468.4409038,1.251824291,0,-2788041.202,3118003.965,281.9727323,4437.889151,0.4437889151,0.4437889151,0.7503577465,27.93037185,Retain,-0.5252010551,-0.1082514499,0.4169496052,-0.2020389697,0.006435832895,-10.06690718,1.097855261,4.164715967,4,0.014,0,0.008,0.05,0.928
472,631,631,2.247604726,536.4462517,2.268721838,25.11287007,-2787436.744,3116340.755,825,825,1.794803833,468.4409037,1.77034689,37.15667279,-2787421.748,3116330.53,791.2009753,8993.896287,0.8993896287,0.8993896287,0.4001547151,18.14994647,Retain,0.8098650828,0.5848957307,-0.2249693521,-0.1355564195,-0.2480410956,0.3917499996,-0.4039902957,3.066155108,1,0.06,0.386,0.37,0.162,0.022
474,415,415,26.37823429,224.954696,3.259214864,23.55077817,-2790280.985,3117637.313,677,677,8.559833665,313.0809669,2.5839517339999998,52.54747059,-2790561.9,3117838.303,2626.874221,62713.10607,6.271310607,6.271310607,0.2377456557,345.4136226,Retain,3.272539211,2.147080758,-1.125458453,0.3305628063,-0.2321664202,0.8025346695,-1.16219254,4.780840837,2,0,0.028,0.968,0.004,0
475,303,303,0.2957176018,987.3757647,1.514663357,34.42852442,-2789557.274,3117900.607,632,632,0.3451545833,913.4597623,1.513879513,26.27373529,-2789519.807,3117880.68,173.1831336,1007.76766,0.100776766,0.100776766,0.3407871746,42.43593403,Retain,-1.218350328,-1.063762895,0.1545874332,-0.07781135394,-5.176372967e-4,-0.2703066219,-0.658373999,4.929559176,3,0,0.002,0.01,0.94,0.048
476,319,319,4.080905267,322.3536143,1.836986094,53.37686644,-2789341.557,3117923.084,663,663,8.697895498,241.6560218,2.010480117,26.27373529,-2789413.628,3117808.323,1157.031834,32310.12864,3.231012864,3.231012864,0.7917392473,135.5151581,Retain,1.406318843,2.1630811,0.7567622566,-0.2881338068,0.09024732151,-0.7087883317,1.331913255,4.778296402,4,0.004,0.004,0.01,0.008,0.974
477,320,320,0.5914378111,663.5392843,1.439515186,0,-2788649.219,3117867.315,640,640,1.104494666,475.7602928,1.410473959,0,-2788611.393,3117844.554,366.2447241,2885.728744,0.2885728744,0.2885728744,0.4879175274,44.14621375,Retain,-0.5251987388,0.09938791494,0.6245866537,-0.3326739187,-0.02038059185,0,-0.04824277786,4.622494129,4,0.002,0,0.018,0.116,0.864
479,349,349,0.7097317458,614.9013997,1.461327864,25.11410353,-2788472.385,3117663.454,664,664,0.4141854999,634.3470571,1.151647165,0,-2788424.192,3117644.217,135.7056608,1010.750617,0.1010750617,0.1010750617,0.1424130487,51.89053881,Retain,-0.3428682031,-0.8814413381,-0.538573135,0.03113428413,-0.2381522833,-10.13122468,-1.789559039,4.692954793,1,0.006,0.584,0.302,0.108,0
480,356,356,7.984458664,286.6548882,2.284952406,53.37686644,-2788975.535,3117704.007,678,678,8.007586331,269.0506484,2.147731198,52.5474706,-2788950.12,3117696.085,2174.992618,62269.89243,6.226989243,6.226989243,0.7798887195,26.62097664,Retain,2.077496985,2.080389384,0.002892398456,-0.06337936615,-0.06193316693,-0.01566018079,1.261766548,2.815353514,3,0.288,0.008,0.064,0.43,0.21
482,360,360,0.2957228009,817.5165274,1.254105334,23.55044628,-2788403.819,3117572.182,679,679,0.2070927499,1014.955292,1.302940032,0,-2788384.782,3117565.395,139.0369844,1051.578278,0.1051578278,0.1051578278,0.3555959415,20.21053619,Retain,-1.218332747,-1.574588519,-0.3562557722,0.2163287233,0.03820083713,-10.06694251,-0.5932732439,4.187784856,3,0.076,0.188,0.146,0.578,0.012
483,430,430,16.85620756,221.0953034,2.560675347,23.55091796,-2788056.081,3117584.295,717,717,16.9816055,207.3231845,2.410084739,26.2737353,-2788032.97,3117575.221,3739.229754,137831.2572,13.78312572,13.78312572,0.8176884193,24.8286583,Retain,2.82471899,2.832130729,0.007411738334,-0.06431499192,-0.06060912276,0.1094005834,1.496516239,2.372044286,0,0.514,0.026,0.078,0.188,0.194
484,415,415,26.37823429,224.954696,3.259214864,23.55077817,-2790280.985,3117637.313,723,723,17.87900741,164.5873446,1.963193957,26.2737353,-2790081.923,3117488.197,3146.194942,148249.1335,14.82491335,14.82491335,0.5620131049,248.718455,Retain,3.272539211,2.883627254,-0.3889119569,-0.3124576318,-0.5069136102,0.1094065188,0.2488333437,4.452420912,2,0.014,0.106,0.752,0.05,0.078
485,314,314,0.5914373044,663.5397633,1.439515609,637.2195402,-2785303.356,3118207.466,581,581,0.6212782498,592.0572533,1.316442362,641.4236223,-2785255.288,3118198.884,264.0495401,2297.856885,0.2297856885,0.2297856885,0.3885207895,48.82746145,Retain,-0.5251995954,-0.47597623,0.04922336537,-0.1139854397,-0.08937375703,0.006575862254,-0.452597761,4.72327811,3,0.008,0.014,0.044,0.87,0.064
487,375,375,0.9463150512,514.2524352,1.411202375,34.42871741,-2789526.468,3117430.494,702,702,0.8283709998,570.9123514,1.465807536,26.2737353,-2789503.605,3117414.321,411.8669991,5067.848994,0.5067848994,0.5067848994,0.5355350723,28.00471892,Retain,-0.0551797303,-0.1882941576,-0.1331144273,0.1045214338,0.03796422019,-0.2703122272,0.1420951819,3.932363545,3,0.082,0.208,0.018,0.668,0.024
488,376,376,0.5914469067,652.9552271,1.416564498,50.22804016,-2789307.99,3117447.425,696,696,2.623174833,400.6402466,1.830472721,0,-2789290.534,3117530.825,369.1274935,5593.340608,0.5593340608,0.5593340608,0.9457046008,85.20705863,Retain,-0.5251833601,0.9643853524,1.489568712,-0.488444678,0.2563396782,-10.82434863,2.840297405,5.280052637,4,0.002,0,0.022,0.004,0.972
489,381,381,0.4140129116,705.2599836,1.280121682,23.55044628,-2788333.887,3117481.761,693,693,0.20709275,1014.955291,1.302940032,58.74985815,-2788323.476,3117451.543,143.4564815,1002.530106,0.1002530106,0.1002530106,0.2421494785,31.96194005,Retain,-0.8818581183,-1.574588519,-0.6927304004,0.3640333367,0.01766813654,0.914118528,-1.138128425,4.47787111,1,0.034,0.838,0.04,0.088,0
490,393,393,0.29572413870000003,817.5165562,1.254108214,34.42871741,-2789417.903,3117350.242,710,710,0.4832164165,761.2164686,1.49270533,0,-2789383.184,3117347.699,209.2985434,680.6028078,0.06806028078,0.06806028078,0.2301478705,34.8122546,Retain,-1.218328223,-0.7272906583,0.4910375649,-0.07135338453,0.1741653979,-10.44667535,-1.204438927,4.731527248,4,0,0.01,0.01,0.164,0.816
491,892,892,97.54018506,184.1530075,5.130570639,0,-2785561.523,3114928.907,917,917,2.070927499,380.6082343,1.545096808,83.08484618,-2785360.675,3115670.183,679.4788757,13614.11974,1.361411974,1.361411974,0.01395744711,768.0043493,Retain,4.580264448,0.7279965743,-3.852267873,0.7260036153,-1.200130321,11.32762964,-4.189503842,4.926029418,2,0,0.004,0.996,0,0
492,404,404,0.1182898767,1220.987797,1.184623057,188.4070839,-2785694.83,3117614.999,684,684,0.4832164165,869.9616784,1.705948949,78.82120589,-2785659.82,3117557.889,97.63404332,381.6003284,0.03816003284,0.03816003284,0.3225976212,66.9867775,Retain,-2.134617085,-0.7272906583,1.407326426,-0.3389663173,0.3646968959,-0.8714155117,-0.7402397568,5.844183663,4,0,0.01,0.118,0.078,0.794
493,450,450,0.7097449765,544.1286747,1.293146846,150.6829715,-2786250.712,3117366.976,711,711,1.104494666,523.3363221,1.551521355,131.3686765,-2786238.546,3117379.837,376.4597858,4858.901435,0.4858901435,0.4858901435,0.6845982142,17.70368098,Retain,-0.3428495614,0.09938791496,0.4422374764,-0.03896143252,0.1821573057,-0.1371694331,0.7732788824,3.61761879,4,0.002,0,0,0.036,0.962
494,459,459,2.424969719,363.8055474,1.598150022,188.4070839,-2785624.763,3117350.445,714,714,2.208989333,356.8202197,1.496033552,78.82120589,-2785596.482,3117337.142,752.8837142,14761.06034,1.476106034,1.476106034,0.6087111199,31.25393683,Retain,0.8858190375,0.7925350955,-0.09328394204,-0.01938744604,-0.06602941706,-0.8714155117,0.4409867637,3.571632767,3,0.14,0.118,0.096,0.568,0.078
495,576,576,0.4731778308,617.0882539,1.197442153,376.6968948,-2785928.712,3116586.589,776,776,0.1380618333,1141.824703,1.196826841,159.8168926,-2785888.777,3116580.13,115.7949661,410.9326466,0.04109326466,0.04109326466,0.0868452873,40.45404162,Retain,-0.7482839974,-1.980053627,-1.231769629,0.6153708277,-5.139870743e-4,-0.8574085305,-2.342422659,4.646698216,1,0.016,0.72,0.236,0.028,0
496,655,655,0.8872237566,615.6757294,1.635926105,423.9631306,-2785279.498,3116164.464,837,837,0.2070927499,1014.955291,1.302940032,148.6266912,-2785310.755,3116146.614,204.7432361,1886.894651,0.1886894651,0.1886894651,0.2126740449,35.99498167,Retain,-0.1196580663,-1.574588519,-1.454930452,0.4998794311,-0.2275857951,-1.048204392,-1.305459954,4.215601288,1,0.012,0.606,0.378,0.004,0
497,734,734,1.005534897,739.9249674,2.093058292,75.33710581,-2785038.791,3115691.651,908,908,0.4141854999,888.08588,1.612306031,78.8212059,-2785061.154,3115673.686,251.7894997,1066.69894,0.106669894,0.106669894,0.106082737,28.68499006,Retain,0.005519635477,-0.8814413381,-0.8869609736,0.1825196645,-0.2609608224,0.0452086979,-2.123129492,3.926013978,1,0.012,0.61,0.348,0.03,0
498,734,734,1.005534897,739.9249674,2.093058292,75.33710581,-2785038.791,3115691.651,922,922,0.4832164165,869.9616785,1.705948949,78.8212059,-2784867.855,3115643.659,93.52344048,536.9569206,0.05369569206,0.05369569206,0.05340012787,177.5456875,Retain,0.005519635477,-0.7272906584,-0.7328102939,0.1619003773,-0.2045047696,0.0452086979,-2.8575658330000002,5.748838728,1,0.006,0.51,0.354,0.124,0.006
499,892,892,97.54018506,184.1530075,5.130570639,0,-2785561.523,3114928.907,956,956,0.4832164165,652.4712588,1.279461712,26.2737353,-2786027.652,3115264.567,300.5469215,3961.117945,0.3961117945,0.3961117945,0.004061011307,574.4080264,Retain,4.580264448,-0.7272906583,-5.307555106,1.265000116,-1.388777437,10.17636312,-5.283123247,4.635574451,2,0,0,1,0,0
500,892,892,97.54018506,184.1530075,5.130570639,0,-2785561.523,3114928.907,1003,1003,127.9142885,163.4992739,5.216394473,0,-2785518.293,3114929.203,16794.15069,855108.2311,85.51082311,85.51082311,0.8766727586,43.23053268,Retain,4.580264448,4.851360419,0.2710959713,-0.1189584251,0.01658956052,0,1.954356679,2.048802871,4,0.116,0.024,0.042,0.016,0.802
501,640,640,2.898242578,397.6105829,1.909503107,25.11287007,-2787566.735,3116216.775,846,846,2.554143916,390.8949433,1.762291727,37.15667279,-2787549.703,3116219.044,905.0963171,18914.95084,1.891495084,1.891495084,0.652635186,17.18211918,Retain,1.064104546,0.9377171053,-0.1263874405,-0.01703425457,-0.08022797484,0.3917499996,0.6292991297,2.884240129,3,0.384,0.086,0.056,0.456,0.018
506,644,644,3.548866059,336.2306606,1.786805111,70.65947771,-2786850.392,3116282.035,847,847,3.520576749,358.2195146,1.89605625,52.5474706,-2786817.631,3116293.438,1153.147328,19174.63245,1.917463245,1.917463245,0.5403030753,34.68837024,Retain,1.266628132,1.258624825,-0.008003307007,0.0633485536,0.05934690012,-0.2961504094,0.1612389384,3.485484184,3,0.086,0.184,0.086,0.53,0.114
507,662,662,0.1182969518,1247.346278,1.210232693,34.42968231,-2787422.953,3115913.884,860,860,0.1380618333,1141.824703,1.196826841,26.2737353,-2787412.654,3115949.561,59.3070338,87.45857886,0.008745857886,0.008745857886,0.07393138835,37.13330502,Retain,-2.134557275,-1.980053627,0.1545036483,-0.08839071811,-0.01113889398,-0.2703402521,-2.515454705,5.254184786,3,0.012,0.05,0.078,0.788,0.072
508,675,675,1.005524665,480.8837835,1.360290183,55.47383263,-2786576.846,3115980.203,861,861,0.2761236666,951.5205857,1.410473959,26.27373529,-2786644.147,3115962.698,71.10307228,242.4221752,0.02424221752,0.02424221752,0.02410902326,69.54049015,Retain,0.005509459599,-1.286906446,-1.292415906,0.682435695,0.03622774212,-0.7473216098,-3.661147782,4.811533768,1,0.014,0.51,0.466,0.01,0
509,675,675,1.005524665,480.8837835,1.360290183,55.47383263,-2786576.846,3115980.203,870,870,1.2425565,507.4776457,1.595769122,26.27373529,-2786533.943,3115980.213,361.5438355,4595.324735,0.4595324735,0.4595324735,0.4570076594,42.90271804,Retain,0.005509459599,0.2171709505,0.2116614909,0.05382703558,0.1596577811,-0.7473216098,-0.1720492593,4.328568703,4,0.016,0.02,0.024,0.258,0.682
510,689,689,0.2365954502,822.772519,1.128958662,70.66080642,-2787907.729,3115693.758,902,902,0.1380618333,1141.824703,1.196826841,52.5474706,-2787951.265,3115726.234,24.22164427,22.91059403,0.002291059403,0.002291059403,0.009683446581,54.31475159,Retain,-1.441403558,-1.980053627,-0.5386500693,0.3277031206,0.05837808594,-0.2961692135,-4.530338417,5.287880991,1,0.068,0.514,0.164,0.252,0.002
511,690,690,0.2365955226,822.7723783,1.128958641,25.11258591,-2787407.423,3115737.918,919,919,0.6903091664,685.0948218,1.605711705,26.2737353,-2787375.87,3115660.55,83.62612451,429.0066537,0.04290066537,0.04290066537,0.1813249249,83.55494798,Retain,-1.441403252,-0.3706157145,1.070787537,-0.1831223322,0.3522714364,0.0451988717,-1.503117615,5.718583012,4,0,0.004,0.094,0.07,0.832
512,703,703,0.1182981423,1247.333998,1.210226867,141.3229634,-2786272.417,3115731.668,911,911,0.6903091665,608.9731749,1.427299293,0,-2786343.313,3115676.314,45.99722115,28.81277462,0.002881277462,0.002881277462,0.02435606685,89.94634907,Retain,-2.134547211,-0.3706157144,1.763931497,-0.7169895319,0.1649762165,-11.85881015,-3.651104112,6.138863037,4,0,0.012,0.226,0.094,0.668
513,718,718,2.070210818,414.1029256,1.680779156,55.47380611,-2786799.629,3115808.781,915,915,2.139958416,417.44128920000003,1.722634489,52.5474706,-2786773.609,3115796.58,772.882459,11048.87577,1.104887577,1.104887577,0.5337077596,28.73878969,Retain,0.7276504464,0.7607863971,0.03313595076,0.008029354307,0.02459732969,-0.05419298048,0.1347655095,3.566822283,3,0.014,0.094,0.01,0.776,0.106
514,765,765,0.4140486972,697.700325,1.26645483,47.10842207,-2786777.343,3115433.775,945,945,0.4832164164,652.4712589,1.279461712,52.54747059,-2786744.55,3115418.456,179.742825,1347.653563,0.1347653563,0.1347653563,0.3254818991,36.19418172,Retain,-0.8817716861,-0.7272906585,0.1544810276,-0.06702258621,0.01021792753,0.1092629681,-0.7271054453,4.602176794,3,0,0.018,0.014,0.814,0.154
515,777,777,0.2366004929,822.7630314,1.128957674,150.6728603,-2786561.387,3115292.376,960,960,0.8974019164,468.4409038,1.251824291,52.54747059,-2786594.126,3115259.37,149.9055031,1307.384458,0.1307384458,0.1307384458,0.5525704709,46.48902405,Retain,-1.441382244,-0.1082514499,1.333130794,-0.5632582721,0.1033071251,-1.053381642,0.2106375193,5.132293818,4,0,0,0.004,0.056,0.94
516,807,807,1.656207999,489.1891794,1.775944334,0,-2786747.865,3115181.338,961,961,0.8974019164,526.9960167,1.408302327,26.2737353,-2786729.537,3115245.222,332.3261221,3847.053296,0.3847053296,0.3847053296,0.2322808065,66.46192334,Retain,0.5045306511,-0.1082514499,-0.612782101,0.07444370552,-0.231947345,10.17636312,-1.192482839,4.516743866,1,0.016,0.558,0.352,0.07,0.004
517,807,807,1.656207999,489.1891794,1.775944334,0,-2786747.865,3115181.338,974,974,0.6903091665,608.9731748,1.427299293,0,-2786705.89,3115069.391,330.6450978,3560.180994,0.3560180994,0.3560180994,0.2149597754,119.5579237,Retain,0.5045306511,-0.3706157143,-0.8751463654,0.2190249342,-0.2185482485,0,-1.291915802,5.103908953,2,0.002,0.328,0.636,0.032,0.002
519,374,374,1.301181273,487.4043285,1.568387426,70.65176112,-2790670.217,3117336.979,716,716,0.9664328331,598.0986539,1.658646097,157.6424118,-2790625.556,3117310.165,460.8261418,5687.829607,0.5687829607,0.5687829607,0.4371281484,52.09215069,Retain,0.2632725235,-0.03414347771,-0.2974160012,0.2046616914,0.05595369076,0.8025584049,-0.2523155682,4.393762157,1,0.128,0.572,0.074,0.22,0.006
520,508,508,1.65609817,441.7245941,1.603576514,50.22683453,-2789244.327,3116698,771,771,1.86383475,422.8980381,1.62867504,26.2737353,-2789214.837,3116679.873,638.7561083,11666.1256,1.16661256,1.16661256,0.704434424,34.61589475,Retain,0.5044643353,0.6226360586,0.1181717233,-0.04355549229,0.01553036936,-0.6479615034,0.8665454563,3.864474626,4,0.038,0,0.01,0.312,0.64
521,519,519,1.419514772,409.1951422,1.375293833,50.22683453,-2789045.427,3116670.108,772,772,1.587711083,364.0600502,1.294058265,26.2737353,-2789019.921,3116653.811,507.1300057,10787.82123,1.078782123,1.078782123,0.7599654081,30.26824452,Retain,0.3503151035,0.4622934086,0.1119783051,-0.1168733354,-0.06088418284,-0.6479615034,1.149647443,3.807339556,4,0.046,0,0.006,0.304,0.644
522,565,565,0.4731780978,623.6856527,1.210244559,70.65660663,-2788522.28,3116372.484,798,798,0.2761236666,951.5205858,1.410473959,52.5474706,-2788503.014,3116356.804,210.2468414,1718.697854,0.1718697854,0.1718697854,0.3632243044,24.84090333,Retain,-0.7482834332,-1.286906446,-0.5386230131,0.4224148418,0.1531033352,-0.2961097765,-0.5602167486,4.159038537,1,0.036,0.764,0.042,0.154,0.004
523,571,571,0.768913998,571.6503152,1.414048804,25.11313819,-2788818.377,3116354.524,807,807,0.6903091665,608.9731748,1.427299293,26.27373529,-2788789.397,3116338.412,332.5932959,3901.452585,0.3901452585,0.3901452585,0.5073977837,33.15701147,Retain,-0.2627761518,-0.3706157143,-0.1078395625,0.06324675146,0.009326970197,0.04517688007,0.02953421723,4.20503738,3,0.008,0.052,0.006,0.92,0.014
524,572,572,0.6506199018,607.9848041,1.383411765,25.11313083,-2788125.735,3116384.924,800,800,0.6903091665,532.851528,1.248886881,26.27373529,-2788095.771,3116369.94,303.1298801,3396.528629,0.3396528629,0.3396528629,0.5220449942,33.50174388,Retain,-0.4298296755,-0.3706157144,0.05921396109,-0.1319070621,-0.1023000816,0.04517717317,0.08806083199,4.298907123,3,0.01,0.042,0.04,0.766,0.142
525,584,584,27.02984742,208.2710043,3.054539012,23.55077817,-2789823.715,3116685.797,827,827,25.12725366,225.8554357,3.193729482,26.2737353,-2789798.078,3116678.224,6069.5072,206716.4399,20.67164399,20.67164399,0.7647710205,26.731969,Retain,3.296941715,3.22395306,-0.07298865505,0.08105499287,0.04456066535,0.1094065188,1.176081609,2.209791683,0,0.69,0.108,0.086,0.096,0.02
526,585,585,0.709767757,619.2875141,1.471788907,50.22624703,-2788287.604,3116355.766,799,799,0.2761236666,951.5205857,1.410473959,78.82120589,-2788292.824,3116356.804,258.3266827,2079.151656,0.2079151656,0.2079151656,0.2929340809,5.321429494,Retain,-0.3428174652,-1.286906446,-0.944088981,0.4294916751,-0.04255281538,0.4506371089,-0.8791816677,2.415703547,1,0.062,0.71,0.222,0.006,0
527,601,601,1.537837856,567.5891248,1.985566365,25.11291846,-2788767.148,3116202.633,815,815,0.3451545833,761.2164685,1.261566261,0,-2788710.576,3116283.237,183.2242285,1043.102653,0.1043102653,0.1043102653,0.06782916996,98.47585382,Retain,0.4303774402,-1.063762895,-1.494140335,0.293519985,-0.4535501825,-10.13117749,-2.606960645,4.946997757,2,0,0.18,0.818,0,0.002
528,601,601,1.537837856,567.5891248,1.985566365,25.11291846,-2788767.148,3116202.633,845,845,1.173525583,761.2164686,2.326213246,0,-2788757.251,3116151.25,710.6142598,4270.898198,0.4270898198,0.4270898198,0.2777209692,52.32701699,Retain,0.4303774402,0.1600125366,-0.2703649036,0.2935199851,0.1583375333,-10.13117749,-0.9535839114,4.314708148,2,0.078,0.264,0.454,0.164,0.04
529,785,785,59.5626946,193.0342634,4.202586287,25.11214055,-2788469.786,3115755.971,967,967,68.34060748,183.7684202,4.285538167,0,-2788457.287,3115777.189,11876.62934,512919.5884,51.29195884,51.29195884,0.8611423507,24.62583633,Retain,4.087029449,4.224504136,0.1374746872,-0.04919132462,0.01954601898,-10.13114652,1.818795282,1.732686975,4,0.21,0.026,0.058,0.038,0.668
536,876,876,1.597100298,458.0579845,1.632982841,47.11109309,-2791320.311,3114080.83,1021,1021,1.656742,444.04294,1.612306031,37.15667279,-2791281.461,3114075.368,606.8756284,8236.947654,0.8236947654,0.8236947654,0.515743918,39.23154974,Retain,0.4681896716,0.504853023,0.03666335148,-0.03107451043,-0.01274283469,-0.2373594365,0.06287067319,4.00777686,3,0.016,0.072,0.04,0.758,0.114
537,887,887,94.51989531,94.34555594,2.587486734,68.85912437,-2790808.332,3115456.302,1019,1019,97.60971614,88.28819013,2.460618058,26.27373529,-2790771.901,3115495.921,8194.807511,860311.3014,86.03113014,86.03113014,0.9101907049,53.82186846,Retain,4.548810345,4.580977039,0.03216669437,-0.06635781722,-0.05027447003,-0.9634694218,2.305990561,2.283658212,4,0.25,0.062,0.178,0.074,0.436
538,887,887,94.51989531,94.34555594,2.587486734,68.85912437,-2790808.332,3115456.302,1023,1023,1.2425565,507.4776457,1.595769122,52.54747059,-2791074.92,3113948.378,510.3491418,8740.816688,0.8740816688,0.8740816688,0.00924759455,1531.30857,Retain,4.548810345,0.2171709506,-4.331639394,1.682488493,-0.4833312038,-0.270341271,-4.572430485,5.631838347,2,0,0.036,0.964,0,0
539,217,217,0.5914146932,578.6297052,1.255283581,149.9528365,-2793143.459,3118510.388,547,547,0.8283709998,507.4776457,1.302940032,133.970289,-2793133.76,3118491.545,308.8825293,4277.574108,0.4277574108,0.4277574108,0.7232782948,21.19378514,Retain,-0.5252378271,-0.1882941576,0.3369436696,-0.1312100688,0.03726176598,-0.1127019745,0.9585561515,3.888739024,4,0,0,0.004,0.062,0.934
540,247,247,8.516476593,231.1366307,1.902802988,23.54880751,-2793424.812,3118162.126,607,607,7.731462665,258.2698733,2.025814377,26.2737353,-2793412.683,3118143.887,1886.470611,64231.82541,6.423182541,6.423182541,0.7542065631,21.9038968,Retain,2.14200271,2.045298064,-0.09670464601,0.1109960481,0.06264372507,0.1094901955,1.118439607,2.588073798,0,0.704,0.048,0.018,0.206,0.024
541,255,255,2.365701505,307.8956304,1.335914201,47.09817041,-2792947.284,3118052.564,617,617,6.488906165,202.4511885,1.454792808,52.54747059,-2792805.478,3118027.142,652.5162573,16315.81329,1.631581329,1.631581329,0.6896818242,144.0672379,Retain,0.8610745974,1.870093975,1.009019377,-0.4192620504,0.0852476383,0.1094806056,0.796863798,5.112114706,4,0.006,0,0.016,0.016,0.962
543,262,262,0.6505696848,598.4134431,1.361580492,47.09831502,-2792535.945,3117998.455,611,611,0.8974019163,644.1062427,1.7212584,52.54747059,-2792477.421,3117989.817,289.509321,3370.833588,0.3370833588,0.3370833588,0.5181356689,59.15714766,Retain,-0.4299068618,-0.10825145,0.3216554118,0.07358179416,0.2344095,0.1094775352,0.07242952707,4.8675327,4,0.002,0.012,0.002,0.3,0.684
544,276,276,0.6505735516,521.2043917,1.185908921,23.54936068,-2792746.568,3117840.135,639,639,0.5522473332,570.9123514,1.196826841,26.2737353,-2792716.664,3117824.849,238.8755399,2754.469912,0.2754469912,0.2754469912,0.4233910071,33.58457712,Retain,-0.429900918,-0.5937592656,-0.1638583476,0.09109342648,0.009164252667,0.1094667064,-0.3082419401,4.301412124,3,0.03,0.138,0.024,0.792,0.016
545,285,285,1.656004454,528.9540344,1.920188004,47.09817041,-2793098.918,3117807.135,630,630,0.5522473332,666.06441,1.396297981,26.27373529,-2793061.507,3117867.543,362.3629517,3825.307362,0.3825307362,0.3825307362,0.2309962,71.05461715,Retain,0.5044077458,-0.5937592656,-1.098167011,0.230484841,-0.3185986647,-0.5836475452,-1.199674458,4.58362398,2,0.012,0.126,0.858,0.004,0
547,341,341,17.80212085,204.5810758,2.434985607,23.54880751,-2793481.794,3117685.853,650,650,7.731462665,278.6596001,2.185747091,26.2737353,-2793365.062,3117875.05,2029.518003,63882.1313,6.38821313,6.38821313,0.358845622,222.3101594,Retain,2.879317599,2.045298064,-0.8340195353,0.3090266102,-0.1079831575,0.1094901955,-0.5791536273,4.536784163,2,0.008,0.204,0.776,0.01,0.002
549,325,325,4.613204174,345.7380954,2.094805191,23.54936068,-2792846.471,3117584.169,695,695,7.110184415,295.6180461,2.22365006,26.27373529,-2792881.927,3117614.882,1503.810554,37981.86899,3.798186899,3.798186899,0.8233294594,46.90902426,Retain,1.528922664,1.961528181,0.4326055167,-0.1566133025,0.0596894558,0.1094667063,1.534639339,3.656135,4,0.004,0,0.002,0.012,0.982
551,292,292,1.596866364,391.2695889,1.394779156,47.09831502,-2792582.412,3117795.268,655,655,1.725772916,395.8325637,1.466892917,26.2737353,-2792549.694,3117777.687,597.6734392,9344.693137,0.9344693137,0.9344693137,0.5851894275,37.1418118,Retain,0.4680431866,0.5456750175,0.07763183091,0.01159449474,0.0504104102,-0.5836506153,0.3434131907,3.953113611,3,0.01,0.026,0.018,0.498,0.448
552,312,312,0.2365749714,1021.900736,1.402129666,23.54985784,-2793292.329,3117499.579,687,687,0.2070927499,1014.955291,1.302940032,0,-2793280.455,3117477.816,169.0757822,932.3632932,0.09323632932,0.09323632932,0.3941090166,24.7916748,Retain,-1.441490117,-1.574588519,-0.1330984012,-0.006819796055,-0.07336899666,-10.06691752,-0.4291874579,4.50365824,3,0.024,0.054,0.066,0.844,0.012
553,313,313,1.892591849,618.7639076,2.401311629,0,-2793095.943,3117586.394,672,672,1.03546375,608.9731749,1.748077489,37.15667279,-2793103.545,3117603.93,631.8241794,6546.221551,0.6546221551,0.6546221551,0.3458865975,19.11288873,Retain,0.6379472382,0.03484939377,-0.6030978444,-0.01594957164,-0.3174984938,10.52292556,-0.6358104359,3.203806553,1,0.03,0.626,0.32,0.024,0
554,326,326,0.6505827686,670.8037217,1.526306696,50.22857988,-2792597.771,3117479.327,692,692,0.6212782498,592.0572534,1.316442362,52.5474706,-2792571.064,3117463.22,283.8874129,3397.560089,0.3397560089,0.3397560089,0.5222333349,31.18870848,Retain,-0.4298867507,-0.4759762301,-0.04608947936,-0.1248732361,-0.1479179758,0.04513189929,0.08881416203,4.227396502,3,0.008,0.108,0.044,0.794,0.046
555,332,332,0.2365765583,822.8081933,1.128962536,23.54994864,-2793097.473,3117363.14,707,707,0.1380618333,1141.824703,1.196826841,58.74985815,-2793114.054,3117342.069,101.9442814,627.2918872,0.06272918872,0.06272918872,0.2651538647,26.81306636,Retain,-1.44148341,-1.980053627,-0.5385702171,0.3276597629,0.05837465435,0.9141396583,-1.016946461,4.582033262,1,0.112,0.626,0.018,0.244,0
556,335,335,4.731508892,247.5043832,1.518720282,50.22857988,-2792339.558,3117520.29,701,701,9.250142831,210.1866369,1.803326599,26.2737353,-2792321.725,3117612.845,1100.595718,41085.39724,4.108539724,4.108539724,0.8683360463,94.25732702,Retain,1.554244156,2.224638993,0.6703948363,-0.1634324087,0.1717650094,-0.6479962513,1.879910488,4.341282038,4,0.01,0.004,0.008,0.014,0.964
557,344,344,1.656037879,472.0647445,1.713688049,23.54989194,-2792889.4,3117321.591,739,739,3.175422166,446.8009707,2.246000828,0,-2792899.866,3117216.412,681.4272257,10745.67336,1.074567336,1.074567336,0.6488784763,105.6984707,Retain,0.5044279294,1.155440589,0.6510126596,-0.05500290692,0.2705034229,-10.06691897,0.6128090323,4.980750863,4,0.006,0.002,0.018,0.014,0.96
558,363,363,1.596902463,426.6390856,1.52087984,117.7502907,-2792592.638,3117203.32,727,727,1.44964925,434.9808392,1.477395127,131.3686765,-2792554.799,3117210.074,525.7037858,9056.961099,0.9056961099,0.9056961099,0.5671580645,38.43658631,Retain,0.46806579189999997,0.3713216303,-0.09674416163,0.0193635593,-0.02900852153,0.1094406124,0.2697193989,3.987367838,3,0.028,0.102,0.04,0.8,0.03
559,410,410,0.3548697324,681.2632535,1.144839253,34.42886076,-2793036.152,3116954.823,751,751,1.03546375,507.4776457,1.456731241,0,-2793038.736,3116889.285,184.7675018,2064.313522,0.2064313522,0.2064313522,0.5817102258,65.58963857,Retain,-1.036004508,0.03484939382,1.070853902,-0.2944961384,0.2409308125,-10.44667951,0.3291277571,5.273800178,4,0.002,0.002,0.024,0.022,0.95
560,414,414,0.3548701122,681.2630515,1.144839526,143.5177928,-2792708.866,3116960.122,744,744,0.4141854999,634.3470572,1.151647165,141.4883947,-2792680.538,3116961.1,187.6825649,1628.621049,0.1628621049,0.1628621049,0.4589344083,28.34519476,Retain,-1.036003438,-0.8814413381,0.1545620995,-0.07135229049,0.005928759274,-0.0142412217,-0.1643031235,4.434859459,3,0,0.002,0.006,0.916,0.076
561,437,437,0.5914525464,732.5918454,1.589341052,34.42886076,-2792966.155,3116847.528,743,743,0.4832164165,652.4712588,1.279461712,0,-2792903.864,3116953.593,33.94510348,67.33232217,0.006733232217,0.006733232217,0.01138423067,123.0034062,Retain,-0.5251738247,-0.7272906583,-0.2021168336,-0.1158216288,-0.2168800456,-10.44667951,-4.380892813,5.647172033,3,0.016,0.254,0.338,0.368,0.024
563,437,437,0.5914525464,732.5918454,1.589341052,34.42886076,-2792966.155,3116847.528,759,759,1.104494666,618.4883808,1.833616147,0,-2792951.485,3116800.173,214.7974979,2849.549288,0.2849549288,0.2849549288,0.4817883202,49.57557579,Retain,-0.5251738247,0.09938791481,0.6245617395,-0.1693103138,0.142970556,-10.44667951,-0.07273336394,4.738470315,4,0.004,0,0.016,0.104,0.876
564,502,502,15.61452018,297.5822968,3.317160468,53.37889899,-2792578.633,3116600.782,804,804,18.29319291,272.8889227,3.292499608,0,-2792567.858,3116585.336,4562.324205,122173.5554,12.21735554,12.21735554,0.7824355405,18.83342802,Retain,2.748201262,2.906529019,0.1583277562,-0.08662597881,-0.007462100687,-10.88518953,1.276607807,2.133950784,4,0.182,0.002,0.026,0.054,0.736
568,507,507,2.543286319,399.9868748,1.799444416,34.42924651,-2792054.841,3116515.944,788,788,2.278020249,369.0746514,1.571404803,58.74985815,-2792024.888,3116510.465,756.3277629,17106.45322,1.710645322,1.710645322,0.6726121672,30.44925171,Retain,0.933457071,0.8233067541,-0.1101503169,-0.08043280255,-0.135507961,0.5343703226,0.7184591986,3.521730668,3,0.21,0.112,0.114,0.542,0.022
569,518,518,2.247564857,370.1751682,1.565519447,47.10382616,-2792997.472,3116322.368,813,813,2.139958416,368.3305493,1.519971608,52.54747059,-2792969.125,3116305.951,752.8099834,14239.53408,1.423953408,1.423953408,0.6335538676,32.75801874,Retain,0.8098473442,0.7607863971,-0.04906094713,-0.004995554354,-0.02952602792,0.1093605311,0.5463454518,3.656619576,3,0.102,0.034,0.016,0.832,0.016
570,522,522,4.495122265,354.136799,2.118053276,47.1024201,-2793762.489,3116307.904,833,833,5.039256915,260.6905714,1.650834902,26.2737353,-2793739.225,3116287.7,1297.326957,35379.15904,3.537915904,3.537915904,0.7870566574,30.81216225,Retain,1.502992868,1.617258634,0.1142657661,-0.3063491224,-0.2492162393,-0.5837377693,1.303858762,3.248810453,4,0.056,0.012,0.15,0.16,0.622
571,528,528,1.064640278,504.2817814,1.467809833,25.11323385,-2793138.149,3116207.609,834,834,1.173525583,492.5518326,1.505196806,37.1566728,-2793115.6,3116189.888,476.4400311,7093.239703,0.7093239703,0.7093239703,0.6662569366,28.67984342,Retain,0.06263697511,0.1600125367,0.09737556157,-0.0235355029,0.02515227789,0.3917355142,0.6898119214,3.897275878,3,0.042,0.008,0,0.666,0.284
572,534,534,12.71635877,217.0313308,2.183226969,0,-2791785.21,3116687.904,819,819,26.57690291,209.5816771,3.047898949,0,-2791594.75,3116613.194,2588.223927,97759.96995,9.775996995,9.775996995,0.7687732922,204.5890912,Retain,2.542889257,3.280042527,0.7371532703,-0.03492819443,0.3336484407,0,1.198381962,4.621928737,4,0.022,0.004,0.006,0.01,0.958
574,543,543,0.9463493522,620.3908392,1.702496348,88.8531314,-2792680.536,3116194.221,835,835,0.3451545832,761.2164686,1.261566261,111.4700184,-2792688.42,3116157.123,219.8649797,1529.978313,0.1529978313,0.1529978313,0.1616716184,37.92644479,Retain,-0.05514348397,-1.063762895,-1.008619411,0.2045681049,-0.2997416005,0.2267685801,-1.640868469,4.235611672,1,0.002,0.648,0.336,0.014,0
576,618,618,7.630014441,288.4497235,2.24764581,23.55245928,-2791313.321,3116055.642,869,869,8.283709998,279.1127051,2.266141985,0,-2791311.238,3116121.654,1746.702391,50375.58066,5.037558066,5.037558066,0.6602291654,66.04485887,Retain,2.032089738,2.114290935,0.0822011975,-0.03290514079,0.008195457962,-10.06702798,0.6628902625,3.746669406,4,0.054,0.008,0.084,0.11,0.744
577,542,542,0.3548815849,681.2566733,1.144847314,25.11323385,-2792988.556,3116131.517,844,844,0.6212782499,592.0572533,1.316442362,37.15667278,-2792953.493,3116096.986,191.3051093,675.6224648,0.06756224648,0.06756224648,0.190379691,49.21292533,Retain,-1.035971109,-0.47597623,0.5599948788,-0.1403357997,0.1396616397,0.3917355138,-1.443540402,4.986527116,4,0.002,0.012,0.024,0.174,0.788
578,545,545,2.18842824,507.8955357,2.119510726,25.11337142,-2792278.504,3116273.54,854,854,2.830267583,464.1563833,2.202790242,117.4997163,-2792264.323,3116184.422,927.7210842,9919.660959,0.9919660959,0.9919660959,0.4532778721,90.23932258,Retain,0.7831835875,1.040371259,0.2571876718,-0.09005425972,0.0385395762,1.543004181,-0.1870590285,4.683249512,4,0.04,0.034,0.026,0.288,0.612
579,552,552,1.47867383,462.8721071,1.58778711,23.55228374,-2793421.751,3116075.236,848,848,1.518680166,415.2089829,1.44342748,37.1566728,-2793398.288,3116059.433,562.2233583,9950.853507,0.9950853507,0.9950853507,0.6729579781,28.28829683,Retain,0.391145625,0.4178416459,0.02669602097,-0.1086688226,-0.09532081211,0.4559050376,0.7200260464,3.71927566,3,0.028,0.022,0.018,0.868,0.064
581,569,569,1.182944687,496.3101642,1.52275648,70.65647311,-2792914.612,3115993.828,859,859,1.173525583,492.5518326,1.505196806,37.15667278,-2792886.864,3115984.335,520.4979233,7039.439974,0.7039439974,0.7039439974,0.5950776949,29.32750708,Retain,0.1680068272,0.1600125367,-0.007994290483,-0.007601363327,-0.01159850857,-0.642673595,0.3842092447,3.86692151,3,0.004,0.032,0.028,0.882,0.054
583,588,588,1.360387854,680.8391719,2.240118412,23.55228374,-2793338.111,3115950.514,874,874,3.106391249,405.9821166,2.018506018,37.1566728,-2793232.578,3115952.772,531.1157755,2869.428443,0.2869428443,0.2869428443,0.2109272319,105.5573331,Retain,0.3077698458,1.133461682,0.8256918366,-0.5170170029,-0.1041710846,0.4559050376,-1.315882083,5.07774374,4,0.008,0.052,0.076,0.086,0.778
585,688,688,15.08285855,213.3672473,2.337570141,0,-2792124.856,3115519.32,950,950,14.35843066,245.1995356,2.621007109,52.5474706,-2792057.168,3115524.886,3145.110433,103535.8433,10.35358433,10.35358433,0.6864470884,67.91680066,Retain,2.713558903,2.664337272,-0.04922163099,0.1390574633,0.1144466479,10.86949127,0.7818325618,3.433883651,0,0.596,0.094,0.09,0.142,0.078
586,708,708,5.559977248,376.6559474,2.505396143,0,-2792658.858,3115363.294,963,963,4.832164165,380.6082343,2.36017436,52.5474706,-2792613.352,3115373.04,1944.585572,33791.40497,3.379140497,3.379140497,0.6077615691,46.5378757,Retain,1.715594016,1.575294435,-0.1402995816,0.01043842539,-0.05971136539,10.86949127,0.4370105565,3.554855935,0,0.37,0.116,0.254,0.204,0.056
587,727,727,1.53788214,410.3710742,1.435599624,25.11240173,-2792473.225,3115117.616,971,971,1.794803833,351.3306778,1.327760167,58.74985814,-2792440.032,3115102.738,558.8635511,10753.14004,1.075314004,1.075314004,0.6992174345,36.37481612,Retain,0.4304062362,0.5848957306,0.1544894945,-0.1553339274,-0.07808918019,0.8499041226,0.8416841312,3.951065986,4,0.064,0.004,0.006,0.42,0.506
588,740,740,0.4140462354,705.2296483,1.280118135,25.11240173,-2792591.779,3115004.625,978,978,0.20709275,1014.955291,1.302940032,58.74985814,-2792571.064,3114973.054,144.3252531,574.4822503,0.05744822503,0.05744822503,0.1387483332,37.76099301,Retain,-0.8817776317,-1.574588519,-0.6928108868,0.3640763506,0.01767090721,0.8499041226,-1.819704,4.64455688,1,0.024,0.842,0.038,0.096,0
589,792,792,0.5915035272,578.5657332,1.255239061,50.22414249,-2791484.559,3114746.468,986,986,1.2425565,422.8980381,1.329807601,26.27373529,-2791417.939,3114790.597,180.8191566,2035.520015,0.2035520015,0.2035520015,0.3441264374,79.91021463,Retain,-0.5250876324,0.2171709505,0.7422585829,-0.3134210618,0.05770822961,-0.6479079055,-0.6435807183,5.21582496,4,0,0.004,0.05,0.094,0.852
591,797,797,1.301307699,448.7785387,1.444166105,50.22401206,-2791319.556,3114764.707,987,987,0.8283709998,570.9123515,1.465807536,26.27373529,-2791272.703,3114754.106,389.9382898,4677.793034,0.4677793034,0.4677793034,0.3594686359,48.03727514,Retain,0.2633696811,-0.1882941576,-0.4516638387,0.240706164,0.01487424462,-0.6479053086,-0.5764531234,4.312678194,1,0.088,0.492,0.244,0.166,0.01
592,891,891,0.768980263,563.5254703,1.394011045,23.55608659,-2792997.232,3113718.862,1030,1030,0.8974019163,526.9960168,1.408302327,37.15667279,-2792952.37,3113695.072,302.6473895,3194.678067,0.3194678067,0.3194678067,0.4154434413,50.77995089,Retain,-0.2626899756,-0.1082514501,0.1544385255,-0.06701954235,0.01019972039,0.4557435934,-0.3408121202,4.631231233,3,0.008,0.004,0.014,0.79,0.184
594,897,897,0.5323729672,731.3287718,1.505274571,0,-2791492.221,3113765.221,1027,1027,0.2761236666,761.2164686,1.128379167,26.2737353,-2791471.946,3113742.567,193.4909058,2199.846453,0.2199846453,0.2199846453,0.4132152811,30.40202658,Retain,-0.630410969,-1.286906446,-0.6564954772,0.04005465538,-0.2881930832,10.17636312,-0.3499749152,4.302112589,1,0.002,0.77,0.13,0.098,0
595,898,898,0.8872886238,548.4961958,1.457475102,25.11127215,-2791300.314,3113774.301,1029,1029,1.03546375,507.4776457,1.456731241,26.2737353,-2791269.638,3113755.704,360.8732509,3938.396678,0.3938396678,0.3938396678,0.4438687224,35.8723745,Retain,-0.1195849564,0.03484939376,0.1544343502,-0.07772768194,-5.105068553e-4,0.04525118545,-0.2250216663,4.212152784,3,0.012,0.032,0.02,0.656,0.28
596,962,962,100.5613047,170.766183,4.83072582,0,-2792939.561,3113135.522,1039,1039,3.175422166,430.2527866,2.162815612,37.15667279,-2792971.833,3113502.676,1219.027204,23514.64443,2.351464443,2.351464443,0.02338339235,368.5702231,Retain,4.610767538,1.155440589,-3.455326949,0.924077642,-0.8035858327,10.52292556,-3.691215317,4.176615145,2,0,0.01,0.99,0,0
597,962,962,100.5613047,170.766183,4.83072582,0,-2792939.561,3113135.522,1043,1043,0.1380618333,1141.824703,1.196826841,58.74985815,-2792772.496,3113217.092,157.6424,1380.617251,0.1380617251,0.1380617251,0.001372911037,185.9152961,Retain,4.610767538,-1.980053627,-6.590821165,1.900087608,-1.395322974,10.98106104,-6.043264811,3.492277725,2,0,0,1,0,0
598,962,962,100.5613047,170.766183,4.83072582,0,-2792939.561,3113135.522,1044,1044,15.67001808,258.2099915,2.883386496,26.2737353,-2791826.178,3113411.715,4071.447321,119532.4611,11.95324611,11.95324611,0.1188652648,1147.128253,Retain,4.610767538,2.75174921,-1.859018328,0.4134779048,-0.5160312594,10.17636312,-1.995976486,5.311998972,2,0,0.006,0.994,0,0
599,962,962,100.5613047,170.766183,4.83072582,0,-2792939.561,3113135.522,1045,1045,0.4832164166,652.4712588,1.279461712,26.2737353,-2791879.189,3113151.408,51.81492801,13.82369743,0.001382369743,0.001382369743,1.374653747e-5,1060.491101,Retain,4.610767538,-0.7272906583,-5.338058197,1.340471821,-1.328557278,10.17636312,-6.895088136,5.233469499,2,0,0,1,0,0
600,962,962,100.5613047,170.766183,4.83072582,0,-2792939.561,3113135.522,1051,1051,10.83785391,237.5771144,2.206334304,26.2737353,-2792430.77,3113216.674,2961.742888,81507.96071,8.150796071,8.150796071,0.08105300638,515.2222481,Retain,4.610767538,2.383044998,-2.22772254,0.3301969932,-0.7836642771,10.17636312,-2.416950595,4.511581472,2,0,0.01,0.99,0,0
601,204,204,0.3548460387,831.6668883,1.397540684,25.11521458,-2794256.387,3118588.462,533,533,0.2761236666,761.2164686,1.128379167,78.82120589,-2794204.414,3118576.934,112.1332943,657.3585302,0.06573585302,0.06573585302,0.1852517595,53.23618754,Retain,-1.036071277,-1.286906446,-0.2508351688,-0.08851421581,-0.2139318002,1.143681121,-1.477006474,5.065157748,3,0.012,0.356,0.032,0.592,0.008
602,215,215,1.596814382,456.1462833,1.626022034,25.11516918,-2794418.109,3118490.101,559,559,2.623174833,440.7042713,2.013519993,78.82120589,-2794456.78,3118443.491,654.6105155,9145.216804,0.9145216804,0.9145216804,0.572716335,60.56373427,Retain,0.468010633,0.9643853524,0.4963747193,-0.03443949088,0.2137478688,1.143682929,0.2923493397,4.442072407,4,0.01,0.008,0.014,0.054,0.914
604,223,223,20.04876784,228.3166216,2.883875059,23.54735607,-2795205.111,3118567.693,580,580,20.15702766,234.6215143,2.971502824,26.2737353,-2795179.422,3118543.462,4618.146272,165241.1013,16.52411013,16.52411013,0.8241957939,35.31435736,Retain,2.998167698,3.003552995,0.005385297384,0.02724028137,0.02993293006,0.1095518303,1.540577744,2.637599016,0,0.484,0.12,0.07,0.212,0.114
606,278,278,29.86693401,159.9909537,2.466526674,34.42804479,-2795221.869,3117896.122,670,670,30.16651058,175.9333257,2.725873634,26.2737353,-2795201.644,3117891.983,4842.459349,256700.5853,25.67005853,25.67005853,0.8594808734,20.64422578,Retain,3.396751982,3.406732388,0.009980405332,0.09498781742,0.09997802008,-0.2702926911,1.80505651,1.901473047,0,0.448,0.216,0.104,0.144,0.088
607,229,229,0.4139925497,819.0416316,1.486610884,23.54826138,-2795072.058,3118206.718,584,584,0.4141854999,761.2164686,1.381976598,26.2737353,-2795049.553,3118191.586,220.9635114,1430.500259,0.1430500259,0.1430500259,0.3455376817,27.11993057,Retain,-0.8819073012,-0.8814413381,4.659630932e-4,-0.0732171446,-0.07298416306,0.1095133863,-0.6373492539,4.313624369,3,0,0.03,0.018,0.944,0.008
609,260,260,7.747667167,251.6469779,1.97593323,47.09821881,-2794169.174,3117965.588,638,638,7.593400831,249.1253897,1.93656118,26.2737353,-2794148.045,3117943.976,1890.872488,63085.18989,6.308518989,6.308518989,0.8142475474,30.22405091,Retain,2.047391787,2.027279558,-0.02011222893,-0.01007088109,-0.02012699555,-0.5836485725,1.473707849,2.95734013,3,0.266,0.042,0.066,0.462,0.164
610,282,282,0.5322889152,642.9082536,1.323176504,47.0985617,-2794379.068,3117647.746,661,661,0.5522473332,570.9123515,1.196826841,52.5474706,-2794362.057,3117631.08,269.1106989,2955.645955,0.2955645955,0.2955645955,0.5552709949,23.8150294,Retain,-0.6305688635,-0.5937592657,0.03680959772,-0.1187663313,-0.1003615325,0.1094722978,0.221544421,4.058008233,3,0.01,0.062,0.026,0.822,0.08
611,283,283,1.833434908,426.3871051,1.62866543,23.54942146,-2794189.316,3117712.324,662,662,1.587711083,529.5418912,1.882266567,26.2737353,-2794150.153,3117701.333,719.8000269,9129.739942,0.9129739942,0.9129739942,0.4979582259,40.67540178,Retain,0.6061912066,0.4622934086,-0.143897798,0.2166646455,0.1447157465,0.1094641258,-0.008150839965,3.974917455,1,0.124,0.496,0.038,0.324,0.018
612,428,428,47.96613617,107.6734277,2.103637841,25.11454374,-2794986.071,3117038.366,768,768,36.58638582,117.773114,2.009560017,52.54747059,-2794870.577,3117080.521,4140.542449,330450.8706,33.04508706,33.04508706,0.6889253483,122.9465675,Retain,3.870495265,3.599676199,-0.2708190663,0.08965718285,-0.04575235028,0.7382490661,0.7933409732,3.448875294,2,0.298,0.242,0.424,0.034,0.002
613,341,341,17.80212085,204.5810758,2.434985607,23.54880751,-2793481.794,3117685.853,794,794,53.9131459,244.6419124,5.067260931,0,-2793738.501,3117072.149,1889.369501,70191.90534,7.019190534,7.019190534,0.3942895676,665.23031,Retain,2.879317599,3.987374342,1.108056743,0.1788312041,0.7328595757,-10.06687293,-0.4284330512,5.632840958,4,0.028,0.052,0.286,0.032,0.602
614,177,177,0.6505380372,603.2523363,1.372557123,137.7104131,-2795530.301,3119044.515,486,486,0.7593400832,553.6119772,1.360876479,105.0949412,-2795507.353,3119029.559,333.9763956,4042.568035,0.4042568035,0.4042568035,0.6214191644,27.3915758,Retain,-0.429955509,-0.2753055345,0.1546499745,-0.08587153827,-0.008546551027,-0.2702866272,0.494546184,4.097614718,3,0.01,0,0.004,0.678,0.308
615,198,198,0.4731264642,829.4604434,1.609456962,50.23072889,-2796414.54,3118520.587,541,541,0.5522473332,666.06441,1.396297981,52.54747059,-2796391.703,3118514.534,294.6781329,2658.452525,0.2658452525,0.2658452525,0.5618904723,23.62547811,Retain,-0.74839256,-0.5937592657,0.1546332943,-0.2193890436,-0.1420723964,0.04508911629,0.2483361908,4.10892926,3,0.02,0.026,0.03,0.704,0.22
616,199,199,0.827970764,644.6183635,1.654646566,0,-2796587.238,3118518.382,546,546,0.8283709998,570.9123514,1.465807536,0,-2796551.535,3118506.871,345.1059997,3787.284975,0.3787284975,0.3787284975,0.4574177181,37.5134226,Retain,-0.1887774345,-0.1882941575,4.832769167e-4,-0.1214227595,-0.121181121,0,-0.1704002712,4.291479122,3,0,0.082,0.06,0.818,0.04
625,448,448,0.2957276981,817.513095,1.254110452,75.34138956,-2793970.179,3116654.697,783,783,3.382514916,357.3056893,1.853765775,37.1566728,-2794001.463,3116606.136,193.5074954,1439.435315,0.1439435315,0.1439435315,0.4867434888,57.7652073,Retain,-1.218316187,1.218619491,2.436935678,-0.827675233,0.3907926059,-0.7068726334,-0.05293255987,5.237926992,4,0,0.002,0.22,0.01,0.768
629,233,233,32.29098113,154.0072461,2.468748468,0,-2796109.216,3118452.372,606,606,32.44453082,149.0040747,2.394219491,52.54747059,-2796079.241,3118440.423,4626.147457,278742.5568,27.87425568,27.87425568,0.8632210824,32.26917873,Retain,3.474787969,3.479531887,0.004743917958,-0.03302600138,-0.03065404241,10.86949127,1.836178264,2.309114503,0,0.518,0.102,0.13,0.092,0.158
630,203,203,0.7096897936,681.2766933,1.619022482,0,-2796664.471,3118448.223,556,556,0.8283709998,570.9123514,1.465807536,0,-2796636.924,3118432.429,404.2736242,3983.272628,0.3983272628,0.3983272628,0.5612695382,31.75375112,Retain,-0.3429273148,-0.1882941575,0.1546331573,-0.1767328303,-0.0994162517,0,0.245819388,4.201870956,3,0.036,0.02,0.024,0.64,0.28
631,209,209,0.2365650159,822.8299194,1.128964804,25.11526484,-2796457.614,3118295.149,568,568,0.2761236666,761.2164686,1.128379167,26.27373529,-2796437.682,3118287.923,147.1314861,1324.728632,0.1324728632,0.1324728632,0.5599850118,21.20162824,Retain,-1.4415322,-1.286906446,0.1546257539,-0.07783174977,-5.188728273e-4,0.04509220436,0.2406153265,4.347256191,3,0.006,0,0.004,0.94,0.05
632,228,228,0.887125606,707.8174001,1.880653818,0,-2796484.983,3118120.152,601,601,0.4832164165,652.4712588,1.279461712,105.0949412,-2796477.092,3118064.596,250.8341862,2566.95624,0.256695624,0.256695624,0.2893565717,56.112677,Retain,-0.1197686991,-0.7272906584,-0.6075219593,-0.08141906049,-0.3851800402,11.56262894,-0.896467258,4.659628872,1,0.002,0.678,0.206,0.11,0.004
633,245,245,0.5322821839,731.3959642,1.50528451,78.93865601,-2796415.276,3117801.133,646,646,1.587711083,463.3491548,1.646983246,37.15667279,-2796397.129,3117826.99,350.3239916,3032.793647,0.3032793647,0.3032793647,0.569771775,31.59000336,Retain,-0.6305815094,0.4622934086,1.092874918,-0.4564741039,0.08996335507,-0.7535134273,0.2803519618,4.340528074,4,0,0,0.012,0.028,0.96
634,253,253,0.2365701603,822.8201826,1.12896372,53.37557823,-2795705.221,3117770.741,647,647,0.6903091665,608.9731749,1.427299293,26.2737353,-2795691.508,3117801.859,188.5020254,1156.991725,0.1156991725,0.1156991725,0.4890691723,34.00548425,Retain,-1.441510454,-0.3706157144,1.07089474,-0.3009634677,0.2344839022,-0.7087641974,-0.04364296456,4.81967139,4,0,0.002,0.022,0.072,0.904
635,297,297,5.91431005,408.7608808,2.804248126,23.54953813,-2796626.242,3117485.887,708,708,9.112080997,294.1063629,2.504426406,26.2737353,-2796581.59,3117458.509,2325.219602,45849.11565,4.584911565,4.584911565,0.7752234033,52.37736419,Retain,1.777374847,2.209601115,0.4322262686,-0.3291888612,-0.1130757269,0.1094591718,1.234894369,3.642171129,4,0.044,0.002,0.034,0.028,0.892
636,246,246,0.6505662134,748.0194047,1.701976991,23.54895603,-2796174.916,3117833.398,654,654,0.4832164166,761.2164685,1.49270533,37.15667279,-2796218.108,3117734.298,114.7237919,635.9210953,0.06359210953,0.06359210953,0.09774886587,108.1033535,Retain,-0.4299121978,-0.7272906582,-0.2973784604,0.01748885037,-0.1312003799,0.4560463318,-2.213420707,5.470418038,1,0.024,0.556,0.136,0.268,0.016
638,273,273,1.478573893,558.4569102,1.915606288,23.54935447,-2796194.471,3117595.513,694,694,2.278020249,507.4776457,2.160681605,26.2737353,-2796209.578,3117531.16,758.8529981,8830.115789,0.8830115789,0.8830115789,0.5972049035,66.10250828,Retain,0.3910780372,0.8233067541,0.4322287169,-0.09572480062,0.1203895578,0.1094669702,0.3930257809,4.568047745,4,0.006,0.002,0.006,0.104,0.882
640,274,274,1.064575192,498.4203219,1.450704573,150.6881079,-2795898.121,3117576.357,680,680,1.104494666,523.3363221,1.551521355,148.6266912,-2795838.312,3117547.332,271.2944234,3200.18777,0.320018777,0.320018777,0.3006070208,66.47982349,Retain,0.06257583902,0.0993879149,0.03681207589,0.0487805799,0.06718661786,-0.01377436408,-0.8425166618,4.737990561,3,0.012,0.04,0.03,0.864,0.054
641,275,275,0.236572569,822.8157284,1.128963356,55.47557704,-2795386.332,3117586.195,671,671,0.4141854999,761.2164686,1.381976598,74.31334559,-2795369.217,3117591.669,195.7387928,1302.473645,0.1302473645,0.1302473645,0.5505598769,17.96975425,Retain,-1.441500272,-0.8814413381,0.5600589344,-0.0778145031,0.2022149641,0.2923431133,0.2025252477,4.181860752,4,0,0.01,0,0.364,0.626
645,301,301,0.7097237982,552.9506684,1.314093114,23.54953813,-2796608.572,3117271.132,719,719,0.6903091665,532.851528,1.248886881,52.54747059,-2796621.598,3117250.111,295.2963267,4283.180345,0.4283180345,0.4283180345,0.6034996088,24.73036468,Retain,-0.3428794013,-0.3706157143,-0.02773631305,-0.0370259641,-0.05089412062,0.8025873225,0.4192051045,3.951876907,3,0.01,0.038,0.006,0.924,0.022
646,304,304,0.1774312192,1097.081668,1.303614086,47.09933306,-2796409.674,3117231.609,720,720,0.1380618333,1141.824703,1.196826841,52.5474706,-2796385.134,3117223.837,95.0540429,563.4214049,0.05634214049,0.05634214049,0.3175435571,25.74116623,Retain,-1.729172242,-1.980053627,-0.2508813843,0.03997397412,-0.085466718,0.1094559207,-0.7634037049,4.685081421,3,0.032,0.186,0.012,0.766,0.004
647,428,428,47.96613617,107.6734277,2.103637841,25.11454374,-2794986.071,3117038.366,742,742,0.2070927499,1014.955292,1.302940032,52.54747059,-2795452.417,3116987.373,236.8529177,1734.879336,0.1734879336,0.1734879336,0.003616883648,469.1250593,Retain,3.870495265,-1.574588519,-5.445083784,2.243497015,-0.4790448775,0.7382490661,-5.375415023,4.787988826,2,0,0.052,0.948,0,0
648,384,384,10.9416888,255.0863827,2.380260681,53.3776218,-2795890.523,3117030.455,756,756,11.11397758,255.3148404,2.401075882,185.783364,-2795877.529,3117019.195,2656.621032,87049.90864,8.704990864,8.704990864,0.7955801908,17.19414664,Retain,2.392580154,2.408203558,0.01562340312,8.952082585e-4,0.008706909822,1.247176343,1.355272068,2.220702038,4,0.286,0.024,0.02,0.14,0.53
649,615,615,11.23803466,186.9029813,1.767488026,240.8249407,-2795126.542,3115659.886,930,930,8.490802748,309.4375889,2.543563078,583.371596,-2795089.497,3115663.861,2525.516366,73085.77801,7.308577801,7.308577801,0.6503430557,37.25771487,Retain,2.419303977,2.138983548,-0.2803204289,0.5041667549,0.3640065404,0.8847516485,0.6192280919,2.980598828,0,0.566,0.19,0.182,0.024,0.038
650,697,697,1.833613779,479.439779,1.831399387,55.47365735,-2793772.514,3115198.002,955,955,0.2761236666,761.2164686,1.128379167,74.31334558,-2793678.94,3115266.444,210.6013412,2538.027499,0.2538027499,0.2538027499,0.1384166899,115.9330866,Retain,0.6062887623,-1.286906446,-1.893195209,0.462299475,-0.4842981292,0.2923777174,-1.822464518,5.022242372,2,0,0.398,0.602,0,0
651,697,697,1.833613779,479.439779,1.831399387,55.47365735,-2793772.514,3115198.002,975,975,1.518680166,622.8134743,2.165141221,26.2737353,-2793872.41,3115082.527,381.316197,5596.113103,0.5596113103,0.5596113103,0.305195847,152.6875888,Retain,0.6062887623,0.417841646,-0.1884471163,0.2616287795,0.1674052214,-0.7473184497,-0.8208433114,5.297621041,1,0.052,0.372,0.284,0.218,0.074
653,732,732,0.6506433282,525.9753243,1.196828516,0,-2794095.348,3114924.457,981,981,0.6903091665,532.851528,1.248886881,26.2737353,-2794073.046,3114911.748,295.597204,4055.774165,0.4055774165,0.4055774165,0.6233483061,25.66924035,Retain,-0.4297936699,-0.3706157144,0.05917795553,0.01298852666,0.04257750443,10.17636312,0.5027360695,4.032594136,3,0.022,0.012,0.004,0.858,0.104
654,840,840,1.30132188,704.5807183,2.26734803,34.43029152,-2793197.463,3114308.462,1007,1007,0.2070927499,1014.955291,1.302940032,108.3293858,-2793210.391,3114368.758,194.4501952,1170.546736,0.1170546736,0.1170546736,0.08995059207,61.66597712,Retain,0.2633805785,-1.574588519,-1.837969097,0.3649969427,-0.5539876059,1.146219897,-2.304280716,4.562423224,2,0,0.474,0.526,0,0
655,840,840,1.30132188,704.5807183,2.26734803,34.43029152,-2793197.463,3114308.462,1013,1013,0.1380618333,1141.824703,1.196826841,78.8212059,-2793100.917,3114176.084,106.3349148,651.2970753,0.06512970753,0.06512970753,0.05004888379,163.8448493,Retain,0.2633805785,-1.980053627,-2.243434206,0.4827799784,-0.6389371243,0.8282289698,-2.924678979,5.539600696,2,0,0.342,0.656,0.002,0
657,838,838,2.839244136,408.0884267,1.939772129,23.55500849,-2793521.789,3114315.873,1008,1008,0.3451545833,761.2164685,1.261566261,58.74985815,-2793518.67,3114365.254,262.7374,3451.54444,0.345154444,0.345154444,0.1215656096,49.48024232,Retain,1.043537867,-1.063762895,-2.107300762,0.6234338872,-0.4302164939,0.9139248343,-1.970632488,3.952189664,1,0,0.528,0.472,0,0
658,838,838,2.839244136,408.0884267,1.939772129,23.55500849,-2793521.789,3114315.873,1016,1016,1.380618333,494.7907046,1.640036139,0,-2793403.065,3114180.025,394.4655585,5096.325973,0.5096325973,0.5096325973,0.1794958704,180.4159803,Retain,1.043537867,0.3225314662,-0.7210064011,0.1926509712,-0.1678522294,-10.0671362,-1.515429066,5.245866738,2,0.004,0.108,0.856,0.026,0.006
659,839,839,1.064720796,498.4085402,1.450769483,23.55499967,-2793302.347,3114231.828,1012,1012,1.311587416,600.96037,1.94150951,0,-2793354.666,3114297.772,390.6222238,4340.444001,0.4340444001,0.4340444001,0.4076603009,84.17873417,Retain,0.0627126015,0.2712381718,0.2085255703,0.1871088897,0.2913716748,-10.06713583,-0.3728828326,4.973962848,4,0.022,0.06,0.066,0.304,0.548
660,839,839,1.064720796,498.4085402,1.450769483,23.55499967,-2793302.347,3114231.828,1014,1014,0.2761236666,761.2164686,1.128379167,26.27373529,-2793232.286,3114136.673,42.27491491,84.54930917,0.008454930917,0.008454930917,0.007940984104,118.1647623,Retain,0.0627126015,-1.286906446,-1.349619048,0.4234976677,-0.2513118562,0.1092272911,-4.710144432,5.313097046,1,0,0.582,0.4,0.016,0.002
661,851,851,2.070287526,467.1386585,1.896078047,23.55532494,-2793736.996,3114222.319,1015,1015,1.173525583,716.4390292,2.189377173,94.73129981,-2793715.259,3114203.903,841.0003177,10570.35595,1.057035595,1.057035595,0.5105742956,28.48966984,Retain,0.727687499,0.1600125367,-0.5676749623,0.4276670215,0.1438295403,1.391660658,0.04221902698,3.558097853,1,0.204,0.658,0.128,0.01,0
663,880,880,2.543531346,456.7619569,2.054960791,23.55532494,-2793496.614,3113884.772,1020,1020,0.1380618333,1141.824703,1.196826841,52.5474706,-2793547.571,3113992.167,89.03089149,477.9304262,0.04779304262,0.04779304262,0.01879003484,118.8709009,Retain,0.9335534092,-1.980053627,-2.913607036,0.9162205053,-0.5405830127,0.8023416338,-3.904626579,4.883634689,2,0,0.146,0.854,0,0
664,880,880,2.543531346,456.7619569,2.054960791,23.55532494,-2793496.614,3113884.772,1026,1026,1.2425565,592.0572534,1.861730642,52.5474706,-2793443.936,3113818.469,680.9400736,9777.445857,0.9777445857,0.9777445857,0.3844043783,84.68293917,Retain,0.9335534092,0.2171709505,-0.7163824586,0.2594409689,-0.09875026044,0.8023416338,-0.4699202984,4.544514202,1,0.022,0.508,0.452,0.014,0.004
666,873,873,1.005580201,621.4259865,1.757894613,25.11154928,-2793271.215,3113936.671,1022,1022,0.3451545832,761.2164686,1.261566261,52.54747059,-2793292.716,3113981.658,243.8997639,2372.880696,0.2372880696,0.2372880696,0.2359713025,49.86080677,Retain,0.00556468888,-1.063762895,-1.069327584,0.2029009549,-0.3317628371,0.7383683007,-1.171974299,4.478837913,1,0.004,0.594,0.394,0.008,0
667,874,874,2.070311888,515.6542518,2.093011232,0,-2793137.732,3113961.831,1024,1024,1.173525583,582.1067113,1.778868953,52.54747059,-2793117.145,3113922.619,588.868056,9666.504343,0.9666504343,0.9666504343,0.4669105364,44.28741253,Retain,0.7276992667,0.1600125367,-0.56768673,0.1212172974,-0.1626260676,10.86949127,-0.1322862437,3.999238384,1,0.06,0.586,0.312,0.038,0.004
673,982,982,73.29314946,120.9372537,2.920699406,68.86224368,-2794662.659,3112374.98,1067,1067,171.6798897,127.3285287,4.706309689,26.2737353,-2794019.954,3112654.32,9219.168509,640524.1024,64.05241024,64.05241024,0.8739208332,700.7858717,Retain,4.294467146,5.145631636,0.8511644908,0.05149873971,0.4770809851,-0.9635147198,1.929323153,4.977335176,4,0.048,0.02,0.08,0.008,0.844
675,695,695,1.064679793,495.4830151,1.442226082,70.66104591,-2798734.783,3114749.277,989,989,1.03546375,558.2254103,1.602404365,78.82120589,-2798713.863,3114759.361,482.9020402,5817.915083,0.5817915083,0.5817915083,0.5464474034,23.22354805,Retain,0.06267408996,0.03484939375,-0.02782469621,0.1192297669,0.1053174188,0.109286162,0.1859527593,3.686237723,3,0.08,0.124,0.01,0.754,0.032
676,721,721,0.2365972226,822.7691882,1.12895832,70.66104591,-2798699.618,3114573.735,994,994,0.2761236666,761.2164686,1.128379167,78.82120589,-2798670.949,3114557.053,110.7442347,746.5167867,0.07465167867,0.07465167867,0.3155222106,33.16917245,Retain,-1.441396066,-1.286906446,0.1544896203,-0.07775793937,-5.131292076e-4,0.109286162,-0.7727226833,4.794714028,3,0,0.006,0.012,0.964,0.018
677,726,726,0.2365977475,822.7682157,1.128958238,47.10784899,-2797194.595,3114659.78,990,990,0.7593400832,553.6119771,1.360876479,52.5474706,-2797169.764,3114641.845,193.2806617,1925.938077,0.1925938077,0.1925938077,0.8140136992,30.63056816,Retain,-1.441393848,-0.2753055345,1.166088313,-0.3962104886,0.186833668,0.1092751332,1.472169566,4.715092983,4,0,0,0,0.016,0.984
679,758,758,0.2365987102,1008.699563,1.384086036,47.10784899,-2797171.697,3114543.577,1000,1000,0.3451545832,761.2164686,1.261566261,52.5474706,-2797144.445,3114496.623,101.5605442,571.2238844,0.05712238844,0.05712238844,0.2414315293,54.28938748,Retain,-1.441389779,-1.063762895,0.377626884,-0.281499449,-0.09268600701,0.1092751332,-1.142031153,5.287407017,3,0.004,0.026,0.016,0.618,0.336
680,811,811,0.7098071346,743.2264448,1.766389206,68.86021623,-2797187.27,3114126.412,1018,1018,0.4141854999,634.3470572,1.151647165,260.0967095,-2797147.073,3114070.989,184.7518416,1872.792644,0.1872792644,0.1872792644,0.2638452831,68.46541265,Retain,-0.3427619873,-0.8814413381,-0.5386793509,-0.1584045558,-0.4277442313,1.328964246,-1.02365198,4.970089235,1,0.002,0.778,0.112,0.104,0.004
681,864,864,6.092609357,248.9014395,1.733102077,55.47282659,-2796850.431,3113757.13,1032,1032,5.867627915,259.7091481,1.774653617,74.31334558,-2796832.251,3113733.448,1467.209963,47364.0794,4.73640794,4.73640794,0.7774022036,29.85434202,Retain,1.807076456,1.769450449,-0.03762600673,0.042505351,0.02369234764,0.292392693,1.247394476,3.065190501,3,0.394,0.022,0.042,0.466,0.076
682,867,867,0.354911357,690.0087925,1.15960383,55.47282659,-2797113.585,3113602.842,1034,1034,0.4141854999,634.3470571,1.151647165,26.27373529,-2797094.525,3113545.514,102.2106627,200.871923,0.0200871923,0.0200871923,0.05659777266,60.41402227,Retain,-1.035887219,-0.881441338,0.1544458812,-0.08410812697,-0.006885186336,-0.7473034743,-2.797068266,5.19154634,3,0.004,0.032,0.09,0.786,0.088
683,884,884,1.123891928,516.8619743,1.545723915,50.22292143,-2797033.158,3113443.808,1038,1038,5.798596999,226.5525204,1.538953258,26.27373529,-2796836.167,3113459.499,472.4090677,6469.130919,0.6469130919,0.6469130919,0.5756007992,197.6153457,Retain,0.1167975972,1.757615992,1.640818394,-0.8247990684,-0.00438987125,-0.6478835935,0.3041221474,5.800293647,4,0,0.002,0.144,0.034,0.82
685,875,875,4.022300132,407.5077469,2.305516177,23.55588831,-2797811.691,3113695.059,1035,1035,4.003793166,393.7326562,2.22245165,108.3293858,-2797794.856,3113685.943,1459.146092,26605.24945,2.660524945,2.660524945,0.6614436659,19.14512346,Retain,1.391853911,1.387242203,-0.004611708093,-0.03438780193,-0.03669365599,1.525767411,0.6682956559,2.828538252,3,0.224,0.022,0.036,0.648,0.07
686,885,885,3.194196341,388.3454975,1.957916409,75.3347512,-2796566.294,3113659.193,1037,1037,3.934762249,347.2215471,1.942947133,52.5474706,-2796533.327,3113656.601,1205.179991,19368.75666,1.936875666,1.936875666,0.6063733907,33.06797941,Retain,1.16133552,1.36985046,0.2085149407,-0.1119323605,-0.007674890169,-0.3602188125,0.4312037183,3.490292848,4,0.046,0.018,0.026,0.164,0.746
687,890,890,0.4732184119,816.1723129,1.583827003,23.55588831,-2797627.725,3113323.776,1041,1041,0.6212782498,676.636861,1.504505556,37.1566728,-2797571.831,3113271.099,177.843019,1372.539138,0.1372539138,0.1372539138,0.2900434774,76.8042816,Retain,-0.7481982382,-0.47597623,0.2722220082,-0.1874907659,-0.05137976178,0.4557520106,-0.8931386156,5.287737471,3,0.008,0.034,0.1,0.508,0.35
689,902,902,0.4140707318,818.9863116,1.486650831,50.2222771,-2797248.163,3113089.242,1046,1046,0.4141854999,634.3470572,1.151647165,78.82120589,-2797199.62,3113098.86,82.0199404,410.0572097,0.04100572097,0.04100572097,0.09903071582,49.48652671,Retain,-0.88171847,-0.8814413382,2.771318181e-4,-0.2554711567,-0.2553325908,0.4507161514,-2.199103169,4.91494483,3,0,0.166,0.074,0.734,0.026
690,904,904,2.306952432,519.9849693,2.227948655,25.11127872,-2797440.54,3113200.058,1042,1042,0.8283709997,697.7817629,1.791542544,37.1566728,-2797449.221,3113293.724,417.0102815,3102.627193,0.3102627193,0.3102627193,0.1344902977,94.06699573,Retain,0.8359273599,-0.1882941576,-1.024221518,0.2941064874,-0.2180042714,0.391813367,-1.855573272,4.698419143,2,0.004,0.15,0.838,0.006,0.002
691,904,904,2.306952432,519.9849693,2.227948655,25.11127872,-2797440.54,3113200.058,1047,1047,0.6212782498,676.6368611,1.504505556,52.5474706,-2797344.126,3113098.86,234.9423302,1238.154378,0.1238154378,0.1238154378,0.05367056385,139.7741046,Retain,0.8359273599,-0.4759762301,-1.31190359,0.2633348288,-0.3926169663,0.7383790747,-2.85232148,5.094435998,2,0,0.184,0.81,0.006,0
693,191,191,1.655932079,381.0841932,1.383366527,0,-2796670.136,3118651.192,532,532,1.656742,412.3255871,1.497141314,0,-2796653.345,3118632.766,572.5193672,12021.02039,1.202102039,1.202102039,0.7259368026,24.9284962,Retain,0.5043640403,0.504853023,4.889827594e-4,0.07879296702,0.07903745841,0,0.9718386645,3.536234612,3,0.054,0.012,0.002,0.886,0.046
694,237,237,0.295711464,997.9788486,1.53091291,70.64634467,-2797723.824,3117759.851,649,649,0.2761236666,951.5205858,1.410473959,78.82120589,-2797692.253,3117742.743,162.8548935,263.5341678,0.02635341678,0.02635341678,0.08911868489,35.90849747,Retain,-1.218371084,-1.286906446,-0.06853536236,-0.04767076073,-0.08193844191,0.1094942337,-2.314382322,4.762552299,3,0.006,0.062,0.03,0.89,0.012
695,316,316,16.08676402,233.8150244,2.645463831,23.54839109,-2798410.421,3117582.19,642,642,0.3451545833,761.2164685,1.261566261,0,-2798668.322,3117807.114,263.2012052,3051.790961,0.3051790961,0.3051790961,0.01897081947,342.2042675,Retain,2.777996824,-1.063762895,-3.841759718,1.180387461,-0.7404923979,-10.06685524,-3.895348842,5.018777285,2,0,0.01,0.99,0,0
696,354,354,26.91022818,214.6740152,3.141472319,25.1141674,-2797432.368,3117294.598,645,645,0.4141854999,761.2164686,1.381976598,37.15667279,-2797374.778,3117758.069,148.2742362,492.6416084,0.04926416084,0.04926416084,0.001830685363,467.0360873,Retain,3.292506444,-0.8814413382,-4.173947782,1.265797101,-0.8211767897,0.3916983426,-5.8664053880000004,5.072520392,2,0,0,1,0,0
697,952,952,2.070416604,417.1174839,1.693098922,50.22092052,-2795527.91,3112435.469,1062,1062,2.554143916,370.3215253,1.669539531,83.08484619,-2795501.414,3112432.076,828.6781683,14558.60668,1.455860668,1.455860668,0.7031728131,26.71303077,Retain,0.727749845,0.9377171053,0.2099672603,-0.1189963027,-0.01401267261,0.5034227694,0.8605103905,3.493678945,4,0.074,0,0,0.3,0.626
698,969,969,0.591555979,573.2817224,1.243830173,172.1566698,-2796020.141,3112015.852,1064,1064,1.311587416,480.7682959,1.553207608,289.0110883,-2795965.446,3112000.895,317.9996201,3377.519978,0.3377519978,0.3377519978,0.5709552601,56.70334434,Retain,-0.5249989611,0.2712381718,0.7962371329,-0.1759918172,0.2221267493,0.5180577737,0.2851715221,4.872715251,4,0,0.008,0.006,0.072,0.914
699,266,266,29.33428278,206.0274992,3.14780627,23.54759677,-2796986.551,3118062.81,652,652,25.74853191,187.7531236,2.687561896,26.27373529,-2796951.992,3118091.997,5031.920602,218031.9774,21.80319774,21.80319774,0.7432667745,45.235493,Retain,3.378756893,3.248377612,-0.1303792804,-0.09288172367,-0.1580713639,0.1095416086,1.060474498,2.694890625,2,0.35,0.02,0.548,0.046,0.036
700,354,354,26.91022818,214.6740152,3.141472319,25.1141674,-2797432.368,3117294.598,668,668,0.2761236666,951.5205858,1.410473959,0,-2797711.958,3117598.238,205.3725141,899.3850265,0.08993850265,0.08993850265,0.003342167969,412.7562213,Retain,3.292506444,-1.286906446,-4.57941289,1.488940653,-0.8007657925,-10.13122722,-5.437036608,4.948971299,2,0,0,1,0,0
701,266,266,29.33428278,206.0274992,3.14780627,23.54759677,-2796986.551,3118062.81,669,669,0.1380618333,1141.824703,1.196826841,52.54747059,-2796897.472,3117604.806,125.0147322,517.963335,0.0517963335,0.0517963335,0.001765726945,466.5862796,Retain,3.378756893,-1.980053627,-5.35881052,1.712373227,-0.9670320327,0.8026697596,-5.889685749,5.028431594,2,0,0,1,0,0
702,280,280,0.177429351,1079.445173,1.282650659,55.47557754,-2798022.477,3117317.309,712,712,0.20709275,1014.955291,1.302940032,37.15667279,-2798000.969,3117302.658,127.8743429,275.8229227,0.02758229227,0.02758229227,0.1554550705,26.02362392,Retain,-1.729182772,-1.574588518,0.1545942536,-0.06160261694,0.01569450986,-0.4007906201,-1.687212427,4.695999493,3,0.004,0.03,0.008,0.892,0.066
703,318,318,0.6505822,752.8186787,1.712917879,34.42849078,-2798193.689,3117024.886,737,737,0.1380618333,1141.824703,1.196826841,52.54747059,-2798224.296,3117039.921,156.8011698,1040.735832,0.1040735832,0.1040735832,0.1599699211,34.10027141,Retain,-0.4298876247,-1.980053627,-1.550166002,0.416558478,-0.358524523,0.4228225058,-1.653409903,4.316643424,1,0,0.844,0.154,0.002,0
704,342,342,34.00738089,145.9604244,2.401136105,34.42864869,-2798917.31,3117201.18,736,736,0.4141854999,761.2164686,1.381976598,26.2737353,-2798452.001,3117057.437,193.6935494,1399.681108,0.1399681108,0.1399681108,0.004115815659,487.005096,Retain,3.526577586,-0.8814413382,-4.408018924,1.651582251,-0.5524272109,-0.2703102314,-5.272297748,4.99735279,2,0,0,1,0,0
705,316,316,16.08676402,233.8150244,2.645463831,23.54839109,-2798410.421,3117582.19,738,738,15.60098716,235.7750124,2.627053299,0,-2798378.218,3117560.164,3701.639816,127475.5012,12.74755012,12.74755012,0.7924247598,39.01488187,Retain,2.777996824,2.747334192,-0.03066263173,0.008347704151,-0.006983611712,-10.06685524,1.336058875,2.847335322,0,0.436,0.072,0.16,0.204,0.128
706,318,318,0.6505822,752.8186787,1.712917879,34.42849078,-2798193.689,3117024.886,741,741,0.2070927499,1014.955291,1.302940032,37.1566728,-2798123.58,3116996.131,152.055737,909.1286151,0.09091286151,0.09091286151,0.1397407761,75.77674095,Retain,-0.4298876247,-1.574588519,-1.144700894,0.2987754424,-0.2735750046,0.07625679818,-1.811475802,5.11511335,1,0,0.65,0.342,0.008,0
707,342,342,34.00738089,145.9604244,2.401136105,34.42864869,-2798917.31,3117201.18,762,762,33.27290182,138.9772806,2.261435559,26.2737353,-2798898.419,3117182.355,4637.425936,298718.3587,29.87183587,29.87183587,0.878392722,26.66934916,Retain,3.526577586,3.504743307,-0.02183427946,-0.04902504838,-0.05994218811,-0.2703102314,1.970245195,2.09262858,0,0.44,0.106,0.19,0.142,0.122
708,354,354,26.91022818,214.6740152,3.141472319,25.1141674,-2797432.368,3117294.598,763,763,42.45401374,186.9003037,3.435298289,0,-2797504.16,3117146.639,5106.424704,219679.2923,21.96792923,21.96792923,0.8163412471,164.4563449,Retain,3.292506444,3.74842146,0.4559150165,-0.1385453297,0.08941217854,-10.13122722,1.487547148,4.028762956,4,0.03,0.012,0.042,0.01,0.906
709,317,317,0.4140067909,705.2659409,1.280123032,134.1143277,-2800699.296,3116796.351,754,754,0.4832164165,652.4712588,1.279461712,141.4883947,-2800680.89,3116777.183,229.0534075,2678.89006,0.267889006,0.267889006,0.6470642798,26.57419678,Retain,-0.8818729022,-0.7272906583,0.1545822439,-0.07780786237,-5.167404277e-4,0.0535246805,0.6048745733,4.293279723,3,0.004,0.002,0.004,0.748,0.242
710,321,321,4.199194676,276.6432822,1.599183135,34.42839428,-2800442.829,3116927.646,755,755,4.417978665,261.6681611,1.551521355,37.15667279,-2800417.332,3116913.889,1072.288461,33652.9185,3.36529185,3.36529185,0.8014136303,28.97193717,Retain,1.434892763,1.485682276,0.05078951288,-0.05565174599,-0.03025698955,0.07625960085,1.39137715,3.221280755,4,0.182,0.006,0.006,0.324,0.482
711,324,324,28.56627421,145.0752196,2.187334006,34.42839428,-2799924.445,3117045.572,753,753,26.85302658,160.4620834,2.345654887,37.15667279,-2799916.723,3117029.857,4416.552396,242253.5267,24.22535267,24.22535267,0.8480403322,17.50985108,Retain,3.352226798,3.290378536,-0.06184826221,0.10080531,0.06988117893,0.07625960085,1.713932413,1.759072294,0,0.648,0.178,0.052,0.098,0.024
714,367,367,10.40940663,159.2517482,1.449413371,25.11405058,-2796880.649,3116910.274,781,781,19.12156391,164.8844336,2.033932002,26.2737353,-2796996.591,3116789.419,1598.751328,97190.31562,9.719031562,9.719031562,0.9336777695,167.4771533,Retain,2.342709881,2.950816699,0.608106818,0.03475855402,0.338811963,0.04514055139,2.630711337,4.521862917,4,0.028,0.008,0.004,0.018,0.942
716,466,466,38.97642384,133.6362611,2.35353347,23.55119531,-2799717.56,3116458.361,784,784,1.725772916,487.1785399,1.805406667,52.5474706,-2800190.097,3116493.427,732.1878242,10328.69803,1.032869803,1.032869803,0.02649986071,473.8356391,Retain,3.662956946,0.5456750175,-3.117281929,1.293509028,-0.2651319363,0.8025169577,-3.567743722,4.901749089,2,0,0.02,0.98,0,0
717,346,346,0.4140102216,697.7080146,1.266409943,34.42864869,-2798818.07,3116743.579,758,758,0.2761236666,761.2164685,1.128379167,37.15667279,-2798802.318,3116737.773,179.0755601,1876.822902,0.1876822902,0.1876822902,0.4533276726,16.78839616,Retain,-0.8818646157,-1.286906446,-0.4050418305,0.08711707213,-0.1154038431,0.07625221141,-0.1868584817,3.834044757,1,0.038,0.748,0.01,0.204,0
718,357,357,0.1774340727,1097.071342,1.303612298,125.57037,-2798060.864,3116707.094,766,766,0.1380618333,1141.824703,1.196826841,133.970289,-2798053.516,3116685.225,99.68377062,616.1949145,0.06161949145,0.06161949145,0.3472810521,23.06988384,Retain,-1.72915616,-1.980053627,-0.2508974665,0.03998338671,-0.08546534656,0.06475123338,-0.6296677409,4.575514406,3,0.042,0.168,0.006,0.778,0.006
719,383,383,1.478617871,394.9458395,1.354754451,50.22803941,-2796439.393,3116785.134,764,764,1.518680166,415.2089829,1.44342748,26.2737353,-2796417.379,3116768.824,545.2628751,9845.251883,0.9845251883,0.9845251883,0.6658415319,27.39777312,Retain,0.3911077805,0.417841646,0.02673386544,0.05003332629,0.063400259,-0.6479854912,0.6879489751,3.687309288,3,0.034,0.016,0.006,0.842,0.102
720,392,392,1.774344372,385.7371128,1.449457381,53.37829688,-2798919.425,3116532.508,780,780,1.656742,412.3255872,1.497141314,52.5474706,-2798887.708,3116516.635,592.4490478,11801.04521,1.180104521,1.180104521,0.6650932818,35.4676897,Retain,0.5734309866,0.5048530229,-0.06857796364,0.06665721492,0.0323682331,-0.01568697865,0.6845962263,3.854299777,3,0.13,0.052,0.01,0.798,0.01
721,427,427,2.188368833,444.7570435,1.856000817,34.42893822,-2797616.086,3116514.327,791,791,1.794803833,497.7184602,1.88099357,37.1566728,-2797596.758,3116504.341,749.4632023,13855.36425,1.385536425,1.385536425,0.6331366103,21.75563496,Retain,0.7831564411,0.5848957307,-0.1982607105,0.1125064129,0.01337605764,0.07624380255,0.5445527594,3.260705489,0,0.472,0.288,0.016,0.21,0.014
722,598,598,203.1665031,170.5303206,6.856819691,23.55105156,-2797748.871,3116106.654,806,806,0.8283709998,697.7817629,1.791542544,0,-2795910.018,3116352.425,525.2767407,3749.891911,0.3749891911,0.3749891911,0.00184572351,1855.204555,Retain,5.314025855,-0.1882941576,-5.502320013,1.408993279,-1.342166727,-10.06696821,-5.861091853,5.441102796,2,0,0,1,0,0
723,466,466,38.97642384,133.6362611,2.35353347,23.55119531,-2799717.56,3116458.361,866,866,39.96890074,135.4150195,2.41503265,52.54747059,-2799657.939,3116390.429,4301.272228,331202.3696,33.12023696,33.12023696,0.8497505338,90.38576033,Retain,3.662956946,3.68810167,0.02514472388,0.01322264144,0.02579500338,0.8025169577,1.727188373,3.24498427,4,0.25,0.07,0.164,0.078,0.438
724,598,598,203.1665031,170.5303206,6.856819691,23.55105156,-2797748.871,3116106.654,890,890,0.2070927499,1014.955291,1.302940032,52.5474706,-2796853.683,3115796.297,86.44952071,444.0163342,0.04440163342,0.04440163342,2.185480025e-4,947.4611858,Retain,5.314025855,-1.574588519,-6.888614374,1.783686728,-1.660620459,0.8025230613,-6.710876438,4.769139042,2,0,0.002,0.998,0,0
725,598,598,203.1665031,170.5303206,6.856819691,23.55105156,-2797748.871,3116106.654,918,918,154.6982842,161.0069639,5.649141812,0,-2797576.755,3116207.04,25943.84309,1335958.645,133.5958645,133.5958645,0.6575683611,199.251152,Retain,5.314025855,5.041476666,-0.2725491886,-0.0574654962,-0.1937400905,-10.06696821,0.6510802509,3.209923134,2,0.034,0.012,0.938,0.006,0.01
726,434,434,0.4140173986,705.2566466,1.280122562,23.55105156,-2799219.323,3116272.314,817,817,0.4832164165,652.4712589,1.279461712,26.2737353,-2799187.04,3116259.215,160.8208203,1593.071631,0.1593071631,0.1593071631,0.38478374,34.8392127,Retain,-0.8818472805,-0.7272906584,0.1545566221,-0.07779468378,-5.163727741e-4,0.1093949106,-0.4683210199,4.56406084,3,0,0.006,0.022,0.81,0.162
729,533,533,0.9463476331,510.9432826,1.402145595,25.11331967,-2797118.44,3115828.09,896,896,0.9664328331,434.9808392,1.20628807,26.27373529,-2797079.512,3115808.809,329.8095997,4419.033799,0.4419033799,0.4419033799,0.4669567127,43.44212455,Retain,-0.05514530054,-0.03414347776,0.02100182277,-0.1609566088,-0.1504556974,0.04516965379,-0.1321011006,4.371390194,3,0.008,0.054,0.074,0.786,0.078
730,558,558,4.672602429,294.2939879,1.794551281,55.4743761,-2796075.917,3115856.543,891,891,2.968329416,336.3514629,1.634723993,52.54747059,-2796083.597,3115837.439,965.0219179,25400.70264,2.540070264,2.540070264,0.5436093275,20.58981227,Retain,1.541716182,1.087999308,-0.4537168735,0.1335774072,-0.09328102953,-0.0542032554,0.1745308184,2.826351822,1,0.234,0.376,0.35,0.034,0.006
731,614,614,20.58306807,203.0298882,2.598424477,0,-2799582.355,3115612.389,937,937,0.1380618333,1141.824703,1.196826841,52.5474706,-2799603.667,3115450.36,127.0762237,977.7205707,0.09777205707,0.09777205707,0.004750120668,163.4249001,Retain,3.0244688,-1.980053627,-5.004522427,1.727029678,-0.7752315356,10.86949127,-5.154777269,4.15649022,2,0,0,1,0,0
733,598,598,203.1665031,170.5303206,6.856819691,23.55105156,-2797748.871,3116106.654,969,969,68.68576206,214.2116696,5.008083423,26.2737353,-2798882.182,3115605.164,9674.182844,331143.419,33.1143419,33.1143419,0.1629911496,1239.309217,Retain,5.314025855,4.22954193,-1.084483925,0.2280515219,-0.3141904407,0.1093949105,-1.631216201,5.037662242,2,0,0.05,0.946,0,0.004
734,594,594,1.301244481,521.1902802,1.677145828,141.3130767,-2796822.257,3115540.764,934,934,0.5522473332,666.06441,1.396297981,237.9187921,-2796772.672,3115489.77,302.4933448,3646.072631,0.3646072631,0.3646072631,0.2801988929,71.12689083,Retain,0.2633210999,-0.5937592657,-0.8570803656,0.2452711814,-0.1832690014,0.5209487017,-0.9413010191,4.705183929,1,0.012,0.52,0.448,0.02,0
736,637,637,0.5323334711,642.8682555,1.323149558,70.65920945,-2797672.388,3115167.876,966,966,0.8974019164,468.4409038,1.251824291,200.0948067,-2797671.537,3115164.38,335.7230474,5220.019824,0.5220019824,0.5220019824,0.9805920738,3.597697113,Retain,-0.6304851606,-0.1082514499,0.5222337107,-0.3165298584,-0.05541300305,1.040913679,3.873252454,2.16817939,4,0.032,0,0,0.058,0.91
737,696,696,1.00553106,430.9338852,1.218999305,128.0294887,-2797452.713,3114853.208,985,985,0.9664328331,434.9808392,1.20628807,205.2044326,-2797424.824,3114836.68,337.2270774,5338.398377,0.5338398377,0.5338398377,0.5309033793,32.41861701,Retain,0.005515819892,-0.03414347772,-0.03965929761,0.00934730244,-0.01048234637,0.4717431589,0.1235236053,4.048370736,3,0.01,0.032,0.01,0.942,0.006
