OBJECTID,FID_RasterT_Raster19,ID_1996,Area_1996,ED_1996,SHAPE_1996,ENN_1996,POINT_X_1996,POINT_Y_1996,FID_krunghtep_2007_Project,ID_2007,AREA_2007,ED_2007,SHAPE_2007,ENN_2007,POINT_X_2007,POINT_Y_2007,Shape_Length,Shape_Area,OVERLAP_96_07,MAX_OVERLAP_96_07,RETENTION_96_07,CENTROID_96_07,EVENT TYPE,log_area_parent,log_area_child,log_change_area,log_change_ED,log_change_shape_index,log_change_ENN,logit_retention_ratio,log_centroid_shift,Predicted_Typology,Prob_0,Prob_1,Prob_2,Prob_3,Prob_4
1,333,333,0.5588847596,655.3065176,1.381976598,0,-2720781.665,3119579.376,1035,1035,0.4140733194,705.2048886,1.280115058,0,-2720804.882,3119577.986,244.3344,2591.01764,0.259101764,0.259101764,0.4636049911,23.25906096,Retain,-0.5818119817,-0.8817122207,-0.2999002391,0.07338529069,-0.07656482883,0,-0.1455458455,4.010008702,1,0.058,0.5,0.012,0.43,0
4,352,352,20.39929372,215.4432387,2.744956729,0,-2720500.295,3119481.126,1039,1039,1.183070048,459.073807,1.408584198,23.55707838,-2720243.718,3119529.717,552.5138765,9906.375361,0.9906375361,0.9906375361,0.04856234483,261.1376982,Retain,3.015500279,0.1681127956,-2.847387483,0.7565135155,-0.6671802262,10.06722407,-2.955793282,4.629666481,2,0,0.012,0.988,0,0
5,338,338,0.7451796795,573.3932029,1.396297981,0,-2720025.022,3119508.162,1040,1040,0.1774607787,1096.983409,1.303605904,25.11089814,-2720078.353,3119531.348,90.77339101,478.3917227,0.04783917227,0.04783917227,0.0641981707,58.1531639,Retain,-0.2941299091,-1.729005659,-1.43487575,0.6487476366,-0.0686902386,10.13109704,-2.665040353,4.78252738,1,0,0.782,0.212,0.006,0
7,352,352,20.39929372,215.4432387,2.744956729,0,-2720500.295,3119481.126,1044,1044,0.5323839714,636.9865989,1.311106135,25.11084999,-2720915.918,3119404.039,317.6624701,3654.668806,0.3654668806,0.3654668806,0.01791566343,422.7115699,Retain,3.015500279,-0.6303902992,-3.645890578,1.084051136,-0.7388941527,10.13109512,-3.95070458,5.111307248,2,0,0,1,0,0
8,352,352,20.39929372,215.4432387,2.744956729,0,-2720500.295,3119481.126,1055,1055,8.57725761,307.1235379,2.537361798,0,-2720598.111,3119621.366,2424.544873,72255.56341,7.225556341,7.225556341,0.3542062014,170.9829923,Retain,3.015500279,2.149114237,-0.8663860423,0.3545525889,-0.07864043226,0,-0.59932907,4.206184744,2,0.024,0.276,0.698,0.002,0
9,352,352,20.39929372,215.4432387,2.744956729,0,-2720500.295,3119481.126,1057,1057,2.129546112,551.406545,2.2699197780000002,23.55707838,-2720272.254,3119360.304,984.8385482,12062.17411,1.206217411,1.206217411,0.05913035164,258.0706184,Retain,3.015500279,0.7559088638,-2.259591415,0.939774887,-0.1900208205,10.06722407,-2.751352154,4.617851941,2,0.004,0.036,0.96,0,0
10,352,352,20.39929372,215.4432387,2.744956729,0,-2720500.295,3119481.126,1062,1062,0.1774623473,1079.470736,1.282800298,75.00027823,-2720073.472,3119279.562,60.32301473,125.6624415,0.01256624415,0.01256624415,6.160136876e-4,472.0228681,Retain,3.015500279,-1.728996821,-4.7444971,1.61152866,-0.7607198901,11.22526044,-6.428176761,5.221644356,2,0,0,1,0,0
11,355,355,0.1862949198,982.9597765,1.196826841,30.5200688,-2719097.974,3119264.001,1069,1069,0.1183087943,1247.223884,1.21017451,75.33192769,-2719125.189,3119242.987,69.37743758,192.9346505,0.01929346505,0.01929346505,0.1035640965,34.38326866,Retain,-1.680424271,-2.134457172,-0.4540329012,0.2381072674,0.01109081685,0.9035001005,-2.149741455,4.950176232,1,0.066,0.55,0.038,0.344,0.002
12,373,373,6.706617115,327.6532588,2.393653682,122.0802752,-2717944.57,3119162.268,1073,1073,0.4732366741,941.9785554,1.827996167,0,-2718056.868,3119275.825,358.4611442,2813.415153,0.2813415153,0.2813415153,0.04194984006,159.7066611,Retain,1.903094668,-0.7481596475,-2.651254316,1.056026598,-0.2696005599,-11.71244229,-3.105910453,4.6941626339999996,2,0,0.018,0.982,0,0
14,373,373,6.706617115,327.6532588,2.393653682,122.0802752,-2717944.57,3119162.268,1078,1078,0.5323922617,648.6501243,1.335123502,0,-2717872.031,3119243.128,345.3363067,5323.922617,0.5323922617,0.5323922617,0.0793831305,108.6292092,Retain,1.903094668,-0.6303747274,-2.533469395,0.6829375602,-0.5837971376,-11.71244229,-2.43932526,4.308767147,2,0,0.004,0.996,0,0
15,373,373,6.706617115,327.6532588,2.393653682,122.0802752,-2717944.57,3119162.268,1090,1090,2.366198247,435.2118974,1.888519143,23.55792889,-2718103.22,3119133.514,746.6626954,12506.37018,1.250637018,1.250637018,0.1864780703,161.2341306,Retain,1.903094668,0.8612845519,-1.041810116,0.2838771215,-0.2370279366,-1.645182118,-1.468939472,4.703681347,2,0.002,0.024,0.97,0.002,0.002
16,377,377,0.1862949199,982.9597764,1.196826841,122.0802752,-2718548.613,3118958.801,1096,1096,0.3549309773,689.9777681,1.159583743,75.33127251,-2718585.045,3118970.276,116.363209,831.9741415,0.08319741415,0.08319741415,0.4465898169,38.19638642,Retain,-1.68042427,-1.035831939,0.6445923318,-0.3539088233,-0.03161265734,-0.4827783841,-0.2140275896,5.055344173,4,0,0.006,0.012,0.296,0.686
17,373,373,6.706617115,327.6532588,2.393653682,122.0802752,-2717944.57,3119162.268,1098,1098,0.4140861266,932.7595507,1.693207224,23.55792889,-2717861.113,3119051.155,310.0913057,1585.408192,0.1585408192,0.1585408192,0.02363946182,138.9652846,Retain,1.903094668,-0.8816812914,-2.78477596,1.04619154,-0.3461964399,-1.645182118,-3.680506313,4.555048956,2,0,0.032,0.968,0,0
18,373,373,6.706617115,327.6532588,2.393653682,122.0802752,-2717944.57,3119162.268,1099,1099,0.2366215928,822.7232796,1.128953465,25.11034523,-2717790.922,3118967.68,134.9355624,861.4990537,0.08614990537,0.08614990537,0.01284550823,247.9355079,Retain,1.903094668,-1.441293069,-3.344387737,0.9206639989,-0.7515298696,-1.581367268,-4.267878189,5.133990306,2,0,0.01,0.99,0,0
19,391,391,9.873630753,296.742574,2.630348958,30.5200688,-2721528.639,3119041.147,1061,1061,0.236616954,822.7320087,1.128954377,23.55745451,-2721385.911,3119154.69,152.7456,1308.686263,0.1308686263,0.1308686263,0.01325435694,182.3815697,Retain,2.289867643,-1.441312673,-3.731180316,1.019765511,-0.8458246467,-0.2589324667,-4.238362608,4.633537634,2,0,0.002,0.998,0,0
20,391,391,9.873630753,296.742574,2.630348958,30.5200688,-2721528.639,3119041.147,1070,1070,1.71547696,516.0930128,1.906845438,23.55745451,-2721289.92,3119074.496,878.7106078,12860.4387,1.28604387,1.28604387,0.1302503509,241.0372196,Retain,2.289867643,0.5396911525,-1.750176491,0.5534219978,-0.3216662476,-0.2589324667,-1.892247932,4.91238663,2,0,0.012,0.988,0,0
21,381,381,8.849008693,220.734827,1.852308157,30.5200688,-2718835.02,3119148.025,1080,1080,4.732363039,227.5633726,1.396485583,75.33192769,-2718842.142,3119230.407,1049.174344,44130.58737,4.413058737,4.413058737,0.4987065659,82.68955983,Retain,2.180305441,1.554424663,-0.6258807776,0.03046665721,-0.2824737316,0.9035001005,-0.005163421016,3.897317669,2,0.052,0.24,0.674,0.014,0.02
22,391,391,9.873630753,296.742574,2.630348958,30.5200688,-2721528.639,3119041.147,1089,1089,5.974604415,266.9936797,1.840986596,47.11432841,-2721654.411,3119014.149,1419.893016,45990.59241,4.599059241,4.599059241,0.4657921039,128.6375611,Retain,2.289867643,1.787517889,-0.5023497543,-0.1056400223,-0.3568148995,0.4341811666,-0.1367712774,4.284437742,2,0.028,0.226,0.708,0.022,0.016
23,381,381,8.849008693,220.734827,1.852308157,30.5200688,-2718835.02,3119148.025,1095,1095,1.123947864,522.378051,1.562259131,25.11032277,-2718887.546,3118970.994,615.9229893,10037.80192,1.003780192,1.003780192,0.1134341966,184.6589453,Retain,2.180305441,0.116847366,-2.063458075,0.8614294582,-0.1702995792,-0.1950983745,-2.048482708,4.700728222,2,0.004,0.012,0.982,0.002,0
24,397,397,0.7451796793,491.4798883,1.196826841,30.5200688,-2718384.568,3118779.495,1109,1109,0.4140895573,826.4692328,1.500268179,34.43138839,-2718410.619,3118784.303,283.9933127,2782.073282,0.2782073282,0.2782073282,0.3733426125,26.49125074,Retain,-0.2941299093,-0.8816730065,-0.5875430971,0.5197416711,0.2259701225,0.120580419,-0.5168230021,3.996282163,1,0.018,0.89,0.026,0.064,0.002
25,403,403,3.260161098,299.5686938,1.525847126,0,-2718570.849,3118725.976,1112,1112,2.543695982,366.5776559,1.649277217,34.43138839,-2718627.977,3118754.047,820.1973144,19070.69989,1.907069989,1.907069989,0.5849618874,63.65157846,Retain,1.181776611,0.9336181345,-0.2481584761,0.2018666314,0.07778739335,10.44675292,0.3424778762,4.134916472,1,0.238,0.52,0.114,0.112,0.016
27,405,405,0.5588847597,655.3065176,1.381976598,0,-2717897.518,3118648.513,1125,1125,0.5324050331,737.1322537,1.517265416,23.55863489,-2717889.686,3118634.713,319.3607757,3264.201838,0.3264201838,0.3264201838,0.5840563339,15.86768821,Retain,-0.5818119815,-0.6303507389,-0.04853875735,0.1176642329,0.09339485417,10.06729014,0.3387570203,3.627618806,3,0.072,0.088,0.008,0.81,0.022
29,427,427,10.89825281,280.0455204,2.607967273,30.52006879,-2718071.9,3118670.295,1117,1117,0.8873355813,654.6797158,1.739674115,23.55863489,-2717882.895,3118796.613,458.3351036,4860.860888,0.4860860888,0.4860860888,0.04460220341,227.3306934,Retain,2.388602484,-0.1195320353,-2.508134519,0.8491939699,-0.4048732897,-0.2588823638,-3.043217896,4.804473857,2,0,0.01,0.99,0,0
30,419,419,0.4657372996,655.3065177,1.261566261,68.24494851,-2718692.058,3118543.728,1130,1130,0.4732488845,617.0383258,1.197435164,94.2343468,-2718728.194,3118547.114,209.0974345,2248.738292,0.22487382920000001,0.22487382920000001,0.4828340555,36.29498016,Retain,-0.7641335386,-0.7481338459,0.01599969267,-0.0601719538,-0.05217210746,0.3226772729,-0.06855355973,4.546138708,3,0.01,0.016,0.01,0.94,0.024
31,427,427,10.89825281,280.0455204,2.607967273,30.52006879,-2718071.9,3118670.295,1140,1140,8.57760783,255.5075225,2.110968983,50.21985379,-2718143.353,3118685.161,2127.548137,66779.02205,6.677902205,6.677902205,0.6127497977,72.98279625,Retain,2.388602484,2.149155067,-0.2394474169,-0.09170031104,-0.2114240195,0.4980131294,0.4579373663,3.668301148,2,0.09,0.06,0.772,0.056,0.022
33,470,470,258.1116115,155.6086931,7.052331109,0,-2720488.268,3118487.331,1146,1146,0.5915684298,817.4703553,1.773656745,53.39169698,-2717851.146,3118255.404,177.1620427,1878.236088,0.1878236088,0.1878236088,7.27683686e-4,2647.301071,Retain,5.553392094,-0.5249779137,-6.078370008,1.658870161,-1.380314843,10.88542925,-6.361245957,5.67696521,2,0,0,1,0,0
34,470,470,258.1116115,155.6086931,7.052331109,0,-2720488.268,3118487.331,1148,1148,53.24117473,199.0346698,4.096826908,0,-2718816.936,3118217.079,11723.48773,479339.7936,47.93397936,47.93397936,0.1857102789,1693.040513,Retain,5.553392094,3.974832058,-1.578560036,0.2461345511,-0.5431454669,0,-1.473985431,5.229950798,2,0,0.008,0.992,0,0
35,470,470,258.1116115,155.6086931,7.052331109,0,-2720488.268,3118487.331,1122,1122,12.54100603,267.6485088,2.673782548,0,-2721469.226,3118500.391,3501.897912,112700.9727,11.27009727,11.27009727,0.04366365854,981.0447676,Retain,5.553392094,2.529003758,-3.024388336,0.5423301067,-0.9698640613,0,-3.064994621,4.684288008,2,0,0.012,0.988,0,0
36,259,259,0.8383271394,582.4946823,1.504505556,195.4237922,-2725563.142,3120437.329,895,895,0.414053011,712.746183,1.293772578,225.5520264,-2725637.844,3120465.063,143.1782535,1128.978049,0.1128978049,0.1128978049,0.1346703448,79.68429528,Retain,-0.1763468736,-0.8817612676,-0.705414394,0.2018053162,-0.1509018808,0.1433796708,-1.854037492,5.038623448,1,0,0.682,0.268,0.05,0
37,260,260,0.8383271394,509.682847,1.316442362,96.51293173,-2725088.386,3120406.808,914,914,0.1183015733,1220.975065,1.184669269,25.11193906,-2725132.608,3120368.491,78.37013582,352.2323056,0.03522323055,0.03522323055,0.0420160924,58.51346763,Retain,-0.1763468736,-2.134518209,-1.958171335,0.8736163882,-0.1054692794,-1.346304155,-3.104300007,4.729812413,2,0.002,0.44,0.552,0.006,0
38,286,286,3.353308557,455.0739706,2.350789931,30.52006879,-2725897.168,3120154.17,930,930,1.005566234,530.8238498,1.501588163,117.776025,-2725902.103,3120213.783,478.8931286,6942.59416,0.694259416,0.694259416,0.2070371408,59.81654062,Retain,1.209947488,0.005550799659,-1.204396688,0.1539702549,-0.4482280891,1.350375993,-1.339320058,4.058690138,2,0.004,0.208,0.784,0.004,0
39,282,282,0.4657372996,786.3678212,1.513879513,0,-2724515.287,3120118.563,951,951,0.2366055572,822.753437,1.128956592,25.11169683,-2724518.346,3120114.126,200.0259,1566.515843,0.1566515843,0.1566515843,0.3363518114,5.389537994,Retain,-0.7641335386,-1.44136084,-0.6772273014,0.04523191639,-0.2933817343,10.13112885,-0.6781315246,2.639076906,1,0.07,0.612,0.21,0.106,0.002
41,470,470,258.1116115,155.6086931,7.052331109,0,-2720488.268,3118487.331,1059,1059,1.360546033,581.4695371,1.913280545,50.22142016,-2719757.784,3119329.362,759.0963463,12016.18077,1.201618077,1.201618077,0.004655420462,1114.730052,Retain,5.553392094,0.307886114,-5.24550598,1.318214105,-1.304538885,10.82421682,-5.171478702,4.812037342,2,0,0,1,0,0
42,470,470,258.1116115,155.6086931,7.052331109,0,-2720488.268,3118487.331,1063,1063,0.2366169234,1034.980444,1.420201978,50.22142016,-2719520.042,3119291.75,241.2800626,2155.155469,0.2155155469,0.2155155469,8.349703669e-4,1258.78907,Retain,5.553392094,-1.441312803,-6.994704897,1.894793332,-1.602559116,10.82421682,-6.300891962,4.933575173,2,0,0,1,0,0
43,470,470,258.1116115,155.6086931,7.052331109,0,-2720488.268,3118487.331,1067,1067,0.177463333,1114.477749,1.324404925,94.22950918,-2719915.279,3119198.606,196.5489055,1765.041682,0.1765041682,0.1765041682,6.838288567e-4,913.36059,Retain,5.553392094,-1.728991266,-7.28238336,1.968796709,-1.672394971,11.45349928,-6.387001119,4.612800744,2,0,0,1,0,0
44,470,470,258.1116115,155.6086931,7.052331109,0,-2720488.268,3118487.331,1072,1072,0.1183092146,1247.219988,1.21017288,70.67316175,-2719544.434,3119135.959,120.190934,859.718346,0.0859718346,0.0859718346,3.330800738e-4,1145.225059,Retain,5.553392094,-2.134453619,-7.687845713,2.081327866,-1.762594991,11.16583532,-6.620929867,4.839026224,2,0,0.006,0.994,0,0
47,470,470,258.1116115,155.6086931,7.052331109,0,-2720488.268,3118487.331,1077,1077,0.1183096966,1220.96534,1.184700507,0,-2719731.058,3119108.068,144.452039,1183.096966,0.1183096966,0.1183096966,4.583664252e-4,979.1218546,Retain,5.553392094,-2.134449545,-7.687841639,2.060052609,-1.78386821,0,-6.530979844,4.682326021,2,0,0.008,0.992,0,0
48,470,470,258.1116115,155.6086931,7.052331109,0,-2720488.268,3118487.331,1079,1079,0.1774646729,1114.468216,1.324398596,120.4362069,-2722327.864,3118825.247,133.0496372,1011.179934,0.1011179934,0.1011179934,3.917607303e-4,1870.374349,Retain,5.553392094,-1.728983716,-7.28237581,1.968788156,-1.672399749,11.69888379,-6.577793675,5.329563307,2,0,0,1,0,0
50,470,470,258.1116115,155.6086931,7.052331109,0,-2720488.268,3118487.331,1082,1082,0.1183095058,1247.216149,1.210170644,0,-2719561.368,3119039.921,148.8698655,693.5733594,0.06935733595,0.06935733595,2.687106386e-4,1079.119235,Retain,5.553392094,-2.134451157,-7.687843251,2.081324787,-1.762596839,0,-6.670485162,4.779570287,2,0,0.008,0.992,0,0
51,470,470,258.1116115,155.6086931,7.052331109,0,-2720488.268,3118487.331,1084,1084,0.414083904,705.1949049,1.280113296,0,-2722032.775,3118827.034,220.9794986,772.0708992,0.07720708992,0.07720708992,2.991228852e-4,1581.424052,Retain,5.553392094,-0.881686659,-6.435078753,1.511129747,-1.70640963,0,-6.646766578,5.161750547,2,0,0,1,0,0
52,470,470,258.1116115,155.6086931,7.052331109,0,-2720488.268,3118487.331,1085,1085,0.1774649623,1114.465847,1.324396861,0,-2721948.552,3118810.647,197.7786396,1774.649623,0.1774649623,0.1774649623,6.875512547e-4,1495.647679,Retain,5.553392094,-1.728982085,-7.282374179,1.96878603,-1.672401059,0,-6.384789162,5.105984187,2,0,0,1,0,0
53,470,470,258.1116115,155.6086931,7.052331109,0,-2720488.268,3118487.331,1087,1087,0.4732393167,610.4835174,1.184702814,50.22092136,-2720133.749,3118955.166,230.047126,2598.090818,0.2598090818,0.2598090818,0.001006576497,586.9865684,Retain,5.553392094,-0.7481540635,-6.301546157,1.366906816,-1.783866263,10.82420689,-6.211318668,4.170672537,2,0,0,1,0,0
54,470,470,258.1116115,155.6086931,7.052331109,0,-2720488.268,3118487.331,1092,1092,1.656339813,354.4716616,1.286919287,23.55805305,-2719971.458,3118931.141,587.1255257,16563.39813,1.656339813,1.656339813,0.006417145683,681.218972,Retain,5.553392094,0.5046102361,-5.048781858,0.8232839252,-1.701107004,10.06726544,-4.898529103,4.319554163,2,0,0,1,0,0
55,470,470,258.1116115,155.6086931,7.052331109,0,-2720488.268,3118487.331,1103,1103,0.1183109449,1247.201938,1.210164215,47.11633998,-2719334.955,3118752.027,148.2756515,794.0169266,0.07940169266,0.07940169266,3.076254191e-4,1183.297913,Retain,5.553392094,-2.134438994,-7.687831088,2.081313393,-1.762602151,10.76039636,-6.640234579,4.871730402,2,0,0.006,0.994,0,0
58,470,470,258.1116115,155.6086931,7.052331109,0,-2720488.268,3118487.331,1106,1106,7.157799968,322.3893709,2.433131389,25.11029242,-2719279.845,3118836.501,2076.139214,57787.24325,5.778724325,5.778724325,0.02238847099,1257.857682,Retain,5.553392094,1.968202667,-3.585189427,0.7284155628,-1.064179151,10.13107292,-3.733891552,4.932834991,2,0,0.004,0.996,0,0
59,470,470,258.1116115,155.6086931,7.052331109,0,-2720488.268,3118487.331,1107,1107,0.473244648,716.6025432,1.390644968,47.11694986,-2720089.214,3118657.524,233.342639,2990.156355,0.2990156355,0.2990156355,0.001158474172,433.8314416,Retain,5.553392094,-0.748142798,-6.301534892,1.527176875,-1.623590571,10.76040931,-6.138195222,3.868327276,2,0,0.002,0.998,0,0
60,470,470,258.1116115,155.6086931,7.052331109,0,-2720488.268,3118487.331,1108,1108,7.453569017,260.765788,2.008296441,23.55805305,-2719771.166,3118816.556,1854.774497,69984.07503,6.998407503,6.998407503,0.02711388094,789.0652947,Retain,5.553392094,2.00869298,-3.544699114,0.5162781619,-1.256071395,10.06726544,-3.545030938,4.466519237,2,0,0,1,0,0
61,470,470,258.1116115,155.6086931,7.052331109,0,-2720488.268,3118487.331,1113,1113,0.2366230149,822.7205262,1.128953079,47.11720576,-2720474.649,3118523.834,132.5385447,801.316348,0.0801316348,0.0801316348,3.104534288e-4,38.96059664,Retain,5.553392094,-1.441287059,-6.994679152,1.665272085,-1.832067491,10.76041474,-6.638071382,1.458245355,2,0,0.006,0.992,0.002,0
62,470,470,258.1116115,155.6086931,7.052331109,0,-2720488.268,3118487.331,1114,1114,0.2366232497,822.7201275,1.128953092,0,-2718973.594,3118653.086,193.7127931,2154.403312,0.2154403312,0.2154403312,8.34678959e-4,1523.716101,Retain,5.553392094,-1.441286066,-6.99467816,1.665271601,-1.83206748,0,-6.301051074,5.124576986,2,0,0,1,0,0
63,470,470,258.1116115,155.6086931,7.052331109,0,-2720488.268,3118487.331,1115,1115,1.833823382,530.7884928,2.027660869,0,-2718902.478,3118762.58,988.9794479,15379.69321,1.537969321,1.537969321,0.005958543717,1609.500595,Retain,5.553392094,0.6064030669,-4.946989027,1.227019145,-1.2464753690000001,0,-4.962814185,5.179348738,2,0,0.008,0.992,0,0
65,470,470,258.1116115,155.6086931,7.052331109,0,-2720488.268,3118487.331,1119,1119,29.93256467,157.5603609,2.431722425,23.55852809,-2722799.578,3118569.486,4810.017991,281929.1315,28.19291315,28.19291315,0.109227605,2312.770246,Retain,5.553392094,3.398947007,-2.154445087,0.01246415044,-1.064758393,10.06728561,-2.090663573,5.541870654,2,0.002,0.03,0.948,0.008,0.012
66,470,470,258.1116115,155.6086931,7.052331109,0,-2720488.268,3118487.331,1120,1120,0.1183122842,1247.189281,1.210158783,47.11720576,-2720467.573,3118441.683,8.629783317,0.7343602982,7.343602982e-5,7.343602982e-5,2.845126936e-7,50.11969522,Retain,5.553392094,-2.134427674,-7.687819768,2.081303245,-1.762606639,10.76041474,-6.908470023,1.710102897,2,0,0.014,0.984,0.002,0
70,470,470,258.1116115,155.6086931,7.052331109,0,-2720488.268,3118487.331,1126,1126,14.4931294,246.5293004,2.647553203,23.55790025,-2722105.737,3118560.716,3929.725895,123625.5282,12.36255282,12.36255282,0.0478961514,1619.133437,Retain,5.553392094,2.673674703,-2.879717391,0.4601363737,-0.9797223219,10.06725896,-2.970025178,5.185315883,2,0,0.012,0.988,0,0
71,470,470,258.1116115,155.6086931,7.052331109,0,-2720488.268,3118487.331,1127,1127,0.2366246734,822.7174376,1.128952798,0,-2721087.954,3118329.128,194.9460172,1994.732238,0.1994732238,0.1994732238,7.728177071e-4,620.2035025,Retain,5.553392094,-1.44128005,-6.994672144,1.665268331,-1.832067741,0,-6.33541223,4.225718162,2,0,0,1,0,0
73,470,470,258.1116115,155.6086931,7.052331109,0,-2720488.268,3118487.331,1129,1129,0.1774688873,1114.437083,1.324377324,0,-2719048.022,3118492.981,164.0581306,775.9580601,0.07759580601,0.07759580601,3.006288852e-4,1440.256867,Retain,5.553392094,-1.728959968,-7.282352062,1.96876022,-1.672415811,0,-6.6456065,5.068246347,2,0,0,1,0,0
74,470,470,258.1116115,155.6086931,7.052331109,0,-2720488.268,3118487.331,1131,1131,0.4732493068,822.7171238,1.596579681,25.11002388,-2718936.453,3118514.408,240.2768299,2355.384066,0.2355384066,0.2355384066,9.125447912e-4,1552.050522,Retain,5.553392094,-0.7481329537,-6.301525048,1.66526795,-1.485494574,10.13106223,-6.259408024,5.143001793,2,0,0,1,0,0
76,470,470,258.1116115,155.6086931,7.052331109,0,-2720488.268,3118487.331,1137,1137,0.7098757442,614.8518061,1.461358229,23.55900849,-2720336.548,3118334.738,438.5322026,6978.200773,0.6978200773,0.6978200773,0.002703559415,215.1824034,Retain,5.553392094,-0.3426653325,-5.896057426,1.374036795,-1.573991919,10.067306,-5.596755906,3.1671596,2,0,0,1,0,0
77,470,470,258.1116115,155.6086931,7.052331109,0,-2720488.268,3118487.331,1142,1142,0.2957831998,827.9571599,1.27025141,103.2948563,-2721137.504,3118114.408,190.860342,1680.692225,0.1680692225,0.1680692225,6.511494061e-4,748.7184383,Retain,5.553392094,-1.218128526,-6.77152062,1.671616935,-1.714143375,11.54535254,-6.406632414,4.414033228,2,0,0,1,0,0
78,470,470,258.1116115,155.6086931,7.052331109,0,-2720488.268,3118487.331,1144,1144,13.96092576,300.9139684,3.171717695,23.55900849,-2720310.581,3118194.357,4191.001121,122047.2405,12.20472405,12.20472405,0.0472846765,342.6462081,Retain,5.553392094,2.636262411,-2.917129683,0.6594799263,-0.7990849154,10.067306,-2.98325097,3.632370266,2,0,0.03,0.97,0,0
80,470,470,258.1116115,155.6086931,7.052331109,0,-2720488.268,3118487.331,1147,1147,0.1183137964,1247.171834,1.210149588,141.3555496,-2719478.51,3118077.579,147.5576344,1183.137964,0.1183137964,0.1183137964,4.583823087e-4,1089.728168,Retain,5.553392094,-2.134414893,-7.687806987,2.081289256,-1.762614238,11.8590407,-6.530968936,4.78935337,2,0,0.006,0.994,0,0
81,309,309,0.5588847596,546.0887647,1.151647165,0,-2722684.083,3119737.063,1001,1001,0.5323728256,831.508594,1.711471809,47.11255563,-2722643.632,3119759.566,247.8033271,1880.732686,0.1880732686,0.1880732686,0.3365152929,46.28811695,Retain,-0.5818119816,-0.630411235,-0.04859925338,0.4204600989,0.3961604722,10.76031604,-0.677401042,4.698177812,3,0.048,0.318,0.048,0.48,0.106
82,310,310,1.397211899,480.5581129,1.602404365,61.04013759,-2722260.871,3119727.907,1004,1004,0.1774577832,1114.518222,1.324432312,50.22239558,-2722381.736,3119742.733,86.16990739,458.994594,0.0458994594,0.0458994594,0.03285075043,121.77153,Retain,0.3344787502,-1.72902254,-2.06350129,0.8412293394,-0.1905213056,-0.1950670581,-3.35342509,5.207280364,2,0,0.222,0.774,0.004,0
83,310,310,1.397211899,480.5581129,1.602404365,61.04013759,-2722260.871,3119727.907,1014,1014,0.7689876761,898.1615763,2.221821831,50.22239558,-2722156.161,3119734.893,432.7381458,3529.342849,0.3529342849,0.3529342849,0.2525989688,104.9430231,Retain,0.3344787502,-0.2626803355,-0.5971590857,0.6254018175,0.3268222747,-0.1950670581,-1.082184816,5.058552662,1,0.04,0.538,0.32,0.062,0.04
87,130,130,2.328686498,366.9716499,1.579730834,86.32379043,-2728431.622,3122936.176,420,420,3.430376091,464.9571529,2.429287243,34.42861715,-2728527.507,3122652.688,597.156375,9457.320702,0.9457320702,0.9457320702,0.4061225377,299.2651228,Retain,0.845304374,1.232669903,0.3873655286,0.2366606603,0.4303434246,-0.9191996579,-0.3792412229,5.851045976,4,0.018,0.09,0.226,0.078,0.588
88,332,332,2.608128878,444.6722798,2.025814377,0,-2722564.182,3119647.682,1010,1010,0.1183056418,1247.257081,1.210190597,23.55632763,-2722665.403,3119670.996,89.55092157,458.2832274,0.04582832274,0.04582832274,0.01757134133,103.8710107,Retain,0.9586330592,-2.134483818,-3.093116877,1.031364523,-0.515193916,10.0671922,-3.969425493,4.736207888,2,0,0.158,0.842,0,0
89,332,332,2.608128878,444.6722798,2.025814377,0,-2722564.182,3119647.682,1022,1022,1.005601114,530.8158316,1.501591524,34.4307569,-2722550.452,3119601.628,613.9439212,7639.707093,0.7639707093,0.7639707093,0.2929190792,48.05749298,Retain,0.9586330592,0.005585486172,-0.9530475731,0.177077567,-0.2994462196,10.44673458,-0.8792538936,3.965467286,2,0.002,0.242,0.748,0.008,0
90,336,336,4.005340777,289.5540427,1.634723993,30.52006879,-2721921.791,3119573.461,1026,1026,1.419675124,378.1842703,1.271138918,120.6385055,-2721864.144,3119598.189,651.5338802,10170.37918,1.017037918,1.017037918,0.2539204464,62.72630064,Retain,1.387628665,0.3504280597,-1.037200605,0.2670396089,-0.2515606936,1.3743895800000001,-1.075220155,4.01734738,2,0.002,0.152,0.846,0,0
91,346,346,1.862949199,393.1839106,1.513879513,91.56020639,-2721539.58,3119407.446,1047,1047,2.129531178,504.2427061,2.075757875,47.11432841,-2721573.195,3119402.582,761.3650527,12164.97517,1.216497517,1.216497517,0.6529955396,33.96517346,Retain,0.6221608226,0.7559018511,0.1337410285,0.2487802435,0.3156507578,-0.6644092789,0.6308852342,3.786649663,4,0.114,0.03,0.02,0.396,0.44
92,390,390,4.284783157,327.6532588,1.913259964,30.52006879,-2721872.647,3119090.17,1066,1066,2.188702756,398.8292169,1.664467908,55.47200382,-2721918.077,3119152.609,732.0390399,16642.34629,1.664234629,1.664234629,0.3884057998,77.21721962,Retain,1.455069946,0.7833090192,-0.6717609264,0.196577386,-0.1393030772,0.5974792596,-0.45308074,4.191465405,2,0.034,0.344,0.616,0.006,0
94,182,182,42.94097903,162.0497679,2.99556986,30.52006879,-2728150.286,3122014.581,461,461,0.414017558,705.2558966,1.280121447,23.55076756,-2728515.73,3122475.951,245.4209867,2141.525521,0.2141525521,0.2141525521,0.004987137159,588.5670063,Retain,3.759826592,-0.8818468954,-4.641673487,1.470657214,-0.8501795302,-0.2592163522,-5.114146811,5.070144126,2,0,0,1,0,0
95,144,144,0.1862949198,982.9597765,1.196826841,272.979794,-2727552.034,3122499.129,464,464,0.2365817328,1035.103669,1.420265443,211.590665,-2727611.946,3122518.545,52.05189078,156.636265,0.0156636265,0.0156636265,0.08407972969,62.97974829,Retain,-1.68042427,-1.441461537,0.2389627329,0.05168866385,0.1711700303,-0.2547431323,-2.377431709,5.555406175,3,0.002,0.02,0.062,0.648,0.268
96,182,182,42.94097903,162.0497679,2.99556986,30.52006879,-2728150.286,3122014.581,479,479,4.140171311,414.0426537,2.376562867,23.55076756,-2728259.111,3122465.021,1440.766852,26548.48598,2.654848598,2.654848598,0.06182552559,463.3992441,Retain,3.759826592,1.420737166,-2.339089426,0.9380654993,-0.2314792136,-0.2592163522,-2.7046398210000002,4.831042786,2,0,0.01,0.988,0.002,0
97,153,153,0.2794423798,873.7420235,1.302940032,30.52006879,-2727852.148,3122326.182,482,482,0.8280388741,527.0539676,1.352930595,47.1026034,-2727872.455,3122366.037,225.8249145,1332.941037,0.1332941037,0.1332941037,0.4770003167,44.73047732,Retain,-1.274959162,-0.1886951763,1.086263986,-0.5054822159,0.03764977711,0.4339322782,-0.09187968483,5.010521968,4,0,0,0.016,0.076,0.908
98,182,182,42.94097903,162.0497679,2.99556986,30.52006879,-2728150.286,3122014.581,494,494,0.236583899,822.7943197,1.128961015,47.1026034,-2727902.416,3122233.436,193.3371397,2354.775253,0.2354775252,0.2354775252,0.005483748405,330.6617631,Retain,3.759826592,-1.441452381,-5.201278973,1.624802757,-0.97583673,0.4339322782,-5.033962648,4.49355066,2,0,0,1,0,0
99,182,182,42.94097903,162.0497679,2.99556986,30.52006879,-2728150.286,3122014.581,529,529,0.2957320113,817.5104636,1.254115561,53.38009179,-2727980.34,3121997.406,183.9057917,1495.502385,0.1495502385,0.1495502385,0.0034826928,170.8124221,Retain,3.759826592,-1.218301602,-4.978128194,1.618360205,-0.8707038922,0.5590393716,-5.405045562,3.833023509,2,0,0,1,0,0
100,182,182,42.94097903,162.0497679,2.99556986,30.52006879,-2728150.286,3122014.581,607,607,29.45500311,189.1976252,2.896611732,23.55124849,-2728157.935,3121931.681,5169.545965,267054.217,26.7054217,26.7054217,0.6219099402,83.25204507,Retain,3.759826592,3.38286378,-0.3769628117,0.1548886074,-0.03359279839,-0.259195932,0.4966281485,3.114336352,2,0.258,0.248,0.472,0.016,0.006
101,184,184,0.4657372996,655.3065176,1.261566261,213.6404816,-2727390.277,3121473.654,637,637,0.2365910777,822.7808026,1.128959596,234.5724529,-2727435.229,3121493.668,112.3470783,726.9677028,0.07269677028,0.07269677028,0.1560896461,49.20595944,Retain,-0.7641335385,-1.441422039,-0.6772885001,0.2275867337,-0.1110575163,0.09346948044,-1.682413895,4.850466778,1,0.01,0.852,0.084,0.054,0
102,189,189,0.3725898397,655.3065176,1.128379167,68.24494851,-2728009.835,3121415.666,650,650,0.7689207608,571.6468103,1.414046353,74.98856835,-2728038.88,3121422.447,234.6852324,2580.172442,0.2580172442,0.2580172442,0.6924967263,29.82691423,Retain,-0.9872770898,-0.2627673567,0.7245097332,-0.1365817558,0.2256731107,0.09423094537,0.8100140641,4.461448162,4,0,0,0.002,0.016,0.982
104,195,195,1.676654279,400.4650941,1.462788361,61.04013759,-2727762.283,3121359.713,668,668,1.833586239,371.5776376,1.419368974,70.65888747,-2727797.077,3121366.717,603.8872424,11604.1728,1.16041728,1.16041728,0.6921028949,35.49266987,Retain,0.516800307,0.6062737428,0.08947343579,-0.07486878059,-0.03013206269,0.1463300258,0.8081702375,3.883319156,3,0.04,0.002,0.004,0.498,0.456
105,213,213,0.8383271393,509.682847,1.316442362,30.52006879,-2727218.008,3121044.339,747,747,0.7689338574,571.6397014,1.41404081,70.66059907,-2727254.263,3121048.3,335.4418847,4628.28915,0.462828915,0.462828915,0.5520862838,36.47075947,Retain,-0.1763468736,-0.2627503244,-0.08640345076,0.1147202365,0.07151851113,0.8394850472,0.2086833177,4.257076628,3,0.07,0.112,0.012,0.79,0.016
107,249,249,0.5588847596,655.3065176,1.381976598,91.56020638,-2725949.73,3120550.931,883,883,0.2957506886,828.0296787,1.27029285,50.22428876,-2725958.268,3120531.305,241.9008753,1797.657858,0.1797657858,0.1797657858,0.3216508998,21.40293975,Retain,-0.5818119816,-1.218238448,-0.6364264663,0.2339459056,-0.08426732762,-0.6004890108,-0.7445642012,3.926845939,1,0.03,0.702,0.158,0.11,0
108,255,255,1.304064439,468.076084,1.507860088,61.04013759,-2726396.631,3120537.124,889,889,1.30130227,441.5975604,1.421054804,75.33615753,-2726426.735,3120535.148,484.6469823,5996.997143,0.5996997143,0.5996997143,0.4598696938,30.16851175,Retain,0.2654858788,0.263365509,-0.002120369803,-0.05823188493,-0.05929206983,0.2104254495,-0.1605447683,3.846453873,3,0.02,0.084,0.042,0.8,0.054
109,292,292,10.61881043,287.4151393,2.642059795,0,-2726209.954,3120376.913,903,903,4.909471335,276.2890922,1.726935717,23.55483156,-2726209.799,3120492.164,1312.434822,35971.3025,3.59713025,3.59713025,0.3387507737,115.2508641,Retain,2.362626997,1.591166265,-0.7714607325,-0.03947989611,-0.4252102624,10.06712869,-0.6674296294,4.1381713,2,0.03,0.174,0.768,0.01,0.018
111,292,292,10.61881043,287.4151393,2.642059795,0,-2726209.954,3120376.913,922,922,0.8872618209,495.4099421,1.31639336,23.55483156,-2726176.895,3120241.339,440.2112431,8318.848674,0.8318848674,0.8318848674,0.07834068352,139.5462154,Retain,2.362626997,-0.1196151645,-2.482242162,0.5444579366,-0.6966631444,10.06712869,-2.453509032,4.32945445,2,0,0.004,0.996,0,0
113,292,292,10.61881043,287.4151393,2.642059795,0,-2726209.954,3120376.913,933,933,1.656224814,407.6187691,1.479819973,34.43031046,-2726382.236,3120193.106,610.4835241,6274.3560880000005,0.6274356088,0.6274356088,0.05908718428,251.9249512,Retain,2.362626997,0.5045408038,-1.858086194,0.3494046992,-0.5796383977,10.44672162,-2.752116139,4.920186644,2,0,0.01,0.99,0,0
115,439,439,691.7130374,115.4243099,8.563579526,0,-2726787.059,3119662.649,1102,1102,457.6574353,133.6700561,8.066766007,0,-2727122.196,3119730.496,63856.9063,4208703.028,420.8703028,420.8703028,0.6084463933,341.9361533,Retain,6.539171184,6.126120946,-0.4130502374,0.1467595063,-0.05976561244,0,0.4398778878,3.137406309,1,0.116,0.484,0.392,0.004,0.004
117,439,439,691.7130374,115.4243099,8.563579526,0,-2726787.059,3119662.649,717,717,0.1182969047,1220.980612,1.184651276,47.1063223,-2727417.347,3121140.604,144.4382271,1182.969047,0.1182969047,0.1182969047,1.710202039e-4,1606.740111,Retain,6.539171184,-2.134557673,-8.673728857,2.358794606,-1.978069823,10.76018373,-6.750708577,4.684742603,2,0,0.006,0.994,0,0
120,439,439,691.7130374,115.4243099,8.563579526,0,-2726787.059,3119662.649,746,746,0.5914880939,578.576929,1.255246975,23.55340955,-2728996.966,3120897.789,268.6791178,3899.907654,0.3899907654,0.3899907654,5.638042719e-4,2531.651446,Retain,6.539171184,-0.5251137245,-7.064284908,1.611956529,-1.920185926,10.06706832,-6.461069891,5.13940686,2,0,0,1,0,0
121,439,439,691.7130374,115.4243099,8.563579526,0,-2726787.059,3119662.649,752,752,0.4140419416,705.2334414,1.280118383,34.42977343,-2727806.515,3120976.973,291.9962233,4140.419415,0.4140419415,0.4140419415,5.985747256e-4,1663.352146,Retain,6.539171184,-0.8817880021,-7.420959186,1.809913881,-1.900565712,10.44670602,-6.439044188,4.719370162,2,0,0,1,0,0
123,439,439,691.7130374,115.4243099,8.563579526,0,-2726787.059,3119662.649,757,757,2.720834037,482.3603883,2.244490285,0,-2727574.346,3121112.143,1284.514249,24439.75706,2.443975706,2.443975706,0.003533221977,1649.501078,Retain,6.539171184,1.000938464,-5.538232719,1.430076539,-1.339039821,0,-5.393785903,4.711008101,2,0,0,1,0,0
127,439,439,691.7130374,115.4243099,8.563579526,0,-2726787.059,3119662.649,766,766,1.182979183,411.3855129,1.262212896,0,-2727482.077,3120970.709,482.8991919,10128.75112,1.012875112,1.012875112,0.001464299582,1481.240163,Retain,6.539171184,0.1680359882,-6.371135196,1.270915773,-1.914651825,0,-6.00538325,4.60341499,2,0,0,1,0,0
128,439,439,691.7130374,115.4243099,8.563579526,0,-2726787.059,3119662.649,772,772,0.5323411602,548.5142549,1.128958584,23.55348457,-2729051.405,3120798.521,153.4865287,1413.221201,0.1413221201,0.1413221201,2.043074402e-4,2533.271942,Retain,6.539171184,-0.6304707166,-7.1696419,1.558598279,-2.026222671,10.06707151,-6.722645992,5.14004675,2,0,0,1,0,0
132,439,439,691.7130374,115.4243099,8.563579526,0,-2726787.059,3119662.649,802,802,0.2957463655,817.4990983,1.254128561,23.55379945,-2728681.396,3120717.007,232.1735541,2053.231827,0.2053231828,0.2053231828,2.96832894e-4,2167.990849,Retain,6.539171184,-1.218253065,-7.757424249,1.957634811,-1.921077314,10.06708488,-6.648533142,4.984335954,2,0,0,1,0,0
134,439,439,691.7130374,115.4243099,8.563579526,0,-2726787.059,3119662.649,835,835,0.2957479552,817.4979564,1.25413018,25.11232072,-2728614.191,3120580.963,239.5276798,2487.198776,0.2487198776,0.2487198776,3.595708973e-4,2044.923505,Retain,6.539171184,-1.21824769,-7.757418874,1.957633414,-1.921076023,10.13115369,-6.60122637,4.925895502,2,0,0,1,0,0
135,439,439,691.7130374,115.4243099,8.563579526,0,-2726787.059,3119662.649,846,846,1.419589381,444.5679174,1.494220042,23.55379945,-2728737.72,3120571.474,556.9475382,8060.898416,0.8060898416,0.8060898416,0.001165352969,2151.98562,Retain,6.539171184,0.3503676613,-6.188803523,1.348487849,-1.745913912,10.06708488,-6.13500653,4.976926055,2,0,0,1,0,0
136,439,439,691.7130374,115.4243099,8.563579526,0,-2726787.059,3119662.649,850,850,0.2365990108,822.7658149,1.128957958,34.43000717,-2728258.925,3120524.176,194.665578,2365.990108,0.2365990108,0.2365990108,3.420479274e-4,1705.467033,Retain,6.539171184,-1.441388508,-7.980559692,1.96405662,-2.026223226,10.44671281,-6.614216263,4.744374209,2,0,0,1,0,0
138,439,439,691.7130374,115.4243099,8.563579526,0,-2726787.059,3119662.649,858,858,1.715342193,397.1974779,1.467496031,75.33695813,-2726704.493,3120675.924,546.3909735,10455.39626,1.045539626,1.045539626,0.00151152222,1016.633625,Retain,6.539171184,0.5396125904,-5.999558593,1.235818593,-1.763960704,11.22973938,-5.986354594,4.227032415,2,0,0,1,0,0
139,439,439,691.7130374,115.4243099,8.563579526,0,-2726787.059,3119662.649,877,877,0.2366002803,1008.702187,1.384094229,23.55420658,-2728934.786,3120323.941,238.6592202,2366.002803,0.2366002803,0.2366002803,3.420497627e-4,2247.228825,Retain,6.539171184,-1.441383143,-7.980554326,2.167804831,-1.822472332,10.06710216,-6.614214894,5.020232899,2,0,0,1,0,0
140,439,439,691.7130374,115.4243099,8.563579526,0,-2726787.059,3119662.649,888,888,0.1183005549,1247.308832,1.210214791,47.10902814,-2728938.172,3120217.258,147.0616923,953.5697765,0.09535697765,0.09535697765,1.378562677e-4,2221.458552,Retain,6.539171184,-2.134526817,-8.673698001,2.380128586,-1.956720415,10.76024117,-6.779471026,5.008699066,2,0,0.006,0.994,0,0
142,439,439,691.7130374,115.4243099,8.563579526,0,-2726787.059,3119662.649,910,910,0.1183014738,1220.975061,1.184668768,23.5546789,-2728362.071,3120113.35,8.877683235,0.7791722052,7.791722052e-5,7.791722052e-5,1.126438513e-7,1638.228966,Retain,6.539171184,-2.13451905,-8.673690234,2.35879006,-1.978055057,10.06712221,-6.908642029,4.704151,2,0,0.006,0.994,0,0
143,439,439,691.7130374,115.4243099,8.563579526,0,-2726787.059,3119662.649,927,927,0.2957553995,828.0195611,1.270287445,23.55492119,-2728930.139,3119920.057,244.8912561,2957.553995,0.2957553995,0.2957553995,4.275695028e-4,2158.483365,Retain,6.539171184,-1.218222519,-7.757393703,1.970421789,-1.908275062,10.0671325,-6.552354196,4.979940922,2,0,0,1,0,0
144,439,439,691.7130374,115.4243099,8.563579526,0,-2726787.059,3119662.649,937,937,1.123870092,522.4055288,1.562287255,23.5552203,-2725270.878,3120202.885,464.1697006,8194.759053,0.8194759053,0.8194759053,0.001184705016,1609.553305,Retain,6.539171184,0.1167781686,-6.422393015,1.509829172,-1.701367335,10.0671452,-6.126089741,4.686491942,2,0,0,1,0,0
145,302,302,1.583506819,539.664191,1.915705026,0,-2725919.21,3119917.49,950,950,0.177454319,1097.004862,1.303607671,53.38566603,-2725873.866,3120001.117,133.0737541,500.0918132,0.05000918132,0.05000918132,0.03158128574,95.1295078,Retain,0.4596418932,-1.729042061,-2.188683954,0.7093918148,-0.3849501623,10.88531629,-3.392958562,4.897793712,2,0,0.284,0.716,0,0
146,439,439,691.7130374,115.4243099,8.563579526,0,-2726787.059,3119662.649,954,954,0.2366061015,822.7524697,1.128956563,23.55550686,-2728319.156,3119762.415,136.3483108,988.1805022,0.09881805022,0.09881805022,1.428598926e-4,1535.341641,Retain,6.539171184,-1.441358539,-7.980529723,1.9640404,-2.026224461,10.06715736,-6.775078253,4.639288205,2,0,0,1,0,0
147,439,439,691.7130374,115.4243099,8.563579526,0,-2726787.059,3119662.649,966,966,0.1183034779,1220.97307,1.18467687,25.11159594,-2729124.146,3119598.3,130.9176652,1012.008972,0.1012008972,0.1012008972,1.463047416e-4,2337.972695,Retain,6.539171184,-2.13450211,-8.673673293,2.358788429,-1.978048218,10.13112483,-6.772065109,5.059819242,2,0,0.006,0.994,0,0
148,302,302,1.583506819,539.664191,1.915705026,0,-2725919.21,3119917.49,967,967,1.419640831,548.5006233,1.84357765,0,-2725927.358,3119866.464,504.3909084,5621.672938,0.5621672938,0.5621672938,0.3550141288,51.67203659,Retain,0.4596418932,0.3504039038,-0.1092379894,0.01624133863,-0.03837765608,0,-0.5958072146,4.287480106,3,0.03,0.162,0.116,0.654,0.038
150,439,439,691.7130374,115.4243099,8.563579526,0,-2726787.059,3119662.649,972,972,1.1238861,477.7133264,1.428642529,0,-2725743.442,3119791.289,536.6348865,9268.639532,0.9268639532,0.9268639532,0.001339954436,1051.515932,Retain,6.539171184,0.1167924115,-6.422378772,1.420395828,-1.790793558,0,-6.057283809,4.260768448,2,0,0,1,0,0
151,439,439,691.7130374,115.4243099,8.563579526,0,-2726787.059,3119662.649,977,977,0.7689777961,628.8373621,1.555572673,141.3366827,-2724270.663,3119816.308,569.4889935,4709.468883,0.4709468883,0.4709468883,6.808414224e-4,2521.083472,Retain,6.539171184,-0.2626931836,-6.801864367,1.695257668,-1.705674516,11.85890722,-6.388779872,5.135223785,2,0,0,1,0,0
152,439,439,691.7130374,115.4243099,8.563579526,0,-2726787.059,3119662.649,984,984,0.2957616187,817.4876965,1.25414341,50.22272202,-2724708.015,3119712.383,241.7814844,2957.616188,0.2957616188,0.2957616188,4.275784939e-4,2079.638986,Retain,6.539171184,-1.218201491,-7.757372675,1.957620863,-1.921065474,10.82424274,-6.552347889,4.942729425,2,0,0,1,0,0
153,439,439,691.7130374,115.4243099,8.563579526,0,-2726787.059,3119662.649,1006,1006,0.2366104974,1021.85848,1.402176956,0,-2725265.107,3119494.088,167.6583616,698.2972141,0.06982972141,0.06982972141,1.009518653e-4,1531.257642,Retain,6.539171184,-1.441339961,-7.980511145,2.180763298,-1.809492274,0,-6.812478785,4.636624669,2,0,0,1,0,0
154,439,439,691.7130374,115.4243099,8.563579526,0,-2726787.059,3119662.649,1016,1016,0.2366117365,822.7418481,1.128955431,0,-2728116.343,3119165.199,171.8806983,924.411978,0.0924411978,0.0924411978,1.33640965e-4,1419.31355,Retain,6.539171184,-1.441334724,-7.980505908,1.96402749,-2.026225463,0,-6.783186717,4.560708674,2,0,0,1,0,0
155,439,439,691.7130374,115.4243099,8.563579526,0,-2726787.059,3119662.649,1023,1023,4.259011405,333.2074222,1.939832076,50.22211565,-2724471.405,3119452.22,1384.705543,37342.63795,3.734263795,3.734263795,0.005398573676,2325.195216,Retain,6.539171184,1.449037069,-5.090134115,1.060150196,-1.484916861,10.82423067,-5.047271901,5.05433906,2,0,0,1,0,0
157,439,439,691.7130374,115.4243099,8.563579526,0,-2726787.059,3119662.649,1033,1033,0.1183073587,1247.241045,1.210183818,70.66995613,-2724792.688,3119203.829,61.32897586,166.4028463,0.01664028463,0.01664028463,2.405663004e-5,2046.468505,Retain,6.539171184,-2.134469307,-8.67364049,2.380074238,-1.956746008,11.16578996,-6.884958919,4.926650746,2,0,0.006,0.994,0,0
158,439,439,691.7130374,115.4243099,8.563579526,0,-2726787.059,3119662.649,1037,1037,0.1183072614,1247.24037,1.210182666,25.11097364,-2724013.078,3119223.784,147.5575925,1183.072614,0.1183072614,0.1183072614,1.710351764e-4,2808.481941,Retain,6.539171184,-2.134470129,-8.673641313,2.380073697,-1.95674696,10.13110005,-6.750695777,5.243179089,2,0,0.006,0.994,0,0
159,439,439,691.7130374,115.4243099,8.563579526,0,-2726787.059,3119662.649,1043,1043,0.8873046814,488.387917,1.29776592,25.11097364,-2724090.78,3119160.336,435.4555803,8844.949897,0.8844949897,0.8844949897,0.00127870221,2742.669763,Retain,6.539171184,-0.1195668592,-6.658738043,1.442495013,-1.886874009,10.13110005,-6.083870463,5.219466807,2,0,0,1,0,0
161,439,439,691.7130374,115.4243099,8.563579526,0,-2726787.059,3119662.649,1050,1050,0.2366160325,1048.114783,1.438222234,53.38824299,-2726098.387,3118854.718,248.0007615,2366.160324,0.2366160324,0.2366160324,3.420725353e-4,1061.61253,Retain,6.539171184,-1.441316568,-7.980487752,2.206133395,-1.784110481,10.88536456,-6.614197903,4.270324579,2,0,0,1,0,0
162,439,439,691.7130374,115.4243099,8.563579526,0,-2726787.059,3119662.649,1051,1051,0.4732318861,617.0505393,1.19743736,34.43101653,-2724239.455,3119035.794,292.0079905,4732.318861,0.4732318861,0.4732318861,6.841448121e-4,2623.592158,Retain,6.539171184,-0.7481697652,-7.287340949,1.676335943,-1.967334532,10.44674212,-6.386813179,5.175079443,2,0,0,1,0,0
163,439,439,691.7130374,115.4243099,8.563579526,0,-2726787.059,3119662.649,1053,1053,0.3549235179,822.7344282,1.382681423,235.5693288,-2727541.077,3118730.169,91.72913917,523.390683,0.0523390683,0.0523390683,7.566586933e-5,1199.192017,Retain,6.539171184,-1.035852955,-7.575024139,1.964018472,-1.823493598,12.36976478,-6.835739303,4.392183475,2,0,0,1,0,0
164,439,439,691.7130374,115.4243099,8.563579526,0,-2726787.059,3119662.649,1054,1054,0.2957699326,827.9862616,1.270267568,34.43100184,-2724863.792,3118947.063,244.8934407,2957.699325,0.2957699325,0.2957699325,4.27590513e-4,2052.076376,Retain,6.539171184,-1.218173382,-7.757344566,1.970381573,-1.90829071,10.4467417,-6.552339457,4.929387264,2,0,0,1,0,0
167,439,439,691.7130374,115.4243099,8.563579526,0,-2726787.059,3119662.649,1068,1068,0.2366179274,822.7301727,1.12895418,23.55744684,-2725630.851,3118694.085,194.2848441,2365.227371,0.2365227371,0.2365227371,3.419376595e-4,1508.28789,Retain,6.539171184,-1.44130856,-7.980479743,1.964013299,-2.026226572,10.06723971,-6.614298541,4.621510453,2,0,0,1,0,0
170,142,142,4.750520456,308.3795377,1.89605625,30.52006879,-2729621.115,3122612.233,413,413,2.957232194,331.2369582,1.606854556,25.11403346,-2729712.5,3122632.58,917.3513702,23403.5499,2.34035499,2.34035499,0.4926523339,93.62367726,Retain,1.558254182,1.084253761,-0.4740004204,0.07150271529,-0.1654974949,-0.1949506157,-0.02933410385,4.332531847,2,0.114,0.228,0.636,0.014,0.008
171,142,142,4.750520456,308.3795377,1.89605625,30.52006879,-2729621.115,3122612.233,419,419,0.414014128,705.2590592,1.280121884,25.11403346,-2729482.733,3122581.519,291.9872144,4140.14128,0.414014128,0.414014128,0.0871513199,141.7493969,Retain,1.558254182,-0.8818551802,-2.440109362,0.8272339055,-0.3928207755,-0.1949506157,-2.338610118,4.747305595,2,0,0.018,0.982,0,0
172,151,151,1.769801739,413.8778006,1.553207608,30.52006879,-2729629.808,3122417.206,450,450,0.9463226157,514.2500296,1.411201414,53.37826229,-2729651.798,3122441.332,481.5803886,6090.461553,0.6090461553,0.6090461553,0.34413242,32.6435845,Retain,0.5708675282,-0.05517173671,-0.626039265,0.2171388235,-0.09588080901,0.5590050986,-0.643554276,3.772610156,1,0.04,0.602,0.344,0.014,0
173,149,149,1.676654279,364.0591765,1.329807601,125.8374673,-2729127.208,3122431.306,460,460,1.833499944,344.1929838,1.314732902,166.4245587,-2729158.606,3122472.269,494.5642496,8897.705517,0.8897705517,0.8897705517,0.5306821824,51.6113941,Retain,0.5168003069,0.6062266778,0.08942637086,-0.05611392776,-0.01140074232,0.2795490355,0.1226372355,4.257726629,3,0.04,0.04,0.016,0.492,0.412
174,158,158,0.4657372996,655.3065176,1.261566261,86.32379043,-2729453.434,3122236.656,476,476,0.5914562461,578.5995111,1.255262173,88.85323079,-2729486.471,3122245.528,237.4151988,2559.159685,0.2559159685,0.2559159685,0.5494856622,34.20745749,Retain,-0.7641335385,-0.5251675694,0.2389659691,-0.1244925445,-0.0050095599270000004,0.02888035512,0.1981937826,4.486904621,3,0,0,0.014,0.556,0.43
175,168,168,19.09522929,175.8139437,2.167259037,30.5200688,-2729886.521,3122184.995,512,512,18.69003336,190.326807,2.321133225,50.22807011,-2729928.939,3122187.931,3447.511271,156596.3954,15.65963954,15.65963954,0.8200812522,42.51929352,Retain,2.949438528,2.927990407,-0.0214481216,0.07931633355,0.06859227274,0.4981767197,1.512574049,2.847627135,0,0.518,0.17,0.024,0.178,0.11
176,160,160,1.304064439,421.2684756,1.357074079,61.04013759,-2728888.377,3122278.948,487,487,1.301204621,480.1938413,1.54519912,47.1028624,-2728907.558,3122276.633,530.1237698,8853.099196,0.8853099196,0.8853099196,0.6788851018,19.32044773,Retain,0.2654858788,0.2632904668,-0.002195412029,0.1309195187,0.1298218127,-0.2591930218,0.7470155075,3.400837764,3,0.182,0.022,0.01,0.698,0.088
177,161,161,0.6520322195,561.6913008,1.279461712,136.489897,-2729258.977,3122111.088,496,496,0.6506058007,593.5928533,1.350649608,137.7161538,-2729286.408,3122112.814,296.9552591,3115.798144,0.3115798144,0.3115798144,0.4778595368,27.4847472,Retain,-0.4276613018,-0.4298513491,-0.002190047263,0.05524124,0.05414621637,0.008944047959,-0.0884426884,4.09986318,3,0.01,0.036,0.002,0.94,0.012
178,176,176,0.8383271393,436.8710118,1.128379167,152.600344,-2730680.341,3121766.647,528,528,0.5323182217,548.5270545,1.128960604,141.3114641,-2730697.938,3121767.326,273.4889425,4660.241292,0.4660241292,0.4660241292,0.5558977007,17.61094048,Retain,-0.1763468736,-0.6305138074,-0.4541669337,0.2275986191,5.151523055e-4,-0.07685543035,0.22407742,3.529115488,1,0.15,0.542,0.028,0.278,0.002
179,171,171,7.451796794,180.2092923,1.387722887,61.04013759,-2728816.709,3121994.785,538,538,6.979262207,188.9374153,1.408049087,47.1028624,-2728865.644,3122001.192,1193.74534,59208.85539,5.920885539,5.920885539,0.7945581049,49.35312567,Retain,2.008455184,1.94294321,-0.06551197355,0.04729691362,0.01454092685,-0.2591930218,1.349024894,3.467158714,0,0.468,0.068,0.104,0.268,0.092
180,181,181,0.4657372997,786.3678211,1.513879513,61.04013758,-2731351.782,3121553.007,559,559,1.123788376,438.6041805,1.311626259,50.22656967,-2731379.956,3121569.011,322.1033967,3923.287161,0.3923287161,0.3923287161,0.842381996,32.40263136,Retain,-0.7641335384,0.116705456,0.8808389945,-0.5838272813,-0.1434077841,-0.194983951,1.670921173,4.432702208,4,0.018,0.006,0,0.054,0.922
181,212,212,71.90983907,169.7685279,4.061125486,0,-2730872.83,3121318.69,663,663,39.03733024,225.5217893,3.97487642,23.55243418,-2730556.813,3121342.684,8219.07243,339085.5487,33.90855487,33.90855487,0.4715426332,316.9273302,Retain,4.275413099,3.664518374,-0.6108947253,0.2839808724,-0.02146649022,10.06702691,-0.1137246739,4.193334054,2,0.028,0.434,0.522,0.002,0.014
182,212,212,71.90983907,169.7685279,4.061125486,0,-2730872.83,3121318.69,558,558,0.2957334558,976.7876541,1.498461051,47.10404923,-2731649.781,3121581.014,235.6184585,2168.969747,0.2168969747,0.2168969747,0.003016235018,820.0402641,Retain,4.275413099,-1.218296717,-5.493709817,1.749833375,-0.9970215332,10.76013548,-5.515392108,5.144013054,2,0,0,1,0,0
183,212,212,71.90983907,169.7685279,4.061125486,0,-2730872.83,3121318.69,593,593,3.548805133,338.8694225,1.800812626,94.20961631,-2731922.013,3121527.526,1082.90901,19481.92855,1.948192855,1.948192855,0.02709215986,1069.764639,Retain,4.275413099,1.266610965,-3.008802134,0.6911789403,-0.813222127,11.45328815,-3.54582615,5.409853268,2,0,0.002,0.998,0,0
186,212,212,71.90983907,169.7685279,4.061125486,0,-2730872.83,3121318.69,662,662,0.473183485,723.2290435,1.403413712,47.10538388,-2731373.218,3121049.974,211.2887386,1674.258628,0.1674258628,0.1674258628,0.002328274753,567.9752762,Retain,4.275413099,-0.7482720481,-5.023685147,1.449290059,-1.062552514,10.76016381,-5.703972044,4.776738044,2,0,0,1,0,0
187,212,212,71.90983907,169.7685279,4.061125486,0,-2730872.83,3121318.69,666,666,12.83502739,312.3715122,3.156929533,34.42940767,-2731701.503,3121192.761,2503.305677,85682.25783,8.568225783,8.568225783,0.1191523426,838.1865985,Retain,4.275413099,2.552177948,-1.723235151,0.6097573153,-0.2518602603,10.4466954,-1.993258857,5.165900333,2,0,0.026,0.974,0,0
188,212,212,71.90983907,169.7685279,4.061125486,0,-2730872.83,3121318.69,672,672,0.7689248999,567.586809,1.404007165,23.55273612,-2729979.814,3121131.104,283.8468736,3894.046205,0.3894046205,0.3894046205,0.005415178584,912.5056794,Retain,4.275413099,-0.2627619737,-4.538175073,1.206957797,-1.06212974,10.06703973,-5.044663489,5.250853799,2,0,0.004,0.996,0,0
189,218,218,1.024622059,417.0132385,1.19076692,30.52006879,-2729989.477,3121006.42,697,697,0.8872251326,552.0336556,1.466822428,0,-2730032.02,3121003.781,371.2378572,5020.609027,0.5020609027,0.5020609027,0.4899961876,42.62469637,Retain,0.02432382187,-0.1196565153,-0.1439803372,0.2804910465,0.2085008779,-10.3261725,-0.03994068777,4.312660305,3,0.114,0.25,0.184,0.388,0.064
190,279,279,1.024622059,536.1598781,1.530986039,61.0401376,-2731543.226,3120221.222,861,861,1.005546496,624.5246452,1.766630515,70.66305401,-2731561.513,3120231.101,484.1179547,6057.386405,0.6057386405,0.6057386405,0.5911825098,20.78490082,Retain,0.02432382174,0.005531170743,-0.018792651,0.152558396,0.1431620705,0.14638899,0.3681029662,3.594477944,3,0.118,0.062,0.008,0.78,0.032
193,281,281,1.117769519,491.4798882,1.465807536,61.04013759,-2729607.051,3120174.517,898,898,1.183006284,445.9356257,1.368235213,23.55476498,-2729646.408,3120158.427,406.7519216,3724.790462,0.3724790462,0.3724790462,0.3332342132,42.51865775,Retain,0.1113351989,0.1680588969,0.05672369797,-0.09724641491,-0.06888456593,-0.9521774356,-0.6920955092,4.266663848,3,0.04,0.028,0.102,0.554,0.276
194,340,340,57.56513024,214.1940397,4.584396746,0,-2730267.529,3120121.773,926,926,17.68572068,327.3689936,3.88368495,34.42990468,-2730497.735,3120656.123,5610.84659,148999.8515,14.89998515,14.89998515,0.2588369919,581.8283709,Retain,4.052917007,2.872757573,-1.180159434,0.4242056234,-0.1658740934,10.44670983,-1.049514426,4.912083667,2,0,0.026,0.968,0.004,0.002
196,194,194,1.304064439,561.6913008,1.809432105,0,-2732249.944,3121369.886,570,570,0.295734588,817.5082911,1.254117692,34.42934155,-2732292.587,3121435.588,226.3555435,1791.511111,0.1791511111,0.1791511111,0.1373790326,78.32694982,Retain,0.2654858787,-1.218292889,-1.483778768,0.3753086326,-0.3665807513,10.44669348,-1.831137444,4.800526501,1,0,0.562,0.438,0,0
197,188,188,1.583506819,462.5693066,1.642032879,0,-2732448.709,3121438.108,587,587,2.129288299,573.5796149,2.361054489,23.55226911,-2732470.615,3121432.796,629.4356157,8551.442336,0.8551442336,0.8551442336,0.5400319237,22.54060436,Retain,0.4596418931,0.7557877922,0.2961458991,0.215100352,0.3631733016,10.06701991,0.1601494942,3.457906681,4,0.066,0.112,0.034,0.152,0.636
200,198,198,0.9314745992,458.7145624,1.248886881,30.5200688,-2732090.368,3121226.442,618,618,0.2365901957,822.7824869,1.128959803,23.55240347,-2732124.066,3121206.67,156.6129301,1465.603226,0.1465603226,0.1465603226,0.1573422644,39.07012933,Retain,-0.07098635799,-1.441425767,-1.370439409,0.5842637247,-0.1009559796,-0.2591468943,-1.672987966,4.273241936,1,0.004,0.764,0.232,0,0
201,340,340,57.56513024,214.1940397,4.584396746,0,-2730267.529,3120121.773,816,816,0.4140460689,705.2301712,1.280118827,34.42990468,-2730861.582,3120452.943,231.6469304,1589.687123,0.1589687123,0.1589687123,0.002761545256,680.1259234,Retain,4.052917007,-0.8817780337,-4.93469504,1.191641902,-1.275705619,10.44670983,-5.581162335,5.068185872,2,0,0,1,0,0
202,340,340,57.56513024,214.1940397,4.584396746,0,-2730267.529,3120121.773,864,864,0.8280985833,523.2758067,1.343280606,47.1080503,-2730291.554,3120294.508,429.3690625,8182.16802,0.818216802,0.818216802,0.01421375751,174.3975656,Retain,4.052917007,-0.1886230697,-4.241540076,0.8932263481,-1.22754369,10.76022041,-4.172253325,3.707249726,2,0,0.002,0.998,0,0
203,340,340,57.56513024,214.1940397,4.584396746,0,-2730267.529,3120121.773,866,866,2.839189334,358.3136849,1.703160752,86.69256592,-2729908.662,3120382.133,921.8000357,26180.28656,2.618028656,2.618028656,0.04547941863,443.3658489,Retain,4.052917007,1.043518566,-3.009398441,0.5145264855,-0.990172735,11.37013495,-3.023246699,4.640303968,2,0,0.006,0.994,0,0
205,340,340,57.56513024,214.1940397,4.584396746,0,-2730267.529,3120121.773,909,909,0.9464092051,517.5159878,1.420228806,23.55476498,-2729748.836,3120027.521,431.0450355,6597.728042,0.6597728042,0.6597728042,0.0114613274,527.1874456,Retain,4.052917007,-0.05508023998,-4.107997247,0.882158087,-1.171840536,10.06712587,-4.374608807,4.813464506,2,0,0,1,0,0
207,340,340,57.56513024,214.1940397,4.584396746,0,-2730267.529,3120121.773,960,960,15.08354513,229.8030468,2.517691791,0,-2730129.38,3119754.859,3405.007371,138929.7171,13.89297171,13.89297171,0.2413435295,392.0602013,Retain,4.052917007,2.713604423,-1.339312583,0.07034029188,-0.5993159998,0,-1.142510056,4.517324393,2,0.004,0.028,0.962,0.006,0
208,350,350,6.986059495,253.3851868,1.889263046,86.32379042,-2730725.51,3119465.841,970,970,5.560258662,335.4001841,2.231032323,70.66647696,-2730734.376,3119465.418,1764.76898,48859.36308,4.885936308,4.885936308,0.6993837243,8.87533776,Retain,1.943916663,1.715644629,-0.2282720335,0.28041359,0.1662775732,-0.2001313632,0.8424727634,1.783795669,0,0.672,0.108,0.136,0.058,0.026
212,235,235,34.27826525,217.2483564,3.588070643,0,-2733105.193,3121277.911,661,661,31.93946178,263.1473994,4.195250976,0,-2733136.509,3121260.221,7452.230938,238487.2256,23.84872256,23.84872256,0.6957389001,35.96648172,Retain,3.534511487,3.463842292,-0.07066919565,0.1916731307,0.1563385329,0,0.8252432596,2.387724444,0,0.544,0.108,0.222,0.102,0.024
216,235,235,34.27826525,217.2483564,3.588070643,0,-2733105.193,3121277.911,569,569,0.295734779,987.3445116,1.514659402,23.55194842,-2732787.979,3121392.734,193.3032123,1759.735444,0.1759735444,0.1759735444,0.005133677073,337.3556458,Retain,3.534511487,-1.218292243,-4.75280373,1.513977829,-0.862424036,10.06700629,-5.089818616,4.626249866,2,0,0,1,0,0
218,235,235,34.27826525,217.2483564,3.588070643,0,-2733105.193,3121277.911,636,636,0.2957388205,828.0569501,1.270309198,53.38122106,-2732972.291,3121017.455,242.1696674,1845.237203,0.1845237203,0.1845237203,0.005383111394,292.404901,Retain,3.534511487,-1.218278577,-4.752790065,1.338040734,-1.038354299,10.88523303,-5.049706876,4.483252108,2,0,0,1,0,0
219,230,230,2.235539038,382.2621353,1.612306031,30.5200688,-2731836.288,3120980.755,667,667,1.419550164,446.7715761,1.501605932,34.42940767,-2731842.813,3121027.095,572.5571211,9815.9266,0.98159266,0.98159266,0.4390854479,46.79706645,Retain,0.8044823794,0.3503400352,-0.4541423442,0.1559408572,-0.07113031486,0.1205228925,-0.2443808878,4.01596564,1,0.054,0.732,0.198,0.016,0
220,242,242,1.862949199,360.4185847,1.387722887,61.04013759,-2731826.369,3120672.503,737,737,0.1182974908,1247.340643,1.210229982,128.0301676,-2731851.198,3120674.71,147.5572682,1182.974908,0.1182974908,0.1182974908,0.06350011631,24.92634647,Retain,0.6221608227,-2.134552719,-2.756713542,1.241502987,-0.1368537835,0.7407257075,-2.676549607,3.477249984,1,0.012,0.542,0.444,0.002,0
222,258,258,9.407893453,227.086417,1.964863663,30.5200688,-2732252.88,3120578.782,751,751,0.1774466692,1097.030038,1.303609489,23.55335088,-2732316.98,3120571.38,194.6643263,1774.466692,0.1774466692,0.1774466692,0.01886146672,64.52652395,Retain,2.241549066,-1.72908517,-3.970634236,1.575031205,-0.410285913,-0.2591066711,-3.900950862,3.618682271,2,0,0.08,0.92,0,0
223,258,258,9.407893453,227.086417,1.964863663,30.5200688,-2732252.88,3120578.782,781,781,5.205093006,436.7399807,2.81081502,0,-2732282.11,3120661.097,2053.214007,33607.42884,3.360742884,3.360742884,0.3572258658,87.35055369,Retain,2.241549066,1.649637571,-0.5919114954,0.6540073714,0.3580516237,-10.3261725,-0.5861842438,3.921531233,2,0.048,0.24,0.676,0.012,0.024
224,269,269,1.397211899,436.8710117,1.456731241,61.04013759,-2733345.76,3120362.724,806,806,2.070218661,489.8974016,1.988420873,50.22486069,-2733386.502,3120377.751,499.0378962,7803.666607,0.7803666607,0.7803666607,0.5585170448,43.42479961,Retain,0.3344787502,0.727654235,0.3931754848,0.1145580008,0.3111457432,-0.1950179763,0.2346720471,4.176179293,4,0.022,0.038,0.002,0.098,0.84
226,278,278,0.6520322195,748.9217344,1.705948949,61.04013759,-2733392.267,3120188.324,832,832,0.3548975339,822.7669703,1.382685497,50.22459007,-2733390.069,3120155.434,267.1361513,1814.571539,0.1814571539,0.1814571539,0.278294766,32.96238576,Retain,-0.4276613018,-1.035926168,-0.6082648662,0.09403852938,-0.2100939037,-0.1950233644,-0.9507337076,4.281593017,1,0.028,0.746,0.17,0.056,0
228,276,276,9.501040913,218.4355059,1.899345162,61.04013759,-2731854.466,3120354.047,845,845,5.2642978,351.886218,2.277548061,120.6333727,-2731864.053,3120376.352,1765.205972,47530.79236,4.753079236,4.753079236,0.5002693158,24.27830831,Retain,2.251401362,1.660947765,-0.5904535969,0.4768170757,0.1815902773,0.6812162339,0.001075112923,2.63628874,1,0.146,0.58,0.258,0.012,0.004
229,290,290,0.9314745993,524.2452141,1.427299293,30.52006879,-2732557.325,3120042.263,872,872,1.301297688,598.3745029,1.925557433,47.10828909,-2732611.33,3120104.183,354.501951,2538.060015,0.2538060015,0.2538060015,0.2724776411,82.16243276,Retain,-0.07098635796,0.2633619881,0.3343483461,0.1322572763,0.2994314493,0.434052977,-0.9797984496,5.016568468,4,0.008,0.054,0.038,0.282,0.618
230,345,345,44.15189601,197.6979578,3.705714273,30.5200688,-2731864.764,3119756.508,936,936,46.78797196,209.5034289,4.04253058,23.55401857,-2732457.711,3119878.462,5258.390658,229733.1428,22.97331428,22.97331428,0.5203245242,605.3587987,Retain,3.787635871,3.84562616,0.0579902897,0.05799970581,0.08699485065,-0.2590783251,0.08118037918,5.084369997,4,0.072,0.076,0.16,0.096,0.596
231,203,203,0.3725898397,655.3065176,1.128379167,30.52006879,-2742445.827,3121110.466,475,475,0.3548740271,681.2605458,1.144841631,47.10242149,-2742502.301,3121122.905,51.27253102,26.1113286,0.00261113286,0.00261113286,0.007008062436,57.8277132,Retain,-0.9872770898,-1.035992406,-0.04871531599,0.03884173383,0.01448407584,0.4339284162,-4.821280257,5.123488908,3,0.004,0.026,0.016,0.938,0.016
232,204,204,1.304064439,561.6913008,1.809432105,30.52006879,-2742225.647,3121158.426,481,481,1.892658553,437.9367665,1.699583911,23.55124902,-2742253.696,3121162.956,634.1385796,9550.66095,0.955066095,0.955066095,0.7323764581,28.41329628,Retain,0.2654858787,0.6379824823,0.3724966036,-0.248877881,-0.06262957924,-0.2591959094,1.004348229,3.786514412,4,0.004,0,0,0.082,0.914
233,209,209,10.89825281,257.6418787,2.399329891,30.5200688,-2733862.775,3121267.109,526,526,0.8871957959,498.9557222,1.325765805,23.55182676,-2734106.067,3121477.25,346.6442178,6513.948771,0.6513948771,0.6513948771,0.05977057868,321.4808387,Retain,2.388602484,-0.1196895816,-2.508292065,0.6609468051,-0.5931992277,-0.2591713799,-2.740081147,5.151004754,2,0,0.002,0.998,0,0
234,183,183,1.117769519,382.2621353,1.140072528,61.04013759,-2733717.087,3121491.966,527,527,0.8871971552,442.3420997,1.175339721,75.34018096,-2733750.378,3121503.306,316.9229257,6182.424153,0.6182424153,0.6182424153,0.5531036629,35.16924749,Retain,0.1113351988,-0.1196880494,-0.2310232483,0.1459769726,0.03046534848,0.2104788536,0.212789971,4.076897827,1,0.154,0.454,0.016,0.368,0.008
235,209,209,10.89825281,257.6418787,2.399329891,30.5200688,-2733862.775,3121267.109,549,549,0.7097613305,760.8215081,1.808148171,23.55180883,-2733951.939,3121389.962,60.67994814,130.0791339,0.01300791339,0.01300791339,0.001193577871,151.7987012,Retain,2.388602484,-0.3428265197,-2.731429004,1.082828227,-0.2828862743,-0.2591721412,-6.122027741,4.400625598,2,0,0.064,0.936,0,0
236,209,209,10.89825281,257.6418787,2.399329891,30.5200688,-2733862.775,3121267.109,562,562,0.1182939376,1220.982191,1.184637951,50.22652898,-2733560.01,3121342.482,111.6825944,769.3243396,0.07693243396,0.07693243396,0.007059152994,312.0059572,Retain,2.388602484,-2.134582755,-4.523185239,1.555840335,-0.705752285,0.4981460369,-4.814869231,5.121089187,2,0,0.006,0.994,0,0
237,209,209,10.89825281,257.6418787,2.399329891,30.5200688,-2733862.775,3121267.109,568,568,1.892701021,442.8798618,1.718786797,23.55191776,-2733774.432,3121326.141,865.8728366,16097.87678,1.609787678,1.609787678,0.1477106199,106.2510202,Retain,2.388602484,0.6380049203,-1.750597564,0.5417279871,-0.3335707947,-0.2591675162,-1.747096471,4.043877522,2,0,0.074,0.926,0,0
238,209,209,10.89825281,257.6418787,2.399329891,30.5200688,-2733862.775,3121267.109,577,577,1.951844066,402.1274344,1.584825062,23.55180883,-2734079.902,3121294.98,714.1241171,14179.07528,1.417907528,1.417907528,0.1301041142,218.908451,Retain,2.388602484,0.6687746004,-1.719827883,0.4451984857,-0.4147154561,-0.2591721412,-1.893530664,4.76672188,2,0,0.014,0.986,0,0
239,209,209,10.89825281,257.6418787,2.399329891,30.5200688,-2733862.775,3121267.109,623,623,3.844575708,252.3522379,1.395810424,23.55196327,-2733811.277,3121127.068,897.6534432,31430.61589,3.143061589,3.143061589,0.2884005026,149.2097076,Retain,2.388602484,1.346663248,-1.041939236,-0.0207446728,-0.5417142908,-0.2591655842,-0.9011079969,4.383423153,2,0.002,0.014,0.978,0.002,0.004
242,345,345,44.15189601,197.6979578,3.705714273,30.5200688,-2731864.764,3119756.508,935,935,0.65066261,607.9373189,1.383349117,34.43025243,-2731553.113,3119625.845,448.1344651,4141.054481,0.4141054481,0.4141054481,0.009379109066,337.9334143,Retain,3.787635871,-0.4297640354,-4.217399906,1.123331382,-0.9853685709,0.1205474273,-4.559545826,4.501398844,2,0,0,1,0,0
243,345,345,44.15189601,197.6979578,3.705714273,30.5200688,-2731864.764,3119756.508,948,948,0.2366054693,822.7536187,1.128956631,34.430383,-2731425.497,3119541.233,149.8092973,1305.252176,0.1305252176,0.1305252176,0.002956276614,489.1809788,Retain,3.787635871,-1.441361212,-5.228997082,1.425916385,-1.188582156,0.1205512197,-5.530493752,4.871281573,2,0,0,1,0,0
244,345,345,44.15189601,197.6979578,3.705714273,30.5200688,-2731864.764,3119756.508,964,964,1.183030068,451.1987184,1.384397534,55.47288204,-2731208.073,3119504.473,486.9020025,9627.943482,0.9627943482,0.9627943482,0.02180641004,703.3951827,Retain,3.787635871,0.1680790016,-3.619556869,0.8251674592,-0.9846109753,0.5974950908,-3.759687727,5.234467301,2,0,0,1,0,0
245,345,345,44.15189601,197.6979578,3.705714273,30.5200688,-2731864.764,3119756.508,965,965,0.3549097119,946.723185,1.59102507,34.430383,-2731349.65,3119441.397,219.9675204,1419.557403,0.1419557403,0.1419557403,0.003215167482,603.8517906,Retain,3.787635871,-1.035891855,-4.823527725,1.566266343,-0.8454975201,0.1205512197,-5.466848329,5.081877452,2,0,0.002,0.998,0,0
246,223,223,0.8383271393,509.682847,1.316442362,30.52006879,-2742447.523,3120979.908,499,499,0.8280429898,523.2794774,1.343244939,47.10242149,-2742469.984,3120978.806,357.0710636,5013.013424,0.5013013424,0.5013013424,0.5979781864,22.48818025,Retain,-0.1763468736,-0.1886902059,-0.0123433323,0.02632703129,0.02015536514,0.4339284162,0.3962344924,3.773572696,3,0.006,0.006,0.002,0.962,0.024
247,234,234,0.3725898397,819.133147,1.410473959,220.0833459,-2742743.398,3120797.635,511,511,0.2365852851,1035.091039,1.420258776,190.0804411,-2742772.343,3120821.689,125.5710437,739.8343578,0.07398343578,0.07398343578,0.1985653603,37.63510986,Retain,-0.9872770898,-1.441446522,-0.4541694327,0.2339980189,0.006913302584,-0.1465582458,-1.391508602,4.693967446,1,0.038,0.636,0.046,0.28,0
248,238,238,7.824386634,179.4291655,1.415836997,30.52006879,-2742199.487,3120864.852,543,543,7.215844128,181.4439052,1.37493138,23.55124902,-2742241.96,3120856.402,1218.532445,60652.25444,6.065225444,6.065225444,0.7751694449,43.30597825,Retain,2.057245348,1.976279182,-0.08096616628,0.01116603429,-0.02931704884,-0.2591959094,1.234585891,3.312056052,0,0.516,0.048,0.132,0.212,0.092
249,224,224,5.588847596,294.8879329,1.966587175,0,-2734219.651,3121110.974,554,554,0.2365868516,822.7887471,1.128960413,47.10397827,-2734279.166,3121351.159,180.3493889,2024.654238,0.2024654238,0.2024654238,0.03622668544,247.4487189,Retain,1.720773111,-1.441439901,-3.162213013,1.026104086,-0.5550024208,10.76013397,-3.254867312,5.223185793,2,0,0.036,0.964,0,0
250,224,224,5.588847596,294.8879329,1.966587175,0,-2734219.651,3121110.974,576,576,0.2957349767,817.5073555,1.25411708,23.55214289,-2734317.157,3121236.762,184.6337583,1809.391873,0.1809391873,0.1809391873,0.03237504408,159.1542187,Retain,1.720773111,-1.218291575,-2.939064686,1.019664505,-0.4498678385,10.06701455,-3.368069057,4.781858331,2,0,0.102,0.898,0,0
252,224,224,5.588847596,294.8879329,1.966587175,0,-2734219.651,3121110.974,635,635,5.559861904,253.5564043,1.686559452,23.55214289,-2734188.764,3121025.505,1096.53964,36046.58715,3.604658715,3.604658715,0.6449735215,90.87867196,Retain,1.720773111,1.715573271,-0.005199840754,-0.1510090951,-0.1536090155,10.06701455,0.5957534086,4.221514733,3,0.264,0.03,0.228,0.368,0.11
253,239,239,2.049244118,387.2265786,1.563713104,43.16189521,-2733761.48,3120699.832,690,690,1.951892291,400.520214,1.578510343,55.47405267,-2733795.265,3120715.706,706.706956,14562.24168,1.456224168,1.456224168,0.7106152729,37.32787728,Retain,0.7174710024,0.6687993077,-0.0486716947,0.03375424093,0.009418393579,0.2509521991,0.8963307294,3.833396659,3,0.038,0.012,0.006,0.928,0.016
254,247,247,1.117769519,436.8710117,1.302940032,61.04013759,-2742331.377,3120566.191,575,575,1.360378371,500.8267924,1.647830288,23.5519637,-2742359.759,3120573.055,487.2160456,7427.317585,0.7427317585,0.7427317585,0.6644766616,29.2006806,Retain,0.1113351989,0.3077628752,0.1964276763,0.1366223337,0.2348361718,-0.952296364,0.6818360651,3.890923606,4,0.048,0.012,0.008,0.364,0.568
256,268,268,1.490359359,450.5232309,1.551521355,30.5200688,-2742249.354,3120334.111,622,622,0.8280629886,705.2435861,1.81036398,47.10511425,-2742224.679,3120329.395,472.3739178,6447.363048,0.6447363048,0.6447363048,0.4326045937,25.12206836,Retain,0.3990172713,-0.1886660543,-0.5876833255,0.4481336127,0.15429195,0.4339855815,-0.27068427,3.59664279,1,0.102,0.678,0.198,0.018,0.004
257,262,262,0.6520322195,561.6913008,1.279461712,712.4981801,-2737433.996,3120375.804,688,688,0.5914834921,583.8540335,1.266690948,1031.319104,-2737483.225,3120364.427,249.5639798,3137.838265,0.3137838265,0.3137838265,0.4812397565,50.52706852,Retain,-0.4276613019,-0.5251215045,-0.09746020266,0.03869859685,-0.01003150448,0.3698161534,-0.07492622468,4.708724588,3,0.008,0.03,0.022,0.924,0.016
258,248,248,1.490359359,368.6099161,1.269426563,122.0802752,-2735658.927,3120583.994,689,689,1.537852137,375.6862794,1.314249113,120.4139259,-2735677.858,3120586.305,519.1155861,11414.06798,1.141406798,1.141406798,0.7658601201,19.07212187,Retain,0.3990172714,0.4303867264,0.03136945503,0.01901548476,0.03470021226,-0.01374351869,1.182123841,3.321136419,3,0.036,0.004,0.002,0.876,0.082
260,121,121,5.868289976,260.0422689,1.777030155,355.922106,-2752221.696,3123153.13,187,187,0.1182780676,1247.540889,1.210324897,50.23205811,-2752135.92,3123192.486,147.5567257,1182.780676,0.1182780676,0.1182780676,0.02015545723,94.37391239,Retain,1.769563275,-2.134716922,-3.904280197,1.568085414,-0.3840546849,-1.958041375,-3.836516082,4.234858584,2,0,0.064,0.936,0,0
261,121,121,5.868289976,260.0422689,1.777030155,355.922106,-2752221.696,3123153.13,189,189,2.602111426,374.0212954,1.701979571,23.54639208,-2752293.175,3123221.759,816.4511582,13324.33211,1.332433211,1.332433211,0.2270564708,99.09180255,Retain,1.769563275,0.9563232026,-0.8132400729,0.3634685448,-0.04315149165,-2.715699639,-1.221905634,4.283640116,2,0.02,0.16,0.804,0.008,0.008
262,121,121,5.868289976,260.0422689,1.777030155,355.922106,-2752221.696,3123153.13,192,192,0.2365562728,822.8464028,1.128966557,0,-2752230.895,3123125.123,194.6494781,2365.562728,0.2365562728,0.2365562728,0.0403109379,29.4795293,Retain,1.769563275,-1.44156916,-3.211132435,1.151925362,-0.4536408556,-12.78246999,-3.146523495,3.071313327,2,0,0.15,0.85,0,0
263,114,114,0.7451796795,491.4798882,1.196826841,177.961053,-2751113.527,3123185.83,195,195,0.9462268288,411.4228054,1.128966507,122.8124533,-2751152.94,3123195.384,268.0726813,4448.647069,0.4448647069,0.4448647069,0.5969898524,40.55497017,Retain,-0.2941299092,-0.05527296192,0.2388569473,-0.1777996103,-0.05837113667,-0.3709037776,0.3921337891,4.422112897,4,0.02,0,0.01,0.392,0.578
264,121,121,5.868289976,260.0422689,1.777030155,355.922106,-2752221.696,3123153.13,198,198,0.3548357862,822.8446075,1.382695667,0,-2752284.509,3123065.302,289.4870487,2996.500956,0.2996500956,0.2996500956,0.05106259181,107.9785428,Retain,1.769563275,-1.036100171,-2.805663446,1.15192318,-0.2509085429,-12.78246999,-2.903949413,4.369525096,2,0,0.036,0.964,0,0
265,137,137,5.402552676,214.6693765,1.407552712,177.961053,-2751351.899,3122819.063,218,218,5.440878181,267.1637562,1.757952394,122.8124533,-2751383.628,3122823.58,1227.181309,40973.63067,4.097363067,4.097363067,0.7584124233,32.04933378,Retain,1.68687156,1.693940478,0.00706891862,0.218762729,0.2222971883,-0.3709037776,1.141182221,3.196236761,3,0.376,0.04,0.054,0.438,0.092
266,289,289,0.3725898397,655.3065176,1.128379167,68.24494851,-2741347.105,3119981.223,696,696,0.1182967747,1220.980244,1.184650268,662.641383,-2741359.112,3120004.644,111.6779832,770.4350793,0.07704350793,0.07704350793,0.2067783383,26.31952479,Retain,-0.9872770897,-2.134558772,-1.147281683,0.622306202,0.04866536068,2.273117383,-1.340890763,4.336352533,1,0.022,0.846,0.076,0.056,0
268,323,323,68.92912035,150.5433892,3.525803667,122.0802752,-2735787.544,3119978.625,786,786,0.591491271,583.8454339,1.26668062,34.42982521,-2735924.544,3120121.206,262.8754796,2165.572198,0.2165572198,0.2165572198,0.003141737755,197.7328316,Retain,4.233078735,-0.5251083531,-4.758187088,1.355384937,-1.023708607,-1.265734768,-5.484495797,3.742747417,2,0,0.002,0.998,0,0
269,323,323,68.92912035,150.5433892,3.525803667,122.0802752,-2735787.544,3119978.625,815,815,0.3548961353,681.2492414,1.144858294,23.55383181,-2735402.513,3120060.029,178.1168429,1290.604975,0.1290604975,0.1290604975,0.001872365363,393.5419363,Retain,4.233078735,-1.035930109,-5.269008844,1.50967689,-1.124827533,-1.645356041,-5.851746674,4.431015751,2,0,0,1,0,0
270,323,323,68.92912035,150.5433892,3.525803667,122.0802752,-2735787.544,3119978.625,827,827,0.41404615,697.7020998,1.266454156,34.42997242,-2735122.907,3120053.844,288.8808683,4140.4615,0.41404615,0.41404615,0.006006839314,668.8795351,Retain,4.233078735,-0.881777838,-5.114856573,1.533540878,-1.023887409,-1.265730493,-4.955849146,4.961431047,2,0,0,1,0,0
271,349,349,57.6582777,208.5547399,4.467308712,30.5200688,-2733562.49,3119806.953,833,833,0.1774490338,1114.585033,1.324479054,50.22457283,-2733255.282,3120151.337,128.6767744,959.2436832,0.09592436832,0.09592436832,0.001663670372,461.4945883,Retain,4.054533822,-1.729071845,-5.783605667,1.676035899,-1.215766934,0.4981070905,-5.927386377,4.679570527,2,0,0,1,0,0
272,349,349,57.6582777,208.5547399,4.467308712,30.5200688,-2733562.49,3119806.953,842,842,0.1774489672,1097.022768,1.303609291,23.55401857,-2733721.622,3120103.099,140.2089938,993.7438922,0.09937438922,0.09937438922,0.001723506029,336.1931174,Retain,4.054533822,-1.72907222,-5.783606042,1.660153666,-1.231649355,-0.2590783251,-5.90511148,4.362786755,2,0,0,1,0,0
274,323,323,68.92912035,150.5433892,3.525803667,122.0802752,-2735787.544,3119978.625,849,849,11.35668505,210.9379842,2.0052829,0,-2736174.116,3120004.526,2223.876942,95742.13932,9.574213932,9.574213932,0.1388994069,387.4388491,Retain,4.233078735,2.429806562,-1.803272174,0.3373128338,-0.5643232531,-11.71244229,-1.818448319,4.415386184,2,0,0.004,0.994,0,0.002
275,323,323,68.92912035,150.5433892,3.525803667,122.0802752,-2735787.544,3119978.625,853,853,0.2957490555,976.7814697,1.498491084,50.22452375,-2735417.028,3119907.462,103.1344818,205.906472,0.0205906472,0.0205906472,2.987220365e-4,377.2880227,Retain,4.233078735,-1.21824397,-5.451322705,1.870011609,-0.8556497431,-0.8881636742,-6.647075579,4.388837107,2,0,0,1,0,0
276,349,349,57.6582777,208.5547399,4.467308712,30.5200688,-2733562.49,3119806.953,876,876,0.1774504215,1097.017243,1.303608067,23.55432607,-2733677.648,3119886.244,169.8092123,1174.393461,0.1174393461,0.1174393461,0.002036816755,139.8159042,Retain,4.054533822,-1.729064024,-5.783597846,1.66014863,-1.231650293,-0.2590652704,-5.795908078,3.485431772,2,0,0.004,0.996,0,0
277,323,323,68.92912035,150.5433892,3.525803667,122.0802752,-2735787.544,3119978.625,881,881,6.624754096,350.2614288,2.543151684,34.42997242,-2735229.877,3120007.849,2287.245267,57979.89374,5.797989374,5.797989374,0.08411523816,558.4318562,Retain,4.233078735,1.890813254,-2.342265482,0.8444284722,-0.3267042686,-1.265730493,-2.376975714,4.780959965,2,0,0,1,0,0
278,323,323,68.92912035,150.5433892,3.525803667,122.0802752,-2735787.544,3119978.625,893,893,26.26242893,168.570617,2.436937492,23.55383181,-2735684.115,3119948.789,4284.547537,233574.5941,23.35745941,23.35745941,0.3388619975,107.646112,Retain,4.233078735,3.26813936,-0.9649393752,0.1131034112,-0.3693662764,-1.645356041,-0.6669343516,3.134683971,2,0.026,0.09,0.872,0.006,0.006
280,349,349,57.6582777,208.5547399,4.467308712,30.5200688,-2733562.49,3119806.953,942,942,17.92265567,233.8697325,2.792995703,0,-2734042.626,3119621.347,4094.100977,156036.7562,15.60367562,15.60367562,0.2706233387,514.7621727,Retain,4.054533822,2.886065593,-1.168468229,0.1145627136,-0.469671401,-10.3261725,-0.9891440529,4.788804968,2,0.008,0.006,0.984,0,0.002
281,166,166,7.079206955,232.8062628,1.747358559,586.2713767,-2751885.765,3122103.171,262,262,6.150716539,284.8248881,1.99267219,584.0676968,-2751893.941,3122109.472,1612.267637,51395.08521,5.139508521,5.139508521,0.7260006035,10.32294955,Retain,1.957161889,1.816568586,-0.1405933039,0.2016679461,0.1313712942,-0.003765880786,0.9721584045,1.928250394,0,0.696,0.084,0.066,0.124,0.03
282,208,208,6.706617115,345.8562176,2.526634443,30.52006879,-2748468.878,3121249.078,353,353,1.478598129,496.8599488,1.70433175,50.228549,-2748539.837,3121355.545,590.8086079,11837.60425,1.183760425,1.183760425,0.1765063377,127.9475253,Retain,1.903094668,0.3910944289,-1.512000239,0.3622850605,-0.3937150592,0.4981862538,-1.535763142,4.472445646,2,0,0.042,0.958,0,0
283,208,208,6.706617115,345.8562176,2.526634443,30.52006879,-2748468.878,3121249.078,360,360,1.182880807,581.2560572,1.783335488,50.228549,-2748255.145,3121328.546,607.799057,8151.207477,0.8151207477,0.8151207477,0.1215397769,228.0280655,Retain,1.903094668,0.1679528248,-1.735141843,0.5191682451,-0.3484026766,0.4981862538,-1.97087265,5.05029071,2,0.002,0.026,0.972,0,0
284,202,202,8.383271394,262.122607,2.140948939,30.52006879,-2750715.07,3121273.578,364,364,8.753255492,261.1195885,2.179311563,25.11420966,-2750748.598,3121282.923,1953.686757,65293.68619,6.529368619,6.529368619,0.7788568821,34.80567672,Retain,2.126238219,2.169425687,0.04318746795,-0.003833864352,0.01775986963,-0.1949436001,1.255788569,3.059055061,4,0.172,0.014,0.026,0.29,0.498
285,197,197,1.769801739,310.4083504,1.164905706,30.5200688,-2747890.447,3121295.996,369,369,1.478603292,363.093308,1.245486852,53.37750464,-2747914.614,3121308.766,466.0895064,12283.99478,1.228399478,1.228399478,0.694088751,27.33417856,Retain,0.5708675282,0.3910979208,-0.1797696075,0.1567711579,0.06688635417,0.5589909047,0.8174809223,3.595105643,0,0.572,0.15,0.012,0.256,0.01
286,208,208,6.706617115,345.8562176,2.526634443,30.52006879,-2748468.878,3121249.078,378,378,1.005452798,434.0481088,1.227760847,47.10059612,-2748637.601,3121173.667,403.5951559,8541.334854,0.8541334854,0.8541334854,0.1273568285,184.8085012,Retain,1.903094668,0.005437985202,-1.897656683,0.227132245,-0.7216960964,0.4338896632,-1.917857914,4.84014318,2,0.002,0.022,0.972,0.002,0.002
288,214,214,17.23228009,152.3144879,1.783641855,30.52006879,-2750146.535,3121158.72,381,381,17.50662095,151.0006479,1.782276344,25.11420966,-2750180.797,3121165.612,2587.747822,150559.0009,15.05590009,15.05590009,0.8737033067,34.94766047,Retain,2.846784374,2.862579149,0.01579477508,-0.008663255286,-7.658677459e-4,-0.1949436001,1.927364222,2.702852897,4,0.37,0.022,0.054,0.166,0.388
289,208,208,6.706617115,345.8562176,2.526634443,30.52006879,-2748468.878,3121249.078,392,392,0.4731567135,617.1036109,1.197445232,23.55045183,-2748536.615,3121050.526,280.0202254,3751.669208,0.3751669208,0.3751669208,0.05593981502,209.7878095,Retain,1.903094668,-0.7483286272,-2.651423295,0.579013804,-0.7466978437,-0.2592297578,-2.80925378,4.966918965,2,0,0.012,0.986,0.002,0
290,210,210,1.769801739,413.8778006,1.553207608,30.5200688,-2747414.976,3121085.568,418,418,1.4194737100000001,510.9474284,1.717255683,34.42880782,-2747438.992,3121086.916,704.8321814,10156.90621,1.015690621,1.015690621,0.573900793,24.05391274,Retain,0.5708675283,0.3502861759,-0.2205813524,0.2106959426,0.1004052664,0.1205054702,0.2971811708,3.467270426,1,0.336,0.472,0.048,0.138,0.006
292,226,226,2.142391578,370.3906404,1.529341586,91.56020638,-2749746.095,3120935.97,382,382,0.1774336903,1114.699876,1.324558254,25.11412082,-2749813.312,3120983.736,144.1507721,880.0017817,0.08800017817,0.08800017817,0.04107567406,82.45967868,Retain,0.761922765,-1.729158316,-2.491081081,1.101782244,-0.143758296,-1.293537583,-3.127384694,4.603725118,2,0.002,0.076,0.922,0,0
293,226,226,2.142391578,370.3906404,1.529341586,91.56020638,-2749746.095,3120935.97,394,394,0.887169278,552.0612184,1.466849491,25.11402986,-2749760.618,3120918.98,483.2783563,8050.213942,0.8050213942,0.8050213942,0.3757582891,22.35106586,Retain,0.761922765,-0.1197194716,-0.8816422367,0.3991007095,-0.04172040887,-1.293541205,-0.5065344733,3.29832231,2,0.156,0.34,0.488,0.006,0.01
294,232,232,4.005340777,274.3143562,1.548685888,30.5200688,-2749325.973,3120885.824,410,410,3.548694978,292.826847,1.556110005,25.11397783,-2749371.115,3120894.574,937.6226154,29343.18249,2.934318249,2.934318249,0.7326013971,45.981751,Retain,1.387628665,1.266579924,-0.1210487407,0.06530673409,0.004782363748,-0.1949528308,1.005492625,3.706816959,3,0.352,0.068,0.046,0.522,0.012
295,215,215,5.029962836,351.9238706,2.226517852,30.52006879,-2748094.866,3121070.903,411,411,4.61328192,402.8868573,2.441086484,23.55053412,-2748116.654,3121007.076,1797.881683,34429.36972,3.442936972,3.442936972,0.6844855685,67.44264467,Retain,1.615412596,1.528939517,-0.08647307868,0.1352408959,0.0920043566,-0.2592262638,0.7727586088,3.975951,0,0.518,0.14,0.058,0.236,0.048
296,256,256,14.99674105,227.9327018,2.490004619,30.52006879,-2744330.963,3120651.622,491,491,0.4731664601,617.0967501,1.197444252,34.42907332,-2744083.723,3120864.409,279.2108284,3386.087749,0.3386087749,0.3386087749,0.02257882388,326.1990562,Retain,2.707832914,-0.7483080283,-3.456140942,0.9959754011,-0.73209507,0.1205131816,-3.725591212,5.005959348,2,0,0,1,0,0
297,233,233,1.490359359,368.6099162,1.269426563,30.5200688,-2743849.75,3120816.71,493,493,0.5323131177,737.2429489,1.517362266,47.10291358,-2743872.871,3120859.414,268.3886878,3225.795048,0.3225795048,0.3225795048,0.2164441099,48.56124521,Retain,0.3990172713,-0.6305233957,-1.029540667,0.6931785366,0.178408203,0.4339388631,-1.283175961,4.255702689,1,0.032,0.576,0.372,0.018,0.002
299,236,236,0.5588847596,546.0887647,1.151647165,30.52006879,-2743926.05,3120713.705,510,510,0.7689008891,510.3964317,1.262518873,23.55166037,-2743937.437,3120734.594,263.6291229,3701.275835,0.3701275835,0.3701275835,0.6622610067,23.7913869,Retain,-0.5818119817,-0.2627932006,0.3190187811,-0.0675937944,0.09191559615,-0.2591784442,0.6719387085,4.032636585,4,0,0,0.002,0.204,0.794
300,256,256,14.99674105,227.9327018,2.490004619,30.52006879,-2744330.963,3120651.622,518,518,0.4140246012,705.2495901,1.280120888,23.55166037,-2744044.635,3120657.998,293.5303622,4016.938155,0.4016938155,0.4016938155,0.02678540719,286.3986948,Retain,2.707832914,-0.8818298837,-3.589662798,1.129501351,-0.665330048,-0.2591784442,-3.557120639,4.875836855,2,0,0,1,0,0
301,256,256,14.99674105,227.9327018,2.490004619,30.52006879,-2744330.963,3120651.622,525,525,0.1182929981,1247.386749,1.210251734,103.1776441,-2744193.996,3120574.101,147.5571183,1182.929981,0.1182929981,0.1182929981,0.007887913628,157.3824789,Retain,2.707832914,-2.134590698,-4.842423612,1.699755623,-0.7214561824,1.21804467,-4.7161512,4.277133854,2,0,0.012,0.988,0,0
302,256,256,14.99674105,227.9327018,2.490004619,30.52006879,-2744330.963,3120651.622,556,556,5.382311528,454.4052849,2.973876008,0,-2744526.454,3120570.435,2247.017223,29698.60422,2.969860422,2.969860422,0.1980337203,211.6795624,Retain,2.707832914,1.683117934,-1.02471498,0.6899390801,0.17758159,-10.3261725,-1.394838461,4.573526843,2,0.012,0.062,0.908,0.008,0.01
304,288,288,132.8282779,154.8655655,5.03495046,30.52006879,-2746601.158,3120618.827,449,449,16.67886056,207.4285231,2.389718425,23.55045183,-2748533.51,3120896.95,3299.823922,152828.925,15.2828925,15.2828925,0.115057522,1952.264629,Retain,4.88905715,2.814142083,-2.074915067,0.2922293918,-0.7452281417,-0.2592297578,-2.032566078,5.704582206,2,0,0.004,0.996,0,0
305,288,288,132.8282779,154.8655655,5.03495046,30.52006879,-2746601.158,3120618.827,524,524,37.61641353,148.2308004,2.564615217,23.55138523,-2747148.697,3120851.548,5494.858966,353750.3171,35.37503171,35.37503171,0.2663215415,594.9434243,Retain,4.88905715,3.627440485,-1.261616665,-0.04378689988,-0.6745952324,-0.2591901263,-1.010980723,4.516304365,2,0,0.022,0.974,0.002,0.002
306,288,288,132.8282779,154.8655655,5.03495046,30.52006879,-2746601.158,3120618.827,634,634,17.62592502,249.9081589,2.95972569,0,-2744766.886,3120152.099,4565.504947,164271.3249,16.42713249,16.42713249,0.1236719527,1892.719634,Retain,4.88905715,2.869370831,-2.019686319,0.4785360645,-0.5313070952,-10.3261725,-1.95119507,5.67360693,2,0,0,0.998,0,0.002
307,297,297,35.30288731,155.6136849,2.608242505,30.52006879,-2742671.909,3120100.123,660,660,20.64247805,267.8382238,3.432800304,75.33962794,-2742891.335,3120253.308,3354.436202,123080.8839,12.30808839,12.30808839,0.3486425424,267.6065555,Retain,3.563964754,3.027350994,-0.5366137601,0.5430065984,0.2746997184,0.9036023119,-0.6236813346,4.379904128,2,0.052,0.42,0.518,0.002,0.008
308,16,16,11.55028503,137.4029795,1.317308727,204.7348455,-2756090.021,3128753.035,18,18,12.12072676,135.9663244,1.335336609,149.8929055,-2756121.38,3128756.078,1533.076016,102553.0528,10.25530528,10.25530528,0.8878833076,31.50638141,Retain,2.446710115,2.494916943,0.04820682786,-0.01051082437,0.01359258956,-0.3117928428,2.061546003,2.799231734,4,0.224,0.032,0.026,0.118,0.6
309,39,39,1.210916979,403.2655493,1.251824291,155.6224263,-2755187.956,3124574.493,84,84,1.478379743,458.6813503,1.573255113,160.1035787,-2755221.166,3124590.239,459.7592587,8222.215329,0.8222215329,0.8222215329,0.6790073531,36.75394286,Retain,0.1913779066,0.3909467199,0.1995688133,0.1287604669,0.2285448736,0.02838806316,0.747574902,4.080948706,4,0.022,0.008,0,0.402,0.568
310,288,288,132.8282779,154.8655655,5.03495046,30.52006879,-2746601.158,3120618.827,412,412,5.618724781,223.5190392,1.494612017,47.10122933,-2747661.006,3121176.003,1220.439547,42716.14555,4.271614555,4.271614555,0.03215892447,1197.381408,Retain,4.88905715,1.726104731,-3.162952419,0.3669391754,-1.214537034,0.4339031066,-3.374788695,5.215729494,2,0,0.01,0.99,0,0
311,288,288,132.8282779,154.8655655,5.03495046,30.52006879,-2746601.158,3120618.827,484,484,1.00547584,483.9985624,1.36906781,23.55138523,-2746697.417,3120723.634,364.7350369,3905.951871,0.3905951871,0.3905951871,0.002940602659,142.3032766,Retain,4.88905715,0.005460901798,-4.883596248,1.139524515,-1.302273609,-0.2591901263,-5.53447912,3.085803926,2,0,0.002,0.998,0,0
313,288,288,132.8282779,154.8655655,5.03495046,30.52006879,-2746601.158,3120618.827,537,537,3.489629083,319.4067959,1.68317338,0,-2745970.862,3120541.091,991.9874789,25953.34698,2.595334698,2.595334698,0.01953902241,635.0715053,Retain,4.88905715,1.249795451,-3.639261699,0.7239080912,-1.095722758,-10.3261725,-3.866715646,4.581575542,2,0,0.004,0.996,0,0
314,288,288,132.8282779,154.8655655,5.03495046,30.52006879,-2746601.158,3120618.827,553,553,0.8280531781,595.2496819,1.528,0,-2746082.762,3120345.787,489.560819,7392.793077,0.7392793077,0.7392793077,0.005565677126,585.9050177,Retain,4.88905715,-0.1886779019,-5.077735052,1.34642353,-1.192443996,-10.3261725,-5.021323503,4.500995765,2,0,0,1,0,0
315,288,288,132.8282779,154.8655655,5.03495046,30.52006879,-2746601.158,3120618.827,565,565,7.156735639,169.7798064,1.281263899,68.85863649,-2745690.621,3120412.002,1233.109558,67140.85904,6.714085904,6.714085904,0.0505471125,933.7316614,Retain,4.88905715,1.968053961,-2.921003189,0.09194491981,-1.368556675,0.8136529536,-2.914442399,4.967026535,2,0.002,0.046,0.946,0.002,0.004
316,288,288,132.8282779,154.8655655,5.03495046,30.52006879,-2746601.158,3120618.827,566,566,0.5323237357,837.4485027,1.723618291,0,-2744649.333,3120350.668,469.2513485,4502.044892,0.4502044892,0.4502044892,0.003389372327,1970.16002,Retain,4.88905715,-0.630503449,-5.519560599,1.687802351,-1.071977948,-10.3261725,-5.426176809,5.713706922,2,0,0,1,0,0
319,297,297,35.30288731,155.6136849,2.608242505,30.52006879,-2742671.909,3120100.123,591,591,0.2365894588,822.7838887,1.128959968,120.4101131,-2742690.359,3120385.547,140.609658,1126.69815,0.112669815,0.112669815,0.003191518417,286.0202211,Retain,3.563964754,-1.441428881,-5.005393635,1.665317019,-0.8373797985,1.372494605,-5.472498297,4.446448574,2,0,0.01,0.99,0,0
320,267,267,3.167013638,385.4744221,1.935154307,61.0401376,-2743286.027,3120509.041,605,605,3.430515718,420.1188251,2.195062635,75.33962794,-2743319.786,3120511.861,1155.397071,13106.7027,1.31067027,1.31067027,0.4138505292,33.87733107,Retain,1.152789074,1.232710605,0.07992153123,0.08606274732,0.1260235129,0.2104715132,-0.3473611379,3.518746015,4,0.066,0.108,0.064,0.246,0.516
321,288,288,132.8282779,154.8655655,5.03495046,30.52006879,-2746601.158,3120618.827,617,617,3.016505733,452.7602698,2.218275362,0,-2744229.041,3120274.852,1471.463947,25869.96192,2.586996192,2.586996192,0.01947624582,2396.926975,Retain,4.88905715,1.104099119,-3.784958031,1.072805358,-0.81967365700000006,-10.3261725,-3.869840741,5.909779554,2,0.002,0,0.998,0,0
322,297,297,35.30288731,155.6136849,2.608242505,30.52006879,-2742671.909,3120100.123,643,643,1.301249767,417.3861909,1.343115858,47.10511425,-2742113.951,3120213.15,541.1446538,12140.43154,1.214043154,1.214043154,0.03438934452,569.2914478,Retain,3.563964754,0.2633251619,-3.300639592,0.9866353533,-0.6636844428,0.4339855819,-3.307385011,5.134776836,2,0,0.014,0.986,0,0
323,42,42,1.210916979,453.673743,1.408302327,0,-2755669.234,3124532.235,86,86,0.2956768677,817.5525058,1.254063121,141.2634857,-2755698.806,3124470.117,155.6019319,545.1529825,0.05451529825,0.05451529825,0.04501984793,68.79760929,Retain,0.1913779065,-1.218488084,-1.409865991,0.588936816,-0.1159961793,11.8583892,-3.033664371,4.707859521,1,0,0.604,0.392,0.002,0.002
325,47,47,0.8383271394,582.4946823,1.504505556,96.51293174,-2755255.778,3124306.595,104,104,1.06444575,507.2985327,1.476455766,68.85329522,-2755275.749,3124296.156,463.943127,5929.303335,0.5929303335,0.5929303335,0.7072779893,22.53473008,Retain,-0.1763468736,0.0624542409,0.2388011145,-0.1382204042,-0.01881984693,-0.3376947599,0.8802028789,3.775640433,4,0.026,0,0.004,0.352,0.618
326,52,52,1.304064439,374.4608672,1.20628807,244.1605504,-2754684.375,3124254.033,108,108,1.064447028,589.8618023,1.716751234,251.1699309,-2754713.172,3124301.889,401.8739429,3208.829559,0.3208829559,0.3208829559,0.2460637268,55.85283477,Retain,0.2654858787,0.06245544158,-0.2030304371,0.454400972,0.3528857534,0.02830360926,-1.116987033,4.462360189,1,0.07,0.65,0.078,0.15,0.052
327,59,59,0.3725898398,655.3065176,1.128379167,152.600344,-2755020.095,3124162.473,109,109,0.4139532628,705.3156284,1.280130456,103.2798985,-2755055.057,3124183.918,133.2161758,1099.504898,0.1099504898,0.1099504898,0.2950979283,41.01512628,Retain,-0.9872770897,-0.8820022034,0.1052748863,0.07354231058,0.1261797537,-0.3903764797,-0.8687862808,4.779968801,3,0,0.008,0.008,0.85,0.134
329,72,72,22.72798022,187.9977714,2.528297589,0,-2755849.766,3124155.718,120,120,12.83252427,239.755402,2.422810886,78.94366292,-2755982.367,3124150.953,2651.965546,116651.1449,11.66511449,11.66511449,0.5132490601,132.6867058,Retain,3.123596774,2.551982907,-0.5716138673,0.2431891364,-0.04261779722,11.27650242,0.05290279424,3.898564847,2,0.05,0.42,0.508,0.008,0.014
330,72,72,22.72798022,187.9977714,2.528297589,0,-2755849.766,3124155.718,113,113,1.241859293,553.6446489,1.740453283,25.11699333,-2755460.37,3124150.819,561.7657619,6208.890834,0.6208890834,0.6208890834,0.02731826926,389.4268075,Retain,3.123596774,0.2166096863,-2.906987088,1.080092944,-0.3734005998,10.13133973,-3.537577332,4.975245057,2,0,0.082,0.918,0,0
331,72,72,22.72798022,187.9977714,2.528297589,0,-2755849.766,3124155.718,114,114,0.2956805593,987.443363,1.514672179,25.11699333,-2755286.964,3124142.085,255.1543275,2386.590799,0.2386590799,0.2386590799,0.01050067263,562.9674014,Retain,3.123596774,-1.218475599,-4.342072373,1.658689032,-0.5123471541,10.13133973,-4.455803664,5.343790057,2,0,0,1,0,0
332,60,60,1.024622059,476.5865583,1.360876479,204.7348455,-2754227.961,3124183.282,115,115,0.9461803576,461.2010855,1.265529732,223.3244756,-2754262.112,3124211.07,343.9837437,5601.986294,0.5601986294,0.5601986294,0.5467368425,44.02802569,Retain,0.02432382189,-0.05532207526,-0.07964589715,-0.03281521876,-0.07263816733,0.08690964947,0.1871182851,4.345052123,3,0.024,0.034,0.038,0.87,0.034
333,72,72,22.72798022,187.9977714,2.528297589,0,-2755849.766,3124155.718,117,117,0.1182729254,1247.593763,1.210349883,47.08888097,-2755311.718,3124050.118,147.5565641,1182.729254,0.1182729254,0.1182729254,0.005203846724,548.3125282,Retain,3.123596774,-2.134760398,-5.258357172,1.892541877,-0.7366367094,10.75981342,-5.078373032,5.317413811,2,0,0.006,0.994,0,0
334,72,72,22.72798022,187.9977714,2.528297589,0,-2755849.766,3124155.718,124,124,1.123594286,391.1778005,1.16969876,50.23378741,-2755447.02,3123981.098,383.3776977,7931.602014,0.7931602014,0.7931602014,0.03489796249,438.97261,Retain,3.123596774,0.1165327309,-3.007064044,0.7327320806,-0.7707999411,10.82446304,-3.292588919,5.095005853,2,0,0.006,0.994,0,0
335,104,104,19.56096658,237.1585492,2.958891284,204.7348455,-2754161.9,3123625.029,134,134,0.413957761,705.3119477,1.280130731,53.36933042,-2754449.973,3123936.195,136.116931,1005.742091,0.1005742091,0.1005742091,0.005141576655,424.0404497,Retain,2.97353608,-0.881991337,-3.855527417,1.089911282,-0.837852426,-1.344465608,-5.088523609,5.135428112,2,0,0,1,0,0
336,85,85,1.210916979,403.2655493,1.251824291,129.4856856,-2752497.494,3123743.408,154,154,1.123615761,474.9928675,1.420335911,156.9748922,-2752523.163,3123745.892,441.7170765,7314.63135,0.731463135,0.731463135,0.6040572125,25.78806275,Retain,0.1913779066,0.1165518436,-0.07482606297,0.1637045121,0.1262914806,0.1925141781,0.4215308615,3.726626467,3,0.142,0.11,0.032,0.694,0.022
337,104,104,19.56096658,237.1585492,2.958891284,204.7348455,-2754161.9,3123625.029,158,158,11.29525369,263.493194,2.498115216,0,-2754341.056,3123616.138,2777.361751,89527.5278,8.95275278,8.95275278,0.4576845802,179.3762483,Retain,2.97353608,2.42438261,-0.5491534695,0.1052986368,-0.1692780979,-12.22947587,-0.1693272501,4.275088024,2,0.026,0.074,0.892,0.006,0.002
339,104,104,19.56096658,237.1585492,2.958891284,204.7348455,-2754161.9,3123625.029,165,165,5.026728977,338.5100339,2.140963924,0,-2753882.702,3123480.985,1557.204086,45133.18688,4.513318688,4.513318688,0.2307308623,314.1657114,Retain,2.97353608,1.61476947,-1.35876661,0.3558248326,-0.3235584724,-12.22947587,-1.201163361,4.835520676,2,0.002,0.008,0.988,0,0.002
340,105,105,3.073866178,297.8665989,1.473192003,43.16189522,-2752755.599,3123464.673,170,170,2.188114224,354.3927915,1.478818729,53.37110103,-2752781.38,3123472.251,757.0278556,18458.05394,1.845805394,1.845805394,0.6004833287,26.87143656,Retain,1.122936111,0.7830400881,-0.3398960224,0.1737601468,0.00381213561,0.2123069376,0.4066434268,3.301997986,0,0.424,0.424,0.066,0.084,0.002
341,110,110,0.3725898397,655.3065176,1.128379167,30.52006879,-2753249.931,3123216.35,177,177,0.5322490311,548.5657577,1.128966883,0,-2753284.606,3123210.568,188.162449,2022.622355,0.2022622355,0.2022622355,0.5428549412,35.15367831,Retain,-0.9872770897,-0.6306437957,0.3566332941,-0.177795933,5.207140169e-4,-10.3261725,0.1714967027,4.625761193,4,0.006,0.002,0.008,0.106,0.878
343,1,1,1.397211899,524.2452141,1.748077489,172.6475809,-2757198.211,3129746.628,2,2,0.886845344,495.5698975,1.3165093,244.90884930000001,-2757273.849,3129729.491,356.7547919,5485.02239,0.548502239,0.548502239,0.3925691153,77.55523591,Retain,0.3344787501,-0.1200846704,-0.4545634206,-0.05625113227,-0.2835328425,0.3496319766,-0.4356266281,4.756128866,1,0.018,0.548,0.33,0.102,0.002
344,117,117,2.514981418,461.1416235,2.062988384,30.52006879,-2753351.1,3123280.216,167,167,0.7096599213,685.7095999,1.629522783,0,-2753315.006,3123434.178,381.7434539,1809.382065,0.1809382065,0.1809382065,0.07194415243,158.1359785,Retain,0.9222654151,-0.3429694078,-1.265234823,0.3967490092,-0.2358684023,-10.3261725,-2.54447474,5.174693845,2,0.002,0.034,0.948,0.012,0.004
345,140,140,5.775142516,253.6670391,1.71965157,43.16189521,-2756127.679,3122790.546,176,176,0.9462194182,514.2804998,1.411208077,47.09237689,-2756188.594,3122975.058,392.3547558,6769.867148,0.6769867148,0.6769867148,0.1172242439,194.3069777,Retain,1.753562934,-0.05528079372,-1.808843728,0.7067462987,-0.1976755652,0.08715115403,-2.011620168,4.96502789,2,0,0.034,0.966,0,0
346,117,117,2.514981418,461.1416235,2.062988384,30.52006879,-2753351.1,3123280.216,182,182,1.951575771,421.478544,1.660975582,0,-2753401.127,3123232.642,698.5255578,12532.09702,1.253209702,1.253209702,0.4982977978,69.03651665,Retain,0.9222654151,0.6686371341,-0.253628281,-0.08993633294,-0.2167504734,-10.3261725,-0.006795244471,4.345882312,2,0.04,0.184,0.642,0.108,0.026
347,129,129,4.098488237,297.8665989,1.701095599,30.5200688,-2753077.216,3122981.901,188,188,0.2956948244,828.1556317,1.27036608,25.11600322,-2753266.518,3123060.878,151.377722,1333.003762,0.1333003762,0.1333003762,0.03252427932,205.1160024,Retain,1.410618183,-1.218427355,-2.629045538,1.022555366,-0.291967403,-0.1948721893,-3.363453481,5.190636411,2,0,0.038,0.962,0,0
348,140,140,5.775142516,253.6670391,1.71965157,43.16189521,-2756127.679,3122790.546,202,202,4.080608725,273.8969363,1.560790882,34.427388,-2756147.522,3122726.269,1030.298729,33417.09601,3.341709601,3.341709601,0.5786367336,67.27054845,Retain,1.753562934,1.406246175,-0.3473167594,0.07672935354,-0.09692902618,-0.2260997625,0.3165358212,3.904320866,2,0.188,0.28,0.488,0.032,0.012
350,129,129,4.098488237,297.8665989,1.701095599,30.5200688,-2753077.216,3122981.901,204,204,4.671987567,446.1984799,2.720658259,25.11600322,-2753046.198,3123033.956,1055.522096,26935.91693,2.693591693,2.693591693,0.6572159142,60.5959239,Retain,1.410618183,1.541584584,0.1309664014,0.4041181436,0.4696013443,-0.1948721893,0.6495192116,3.971299982,4,0.162,0.054,0.068,0.156,0.56
352,3,3,29.34144988,156.0253613,2.384136135,0,-2756557.774,3129511.962,10,10,29.08884194,153.9967203,2.342986335,47.07149933,-2756587.402,3129511.499,4375.668433,252343.8997,25.23438997,25.23438997,0.860025325,29.63132222,Retain,3.379001188,3.370354662,-0.008646525745,-0.01308726115,-0.01741052402,10.75944423,1.809543653,2.271730082,0,0.546,0.124,0.094,0.096,0.14
353,4,4,7.638091714,175.8139438,1.370694968,1490.492174,-2758927.409,3129351.629,7,7,7.331319654,178.5448407,1.363745879,1491.294494,-2758951.211,3129356.275,1254.359035,64108.09395,6.410809395,6.410809395,0.8393208193,24.25141739,Retain,2.033147796,1.992155534,-0.040992262,0.01541348024,-0.005082650757,5.381470503e-4,1.648169741,2.744307343,0,0.404,0.02,0.044,0.374,0.158
354,5,5,4.750520457,321.2286851,1.975058594,0,-2756657.707,3129250.647,11,11,2.364966413,430.0422093,1.865600463,0,-2756650.857,3129284.78,941.1726374,19579.56943,1.957956943,1.957956943,0.4121563018,34.81373582,Retain,1.558254182,0.8607638201,-0.6974903617,0.2917300809,-0.05701509998,0,-0.3543348042,3.343278592,2,0.012,0.45,0.532,0.004,0.002
355,5,5,4.750520457,321.2286851,1.975058594,0,-2756657.707,3129250.647,12,12,0.82774103,527.1288031,1.352879316,0,-2756799.413,3129191.409,348.3740968,4581.484905,0.4581484905,0.4581484905,0.09644174668,153.5899348,Retain,1.558254182,-0.1890549393,-1.747309121,0.4952916427,-0.3783629178,0,-2.228191977,4.827530653,2,0,0.044,0.956,0,0
356,6,6,0.2794423798,873.7420234,1.302940032,61.04013759,-2757171.76,3129091.464,14,14,0.8277424051,474.0913134,1.216759283,47.07149933,-2757181.436,3129110.824,243.8923968,2476.162981,0.2476162981,0.2476162981,0.8861086077,21.64361946,Retain,-1.274959162,-0.189053278,1.085905884,-0.611385217,-0.06843227494,-0.2598590715,2.043980151,4.284601424,4,0.004,0,0.002,0.028,0.966
357,7,7,2.514981418,388.3297882,1.737253376,30.52006879,-2756901.601,3129084.681,15,15,1.00511462,484.0926529,1.36908797,23.5358904,-2756965.193,3129155.8,382.7500761,6120.565614,0.6120565614,0.6120565614,0.243364248,95.40364105,Retain,0.9222654151,0.0051015848,-0.9171638303,0.2204213718,-0.2381605433,-0.2598482306,-1.1315428,4.669359461,2,0.004,0.12,0.862,0.014,0
358,7,7,2.514981418,388.3297882,1.737253376,30.52006879,-2756901.601,3129084.681,16,16,1.241622332,594.2054814,1.8677832620000001,23.5358904,-2756896.892,3129001.213,532.7987994,6171.161884,0.6171161884,0.6171161884,0.2453760429,83.60072866,Retain,0.9222654151,0.2164188564,-0.7058465587,0.4253702396,0.07244696023,-0.2598482306,-1.120684843,4.537296433,2,0.012,0.42,0.542,0.02,0.006
359,13,13,0.3725898397,655.3065177,1.128379167,335.7207568,-2757217.54,3128709.963,17,17,0.23650135,822.9500853,1.128977729,330.4628301,-2757256.57,3128712.757,127.4833541,780.4334624,0.07804334624,0.07804334624,0.2094618208,39.12912986,Retain,-0.9872770899,-1.441801363,-0.4545242727,0.2277924571,5.303207743e-4,-0.01578549854,-1.324673852,4.732896243,1,0.038,0.704,0.016,0.242,0
360,15,15,0.9314745993,458.7145623,1.248886881,1039.476087,-2762100.751,3128700.807,13,13,0.7686181105,506.435081,1.252489681,1067.872907,-2762128.614,3128695.209,352.8082013,5481.347961,0.5481347961,0.5481347961,0.5884591984,28.41979753,Retain,-0.07098635791,-0.2631610382,-0.1921746803,0.09896799566,0.002880655508,0.02695188288,0.35687039,3.954979306,3,0.098,0.382,0.012,0.504,0.004
361,17,17,1.397211899,524.2452141,1.748077489,43.16189522,-2756290.748,3128320.323,19,19,0.827769023,766.0736638,1.966166016,0,-2756358.771,3128352.32,353.8207747,3438.233575,0.3438233575,0.3438233575,0.2460781774,75.17257563,Retain,0.3344787502,-0.1890211213,-0.5234998714,0.3793187912,0.1175688555,-10.6727365,-1.116909404,4.724925349,2,0.048,0.388,0.46,0.078,0.026
362,18,18,0.6520322195,748.9217344,1.705948949,68.24494851,-2756783.719,3128175.862,20,20,0.7686465185,751.3995328,1.85835774,34.42447792,-2756808.45,3128113.512,446.3076852,3169.761655,0.3169761655,0.3169761655,0.4861357399,67.07539296,Retain,-0.4276613019,-0.263124079,0.1645372229,0.003303026775,0.08557163821,-0.6843211422,-0.05536048216,4.992027757,3,0.004,0,0.012,0.682,0.302
364,20,20,9.780483293,174.7484047,1.541659436,43.16189522,-2756479.972,3128046.515,22,22,11.52976773,231.6983479,2.219362707,0,-2756492.199,3128062.842,1709.176244,87210.04343,8.721004343,8.721004343,0.8916741721,20.39812299,Retain,2.280388899,2.444932189,0.1645432896,0.282089049,0.3643606938,-10.6727365,2.099888975,2.447662402,4,0.336,0.022,0.06,0.038,0.544
365,21,21,1.304064439,468.076084,1.507860088,61.04013759,-2756652.919,3127827.061,23,23,1.478187293,428.9959664,1.471339888,47.07566894,-2756679.422,3127826.083,547.5640083,9557.330636,0.9557330637,0.9557330637,0.7328879119,26.5205293,Retain,0.2654858787,0.3908165348,0.1253306561,-0.08718333893,-0.02451801088,-0.2597704969,1.006951176,3.717578833,4,0.028,0.002,0.002,0.412,0.556
366,22,22,2.142391578,313.4074649,1.294058265,61.04013759,-2756549.416,3127621.192,24,24,1.419072256,376.0619025,1.263736885,70.6146621,-2756586.714,3127622.35,491.4717577,10187.2834,1.01872834,1.01872834,0.4755098697,37.31592297,Retain,0.761922765,0.35000331690000003,-0.4119194481,0.1822496154,-0.02371010867,0.145703939,-0.09784297267,3.810850483,1,0.056,0.818,0.098,0.024,0.004
367,26,26,8.383271393,240.2790565,1.962536528,30.52006879,-2759062.648,3125221.18,27,27,2.069642649,491.4518951,1.994452808,50.23624601,-2759076.013,3125362.361,977.1260372,15395.64093,1.539564093,1.539564093,0.1836471731,141.8122364,Retain,2.126238219,0.727375959,-1.39886226,0.715563078,0.01613194776,0.4983394787,-1.487624027,4.463756789,2,0.002,0.06,0.934,0.004,0
368,30,30,10.15307313,258.5154152,2.323701136,401.4288301,-2756719.559,3125048.815,29,29,0.354797303,681.3018387,1.14478725,94.1683032,-2756871,3125450.204,191.8123359,2163.566128,0.2163566128,0.2163566128,0.02130947054,429.0080442,Retain,2.317776431,-1.03620863,-3.353985061,0.96905011109999994,-0.7079424196,-1.449938489,-3.782225459,5.474954728,2,0,0.008,0.992,0,0
371,26,26,8.383271393,240.2790565,1.962536528,30.52006879,-2759062.648,3125221.18,33,33,0.1182666413,1247.659369,1.210381374,55.47867991,-2759160.821,3125108.511,147.5564831,1182.666413,0.1182666413,0.1182666413,0.01410745707,149.4397766,Retain,2.126238219,-2.134813532,-4.261051751,1.647223587,-0.4833022884,0.5975996008,-4.1793726940000004,4.516146004,2,0,0.086,0.914,0,0
373,24,24,1.676654279,546.0887647,1.994711402,0,-2757900.851,3125317.148,34,34,1.300929989,600.8885641,1.933374425,34.42602132,-2757901.658,3125257.128,532.0221366,7053.652446,0.7053652446,0.7053652446,0.4206980852,60.02606668,Retain,0.516800307,0.2630793849,-0.2537209221,0.09562796471,-0.03123249636,10.44659704,-0.3192588908,4.408760361,1,0.09,0.576,0.148,0.168,0.018
374,25,25,0.2794423798,873.7420235,1.302940032,0,-2757578.695,3125235.762,35,35,0.4730660055,723.3606327,1.4034948,34.42599812,-2757611,3125226.107,226.3190306,1436.724626,0.1436724626,0.1436724626,0.5141398476,33.71710711,Retain,-1.274959162,-0.7485203537,0.5264388085,-0.1888772662,0.07434213801,10.44659636,0.05646149228,4.72787952,4,0,0.008,0.004,0.28,0.708
375,28,28,0.7451796795,491.4798882,1.196826841,61.04013759,-2757461.701,3124864.434,58,58,1.123549434,556.017238,1.662567998,50.23537803,-2757477.723,3124837.55,331.3438866,3928.8498,0.39288498,0.39288498,0.5272352304,31.29685538,Retain,-0.2941299091,0.1164928114,0.4106227205,0.1233782778,0.3286896381,-0.1948085974,0.1088307649,4.162979474,4,0.014,0.022,0.012,0.202,0.75
376,30,30,10.15307313,258.5154152,2.323701136,401.4288301,-2756719.559,3125048.815,60,60,7.096087495,265.4397534,1.994667512,70.62672768,-2756699.867,3124957.839,1799.484858,61347.5266,6.13475266,6.13475266,0.6042261865,93.08195686,Retain,2.317776431,1.959543575,-0.3582328562,0.02643257202,-0.1526838561,-1.737609938,0.4222358711,3.946967832,2,0.048,0.052,0.88,0.008,0.012
378,31,31,4.284783157,284.9158772,1.663704317,61.04013759,-2759151.584,3124787.47,41,41,1.300942954,600.8845652,1.933371192,106.7321665,-2759127.248,3124921.334,641.2134654,8940.750095,0.8940750095,0.8940750095,0.208662837,136.0573543,Retain,1.455069946,0.2630893509,-1.191980595,0.7462088758,0.1502185784,0.5587839249,-1.32948631,4.757913839,2,0.008,0.166,0.818,0.002,0.006
380,31,31,4.284783157,284.9158772,1.663704317,61.04013759,-2759151.584,3124787.47,54,54,0.7096095304,544.1507095,1.293075811,75.35308659,-2759318.179,3124696.959,252.2642746,2822.206197,0.2822206197,0.2822206197,0.06586578815,189.594854,Retain,1.455069946,-0.3430404174,-1.798110363,0.647032279,-0.2520229025,0.2106501348,-2.638002613,5.089724693,2,0,0.038,0.962,0,0
381,69,69,1.210916979,504.0819366,1.564780364,30.52006879,-2758977.14,3124039.218,94,94,0.2365429963,822.8715202,1.128969337,0,-2758992.553,3124047.92,194.3196722,2347.64773,0.234764773,0.234764773,0.1938735496,17.70004379,Retain,0.1913779065,-1.441625285,-1.633003192,0.4900612494,-0.3264403464,-10.3261725,-1.421129463,3.350299599,2,0.034,0.316,0.642,0.008,0
382,92,92,4.284783157,356.14484650000003,2.079630396,68.24494851,-2759355.936,3123731.874,102,102,0.1774077286,1114.892917,1.324690714,74.96550206,-2759496.282,3123897.571,201.0424369,565.4498115,0.05654498116,0.05654498116,0.0131966961,217.1466066,Retain,1.455069946,-1.729304644,-3.18437459,1.14117612,-0.451011175,0.09392330474,-4.242474325,5.225407307,2,0,0.11,0.89,0,0
383,92,92,4.284783157,356.14484650000003,2.079630396,68.24494851,-2759355.936,3123731.874,110,110,0.4730895515,617.1514177,1.197453002,47.08881364,-2759389.335,3123791.698,292.0192545,4636.844795,0.4636844795,0.4636844795,0.1082165567,68.51566659,Retain,1.455069946,-0.7484705817,-2.203540527,0.549776883,-0.5519933807,-0.371061363,-2.101011377,4.071906994,2,0,0.056,0.944,0,0
384,78,78,1.304064439,514.8836924,1.658646097,30.5200688,-2759020.404,3123861.632,111,111,0.4730891712,723.3346549,1.403478759,125.5849572,-2759036.159,3123825.499,252.3907643,2490.628047,0.2490628047,0.2490628047,0.1909896454,39.41787234,Retain,0.2654858787,-0.7484713856,-1.013957264,0.3399309496,-0.1670476825,1.414573217,-1.439605591,4.113866699,1,0.01,0.706,0.282,0.002,0
385,79,79,1.117769519,436.8710117,1.302940032,68.2449485,-2758517.187,3123869.989,112,112,1.064449452,589.8615955,1.716752587,47.08819809,-2758507.93,3123865.166,417.9228963,6039.737004,0.6039737004,0.6039737004,0.5403383167,10.43773185,Retain,0.1113351989,0.06245771878,-0.04887748011,0.3002499416,0.2758112015,-0.371074435,0.1613805397,2.862220448,3,0.336,0.158,0.024,0.432,0.05
386,90,90,0.4657372996,655.3065176,1.261566261,43.16189522,-2758410.875,3123652.787,125,125,0.4730926055,716.6836994,1.390579026,74.96702156,-2758460.681,3123695.545,129.5556804,439.4444506,0.04394444506,0.04394444506,0.09435457519,65.64204139,Retain,-0.7641335385,-0.7484641264,0.01566941213,0.08953150671,0.09736621277,0.5520804242,-2.252149128,5.138663312,3,0.006,0.116,0.026,0.798,0.054
387,92,92,4.284783157,356.14484650000003,2.079630396,68.24494851,-2759355.936,3123731.874,127,127,1.419277702,480.0046813,1.613148062,47.08881364,-2759308.885,3123628.362,601.7382405,11534.74679,1.153474679,1.153474679,0.2692025796,113.7032215,Retain,1.455069946,0.3501480818,-1.104921864,0.2984583363,-0.2540025956,-0.371061363,-0.996331755,4.578430499,2,0.006,0.038,0.952,0.004,0
388,99,99,9.035303613,290.4967037,2.463245239,30.52006879,-2758738.352,3123699.165,136,136,3.962154629,314.5581614,1.766288885,23.54497409,-2758813.393,3123648.914,1123.079928,31904.49715,3.190449715,3.190449715,0.3531092979,90.31190293,Retain,2.201139528,1.376787976,-0.824351552,0.07957676273,-0.3325990133,-0.2594623709,-0.604116396,3.975075519,2,0.022,0.142,0.822,0.008,0.006
389,99,99,9.035303613,290.4967037,2.463245239,30.52006879,-2758738.352,3123699.165,103,103,1.360123768,468.5705788,1.541555975,23.54387391,-2758789.067,3124008.662,554.8602101,9713.327736,0.9713327736,0.9713327736,0.1075041653,313.6242435,Retain,2.201139528,0.3075757013,-1.893563826,0.4780945096,-0.4686874036,-0.2595090967,-2.10835311,5.21999396,2,0,0.012,0.988,0,0
390,99,99,9.035303613,290.4967037,2.463245239,30.52006879,-2758738.352,3123699.165,133,133,0.1182734765,1247.587037,1.210346177,23.54484838,-2758496.076,3123559.512,139.1409063,966.562843,0.0966562843,0.0966562843,0.01069762439,279.6444978,Retain,2.201139528,-2.134755738,-4.335895266,1.457374365,-0.710573268,-0.2594677101,-4.438624549,5.105317901,2,0,0.01,0.99,0,0
391,95,95,0.1862949199,982.9597764,1.196826841,30.52006879,-2758468.863,3123506.291,137,137,0.177411024,1097.149138,1.303620063,23.54484838,-2758437.083,3123509.516,118.9997486,519.9206046,0.05199206045,0.05199206045,0.2790846926,31.94302203,Retain,-1.68042427,-1.729286069,-0.04886179896,0.1099022021,0.08547130267,-0.2594677101,-0.9468157981,4.876562138,3,0.02,0.05,0,0.908,0.022
393,109,109,2.049244119,357.4399187,1.44342748,30.5200688,-2759348.396,3123253.807,149,149,1.655847279,437.970537,1.58982786,75.34960567,-2759417.217,3123260.443,524.4653115,8027.125451,0.8027125451,0.8027125451,0.3917115281,69.13976462,Retain,0.7174710025,0.5043128286,-0.2131581738,0.2031843527,0.09660526576,0.9037347377,-0.4392165197,4.449773935,1,0.09,0.652,0.132,0.12,0.006
395,136,136,14.53100375,243.6396027,2.619936456,0,-2759049.527,3123036.947,172,172,9.816912921,237.9339183,2.102998166,25.11633148,-2759086.106,3123009.658,2262.042698,82103.83717,8.210383717,8.210383717,0.5650252287,45.63636476,Retain,2.676284556,2.284106706,-0.3921778499,-0.02369711426,-0.2197860392,10.13131338,0.2610542733,3.054949448,2,0.072,0.174,0.708,0.022,0.024
396,116,116,1.210916979,554.4901303,1.7212584,30.52006879,-2758420.735,3123226.915,150,150,0.2365508062,822.8567992,1.128967776,23.54535518,-2758418.383,3123247.228,194.6474392,2365.508062,0.2365508062,0.2365508062,0.1953484923,20.44875029,Retain,0.1913779065,-1.441592269,-1.632970175,0.3947331796,-0.421751908,-0.2594461863,-1.411760174,3.494646661,1,0.02,0.526,0.45,0.004,0
398,118,118,3.073866178,476.5865583,2.357107205,30.5200688,-2758677.417,3123247.333,152,152,0.3548264957,690.1410176,1.159687374,23.54535518,-2758474.791,3123171.397,43.13614553,115.7237528,0.01157237528,0.01157237528,0.003764762227,216.3872757,Retain,1.122936111,-1.036126353,-2.159062464,0.3702465892,-0.7092846428,-0.2594461864,-5.343739052,5.387971254,2,0,0.154,0.844,0.002,0
400,122,122,14.06526645,221.3286914,2.341567955,0,-2757948.708,3123134.997,153,153,0.3548271532,690.1402624,1.15968718,23.54541289,-2758324.664,3123184.506,152.8447352,1377.024799,0.1377024799,0.1377024799,0.009790250357,379.201365,Retain,2.643708386,-1.0361245,-3.679832886,1.137245968,-0.7026704754,10.06672877,-4.520283185,5.188580757,2,0,0.012,0.988,0,0
401,118,118,3.073866178,476.5865583,2.357107205,30.5200688,-2758677.417,3123247.333,156,156,2.4837737030000002,525.8175134,2.337685739,23.54497409,-2758710.057,3123280.844,1250.920558,18026.92052,1.802692052,1.802692052,0.586457558,46.77994736,Retain,1.122936111,0.9097790582,-0.2131570524,0.09830485888,-0.008273667318,-0.2594623711,0.3486286392,3.8563729,1,0.18,0.484,0.13,0.188,0.018
403,122,122,14.06526645,221.3286914,2.341567955,0,-2757948.708,3123134.997,166,166,6.682606438,276.2410934,2.014449083,23.54553368,-2757947.183,3123108.177,1719.423904,60859.80216,6.085980216,6.085980216,0.4326956932,26.86368516,Retain,2.643708386,1.899508097,-0.7442002891,0.2216251232,-0.1504750214,10.0667339,-0.2703139063,2.541323355,2,0.066,0.256,0.674,0.004,0
404,126,126,0.1862949198,982.9597765,1.196826841,30.5200688,-2758072.102,3122895.89,169,169,0.1774157606,1114.834442,1.324651221,23.54553368,-2758098.894,3122908.778,109.1629397,530.5835313,0.05305835313,0.05305835313,0.2848083736,29.73055248,Retain,-1.68042427,-1.729259371,-0.04883510063,0.1258929903,0.1014754401,-0.2594386056,-0.9186262019,4.804785933,3,0.028,0.07,0.002,0.872,0.028
405,125,125,1.210916979,453.673743,1.408302327,86.32379043,-2756854.821,3122978.059,174,174,1.833295441,399.0095421,1.52403373,74.97084081,-2756884.353,3122979.724,510.5142179,9581.838623,0.9581838623,0.9581838623,0.7912878248,29.57908261,Retain,0.1913779065,0.6061151349,0.4147372284,-0.1283929802,0.07897563401,-0.1410042285,1.329188744,3.86377724,4,0.004,0,0,0.038,0.958
406,145,145,20.77188356,226.2717572,2.90913153,0,-2758395.574,3122808.025,164,164,1.064485764,501.3791941,1.459255386,23.54541289,-2758341.908,3123045.129,275.9677061,4166.122216,0.4166122216,0.4166122216,0.0200565452,243.101683,Retain,3.033600321,0.06249183217,-2.971108488,0.7956259468,-0.6899282974,10.06672877,-3.84130337,4.5490487,2,0,0.012,0.988,0,0
410,133,133,1.024622059,536.1598781,1.530986039,30.52006879,-2757851.525,3122845.948,173,173,0.3548313015,690.1337538,1.159683022,47.09145313,-2757920.675,3122888.885,161.657944,1615.90817,0.161590817,0.161590817,0.157707728,81.39559972,Retain,0.02432382184,-1.03611281,-1.060436631,0.2524530283,-0.2777652875,0.4336955321,-1.67024928,4.959536532,1,0,0.646,0.348,0.006,0
411,135,135,0.5588847596,655.3065176,1.381976598,61.0401376,-2757665.168,3122809.416,175,175,0.1182776522,1247.544924,1.210326686,0,-2757723.803,3122799.711,61.3951846,167.3335066,0.01673335066,0.01673335066,0.02994061008,59.43234919,Retain,-0.5818119817,-2.134720434,-1.552908452,0.6438297461,-0.13262448,-11.0193033,-3.446318067,4.948126437,2,0,0.412,0.578,0.008,0.002
412,145,145,20.77188356,226.2717572,2.90913153,0,-2758395.574,3122808.025,179,179,9.225585129,248.7616276,2.131451319,23.54574496,-2758470.958,3122912.804,2089.806175,77002.12471,7.700212471,7.700212471,0.3707036219,129.0788682,Retain,3.033600321,2.221980617,-0.811619704,0.09475837669,-0.3110514753,10.06674287,-0.5280933288,3.915996129,2,0.02,0.176,0.788,0.008,0.008
413,132,132,4.005340777,228.5952968,1.290571573,61.04013759,-2757242.737,3122918.602,180,180,4.257980918,240.3664178,1.399170741,34.42726375,-2757259.794,3122907.511,907.3577819,33257.98539,3.325798539,3.325798539,0.8303409682,20.34628959,Retain,1.387628665,1.448795085,0.06116642027,0.05021132262,0.08079453276,-0.5726701758,1.583372422,2.891498324,4,0.164,0.004,0.008,0.252,0.572
414,135,135,0.5588847596,655.3065176,1.381976598,61.0401376,-2757665.168,3122809.416,181,181,0.2365549633,822.8488328,1.128966766,0,-2757670.689,3122768.894,170.8073551,1063.489164,0.1063489164,0.1063489164,0.1902877376,40.89607702,Retain,-0.5818119817,-1.441574695,-0.8597627135,0.2276694135,-0.2022119432,-11.0193033,-1.444134424,4.574329528,2,0.002,0.466,0.482,0.046,0.004
415,145,145,20.77188356,226.2717572,2.90913153,0,-2758395.574,3122808.025,183,183,0.1182779719,1247.541893,1.210325381,50.23203044,-2758568.368,3122655.063,47.77292684,22.78871344,0.002278871344,0.002278871344,1.097094222e-4,230.7703961,Retain,3.033600321,-2.134717731,-5.168318051,1.707193666,-0.8769653595,10.82442807,-6.804546974,4.496992376,2,0,0.004,0.996,0,0
416,145,145,20.77188356,226.2717572,2.90913153,0,-2758395.574,3122808.025,184,184,0.1182779955,1220.99882,1.184574256,50.23210397,-2758231.611,3122696.287,144.9867532,719.2875403,0.07192875403,0.07192875403,0.003462794012,198.4168582,Retain,3.033600321,-2.134717531,-5.168317852,1.685687765,-0.8984711609,10.82442953,-5.409514417,4.345939985,2,0,0.004,0.996,0,0
418,145,145,20.77188356,226.2717572,2.90913153,0,-2758395.574,3122808.025,186,186,0.2365553574,1021.924841,1.4021046130000001,0,-2758124.248,3122693.843,240.8857116,2258.212354,0.2258212354,0.2258212354,0.01087148571,294.3723918,Retain,3.033600321,-1.441573029,-4.47517335,1.507706485,-0.7298801901,0,-4.423695381,4.740413784,2,0,0,1,0,0
421,138,138,2.514981418,436.8710118,1.954410048,30.52006879,-2756988.64,3122761.375,194,194,1.774171973,633.5032689,2.380355296,23.54657198,-2757035.211,3122784.979,973.0713584,10927.4292,1.09274292,1.09274292,0.4344934368,52.21072711,Retain,0.9222654151,0.5733338202,-0.3489315949,0.3716271759,0.1971613785,-0.2593945107,-0.2630089404,4.066539362,1,0.09,0.556,0.25,0.094,0.01
422,145,145,20.77188356,226.2717572,2.90913153,0,-2758395.574,3122808.025,200,200,3.19351167,318.5213957,1.605713031,23.54615215,-2758374.225,3122597.168,1011.722248,26034.57247,2.603457247,2.603457247,0.12533563649999999,211.9342456,Retain,3.033600321,1.161121148,-1.872479172,0.3419529068,-0.5942866793,10.06676016,-1.936040724,4.411845565,2,0,0.012,0.988,0,0
424,147,147,2.049244118,387.2265786,1.563713104,0,-2757947.247,3122467.221,207,207,2.542999423,439.5085936,1.977131566,23.54694911,-2757999.048,3122456.87,718.66815,11267.14133,1.126714133,1.126714133,0.5498193809,52.82448601,Retain,0.7174710025,0.9333442597,0.2158732572,0.126647274,0.2345839026,10.06679401,0.199539208,4.180623206,4,0.028,0.11,0.014,0.302,0.546
427,152,152,3.632750937,403.2655493,2.168223274,43.16189522,-2758516.208,3122449.045,196,196,0.5322527223,642.9400968,1.323197053,100.4636972,-2758710.827,3122506.059,158.7339268,1042.189568,0.1042189568,0.1042189568,0.02868871514,202.797773,Retain,1.289990195,-0.6306368604,-1.920627056,0.4664562815,-0.4938572463,0.8448251751,-3.488908993,5.239584067,2,0,0.14,0.858,0.002,0
428,152,152,3.632750937,403.2655493,2.168223274,43.16189522,-2758516.208,3122449.045,197,197,0.2956960775,987.4149241,1.514668302,53.37189543,-2758518.546,3122517.598,275.7685658,2366.687147,0.2366687147,0.2366687147,0.06514862118,68.59294598,Retain,1.289990195,-1.218423117,-2.508413313,0.895495064,-0.3587115923,0.2123218217,-2.649552634,4.155574125,2,0,0.302,0.698,0,0
430,157,157,1.956096658,405.6659395,1.600511388,0,-2758157.122,3122285.488,205,205,0.1182794262,1247.526914,1.21031829,23.54684949,-2758214.423,3122355.063,107.1388556,637.0205955,0.06370205955,0.06370205955,0.03256590582,90.13329906,Retain,0.6709509868,-2.134705435,-2.805656422,1.12338839,-0.2794398207,10.06678978,-3.362169587,4.738190219,2,0,0.272,0.728,0,0
431,157,157,1.956096658,405.6659395,1.600511388,0,-2758157.122,3122285.488,208,208,0.5322591416,642.9335353,1.323191528,23.54684949,-2758161.952,3122283.483,342.2072516,5322.591416,0.5322591416,0.5322591416,0.2721026792,5.229218859,Retain,0.6709509868,-0.6306248,-1.301575787,0.4605113405,-0.1902765528,10.06678978,-0.9816850338,1.891342574,2,0.042,0.31,0.642,0.006,0
433,157,157,1.956096658,405.6659395,1.600511388,0,-2758157.122,3122285.488,213,213,0.2365598253,1035.180875,1.420305612,25.11569896,-2758265.709,3122220.584,112.8548548,481.4521645,0.04814521645,0.04814521645,0.02461290256,126.5047926,Retain,0.6709509868,-1.441554142,-2.112505129,0.9368014368,-0.1194511276,10.1312882,-3.6407628929999998,5.077177548,2,0,0.22,0.776,0.004,0
435,163,163,0.7451796795,491.4798882,1.196826841,61.04013759,-2757461.701,3122056.588,224,224,1.182810399,448.5827902,1.37624338,0,-2757494.412,3122049.191,314.5847435,4270.36548,0.427036548,0.427036548,0.573065208,33.53679299,Retain,-0.2941299092,0.1678933011,0.4620232103,-0.09132776146,0.1396838437,-11.0193033,0.2937721637,4.232102849,4,0.002,0.002,0.006,0.1,0.89
436,172,172,1.117769519,600.6976411,1.791542544,30.5200688,-2757499.851,3121873.467,243,243,2.306506091,483.2201555,2.070224346,23.54760877,-2757419.872,3121772.899,430.9389909,6110.269618,0.6110269618,0.6110269618,0.546648438,128.4940437,Retain,0.111335199,0.8357338647,0.7243986658,-0.2176193567,0.1445799762,-0.2593504822,0.1867622807,5.372587677,4,0.002,0,0.006,0.03,0.962
439,29,29,0.7451796795,491.4798882,1.196826841,30.52006879,-2759586.661,3124761.429,49,49,1.005277291,480.9164693,1.360215295,50.23538363,-2759608.281,3124755.26,318.4546752,5399.765882,0.5399765882,0.5399765882,0.7246260239,22.48360106,Retain,-0.2941299092,0.005263414404,0.2993933236,-0.02172742505,0.1279692368,0.4983223126,0.965279829,3.832260575,4,0.006,0.004,0.002,0.18,0.808
440,173,173,2.608128878,351.057063,1.59932714,30.52006879,-2759212.245,3121840.767,230,230,2.957036085,381.1547311,1.848947991,0,-2759198.504,3121816.24,839.9597134,19107.71819,1.910771819,1.910771819,0.7326217025,28.11436591,Retain,0.9586330593,1.0841874439999999,0.1255543848,0.08225662809,0.1450338205,-10.3261725,1.005595961,3.42936467,4,0.076,0.008,0.034,0.256,0.626
442,187,187,3.167013638,327.6532588,1.644881161,110.041673,-2759511.034,3121553.904,234,234,0.532268818,548.5546663,1.128965041,23.54784178,-2759478.819,3121677.349,244.9344445,2411.03076,0.241103076,0.241103076,0.076129472,127.5791061,Retain,1.152789074,-0.6306066203,-1.783395694,0.5153310284,-0.3763668186,-1.541791589,-2.484168294,4.844714856,2,0,0.052,0.948,0,0
443,187,187,3.167013638,327.6532588,1.644881161,110.041673,-2759511.034,3121553.904,251,251,2.720500123,335.8319855,1.562577261,23.54784178,-2759543.927,3121538.057,842.5988801,18359.212,1.8359212,1.8359212,0.5797010719,36.5118431,Retain,1.152789074,1.000815732,-0.1519733414,0.02465508039,-0.05133159033,-1.541791589,0.3208934934,3.593634471,1,0.24,0.298,0.154,0.284,0.024
445,37,37,0.8383271394,582.4946823,1.504505556,272.979794,-2761597.17,3124543.973,43,43,0.1182680027,1247.644058,1.210373487,34.4261946,-2761584.34,3124565.901,147.5563708,1182.680027,0.1182680027,0.1182680027,0.1410761947,25.40566328,Retain,-0.1763468736,-2.13480202,-1.958455147,0.761692242,-0.2175353314,-2.070554648,-1.800480291,3.895549853,2,0,0.468,0.532,0,0
446,37,37,0.8383271394,582.4946823,1.504505556,272.979794,-2761597.17,3124543.973,46,46,0.1774023359,1114.933797,1.324719153,34.4261946,-2761667.818,3124511.339,133.8773627,1020.603071,0.1020603071,0.1020603071,0.1217428165,77.82070498,Retain,-0.1763468736,-1.729335042,-1.552988168,0.6492302505,-0.1272638335,-2.070554648,-1.968986197,5.014958756,2,0,0.328,0.664,0.006,0.002
447,34,34,2.142391578,313.407465,1.294058265,30.5200688,-2760755.878,3124680.65,47,47,2.128819255,364.2472307,1.499203963,25.11766617,-2760787.781,3124683.444,625.2243676,14869.09234,1.486909234,1.486909234,0.6940417657,32.02506295,Retain,0.761922765,0.7555674857,-0.006355279261,0.1503286933,0.1471510537,-0.1948059835,0.8172602445,3.657953599,3,0.218,0.012,0.006,0.718,0.046
448,36,36,0.3725898397,655.3065177,1.128379167,30.5200688,-2760635.788,3124589.753,51,51,0.3548045334,690.1754164,1.159709284,34.42615718,-2760665.9,3124587.093,170.5226708,1793.302626,0.1793302626,0.1793302626,0.4813074419,30.22947813,Retain,-0.9872770899,-1.036188251,-0.04891116136,0.05184269988,0.02738711923,0.1204284804,-0.07465564545,4.474854113,3,0,0.008,0,0.978,0.014
449,40,40,1.676654279,327.6532588,1.196826841,30.5200688,-2760910.469,3124543.973,55,55,1.537487883,377.7437469,1.321290166,25.11766617,-2760940.847,3124548.522,491.8680644,11165.84566,1.116584566,1.116584566,0.6659599302,30.71678768,Retain,0.5168003069,0.43014984,-0.08665046695,0.142260136,0.09893490254,-0.1948059835,0.6884798332,3.73880668,3,0.38,0.068,0.014,0.522,0.016
451,43,43,3.353308557,254.8414235,1.316442362,91.56020639,-2761173.28,3124415.111,61,61,2.483646121,410.8068685,1.826323142,0,-2761190.271,3124411.848,923.2466147,20965.46969,2.096546969,2.096546969,0.6252174333,17.30127799,Retain,1.209947488,0.9097276906,-0.3002197969,0.4774817146,0.3273718161,-11.42476295,0.5106869524,2.818229368,0,0.48,0.132,0.31,0.046,0.032
452,46,46,0.4657372997,655.3065176,1.261566261,91.56020639,-2758807.636,3124305.917,74,74,0.7096213074,548.5845639,1.303622882,94.17476351,-2758831.968,3124302.217,276.8421406,3627.455642,0.3627455642,0.3627455642,0.7788630295,24.61206741,Retain,-0.7641335385,-0.3430238211,0.4211097174,-0.1777616511,0.03279320758,0.02815518997,1.255824125,4.15770921,4,0.002,0,0.002,0.044,0.952
453,49,49,1.769801739,379.3879839,1.423773641,61.0401376,-2760495.235,3124275.718,62,62,0.295673738,817.5543466,1.254059307,23.54326795,-2760508.851,3124347.946,183.1887818,1623.644232,0.1623644232,0.1623644232,0.09174158871,73.50039066,Retain,0.5708675282,-1.218498669,-1.789366197,0.7677579939,-0.1269251047,-0.9526656322,-2.282812325,4.584235505,2,0.002,0.212,0.786,0,0
455,54,54,0.7451796794,573.3932029,1.396297981,91.56020639,-2761185.149,3124173.918,67,67,0.4139444823,826.6797035,1.500387344,53.36700963,-2761196.512,3124187.915,300.8339718,3451.054152,0.3451054152,0.3451054152,0.4631170505,18.02891288,Retain,-0.2941299093,-0.8820234149,-0.5878935056,0.3658456213,0.07189886851,-0.5397961751,-0.1475041861,3.611462103,1,0.072,0.778,0.07,0.078,0.002
456,50,50,16.58024787,176.7118699,2.029814263,43.16189521,-2760127.063,3124418.635,68,68,11.47210583,263.25688,2.515338107,53.36733647,-2760156.459,3124432.677,2839.018955,104080.168,10.4080168,10.4080168,0.6277358991,32.57745748,Retain,2.808212099,2.439918509,-0.3682935904,0.398609733,0.2144629378,0.212236401,0.5214250799,2.65191015,0,0.526,0.272,0.154,0.024,0.024
457,56,56,1.210916979,504.0819366,1.564780363,30.52006879,-2759681.449,3124227.034,69,69,0.2956745768,828.201581,1.270393068,47.08704658,-2759712.5,3124294.632,191.2349821,1681.522646,0.1681522646,0.1681522646,0.1388635782,74.38820542,Retain,0.1913779066,-1.218495832,-1.409873739,0.4965177526,-0.2084191167,0.4336019554,-1.818746014,4.785986833,1,0.006,0.682,0.31,0,0.002
458,55,55,0.8383271394,582.4946823,1.504505556,61.04013759,-2760861.297,3124181.124,70,70,0.946160184,613.830133,1.684323881,70.63062144,-2760897.248,3124204.997,401.7613669,4992.183884,0.4992183884,0.4992183884,0.5954935311,43.15536414,Retain,-0.1763468735,-0.05534339661,0.1210034769,0.05239817722,0.1128999157,0.1459299164,0.3859315703,4.425368275,3,0.01,0.016,0.006,0.768,0.2
459,48,48,1.769801739,413.8778006,1.553207608,30.5200688,-2759309.771,3124314.27,71,71,0.7687541256,567.636839,1.403974987,34.42638733,-2759371.164,3124330.265,343.5124272,4998.846373,0.4998846373,0.4998846373,0.2824523371,63.44202063,Retain,0.5708675282,-0.2629840932,-0.8338516215,0.3159110837,-0.1010147271,0.1204351655,-0.9301880539,4.437073369,1,0.024,0.55,0.424,0,0.002
461,56,56,1.210916979,504.0819366,1.564780363,30.52006879,-2759681.449,3124227.034,73,73,0.2365405043,822.8761488,1.12896974,47.08704658,-2759661.562,3124202.186,193.1298444,2294.389065,0.2294389065,0.2294389065,0.1894753402,31.82672217,Retain,0.1913779066,-1.44163582,-1.633013727,0.4900668743,-0.326439989,0.4336019554,-1.449392036,3.937013666,1,0.006,0.808,0.186,0,0
462,97,97,135.7158491,154.7189033,5.084564142,0,-2758180.996,3124570.87,135,135,85.27227099,180.3625459,4.698349715,0,-2758207.345,3124534.815,14695.80207,787261.7985,78.72617985,78.72617985,0.5800809586,44.65577512,Retain,4.910563355,4.445849325,-0.46471403,0.1533590261,-0.07899798885,0,0.3224495761,1.916089299,1,0.146,0.442,0.406,0.004,0.002
465,97,97,135.7158491,154.7189033,5.084564142,0,-2758180.996,3124570.87,141,141,3.015979279,431.9849384,2.11630301,0,-2758103.782,3123596.453,990.8073016,20231.748,2.0231748,2.0231748,0.01490743206,977.4707453,Retain,4.910563355,1.10392458,-3.806638775,1.02678078,-0.8765386082,0,-4.126963807,5.002052652,2,0.002,0.002,0.996,0,0
466,97,97,135.7158491,154.7189033,5.084564142,0,-2758180.996,3124570.87,25,25,0.118265116,1221.012718,1.184523242,100.472903,-2758172.993,3125490.163,127.9154581,974.379424,0.0974379424,0.0974379424,7.179555154e-4,919.3285661,Retain,4.910563355,-2.134826429,-7.045389784,2.065825947,-1.456868945,11.5176533,-6.366902354,4.940727937,2,0,0.006,0.994,0,0
468,97,97,135.7158491,154.7189033,5.084564142,0,-2758180.996,3124570.87,31,31,0.2365323465,822.8915852,1.12897145,25.11802635,-2758140.006,3125256.729,145.8939477,629.807757,0.0629807757,0.0629807757,4.640635276e-4,687.083206,Retain,4.910563355,-1.441670309,-6.352233664,1.671214518,-1.504902314,10.13138086,-6.527075264,4.649540121,2,0,0,1,0,0
469,97,97,135.7158491,154.7189033,5.084564142,0,-2758180.996,3124570.87,36,36,0.6504667696,598.4654939,1.361591214,34.42602132,-2758088.749,3125129.081,340.3627313,4124.51461,0.412451461,0.412451461,0.003039081019,565.7822343,Retain,4.910563355,-0.4300650667,-5.340628422,1.352758926,-1.317555285,10.44659704,-5.509696921,4.455294292,2,0,0,1,0,0
470,97,97,135.7158491,154.7189033,5.084564142,0,-2758180.996,3124570.87,37,37,0.1774006398,1079.421061,1.282518228,34.42599812,-2757636.705,3125123.428,182.9340812,1462.38369,0.146238369,0.146238369,0.001077533464,775.6112855,Retain,4.910563355,-1.729344603,-6.639907958,1.942570179,-1.3773838,10.44659636,-6.176496387,4.770736028,2,0,0,1,0,0
471,97,97,135.7158491,154.7189033,5.084564142,0,-2758180.996,3124570.87,38,38,0.7096029335,614.9459919,1.461301211,25.11786453,-2757872.924,3125061.451,371.6335386,4867.667605,0.4867667605,0.4867667605,0.003586661128,579.2918657,Retain,4.910563355,-0.343049714,-5.253613069,1.379924503,-1.246882032,10.13137442,-5.38201293,4.478891428,2,0,0,1,0,0
474,97,97,135.7158491,154.7189033,5.084564142,0,-2758180.996,3124570.87,42,42,0.1774016249,1114.93865,1.324722265,0,-2757747.488,3124948.333,147.3736797,543.9618846,0.05439618846,0.05439618846,4.00809403e-4,574.8113729,Retain,4.910563355,-1.72933905,-6.639902405,1.974944717,-1.345006486,0,-6.571304076,4.471126945,2,0,0,1,0,0
475,97,97,135.7158491,154.7189033,5.084564142,0,-2758180.996,3124570.87,44,44,0.5322049779,637.0626516,1.311042224,0,-2758855.685,3124838.446,293.4961608,3115.328471,0.3115328471,0.3115328471,0.002295478746,725.8110129,Retain,4.910563355,-0.630726567,-5.541289922,1.415258062,-1.355386899,0,-5.713907508,4.704374311,2,0,0,1,0,0
476,97,97,135.7158491,154.7189033,5.084564142,0,-2758180.996,3124570.87,45,45,0.41393767,712.9402713,1.293944624,0,-2758750.567,3124803.362,292.7303455,3205.700659,0.3205700659,0.3205700659,0.002362068012,615.1937993,Retain,4.910563355,-0.8820398721,-5.792603227,1.527787703,-1.368513911,0,-5.693836018,4.53902223,2,0,0,1,0,0
477,97,97,135.7158491,154.7189033,5.084564142,0,-2758180.996,3124570.87,53,53,1.064413531,460.1170431,1.339117179,47.0853403,-2757642.899,3124873.437,491.0927437,9276.071799,0.9276071799,0.9276071799,0.006834921536,617.3298998,Retain,4.910563355,0.06242397244,-4.848139383,1.089870956,-1.334198736,10.75973822,-4.843312407,4.54248845,2,0,0,1,0,0
478,97,97,135.7158491,154.7189033,5.084564142,0,-2758180.996,3124570.87,59,59,5.085537618,246.9205043,1.570799155,23.54311423,-2758047.343,3124803.17,1230.712099,45593.78687,4.559378687,4.559378687,0.0335950349,268.0049106,Retain,4.910563355,1.62640075,-3.284162605,0.4674564968,-1.174624806,10.06663114,-3.330907021,3.7080923,2,0,0.02,0.98,0,0
479,97,97,135.7158491,154.7189033,5.084564142,0,-2758180.996,3124570.87,63,63,0.5913465728,578.6780239,1.255316103,117.7168399,-2758847.786,3124497.777,254.8984108,3872.965155,0.3872965155,0.3872965155,0.002853730924,670.783747,Retain,4.910563355,-0.5253530158,-5.435916371,1.31913629,-1.398821896,11.67604585,-5.556858077,4.625531556,2,0,0,1,0,0
481,61,61,2.701276338,542.3226353,2.514417012,0,-2759332.371,3124146.16,78,78,0.118270877,1247.616044,1.210361016,47.08718491,-2759233.115,3124204.16,65.9698608,43.46289412,0.004346289412,0.004346289412,0.001608976228,114.9600068,Retain,0.9937243791,-2.134777718,-3.128502097,0.8331287518,-0.7311222966,10.7597774,-5.948188223,4.820095753,2,0,0.146,0.852,0.002,0
483,65,65,0.8383271394,509.682847,1.316442362,91.56020639,-2760152.554,3124075.999,83,83,0.4730825871,816.2216445,1.583695405,53.36733647,-2760201.692,3124086.418,209.2404007,2214.466881,0.2214466881,0.2214466881,0.2641530707,50.23118668,Retain,-0.1763468735,-0.748485303,-0.5721384295,0.4708972776,0.1848280628,-0.5397900509,-1.022072892,4.57719437,1,0.05,0.7,0.154,0.082,0.014
485,57,57,1.117769519,436.8710117,1.302940032,30.52006879,-2757431.181,3124223.513,97,97,1.478389677,424.7009703,1.456708928,25.11703278,-2757447.911,3124231.468,513.9563842,8700.533317,0.8700533317,0.8700533317,0.7783834831,18.52539653,Retain,0.111335199,0.3909534393,0.2796182402,-0.02825266181,0.1115564583,-0.1948311998,1.253052565,3.435893898,4,0.016,0,0.004,0.088,0.892
487,97,97,135.7158491,154.7189033,5.084564142,0,-2758180.996,3124570.87,129,129,0.1774106083,1079.42802,1.28256253,25.11672869,-2758014.299,3123672.48,183.9777372,638.4396229,0.06384396229,0.06384396229,4.704237766e-4,913.7238282,Retain,4.910563355,-1.729288412,-6.639851768,1.942576626,-1.377349258,10.1313292,-6.522734072,4.934612728,2,0,0,1,0,0
488,190,190,0.8383271394,582.4946823,1.504505556,129.4856856,-2758304.394,3121427.535,260,260,0.4731354771,836.0688568,1.622295156,50.23013765,-2758372.74,3121425.298,166.8071625,1705.713305,0.1705713305,0.1705713305,0.203466311,68.38314352,Retain,-0.1763468735,-0.7483735106,-0.5720266371,0.3613909179,0.07537759937,-0.9469429561,-1.361120853,4.885679358,1,0.04,0.754,0.12,0.08,0.006
489,192,192,1.117769519,436.8710117,1.302940032,43.16189522,-2756734.306,3121346.996,267,267,0.2365686046,1035.14951,1.420288933,94.19428371,-2756747.81,3121366.226,240.3666589,2311.701615,0.2311701615,0.2311701615,0.2068137997,23.4983303,Retain,0.1113351989,-1.44151703,-1.552852229,0.8626631659,0.08623705124,0.7803888944,-1.340675458,3.673669266,1,0.01,0.8,0.188,0.002,0
490,231,231,47.03946726,146.6329435,2.836990086,30.52006879,-2758660.717,3121554.034,296,296,37.85052534,229.1803845,3.977484241,0,-2758688.088,3121541.864,8352.023756,341952.489,34.1952489,34.1952489,0.7269480479,29.95462954,Retain,3.850986978,3.633644859,-0.217342119,0.4465769175,0.337905858,-10.3261725,0.9769119884,2.046588725,2,0.306,0.082,0.536,0.024,0.052
491,219,219,0.7451796794,573.3932029,1.396297981,61.04013759,-2759399.725,3120988.385,280,280,0.7097103317,681.2702247,1.619030536,23.54904593,-2759439.897,3120991.307,276.4394466,2236.459166,0.2236459166,0.2236459166,0.3001234773,40.27737416,Retain,-0.2941299092,-0.3428983757,-0.04876846651,0.1723873337,0.1480031005,-0.9524202527,-0.8448113229,4.415244601,3,0.04,0.14,0.054,0.728,0.038
492,205,205,2.701276338,316.3548706,1.466743257,30.52006879,-2756878.136,3121177.294,282,282,1.951704054,424.6794016,1.673644624,23.54913406,-2756919.271,3121210.328,644.2656661,14306.09839,1.430609839,1.430609839,0.5296051422,52.75678024,Retain,0.9937243791,0.6687028647,-0.3250215144,0.2944699434,0.1319591862,-0.2592857122,0.1183220509,4.041214008,1,0.146,0.578,0.162,0.108,0.006
493,229,229,1.490359359,368.6099162,1.269426563,61.04013759,-2759201.345,3120885.38,289,289,1.419424039,418.0278801,1.404935524,0,-2759249.899,3120896.605,422.7194092,9425.523382,0.9425523382,0.9425523382,0.6324329314,49.83486476,Retain,0.3990172714,0.3502511831,-0.04876608827,0.125809182,0.1014261379,-11.0193033,0.5415314249,4.281591208,3,0.114,0.106,0.184,0.528,0.068
494,205,205,2.701276338,316.3548706,1.466743257,30.52006879,-2756878.136,3121177.294,292,292,0.4139999562,826.5986998,1.500340848,23.54913406,-2756872.977,3121077.551,195.903263,796.4608392,0.07964608392,0.07964608392,0.0294846117,99.87622127,Retain,0.9937243791,-0.8818894109,-1.87561379,0.9604547375,0.02264784255,-0.2592857122,-3.461635087,4.679444398,2,0.004,0.116,0.876,0.004,0
497,295,295,2.701276338,474.5323059,2.200114886,0,-2758453.603,3120024.898,403,403,0.2365790991,822.8033623,1.12896197,23.55069847,-2758521.228,3120094.454,159.7175622,1474.167521,0.1474167521,0.1474167521,0.05457299946,97.01033574,Retain,0.9937243791,-1.44147267,-2.435197049,0.5503875444,-0.6672109801,10.06695322,-2.83499638,4.650330588,2,0,0.202,0.798,0,0
498,295,295,2.701276338,474.5323059,2.200114886,0,-2758453.603,3120024.898,441,441,1.833492889,482.8721393,1.844449765,0,-2758509.419,3120010.456,881.1226793,11433.52213,1.143352213,1.143352213,0.4232636982,57.65438727,Retain,0.9937243791,0.6062228304,-0.3875015487,0.01742219695,-0.1763285774,0,-0.3087623478,4.129986444,1,0.042,0.582,0.326,0.046,0.004
499,303,303,0.8383271394,582.4946823,1.504505556,0,-2758599.421,3119840.492,466,466,1.715215284,367.9294964,1.359311506,0,-2758631.63,3119840.664,451.9579471,6794.029058,0.6794029058,0.6794029058,0.810426949,32.20968726,Retain,-0.1763468735,0.539538603,0.7158854766,-0.4594287224,-0.1014859841,0,1.448758772,4.13283668,4,0.024,0,0,0.052,0.924
500,343,343,303.8470143,124.9542164,6.144314964,0,-2756805.781,3121167.043,495,495,206.4664965,156.6396056,6.349235608,0,-2756615.623,3120159.152,31417.583,1891588.941,189.1588941,189.1588941,0.622546496,1025.672515,Retain,5.716524332,5.330138155,-0.3863861775,0.2260002595,0.03280717073,0,0.4993301125,4.64720754,1,0.094,0.574,0.31,0.01,0.012
501,343,343,303.8470143,124.9542164,6.144314964,0,-2756805.781,3121167.043,219,219,11.29569276,266.5449183,2.527096991,0,-2757733.45,3122371.19,2815.147185,95695.88664,9.569588664,9.569588664,0.03149475958,1520.045861,Retain,5.716524332,2.424421481,-3.292102851,0.7575953768,-0.8884560487,0,-3.395707047,5.04059922,2,0,0.012,0.988,0,0
503,63,63,0.1862949199,982.9597764,1.196826841,43.16189522,-2760849.429,3124055.652,75,75,0.17740571,1114.907477,1.324700478,70.63062144,-2760872.054,3124060.968,132.3861766,933.8150971,0.09338150971,0.09338150971,0.5012563401,23.24159427,Retain,-1.68042427,-1.729316023,-0.04889175232,0.1259585004,0.1015126243,0.4924967208,0.005015340197,4.558563634,3,0.03,0.1,0,0.86,0.01
504,68,68,0.2794423797,873.7420236,1.302940032,91.5602064,-2761312.316,3124004.785,82,82,0.3548122286,681.293652,1.144797573,100.469076,-2761332.909,3123997.055,166.5018002,1576.400225,0.1576400225,0.1576400225,0.5641235328,21.99607399,Retain,-1.274959162,-1.036166563,0.2387925995,-0.2487917444,-0.1293954446,0.09285226075,0.2573938779,4.300753968,3,0.002,0.008,0.002,0.85,0.138
505,73,73,1.210916979,504.0819366,1.564780363,91.5602064,-2761515.001,3123954.701,87,87,1.182707089,536.1989608,1.644976265,100.469076,-2761535.176,3123974.648,478.9019709,6599.167117,0.6599167117,0.6599167117,0.5449727133,28.37075454,Retain,0.1913779066,0.1678059542,-0.02357195244,0.06176646023,0.049980484,0.09285226075,0.1800163519,3.822070082,3,0.016,0.126,0.01,0.83,0.018
506,76,76,1.397211899,393.1839106,1.311058117,86.32379043,-2759678.475,3123976.3,100,100,0.7687632423,690.1377367,1.706974951,94.17500715,-2759695.659,3123981.961,498.0818863,6039.690639,0.6039690639,0.6039690639,0.4322673349,18.09219283,Retain,0.3344787502,-0.2629722342,-0.5974509844,0.5626137278,0.2638882356,0.08704863231,-0.2720555516,3.300661349,1,0.144,0.728,0.092,0.03,0.006
507,343,343,303.8470143,124.9542164,6.144314964,0,-2756805.781,3121167.043,191,191,2.010727711,391.9056692,1.56766494,0,-2757468.567,3122704.508,728.6744059,17138.26577,1.713826577,1.713826577,0.005640425926,1674.241342,Retain,5.716524332,0.6984967019,-5.01802763,1.14307377,-1.365940046,0,-5.009927946,5.137218786,2,0,0,1,0,0
510,343,343,303.8470143,124.9542164,6.144314964,0,-2756805.781,3121167.043,211,211,0.1182798129,1247.522461,1.210315949,34.4276377,-2757553.649,3122294.57,146.051752,1021.907973,0.1021907973,0.1021907973,3.363231905e-4,1353.004978,Retain,5.716524332,-2.134702166,-7.851226498,2.300967431,-1.624645818,10.44664399,-6.618496781,4.924186823,2,0,0.006,0.994,0,0
512,343,343,303.8470143,124.9542164,6.144314964,0,-2756805.781,3121167.043,248,248,0.6505556909,598.4211408,1.361583362,75.34540253,-2757200.785,3121678.574,380.2143889,5681.989008,0.5681989008,0.5681989008,0.001870016403,646.291017,Retain,5.716524332,-0.4299283722,-6.146452704,1.566347353,-1.506878999,11.22985146,-5.852567139,4.185354217,2,0,0.004,0.996,0,0
513,343,343,303.8470143,124.9542164,6.144314964,0,-2756805.781,3121167.043,249,249,0.23656586,1035.160424,1.420295668,0,-2757007.908,3121674.457,244.8836158,2365.6586,0.23656586,0.23656586,7.7856898e-4,546.1909656,Retain,5.716524332,-1.441528632,-7.158052964,2.114364291,-1.464662191,0,-6.332167588,4.017073276,2,0,0,1,0,0
514,343,343,303.8470143,124.9542164,6.144314964,0,-2756805.781,3121167.043,254,254,0.118283327,1247.486235,1.210298781,47.09644886,-2756962.7,3121589.761,147.5568222,1182.83327,0.118283327,0.118283327,3.892857965e-4,450.9041289,Retain,5.716524332,-2.134672457,-7.851196789,2.300938392,-1.624660003,10.75997411,-6.579576007,3.825359737,2,0,0.006,0.994,0,0
515,343,343,303.8470143,124.9542164,6.144314964,0,-2756805.781,3121167.043,264,264,0.3548526891,681.2719857,1.144826435,23.54845609,-2756573.07,3121458.3,244.7312346,2401.188287,0.2401188287,0.2401188287,7.902622616e-4,372.8070425,Retain,5.716524332,-1.036052536,-6.752576868,1.696014216,-1.680274218,10.066858,-6.325602871,3.635166432,2,0,0,1,0,0
516,343,343,303.8470143,124.9542164,6.144314964,0,-2756805.781,3121167.043,270,270,0.7688498212,575.7571084,1.424148036,0,-2756360.104,3121362.33,426.8280633,6411.471946,0.6411471946,0.6411471946,0.002110098716,486.5853842,Retain,5.716524332,-0.2628596195,-5.979383952,1.527738483,-1.461953493,0,-5.771990097,3.901517225,2,0,0.002,0.998,0,0
517,343,343,303.8470143,124.9542164,6.144314964,0,-2756805.781,3121167.043,277,277,0.118285229,1220.990995,1.184602886,0,-2756292.962,3121281.818,73.79691902,294.7451396,0.02947451396,0.02947451396,9.700445477e-5,525.5065807,Retain,5.716524332,-2.134656376,-7.851180709,2.279470697,-1.646119657,0,-6.816074625,3.978467393,2,0,0.006,0.994,0,0
519,343,343,303.8470143,124.9542164,6.144314964,0,-2756805.781,3121167.043,283,283,0.1774275694,1097.094433,1.303615846,0,-2756228.783,3121220.442,194.6620859,1682.784878,0.1682784878,0.1682784878,5.538263662e-4,579.4644531,Retain,5.716524332,-1.729192813,-7.445717145,2.172473138,-1.550385435,0,-6.467480841,4.076208823,2,0,0,1,0,0
522,384,384,67.43876099,191.8853339,4.445203437,30.52006879,-2759903.854,3119458.082,435,435,0.1774350299,1097.068934,1.303612953,74.98311497,-2760166.041,3119828.625,194.658459,1774.350299,0.1774350299,0.1774350299,0.00263105412,453.9201549,Retain,4.211219941,-1.729150766,-5.940370707,1.743499322,-1.226686031,0.8988590655,-5.616599896,4.584678487,2,0,0.002,0.998,0,0
524,384,384,67.43876099,191.8853339,4.445203437,30.52006879,-2759903.854,3119458.082,459,459,0.9463236241,514.2500518,1.411202227,0,-2759431.32,3119816.973,509.4059538,6558.184406,0.6558184406,0.6558184406,0.009724651387,593.3731148,Retain,4.211219941,-0.0551706711,-4.2663906130000004,0.9858116549,-1.147383651,-10.3261725,-4.526447385,4.852580057,2,0,0,1,0,0
527,384,384,67.43876099,191.8853339,4.445203437,30.52006879,-2759903.854,3119458.082,478,478,0.1182912435,1247.404639,1.210260116,47.10255207,-2760812.08,3119480.595,111.1284136,752.8869628,0.07528869628,0.07528869628,0.001116400942,908.5045989,Retain,4.211219941,-2.13460553,-6.345825472,1.871922409,-1.300990327,0.4339311883,-6.157921894,5.278556023,2,0,0.006,0.994,0,0
528,384,384,67.43876099,191.8853339,4.445203437,30.52006879,-2759903.854,3119458.082,503,503,0.8871902251,545.0077689,1.44812528,47.10255207,-2760848.267,3119346.618,377.743092,3031.839079,0.303183908,0.303183908,0.004495692144,950.967973,Retain,4.211219941,-0.1196958607,-4.330915802,1.043902075,-1.121555826,0.4339311883,-5.200288924,5.324236409,2,0,0,1,0,0
531,384,384,67.43876099,191.8853339,4.445203437,30.52006879,-2759903.854,3119458.082,509,509,24.30894508,250.9485803,3.490300885,0,-2759947.026,3119411.528,5682.002966,208841.5353,20.88415353,20.88415353,0.3096758189,63.49116577,Retain,4.211219941,3.190844393,-1.020375549,0.2683500847,-0.2418376896,-10.3261725,-0.7998588761,2.617671497,2,0.032,0.044,0.914,0.004,0.006
533,80,80,8.755861233,230.0544158,1.920326507,244.1605504,-2762376.406,3123992.664,89,89,8.633723537,230.5348079,1.910867811,0,-2762409.027,3124005.762,1923.969294,68261.30538,6.826130538,6.826130538,0.7796069806,35.1526637,Retain,2.169723331,2.155675876,-0.01404745505,0.002085990224,-0.004937737303,-12.40558538,1.260132307,3.047232121,3,0.254,0.03,0.118,0.434,0.164
534,88,88,4.657372996,327.6532588,1.994711402,30.52006879,-2760340.354,3123852.999,90,90,0.3548135062,690.161501,1.159700566,47.08783676,-2760360.343,3123975.701,130.0325763,1007.60868,0.100760868,0.100760868,0.02163470009,124.3195189,Retain,1.538451554,-1.036162962,-2.574614517,0.7449697181,-0.5423375402,0.4336187363,-3.767420578,4.626002227,2,0,0.052,0.948,0,0
535,88,88,4.657372996,327.6532588,1.994711402,30.52006879,-2760340.354,3123852.999,95,95,0.2956787895,817.5506046,1.25406428,100.4684315,-2760514.95,3123898.38,195.6318698,1607.40751,0.160740751,0.160740751,0.03451317967,180.3971669,Retain,1.538451554,-1.218481584,-2.756933139,0.914356891,-0.4641096785,1.191436291,-3.303763776,4.998305612,2,0,0.136,0.864,0,0
536,88,88,4.657372996,327.6532588,1.994711402,30.52006879,-2760340.354,3123852.999,98,98,0.1182716958,1221.005252,1.18454895,47.08783676,-2760377.168,3123879.696,144.4103617,1182.716958,0.1182716958,0.1182716958,0.025394508,45.47520484,Retain,1.538451554,-2.134770795,-3.673222349,1.315473864,-0.5211373104,0.4336187363,-3.609902338,3.620328384,2,0,0.036,0.964,0,0
538,94,94,3.632750937,302.449162,1.626167455,152.600344,-2761108.849,3123636.98,105,105,0.2956801259,828.1883998,1.27038477,25.11699496,-2761274.549,3123704.372,183.6796895,1511.690001,0.1511690001,0.1511690001,0.04161281704,178.8803772,Retain,1.289990195,-1.218477065,-2.50846726,1.007327461,-0.2469061692,-1.804244406,-3.114139652,5.114092734,2,0,0.042,0.958,0,0
539,88,88,4.657372996,327.6532588,1.994711402,30.52006879,-2760340.354,3123852.999,106,106,0.1182721647,1221.005171,1.184551219,47.08822944,-2760266.833,3123771.168,124.9215808,719.6363222,0.07196363222,0.07196363222,0.01545155011,110.0071512,Retain,1.538451554,-2.13476683,-3.673218384,1.315473797,-0.5211353948,0.4336270753,-4.092778584,4.50369363,2,0,0.02,0.98,0,0
540,86,86,0.1862949199,982.9597764,1.196826841,129.4856856,-2761856.591,3123658.891,107,107,0.3548163837,822.8689653,1.382698793,34.42674689,-2761863.023,3123619.841,81.59934849,324.5418968,0.03245418968,0.03245418968,0.1742086671,39.57662567,Retain,-1.68042427,-1.036154852,0.6442694178,-0.1777712279,0.144363481,-1.324715227,-1.551574698,5.090841028,4,0,0.012,0.002,0.412,0.574
541,98,98,0.7451796794,573.393203,1.396297981,43.16189522,-2761452.2,3123525.366,118,118,0.6504998165,670.8369089,1.526284895,47.0890922,-2761477.068,3123535.411,302.6967905,4012.782627,0.4012782627,0.4012782627,0.5384986653,26.82023932,Retain,-0.2941299093,-0.4300142631,-0.1358843538,0.1569543511,0.08901217428,0.08708140316,0.1539908678,4.008623983,3,0.062,0.162,0.002,0.768,0.006
542,94,94,3.632750937,302.449162,1.626167455,152.600344,-2761108.849,3123636.98,119,119,3.193355822,288.0503999,1.452068843,25.11699496,-2761102.35,3123624.186,878.5315504,25523.94274,2.552394274,2.552394274,0.7026064594,14.3494228,Retain,1.289990195,1.161072346,-0.1289178496,-0.0487777394,-0.1132366642,-1.804244406,0.8578059722,2.591149251,3,0.264,0.15,0.274,0.284,0.028
544,111,111,2.328686498,419.3961713,1.805406667,61.04013759,-2761060.017,3123224.286,139,139,2.306339626,556.7538305,2.385173151,47.08992783,-2761022.974,3123328.459,580.3274057,5061.575579,0.5061575579,0.5061575579,0.2173575354,110.5639426,Retain,0.845304374,0.8356616902,-0.009642683757,0.2833071969,0.278485855,-0.2594676562,-1.277819086,4.85531582,3,0.042,0.294,0.168,0.336,0.16
545,108,108,4.657372997,327.6532588,1.994711402,43.16189522,-2761570.313,3123387.873,122,122,1.419274245,477.7895377,1.60570169,0,-2761701.924,3123471.44,515.3493635,8410.177839,0.8410177839,0.8410177839,0.1805777172,155.9001721,Retain,1.538451555,0.3501456456,-1.188305909,0.3772144263,-0.2169385281,-10.6727365,-1.508135431,4.85236146,2,0.002,0.016,0.98,0.002,0
546,123,123,10.33936805,360.1234016,3.266580831,30.52006879,-2759975.482,3123165.346,123,123,0.4730929821,723.3298457,1.403475081,70.63407011,-2760146.766,3123551.226,325.9901697,3277.148932,0.3277148932,0.3277148932,0.03169583398,422.1865131,Retain,2.33595875,-0.7484633303,-3.084422081,0.6974185813,-0.844792459,0.8391095397,-3.389330791,5.449835127,2,0,0.016,0.984,0,0
547,108,108,4.657372997,327.6532588,1.994711402,43.16189522,-2761570.313,3123387.873,126,126,0.2365468307,822.8642325,1.128968488,25.11682184,-2761405.737,3123388.023,170.7306487,1759.982189,0.1759982189,0.1759982189,0.03778916119,164.5758749,Retain,1.538451555,-1.441609075,-2.980060629,0.9208353091,-0.5691950056,-0.5414035915,-3.212131471,4.906516951,2,0,0.014,0.986,0,0
549,107,107,5.029962836,230.5708118,1.458753076,244.1605504,-2762257.308,3123395.514,130,130,4.671778932,299.7086378,1.827407781,141.2641508,-2762271.941,3123423.135,1128.448594,37818.57113,3.781857113,3.781857113,0.7518658162,31.25725363,Retain,1.615412596,1.541539927,-0.0738726688,0.2622527708,0.2253164364,-0.5471914712,1.105895371,3.206942103,0,0.558,0.088,0.076,0.208,0.07
551,108,108,4.657372997,327.6532588,1.994711402,43.16189522,-2761570.313,3123387.873,138,138,1.537557924,438.9912337,1.535559534,0,-2761581.045,3123319.066,634.323003,11343.50865,1.134350865,1.134350865,0.2435602357,69.639263,Retain,1.538451555,0.4301953941,-1.10825616,0.2925235327,-0.2616045475,-10.6727365,-1.130482374,4.046482057,2,0.002,0.038,0.958,0.002,0
552,111,111,2.328686498,419.3961713,1.805406667,61.04013759,-2761060.017,3123224.286,140,140,0.1182744339,1247.578735,1.210343022,47.08992783,-2760962.948,3123225.832,105.1682142,113.2803144,0.01132803144,0.01132803144,0.004864558387,97.08146747,Retain,0.845304374,-2.134747643,-2.980052017,1.09014395,-0.3998820583,-0.2594676562,-5.134956051,4.725273553,2,0,0.142,0.858,0,0
555,115,115,4.471078077,327.6532588,1.954410048,61.04013759,-2760437.408,3123225.888,145,145,3.075133912,380.803798,1.883772079,50.23343522,-2760523.538,3123246.507,990.0407849,23610.02283,2.361002283,2.361002283,0.5280610723,88.56421787,Retain,1.49762956,1.123348449,-0.3742811112,0.150328365,-0.03681219056,-0.1948472716,0.1121376103,4.307289369,1,0.206,0.406,0.34,0.04,0.008
558,128,128,2.142391578,455.8654035,1.882266567,122.0802752,-2760493.14,3122939.679,155,155,0.9462057291,467.8369824,1.283755757,0,-2760379.937,3122991.685,340.431903,4519.404206,0.4519404206,0.4519404206,0.2109513616,124.5770369,Retain,0.761922765,-0.05529526099,-0.817218026,0.02592230874,-0.3826867043,-11.71244229,-1.315737689,5.016335882,2,0.012,0.106,0.852,0.026,0.004
559,123,123,10.33936805,360.1234016,3.266580831,30.52006879,-2759975.482,3123165.346,160,160,4.080516848,385.4633524,2.196522973,70.63595419,-2759936.548,3122985.317,1407.317304,31657.84741,3.165784741,3.165784741,0.3061874502,184.1908511,Retain,2.33595875,1.406223659,-0.9297350916,0.06799936857,-0.3968681772,0.8391362128,-0.8161839482,4.620363451,2,0.014,0.102,0.87,0.008,0.006
560,128,128,2.142391578,455.8654035,1.882266567,122.0802752,-2760493.14,3122939.679,162,162,1.123619476,656.6132106,1.963424986,0,-2760573.905,3122902.197,611.8698095,7757.672933,0.7757672933,0.7757672933,0.3621034087,89.03923798,Retain,0.761922765,0.1165551497,-0.6453676154,0.3648975262,0.04221371856,-11.71244229,-0.5650549462,4.68049194,2,0.054,0.286,0.616,0.024,0.02
561,141,141,2.328686498,419.3961713,1.805406667,281.3811311,-2761661.873,3122745.731,159,159,0.4731026641,710.0377109,1.377698482,287.8378546,-2761709.589,3122862.174,265.8278107,1989.174918,0.1989174918,0.1989174918,0.08542046857,125.8402172,Retain,0.845304374,-0.7484428653,-1.593747239,0.5265020933,-0.2703715264,0.02268714823,-2.36033268,4.984733687,2,0,0.114,0.886,0,0
562,150,150,1.490359359,409.5665735,1.410473959,733.7522187,-2762507.05,3122378.956,178,178,1.655886277,356.4416313,1.293894134,610.2453704,-2762529.487,3122389.099,539.3098715,11580.16934,1.158016934,1.158016934,0.7770051748,24.62344773,Retain,0.3990172713,0.5043363801,0.1053191088,-0.1389289634,-0.08626940896,-0.1843099962,1.245110226,3.576596067,4,0.106,0.01,0.006,0.342,0.536
563,179,179,0.3725898398,655.3065176,1.128379167,91.56020638,-2760147.467,3121598.787,231,231,0.413986057,712.8585579,1.293871935,50.23065406,-2760148.382,3121632.358,166.1719759,1353.017073,0.1353017073,0.1353017073,0.3631384779,33.58356445,Retain,-0.9872770897,-0.8819229844,0.1053541053,0.08417993283,0.1368569855,-0.600362284,-0.5605869807,4.5800700580000004,3,0.002,0.016,0.008,0.824,0.15
564,178,178,0.8383271393,509.6828471,1.316442362,91.56020638,-2759952.478,3121647.958,232,232,0.5322686996,642.9258373,1.323187566,47.09524059,-2759984.276,3121659.453,298.2155783,3725.215391,0.3725215391,0.3725215391,0.4443629719,33.81280139,Retain,-0.1763468736,-0.6306068426,-0.454259969,0.2322407153,0.00511073077,-0.6648144907,-0.2230237554,4.181407424,1,0.068,0.536,0.12,0.272,0.004
565,185,185,0.5588847596,655.3065176,1.381976598,232.4339191,-2760447.581,3121486.88,237,237,0.1182826799,1220.993014,1.184592081,260.8982956,-2760472.444,3121507.801,140.7589524,1098.881328,0.1098881328,0.1098881328,0.1966203781,32.49401925,Retain,-0.5818119816,-2.134677927,-1.552865945,0.6223166604,-0.1541163122,0.115524224,-1.403723416,4.344357758,1,0,0.918,0.074,0.008,0
566,191,191,1.304064439,421.2684756,1.357074079,232.4339191,-2760757.868,3121396.046,238,238,0.2957060536,828.1304432,1.270351562,34.42801618,-2760798.811,3121434.367,223.0750086,2103.569531,0.2103569531,0.2103569531,0.1613087106,56.07805034,Retain,0.2654858787,-1.21838938,-1.483875259,0.6759003423,-0.06603728708,-1.909710566,-1.643534169,4.466384312,2,0.01,0.296,0.682,0.008,0.004
571,444,444,32.88105335,239.4746198,3.873712823,0,-2762602.171,3118704.006,590,590,15.55558824,260.9683524,2.903528753,34.42911709,-2762561.263,3118876.67,3744.740542,129115.834,12.9115834,12.9115834,0.3926754797,177.4445107,Retain,3.492896606,2.744419947,-0.7484766595,0.08595170541,-0.2882866243,10.44668696,-0.4351815758,4.00458022,2,0.018,0.18,0.784,0.008,0.01
574,409,409,1.117769519,436.8710118,1.302940032,61.04013759,-2761467.46,3118656.143,620,620,0.1774422932,1079.455022,1.282709142,150.678265,-2761482.426,3118641.821,194.1465353,1677.994582,0.1677994582,0.1677994582,0.1501199087,20.71551639,Retain,0.1113351988,-1.729109832,-1.84044503,0.9045735998,-0.01564891539,0.9036054815,-1.728197596,3.547628619,1,0.006,0.786,0.202,0.006,0
576,444,444,32.88105335,239.4746198,3.873712823,0,-2762602.171,3118704.006,631,631,0.1774429838,1097.041912,1.303610062,34.42953854,-2762485.997,3118491.017,194.6623904,1774.429839,0.1774429839,0.1774429839,0.00539651154,242.6122495,Retain,3.492896606,-1.729105939,-5.222002545,1.521925227,-1.089076046,10.4466992,-5.047596305,4.31738525,2,0,0,1,0,0
577,444,444,32.88105335,239.4746198,3.873712823,0,-2762602.171,3118704.006,642,642,0.2365909503,1035.071043,1.420248343,34.42953854,-2762391.05,3118438.244,244.213682,2081.931935,0.2081931935,0.2081931935,0.006331706932,339.4132456,Retain,3.492896606,-1.441422577,-4.934319183,1.463777904,-1.003381687,10.4466992,-4.91020095,4.653137965,2,0,0,1,0,0
578,444,444,32.88105335,239.4746198,3.873712823,0,-2762602.171,3118704.006,648,648,0.2957386998,828.0568932,1.270308852,181.9926868,-2762725.174,3118381.831,244.888469,2957.386998,0.2957386998,0.2957386998,0.008994197863,344.8566325,Retain,3.492896606,-1.218278985,-4.711175591,1.240634424,-1.114953372,12.11172728,-4.597724245,4.669048312,2,0,0,1,0,0
579,444,444,32.88105335,239.4746198,3.873712823,0,-2762602.171,3118704.006,649,649,0.1182957365,1247.3589,1.210238722,75.33887586,-2762256.117,3118408.67,147.5572397,1182.957364,0.1182957364,0.1182957364,0.003597686946,454.9464442,Retain,3.492896606,-2.134567549,-5.627464155,1.650336275,-1.163395802,11.22976483,-5.379600873,4.946098545,2,0,0.006,0.994,0,0
580,2,2,2.328686498,340.7593892,1.466892917,646.7086632,-2763972.852,3129595.655,1,1,2.305759,486.0330362,2.081938105,619.5817393,-2764000.561,3129590.381,869.8850761,16435.20768,1.643520768,1.643520768,0.705771588,28.20606023,Retain,0.845304374,0.8354099065,-0.009894467452,0.3550999727,0.3501527389,-0.04285120033,0.8729582068,3.489285065,3,0.358,0.064,0.008,0.484,0.086
581,11,11,0.5588847596,546.0887647,1.151647165,318.6388729,-2764862.818,3128709.963,3,3,0.2364951616,822.961741,1.128978948,358.7153689,-2764896.698,3128706.616,168.453947,1744.73696,0.174473696,0.174473696,0.3121818819,34.04542821,Retain,-0.5818119817,-1.44182753,-0.8600155478,0.4101281771,-0.01987959676,0.1184704775,-0.7881931423,4.390996062,1,0.002,0.904,0.084,0.01,0
582,10,10,1.210916979,453.673743,1.408302327,287.9257532,-2763275.774,3128851.998,4,4,1.30072182,637.1446045,2.049865143,285.2113143,-2763309.768,3128857.183,461.3459612,5639.379186,0.5639379186,0.5639379186,0.4657114635,34.3870252,Retain,0.1913779066,0.2629193564,0.07154144982,0.3396183267,0.3753890516,-0.009472253256,-0.1370947063,4.014384389,4,0.102,0.18,0.024,0.332,0.362
584,12,12,2.608128878,351.057063,1.59932714,0,-2764333.076,3128799.343,5,5,3.310929946,365.9567456,1.878450784,358.7153689,-2764386.545,3128799.771,857.9622563,19885.94356,1.988594356,1.988594356,0.7624601577,53.47016191,Retain,0.9586330593,1.1972291,0.2385960411,0.04156636219,0.1608643827,12.7902873,1.16332459,4.072190892,4,0.058,0,0.006,0.128,0.808
585,14,14,1.956096659,468.076084,1.846743909,287.9257532,-2763726.308,3128697.609,6,6,0.2364959903,822.9602528,1.128978884,47.07112009,-2763841.52,3128751.686,132.0272363,1010.441199,0.1010441199,0.1010441199,0.05165599537,127.270902,Retain,0.6709509868,-1.441824025,-2.112775012,0.5642770486,-0.4921104575,-1.811025223,-2.89199112,5.083215208,2,0,0.16,0.84,0,0
586,14,14,1.956096659,468.076084,1.846743909,287.9257532,-2763726.308,3128697.609,8,8,0.236496513,822.9592028,1.128978691,47.07112009,-2763808.29,3128660.091,170.1696377,1745.749749,0.1745749749,0.1745749749,0.08924659942,90.1589311,Retain,0.6709509868,-1.441821815,-2.112772802,0.5642757727,-0.4921106284,-1.811025223,-2.312823642,4.738474555,2,0,0.156,0.844,0,0
587,14,14,1.956096659,468.076084,1.846743909,287.9257532,-2763726.308,3128697.609,9,9,0.7686126343,694.2879878,1.717071892,50.24227554,-2763668.108,3128709.609,533.2825684,5075.857837,0.5075857837,0.5075857837,0.2594891114,59.42408067,Retain,0.6709509868,-0.263168163,-0.9341191498,0.394255987,-0.07280358784,-1.745829401,-1.046128785,4.32160582,2,0.052,0.268,0.664,0.008,0.008
588,313,313,0.8383271394,436.8710117,1.128379167,1264.650895,-2772309.714,3119660.762,295,295,0.5322869148,548.5445577,1.128963428,1381.503835,-2772337.763,3119676.745,240.2472833,3581.964581,0.3581964581,0.3581964581,0.4272752739,32.28282412,Retain,-0.1763468736,-0.6305726214,-0.4542257479,0.2276305281,5.176541341e-4,0.08837646217,-0.2923835578,4.135104683,1,0.018,0.624,0.028,0.328,0.002
589,364,364,0.8383271393,582.4946823,1.504505556,1533.614477,-2775616.055,3119124.966,326,326,1.242015409,437.2961632,1.374783234,1548.37575,-2775620.564,3119149.789,448.7202363,5449.409396,0.5449409396,0.5449409396,0.6500337565,25.22917918,Retain,-0.1763468736,0.2167353904,0.393082264,-0.2867093718,-0.09016823975,0.009579119515,0.6178714478,3.888579244,4,0.01,0.002,0.004,0.174,0.81
590,452,452,21.05132594,226.1677362,2.927287962,489.2739233,-2771387.9,3118309.507,523,523,12.65730907,364.128141,3.654433002,760.3423899,-2771422.166,3118285.942,4687.064593,113078.3004,11.30783004,11.30783004,0.53715524,41.58632112,Retain,3.046963548,2.53823484,-0.5087287083,0.4762289219,0.2218645677,0.4408456132,0.1485971413,2.776678509,1,0.182,0.57,0.23,0.008,0.01
591,443,443,6.799764575,260.3272467,1.914968487,61.04013759,-2763303.786,3118383.518,658,658,0.2365919742,822.7790961,1.128959393,579.1761762,-2763478.89,3118266.246,195.9161093,1841.590553,0.1841590554,0.1841590554,0.02708315168,210.7477412,Retain,1.91688799,-1.44141825,-3.35830624,1.150748271,-0.5284048491,2.250060411,-3.546156117,4.964587572,2,0,0.056,0.944,0,0
592,485,485,38.37675349,151.102231,2.640584447,30.52006879,-2766858.475,3118017.049,716,716,22.12134609,163.0776953,2.163691845,23.55225273,-2766961.995,3117948.532,3761.515434,210120.6614,21.01206614,21.01206614,0.5475206793,124.1419698,Retain,3.647451898,3.096543029,-0.5509088698,0.07627011105,-0.1991843239,-0.2591532939,0.1902753115,3.570072877,2,0.032,0.136,0.82,0.008,0.004
593,462,462,0.8383271394,436.8710117,1.128379167,431.6189522,-2773225.316,3118043.199,535,535,0.118293212,1247.385332,1.210251454,477.7347589,-2773238.015,3118013.762,147.5572175,1182.93212,0.118293212,0.118293212,0.1411062656,32.05883412,Retain,-0.1763468736,-2.134588889,-1.958242015,1.049166921,0.07004591352,0.1015123133,-1.80023369,4.128142353,1,0.006,0.754,0.23,0.01,0
595,477,477,6.240879815,352.1049945,2.481362206,30.52006879,-2773907.235,3118056.409,563,563,0.6506148039,820.3885981,1.866709141,0,-2773923.63,3117848.239,196.9542499,1306.494805,0.1306494805,0.1306494805,0.02093446507,208.8148547,Retain,1.831121168,-0.429837511,-2.26095868,0.845848717,-0.2846306227,-10.3261725,-3.799560295,4.998257144,2,0,0.004,0.996,0,0
597,477,477,6.240879815,352.1049945,2.481362206,30.52006879,-2773907.235,3118056.409,564,564,5.145730492,442.9796206,2.834668861,0,-2773914.396,3118062.25,2053.847933,36827.08346,3.682708346,3.682708346,0.5900944186,9.241714918,Retain,1.831121168,1.63816734,-0.1929538284,0.2295943547,0.1331174405,-10.3261725,0.3636123061,1.880640023,2,0.35,0.146,0.416,0.052,0.036
598,485,485,38.37675349,151.102231,2.640584447,30.52006879,-2766858.475,3118017.049,586,586,0.1774414908,1097.047372,1.303611066,23.55225273,-2766858.2,3118328.977,194.6617212,1774.414908,0.1774414908,0.1774414908,0.004623671225,311.9282115,Retain,3.647451898,-1.729114354,-5.376566252,1.982421008,-0.7058621175,-0.2591532939,-5.177140333,4.491415269,2,0,0,1,0,0
599,485,485,38.37675349,151.102231,2.640584447,30.52006879,-2766858.475,3118017.049,599,599,0.2365893359,822.7840905,1.128959951,23.55244034,-2766680.74,3118269.655,97.92749741,598.0739938,0.05980739938,0.05980739938,0.001558427797,308.8673123,Retain,3.647451898,-1.441429401,-5.088881299,1.694737188,-0.8497034621,-0.259145329,-5.967803767,4.481554006,2,0,0,1,0,0
600,485,485,38.37675349,151.102231,2.640584447,30.52006879,-2766858.475,3118017.049,613,613,0.1774422085,1097.044591,1.303610397,23.55244034,-2766622.083,3118223.567,192.5557046,1509.12631,0.1509126309,0.1509126309,0.003932397017,313.8957973,Retain,3.647451898,-1.729110309,-5.376562207,1.982418473,-0.7058626308,-0.259145329,-5.308993494,4.497703254,2,0,0,1,0,0
601,478,478,2.701276338,384.1452,1.781045384,318.6388729,-2765867.875,3118024.255,670,670,1.656139549,436.0651592,1.583051053,329.8491613,-2765901.057,3118084.626,668.5439251,10534.40009,1.053440009,1.053440009,0.3899786164,68.889218,Retain,0.993724379,0.504489321,-0.489235058,0.1267710738,-0.1178464552,0.03457695454,-0.4464790872,4.308016948,1,0.048,0.61,0.316,0.022,0.004
602,485,485,38.37675349,151.102231,2.640584447,30.52006879,-2766858.475,3118017.049,677,677,3.075698966,364.4282517,1.802930637,50.2257327,-2766419.155,3117962.022,1128.212353,25504.90169,2.550490169,2.550490169,0.06645924778,442.7520859,Retain,3.647451898,1.123532181,-2.523919717,0.8803730574,-0.3815868011,0.4981301837,-2.628531556,4.84165124,2,0.002,0.022,0.976,0,0
603,501,501,11.82972741,227.0353289,2.202804118,0,-2767605.779,3117809.852,603,603,0.5914730533,737.8666401,1.600812348,23.55250143,-2767569.265,3118196.54,343.8101966,2437.789445,0.2437789445,0.2437789445,0.02060731715,388.4080183,Retain,2.470615636,-0.5251391531,-2.995754789,1.178657464,-0.3192199299,10.06702977,-3.814921174,5.299116081,2,0,0.072,0.928,0,0
604,484,484,9.966778212,281.720559,2.508944223,61.0401376,-2774414.173,3117804.172,582,582,5.559816323,373.243926,2.482664528,75.33980874,-2774482.396,3117747.781,2011.739891,50034.62824,5.003462824,5.003462824,0.5020140628,88.5122879,Retain,2.299257384,1.715565072,-0.5836923113,0.2813165091,-0.01052964656,0.2104739131,0.008040214337,3.905888938,1,0.044,0.486,0.46,0.004,0.006
605,501,501,11.82972741,227.0353289,2.202804118,0,-2767605.779,3117809.852,681,681,2.543357819,474.0667529,2.132741888,23.55250143,-2767549.412,3117936.504,1172.322514,24551.21934,2.455121934,2.455121934,0.2075383353,138.6286111,Retain,2.470615636,0.9334851841,-1.537130451,0.7362425012,-0.0323227245,10.06702977,-1.336282341,4.268862833,2,0.006,0.068,0.926,0,0
606,500,500,3.073866178,278.0088257,1.374979203,96.51293174,-2768117.367,3117651.062,721,721,1.656154752,466.3911022,1.693151353,139.8009242,-2768119.28,3117671.597,741.0597235,14066.66919,1.406666919,1.406666919,0.4576213919,20.62371677,Retain,1.122936111,0.504498501,-0.6184376095,0.517371697,0.2081528922,0.3705392253,-0.1695813142,3.037387087,1,0.114,0.676,0.198,0.01,0.002
607,501,501,11.82972741,227.0353289,2.202804118,0,-2767605.779,3117809.852,727,727,0.3548914225,681.251646,1.144854733,25.11265786,-2767581.027,3117611.526,218.5917534,2720.449341,0.2720449341,0.2720449341,0.02299672043,199.8648508,Retain,2.470615636,-1.035943389,-3.506559024,1.098826123,-0.6544533894,10.13116711,-3.707595851,4.63470352,2,0,0.008,0.992,0,0
608,488,488,0.5588847596,655.3065176,1.381976598,183.1204128,-2766353.214,3117666.785,740,740,0.7097844933,623.6704974,1.482222911,166.7738636,-2766364.999,3117662.889,315.7506172,4056.277937,0.4056277937,0.4056277937,0.7257807387,12.4119157,Retain,-0.5818119816,-0.3427938856,0.239018096,-0.04948091211,0.07002813586,-0.09350460972,0.9710567407,3.382008453,4,0.022,0.004,0.002,0.406,0.566
609,501,501,11.82972741,227.0353289,2.202804118,0,-2767605.779,3117809.852,745,745,2.070203246,448.9085487,1.822046417,25.11265786,-2767722.507,3117586.293,865.2305021,18477.39815,1.847739815,1.847739815,0.1561946232,252.1984364,Retain,2.470615636,0.7276467892,-1.742968846,0.6817135498,-0.1897708734,10.13116711,-1.681621602,4.867277314,2,0.004,0.05,0.946,0,0
610,507,507,1.769801739,379.3879839,1.423773641,110.041673,-2767331.731,3117471.349,763,763,1.774469849,360.9270705,1.356278373,94.21335492,-2767356.46,3117494.07,507.4923365,10759.95396,1.075995396,1.075995396,0.6079751041,33.58244191,Retain,0.5708675282,0.5735017018,0.002634173542,-0.04988346851,-0.04856638174,-0.1552956691,0.4379044288,3.800964324,3,0.042,0.03,0.03,0.856,0.042
611,530,530,30.55236686,209.7780011,3.270976627,30.52006879,-2768879.556,3117614.057,771,771,6.802102681,270.9554179,1.993492009,34.42976853,-2769282.097,3117412.874,1793.354805,62939.09787,6.293909787,6.293909787,0.2060040002,450.0147968,Retain,3.419442157,1.917231782,-1.502210375,0.255904464,-0.4952007237,0.1205333734,-1.345598965,4.97192655,2,0,0.008,0.99,0,0.002
612,530,530,30.55236686,209.7780011,3.270976627,30.52006879,-2768879.556,3117614.057,598,598,0.2957361187,817.5071596,1.254119201,94.20877336,-2768606.007,3118117.502,237.0989409,2156.553493,0.2156553493,0.2156553493,0.007058548044,572.9625149,Retain,3.419442157,-1.218287713,-4.63772987,1.360209827,-0.9586551084,1.127106702,-4.814944907,5.213465905,2,0,0.004,0.996,0,0
613,530,530,30.55236686,209.7780011,3.270976627,30.52006879,-2768879.556,3117614.057,641,641,1.537841682,412.4049108,1.442695609,34.42948214,-2768360.968,3117936.925,610.0884836,11624.94339,1.16249434,1.16249434,0.03804924001,610.8827103,Retain,3.419442157,0.4303799282,-2.989062229,0.6759558261,-0.8185752886,0.1205250555,-3.205178864,5.277550478,2,0,0.002,0.998,0,0
615,530,530,30.55236686,209.7780011,3.270976627,30.52006879,-2768879.556,3117614.057,701,701,0.118297044,1247.345898,1.210232795,50.22540818,-2769038.17,3117554.741,147.5573326,1182.97044,0.118297044,0.118297044,0.003871943689,169.3421345,Retain,3.419442157,-2.134556495,-5.553998653,1.782723457,-0.9942758693,0.4981237225,-5.321386231,3.994570902,2,0,0.004,0.996,0,0
616,530,530,30.55236686,209.7780011,3.270976627,30.52006879,-2768879.556,3117614.057,708,708,0.1182968757,1220.980337,1.184650864,34.42976853,-2769174.734,3117530.946,45.41430858,30.76757464,0.003076757464,0.003076757464,1.007043899e-4,306.6547809,Retain,3.419442157,-2.134557919,-5.554000076,1.761359537,-1.015640502,0.1205333734,-6.812703841,4.588369748,2,0,0.012,0.988,0,0
617,516,516,1.490359359,409.5665735,1.410473959,43.16189522,-2770354.522,3117465.225,714,714,1.478706496,486.2827929,1.668111055,150.6767714,-2770393.746,3117506.796,503.7423281,7185.280958,0.7185280958,0.7185280958,0.4821173441,57.15499848,Retain,0.3990172713,0.3911677161,-0.00784955516,0.1716908703,0.1677660927,1.250162373,-0.07141818854,4.418640652,3,0.056,0.238,0.044,0.578,0.084
618,530,530,30.55236686,209.7780011,3.270976627,30.52006879,-2768879.556,3117614.057,715,715,9.108832784,267.8199519,2.280181199,34.42948214,-2768662.307,3117751.201,2446.869927,88714.32658,8.871432658,8.871432658,0.2903680982,256.916147,Retain,3.419442157,2.209244578,-1.210197579,0.2442650996,-0.3608336899,0.1205250555,-0.8915671669,4.411397512,2,0,0.042,0.958,0,0
619,555,555,21.79650562,291.2473412,3.835751595,43.16189522,-2770274.261,3117105.294,720,720,0.5914849649,658.2205177,1.428033313,25.11260707,-2769846.243,3117455.513,329.2913073,3512.086793,0.3512086793,0.3512086793,0.01611307268,553.0391965,Retain,3.081749664,-0.5251190145,-3.606868679,0.8153671327,-0.9880672067,-0.5415714054,-4.052684184,5.346920798,2,0,0.012,0.988,0,0
620,541,541,7.451796794,253.9312756,1.955427705,314.2233402,-2773499.616,3117255.018,725,725,1.12382157,511.3207709,1.529104564,175.7889074,-2773419.71,3117159.099,576.6088092,11213.91052,1.121391052,1.121391052,0.1504859946,124.8412639,Retain,2.008455184,0.1167349929,-1.891720191,0.6999334631,-0.2459266323,-0.5808176161,-1.725347703,4.395188403,2,0.002,0.024,0.974,0,0
622,517,517,2.608128878,351.057063,1.59932714,30.52006879,-2768318.125,3117430.617,744,744,0.2365953777,1048.235588,1.438325221,23.55345911,-2768323.304,3117451.9,247.6693502,2185.715643,0.2185715643,0.2185715643,0.08380397387,21.90417012,Retain,0.9586330593,-1.441403864,-2.400036923,1.093914854,-0.1061036074,-0.2591020764,-2.380978815,3.179771101,2,0.014,0.292,0.694,0,0
623,555,555,21.79650562,291.2473412,3.835751595,43.16189522,-2770274.261,3117105.294,785,785,0.1182980933,1220.98003,1.184656663,247.2901301,-2770223.699,3117131.589,145.01977,1099.081528,0.1099081528,0.1099081528,0.005042466656,56.99079184,Retain,3.081749664,-2.134547625,-5.21629729,1.433236243,-1.174912402,1.745585088,-5.104892304,3.074397365,2,0,0.034,0.966,0,0
624,555,555,21.79650562,291.2473412,3.835751595,43.16189522,-2770274.261,3117105.294,794,794,4.25872991,297.1115666,1.729635842,25.11260707,-2769676.783,3117255.083,1210.482328,39440.08796,3.944008796,3.944008796,0.1809468391,615.9683353,Retain,3.081749664,1.448970973,-1.632778692,0.01993483751,-0.7964545084,-0.5415714054,-1.505654617,5.454687293,2,0.004,0.008,0.978,0.002,0.008
625,553,553,45.08337061,171.9502639,3.256912596,30.5200688,-2771466.755,3117164.423,820,820,26.20297786,205.6088638,2.969013867,0,-2771372.118,3117136.969,5376.764889,249965.1268,24.99651268,24.99651268,0.5544508395,98.53889587,Retain,3.808513456,3.265873063,-0.5426403928,0.1787703726,-0.09254982378,-10.3261725,0.2182306114,3.258569715,2,0.1,0.152,0.734,0.008,0.006
626,555,555,21.79650562,291.2473412,3.835751595,43.16189522,-2770274.261,3117105.294,825,825,0.1774486826,1114.587154,1.324480264,50.2246007,-2770958.752,3116889.776,198.5994621,1770.322003,0.1770322003,0.1770322003,0.008122045035,717.618074,Retain,3.081749664,-1.729073824,-4.810823488,1.342066474,-1.06334527,0.1515436516,-4.689913736,5.607429001,2,0,0,1,0,0
627,555,555,21.79650562,291.2473412,3.835751595,43.16189522,-2770274.261,3117105.294,826,826,1.12383885,706.7248908,2.113476757,50.2246741,-2770710.756,3116936.422,805.5714967,10554.55729,1.055455729,1.055455729,0.04842316229,468.0231916,Retain,3.081749664,0.1167503697,-2.964999295,0.8864685925,-0.5960310549,0.151545113,-2.958751587,5.180010097,2,0,0.004,0.996,0,0
628,555,555,21.79650562,291.2473412,3.835751595,43.16189522,-2770274.261,3117105.294,841,841,0.5323469326,931.7477838,1.917744803,50.2246007,-2771141.781,3116836.938,494.8032121,5314.346522,0.5314346522,0.5314346522,0.02438164454,908.0787514,Retain,3.081749664,-0.6304598733,-3.712209538,1.162889284,-0.6932154848,0.1515436516,-3.65006969,5.842822317,2,0,0,1,0,0
629,506,506,0.2794423798,873.7420235,1.302940032,213.6404816,-2783022.259,3117432.797,486,486,0.295729238,1008.486025,1.547077551,175.7952802,-2783033.946,3117459.475,80.90600819,65.89637067,0.006589637067,0.006589637067,0.02358138043,29.12542465,Retain,-1.274959162,-1.21831098,0.05664818237,0.1434203352,0.1717444263,-0.1949734644,-3.682925771,4.58149035,3,0.02,0.056,0.036,0.804,0.084
630,493,493,0.8383271393,655.3065177,1.692568751,155.6224263,-2781360.61,3117609.136,490,490,0.5914576525,838.6452938,1.819429407,260.2817691,-2781384.929,3117600.006,455.236378,4473.651053,0.4473651053,0.4473651053,0.5336402513,25.97591062,Retain,-0.1763468736,-0.5251651915,-0.3488183179,0.2466847524,0.07227559348,0.5143294581,0.1344947924,3.91774647,1,0.15,0.468,0.048,0.33,0.004
632,592,592,6.240879815,264.0787459,1.861021654,262.543559,-2775340.312,3116500.796,848,848,0.8872438299,700.7695162,1.862051822,110.9466898,-2775415.913,3116509.449,529.3222821,5113.900524,0.5113900524,0.5113900524,0.08194198055,76.0944101,Retain,1.831121168,-0.1196354416,-1.95075661,0.9759317015,5.533964754e-4,-0.8613619887,-2.40520792,3.988792308,2,0.004,0.036,0.954,0.004,0.002
634,618,618,5.216257756,327.6532588,2.111004123,43.16189521,-2775925.798,3116158.039,892,892,0.7689539985,763.5233571,1.888719982,0,-2775929.72,3116127.685,587.1143384,7689.539985,0.7689539984,0.7689539984,0.1474148776,30.6071974,Retain,1.65178024,-0.2627241312,-1.914504371,0.8459878049,-0.1112643806,-10.6727365,-1.749433692,3.167742685,2,0.02,0.076,0.9,0.004,0
635,618,618,5.216257756,327.6532588,2.111004123,43.16189521,-2775925.798,3116158.039,899,899,0.5323544126,737.1938784,1.517320122,0,-2775881.058,3116039.805,249.2634114,2201.115993,0.2201115993,0.2201115993,0.04219722445,126.4157094,Retain,1.65178024,-0.6304458223,-2.282226062,0.8108950105,-0.3302180206,-10.6727365,-3.099909153,4.586058491,2,0,0.018,0.982,0,0
638,649,649,27.47850068,188.8171322,2.79211294,43.16189521,-2776809.2,3115781.506,941,941,20.40708186,264.3116001,3.368230043,0,-2776873.46,3115683.114,5378.373787,175327.7645,17.53277645,17.53277645,0.6380543339,117.5178237,Retain,3.313403905,3.01588199,-0.2975219149,0.3363497185,0.1875887611,-10.6727365,0.5657363373,3.682261512,2,0.318,0.13,0.498,0.024,0.03
639,532,532,2.328686498,419.3961713,1.805406667,91.56020639,-2782532.717,3117250.898,507,507,0.2957308026,817.5116524,1.254114822,266.5596494,-2782531.631,3117366.605,142.2770566,846.4659396,0.08464659395,0.08464659395,0.03634950176,115.7124083,Retain,0.8453043739,-1.218305689,-2.063610063,0.667449167,-0.3643558646,1.068594124,-3.251446286,4.900829272,2,0,0.3,0.7,0,0
642,548,548,1.769801739,379.3879839,1.423773641,129.4856857,-2782815.043,3117032.824,547,547,0.2365864961,822.789398,1.128960459,94.20796759,-2782866.381,3117131.418,120.5588516,616.324914,0.0616324914,0.0616324914,0.03482451738,111.1594065,Retain,0.5708675282,-1.441441404,-2.012308932,0.7741408868,-0.2320135792,-0.318062688,-3.294712975,4.997905441,2,0,0.188,0.812,0,0
643,548,548,1.769801739,379.3879839,1.423773641,129.4856857,-2782815.043,3117032.824,574,574,0.1182940161,1220.983173,1.184639296,94.20796759,-2782816.453,3116993.958,144.4350031,1182.940161,0.1182940161,0.1182940161,0.06684026437,38.8913142,Retain,0.5708675282,-2.134582092,-2.70544962,1.168852307,-0.1838725033,-0.318062688,-2.622491558,3.947727831,2,0.002,0.452,0.546,0,0
644,564,564,2.980718718,307.1749301,1.496033552,129.4856857,-2782611.191,3116744.188,626,626,0.1774428093,1097.042661,1.303610311,246.3704233,-2782634.934,3116745.931,194.6623317,1774.428093,0.1774428093,0.1774428093,0.05953020936,23.80692896,Retain,1.092164452,-1.729106923,-2.821271375,1.272955958,-0.1376797295,0.6432621858,-2.744299693,3.196301392,2,0.012,0.356,0.632,0,0
645,635,635,8.9421561530000009,273.0443823,2.30329433,30.52006879,-2783051.825,3115967.834,775,775,0.3548944275,813.9851944,1.367921463,23.55363839,-2783320.907,3116043.148,226.1799742,2342.093385,0.2342093385,0.2342093385,0.02619159569,279.4234871,Retain,2.190776741,-1.035934921,-3.226711662,1.092307822,-0.5210480083,-0.259094465,-3.579333,5.109708657,2,0,0.072,0.928,0,0
646,635,635,8.9421561530000009,273.0443823,2.30329433,30.52006879,-2783051.825,3115967.834,799,799,0.6506424778,603.1683898,1.372476282,23.55363839,-2783251.46,3115948.598,369.71033190000003,5502.126019,0.5502126019,0.5502126019,0.0615301939,200.5597401,Retain,2.190776741,-0.4297949768,-2.620571717,0.7925620565,-0.5177238022,-0.259094465,-2.709666138,4.778093716,2,0,0.006,0.994,0,0
647,635,635,8.9421561530000009,273.0443823,2.30329433,30.52006879,-2783051.825,3115967.834,824,824,3.903857308,337.7850284,1.882705676,23.55397387,-2782990.404,3115931.711,1206.298913,35225.49167,3.522549167,3.522549167,0.3939261524,71.25608292,Retain,2.190776741,1.361965118,-0.8288116228,0.2127753277,-0.2016304837,-0.2590802224,-0.4299516523,3.743270796,2,0.008,0.116,0.874,0.002,0
653,656,656,19.93355642,232.7256792,2.931107652,61.04013759,-2778244.727,3115634.966,940,940,0.1183022735,1247.289791,1.210205106,23.55530178,-2778182.798,3115474.845,147.557218,1183.022735,0.1183022735,0.1183022735,0.005934830242,171.6797437,Retain,2.992404564,-2.13451229,-5.126916854,1.678867892,-0.8845905352,-0.9521546473,-4.966251657,4.221799272,2,0,0.008,0.992,0,0
654,654,654,6.240879815,283.6401345,1.99887511,30.52006879,-2778905.693,3115551.486,947,947,5.678487289,288.65181,1.940375052,125.5585259,-2778841.78,3115607.761,1286.516935,32893.35681,3.289335681,3.289335681,0.5270628145,85.15807221,Retain,1.831121168,1.736684875,-0.09443629364,0.01751484951,-0.02970329731,1.414362731,0.1081404507,4.101325304,2,0.264,0.128,0.328,0.202,0.078
656,656,656,19.93355642,232.7256792,2.931107652,61.04013759,-2778244.727,3115634.966,953,953,11.8302355,295.664891,2.868742185,25.11169027,-2778229.4,3115569.209,3542.518956,100685.2722,10.06852722,10.06852722,0.505104408,67.51901794,Retain,2.992404564,2.470658585,-0.5217459796,0.2393662706,-0.02150671919,-0.8881747169,0.02037758342,3.288586777,2,0.08,0.39,0.506,0.012,0.012
657,698,698,1.210916979,504.08193670000003,1.564780364,30.5200688,-2783024.606,3114603.822,983,983,1.301349606,646.5162903,2.080518264,55.47263631,-2782994.41,3114618.045,568.0176759,7315.830282,0.7315830282,0.7315830282,0.6041562228,33.37822449,Retain,0.1913779065,0.2634018842,0.07202397771,0.248859568,0.2848715568,0.5974906611,0.4219439493,3.984609675,3,0.102,0.068,0.012,0.534,0.284
658,702,702,0.3725898397,655.3065176,1.128379167,30.5200688,-2782915.438,3114518.131,999,999,0.2366107678,822.7437023,1.128955665,70.66821873,-2782912.063,3114502.765,178.178247,1947.090796,0.1947090796,0.1947090796,0.5225829018,15.73206978,Retain,-0.9872770898,-1.441338818,-0.4540617282,0.2275416414,5.107772698e-4,0.839592874,0.09021243615,3.82176834,1,0.114,0.6,0.01,0.276,0
659,515,515,0.5588847595,655.3065177,1.381976598,213.6404816,-2783342.719,3117387.017,489,489,0.3548755044,690.0647398,1.159639276,50.22720531,-2783308.096,3117423.496,162.0673593,1137.912934,0.1137912934,0.1137912934,0.2036042163,50.29392716,Retain,-0.5818119818,-1.035988243,-0.4541762612,0.05168232685,-0.1754058037,-1.447722563,-1.360273687,4.781175154,1,0.014,0.666,0.196,0.122,0.002
661,599,599,0.2794423798,873.7420234,1.302940032,0,-2784171.848,3116232.341,695,695,0.4140390335,705.2364564,1.28011936,75.33825297,-2784182.493,3116270.647,138.60664,1033.789942,0.1033789942,0.1033789942,0.369947444,39.75736518,Retain,-1.274959162,-0.8817950257,0.3931641365,-0.2142520187,-0.01766995047,11.22975657,-0.5313287569,4.892664788,3,0,0.014,0.006,0.51,0.47
662,598,598,1.397211899,524.2452141,1.748077489,0,-2784261.373,3116271,735,735,1.24211777,705.2369537,2.217233931,0,-2784397.936,3116208.869,189.0738378,1912.093273,0.1912093273,0.1912093273,0.1368506291,150.0319534,Retain,0.3344787502,0.2168178016,-0.1176609486,0.2965743101,0.2377438358,0,-1.835574936,5.415980527,3,0.052,0.292,0.234,0.326,0.096
665,625,625,4.191635697,334.9344424,1.9344016,43.16189522,-2783899.88,3116108.905,784,784,3.608079295,359.4237547,1.925927265,34.42984946,-2783921.887,3116092.446,1260.433779,26957.2016,2.69572016,2.69572016,0.6431189052,27.48061691,Retain,1.433091039,1.28317558,-0.1499154592,0.0705672495,-0.004390480091,-0.2260282699,0.5876825507,3.169336729,3,0.366,0.122,0.102,0.372,0.038
666,703,703,0.5588847596,655.3065176,1.381976598,91.56020639,-2782722.145,3114513.044,1000,1000,0.2366103021,1035.00336,1.420213553,120.6375573,-2782718.719,3114525.714,234.3802605,1666.494744,0.1666494744,0.1666494744,0.2981821772,13.12443975,Retain,-0.5818119817,-1.441340786,-0.8595288043,0.4570568605,0.02729245835,0.2757912743,-0.8540450393,3.4378232460000002,1,0.068,0.794,0.11,0.028,0
667,640,640,1.024622059,655.3065176,1.871205159,30.52006879,-2783474.51,3115754.194,840,840,1.892766886,681.6782276,2.64559314,23.55390498,-2783413.239,3115791.663,369.2403301,4273.242828,0.4273242828,0.4273242828,0.4170555172,71.82029602,Retain,0.02432382187,0.6380397195,0.6137158977,0.03945464742,0.3463125962,-0.2590831469,-0.3341916747,4.834384066,4,0,0.004,0.058,0.058,0.88
668,630,630,2.887571258,422.7783985,2.026628811,30.52006879,-2783559.806,3115912.701,780,780,0.1774472133,1097.027879,1.303608922,23.55370575,-2783667.334,3115969.267,139.4360095,1004.075339,0.1004075339,0.1004075339,0.03477231382,121.4991931,Retain,1.060415754,-1.729082104,-2.789497858,0.9535117124,-0.4412372165,-0.259091605,-3.296225269,4.842072918,2,0,0.14,0.86,0,0
669,634,634,0.1862949199,982.9597764,1.196826841,30.5200688,-2783724.22,3115830.494,809,809,0.1774482034,1079.457825,1.282733835,25.11235647,-2783750.096,3115859.511,78.63851269,123.0356475,0.01230356475,0.01230356475,0.06604347966,38.87845571,Retain,-1.68042427,-1.729076524,-0.04865225404,0.09364598032,0.0693198533,-0.1950173905,-2.635158667,5.073043058,3,0.016,0.06,0.022,0.876,0.026
670,630,630,2.887571258,422.7783985,2.026628811,30.52006879,-2783559.806,3115912.701,810,810,2.129374302,440.8272122,1.814635772,23.55370575,-2783541.622,3115893.649,862.7231199,16820.80188,1.682080188,1.682080188,0.5825242176,26.33666089,Retain,1.060415754,0.7558281816,-0.3045875719,0.04180482841,-0.1104889576,-0.259091605,0.3324669343,3.313156954,1,0.206,0.406,0.286,0.09,0.012
671,644,644,0.8383271393,582.4946823,1.504505556,0,-2784945.023,3115682.98,823,823,1.123834243,703.9546989,2.105188121,75.33708482,-2785051.044,3115686.324,415.2208952,3768.807175,0.3768807175,0.3768807175,0.4495628255,106.0734763,Retain,-0.1763468736,0.1167462702,0.2930931438,0.1893939496,0.3359405215,11.22974106,-0.20203039,5.324679834,4,0.008,0.084,0.064,0.332,0.512
675,661,661,28.50312274,244.1338007,3.676793183,0,-2784136.64,3115732.849,886,886,14.7282588,277.9834961,3.009468376,0,-2784110.614,3115710.074,3978.11765,124749.7123,12.47497123,12.47497123,0.4376703332,34.584397010000004,Retain,3.350013651,2.689768016,-0.6602456354,0.129845307,-0.2002775107,0,-0.2501168291,2.440789659,2,0.088,0.21,0.686,0.014,0.002
678,661,661,28.50312274,244.1338007,3.676793183,0,-2784136.64,3115732.849,749,749,0.4731911975,610.4890923,1.1846534,23.55353726,-2784159.552,3116071.69,289.1773965,4301.214592,0.4301214592,0.4301214592,0.01509032758,339.6144677,Retain,3.350013651,-0.748255749,-4.0982694,0.9165439882,-1.132590712,10.06707375,-4.11534642,4.725172118,2,0,0.002,0.998,0,0
679,661,661,28.50312274,244.1338007,3.676793183,0,-2784136.64,3115732.849,756,756,0.2365953495,1021.87604,1.402156167,0,-2784506.667,3116005.621,134.1420013,936.1423793,0.09361423794,0.09361423794,0.003284350238,459.7005731,Retain,3.350013651,-1.441403983,-4.791417634,1.431679034,-0.9640297835,0,-5.450499412,5.027935642,2,0,0,1,0,0
680,661,661,28.50312274,244.1338007,3.676793183,0,-2784136.64,3115732.849,770,770,0.2365961309,822.7712561,1.128958553,23.55353726,-2784126.263,3115980.045,195.8910656,1964.594515,0.1964594515,0.1964594515,0.00689255887,247.413564,Retain,3.350013651,-1.441400681,-4.7914143320000004,1.214961784,-1.180745381,10.06707375,-4.83592489,4.408423444,2,0,0.008,0.992,0,0
681,661,661,28.50312274,244.1338007,3.676793183,0,-2784136.64,3115732.849,805,805,0.4140450492,697.7018887,1.266452089,0,-2784443.352,3115838.933,293.4004119,2339.779091,0.2339779091,0.2339779091,0.008208851756,324.5395686,Retain,3.350013651,-0.8817804967,-4.231794148,1.050075479,-1.065821594,0,-4.680355149,4.679768665,2,0,0,1,0,0
685,661,661,28.50312274,244.1338007,3.676793183,0,-2784136.64,3115732.849,896,896,0.1183010703,1220.975123,1.184666807,47.10907557,-2784032.895,3115349.849,144.5785878,1182.896047,0.1182896047,0.1182896047,0.004150057724,396.8029654,Retain,3.350013651,-2.134522461,-5.484536112,1.609688661,-1.132579395,10.76024218,-5.265592326,4.880800486,2,0,0.006,0.994,0,0
687,701,701,0.5588847595,546.0887647,1.151647165,43.16189522,-2783205.379,3114518.131,989,989,0.1183047213,1247.265556,1.210194112,55.47263631,-2783242.42,3114532.771,114.9726501,798.1878689,0.079818786890000007,0.079818786890000007,0.1428179701,39.82904332,Retain,-0.5818119818,-2.134491599,-1.552679617,0.8259273436,0.04958753494,0.2509266673,-1.786267829,4.547892419,1,0.002,0.782,0.202,0.014,0
688,706,706,156.95347,131.0613035,4.631855603,30.52006879,-2785348.431,3114960.835,991,991,118.5977541,197.2838527,6.060728661,0,-2785576.884,3114908.545,20136.06877,972786.9185,97.27869185,97.27869185,0.6197931901,234.3606376,Retain,5.055949392,4.77573755,-0.2802118422,0.408978389,0.2688724679,-10.3261725,0.4876559632,3.501255629,2,0.134,0.174,0.64,0.022,0.03
689,325,325,0.9314745993,458.7145624,1.248886881,91.56020638,-2787172.988,3119584.462,215,215,0.5914022231,573.3345049,1.243783021,97.48043484,-2787204.943,3119585.773,294.4229979,3708.964516,0.3708964516,0.3708964516,0.3981820351,31.98166975,Retain,-0.07098635795,-0.5252589126,-0.4542725546,0.2230411764,-0.004095100911,0.06265427714,-0.4121977275,4.073052308,1,0.03,0.694,0.032,0.244,0
690,369,369,1.583506819,501.1167488,1.778868953,91.56020638,-2787083.223,3119170.646,229,229,0.1182818266,1220.995298,1.184590024,117.7391995,-2787077.963,3119289.671,137.8013591,1098.458542,0.1098458542,0.1098458542,0.06936872826,119.1411142,Retain,0.4596418932,-2.134685141,-2.594327034,0.8905825179,-0.4065809991,0.2514728273,-2.583188142,5.122861014,2,0,0.354,0.646,0,0
691,369,369,1.583506819,501.1167488,1.778868953,91.56020638,-2787083.223,3119170.646,241,241,0.532272275,637.0343098,1.311066782,117.7391995,-2787117.805,3119106.233,295.75314530000003,3265.164802,0.3265164803,0.3265164803,0.2061983418,73.10873493,Retain,0.4596418932,-0.6306001255,-1.090242019,0.2399844102,-0.3051365991,0.2514728273,-1.34441609,4.634505527,2,0.004,0.26,0.728,0.008,0
692,399,399,1.304064439,421.2684756,1.357074079,30.52006879,-2787223.128,3118736.44,265,265,0.2957100889,997.9833919,1.53091632,47.09740311,-2787221.113,3118740.419,294.1014157,2950.746749,0.2950746749,0.2950746749,0.2262730783,4.459860808,Retain,0.2654858787,-1.218375734,-1.483861613,0.8624662951,0.1205354887,0.433821871,-1.226358326,1.934963757,1,0.05,0.704,0.242,0.004,0
693,400,400,0.3725898397,655.3065177,1.128379167,244.1605504,-2786760.967,3118699.38,268,268,0.2365691585,822.8221118,1.128963977,263.8637671,-2786761.462,3118702.964,194.6543346,2365.691585,0.2365691585,0.2365691585,0.6349318562,3.618294416,Retain,-0.9872770899,-1.441514689,-0.4542375988,0.2276369392,5.181397605e-4,0.07760662817,0.5522719121,2.352282582,1,0.388,0.402,0.056,0.15,0.004
694,408,408,0.5588847595,764.5242706,1.612306031,30.52006879,-2787162.815,3118628.167,273,273,0.7688511054,571.6820884,1.414069564,47.09740311,-2787215.743,3118609.235,298.3926199,2587.793099,0.25877931,0.25877931,0.4630280313,56.21232115,Retain,-0.5818119818,-0.2628579493,0.3189540324,-0.2906707246,-0.1311937083,0.433821871,-0.1478614932,4.892424694,4,0.004,0.018,0.03,0.286,0.662
695,706,706,156.95347,131.0613035,4.631855603,30.52006879,-2785348.431,3114960.835,793,793,0.2365972182,822.7692187,1.128958351,23.5537833,-2785443.806,3115769.291,107.7325615,707.4818411,0.07074818412,0.07074818412,4.507589678e-4,814.0627972,Retain,5.055949392,-1.441396085,-6.497345477,1.837010567,-1.411662171,-0.2590883129,-6.536217524,4.746428985,2,0,0,1,0,0
696,706,706,156.95347,131.0613035,4.631855603,30.52006879,-2785348.431,3114960.835,847,847,0.4731988545,710.0400583,1.377843086,47.10842207,-2786779.385,3115441.617,229.9994901,2846.953531,0.2846953531,0.2846953531,0.001813883778,1509.563267,Retain,5.055949392,-0.7482395677,-5.80418896,1.689656209,-1.212438271,0.4340557996,-5.872375407,5.36396657,2,0,0,1,0,0
700,706,706,156.95347,131.0613035,4.631855603,30.52006879,-2785348.431,3114960.835,885,885,0.1774511096,1097.014849,1.30360775,70.66324255,-2785406.243,3115295.752,69.67623583,264.7021881,0.02647021881,0.02647021881,1.686501026e-4,339.8701522,Retain,5.055949392,-1.729060147,-6.785009538,2.124682816,-1.267821953,0.8395224566,-6.752736959,3.872956829,2,0,0.004,0.996,0,0
701,706,706,156.95347,131.0613035,4.631855603,30.52006879,-2785348.431,3114960.835,906,906,0.7098067669,681.245266,1.619081211,47.1090842,-2786311.196,3115099.666,483.5524997,7098.067669,0.7098067669,0.7098067669,0.004522402512,972.7227344,Retain,5.055949392,-0.3427625053,-5.398711897,1.648257217,-1.051098731,0.4340698549,-5.195413655,4.924490357,2,0,0,1,0,0
702,706,706,156.95347,131.0613035,4.631855603,30.52006879,-2785348.431,3114960.835,907,907,0.3549039566,822.7592959,1.382685111,23.55463292,-2786160.949,3115087.304,292.0005295,3549.039567,0.3549039567,0.3549039567,0.002261204908,822.3013297,Retain,5.055949392,-1.035908071,-6.091857463,1.836998507,-1.208930225,-0.2590522434,-5.724396547,4.756498372,2,0,0,1,0,0
703,706,706,156.95347,131.0613035,4.631855603,30.52006879,-2785348.431,3114960.835,938,938,0.2366044283,1008.70755,1.38411372,70.66583548,-2784831.493,3114972.039,144.1068805,1076.262545,0.1076262545,0.1076262545,6.857207714e-4,517.0599615,Retain,5.055949392,-1.441365611,-6.497315003,2.040759957,-1.207897545,0.8395591496,-6.385876279,4.292551028,2,0,0,1,0,0
707,706,706,156.95347,131.0613035,4.631855603,30.52006879,-2785348.431,3114960.835,982,982,1.005589682,736.7798518,2.084218341,0,-2783562.775,3114575.479,755.9008515,8997.350688,0.8997350688,0.8997350688,0.005732495554,1826.763944,Retain,5.055949392,0.005574117878,-5.050375274,1.726623959,-0.7985636776,-10.3261725,-4.996065664,5.554692139,2,0,0,1,0,0
709,426,426,0.2794423798,873.7420234,1.302940032,61.04013759,-2786409.986,3118439.96,294,294,0.5322864191,937.7689049,1.930027908,70.64772079,-2786372.838,3118441.745,228.9298042,2139.761418,0.2139761418,0.2139761418,0.7657254493,37.19066866,Retain,-1.274959162,-0.6305735527,0.6443856094,0.07071838417,0.3929111889,0.146171979,1.18137565,4.8259293,4,0,0.004,0.002,0.054,0.94
710,448,448,0.2794423798,873.7420235,1.302940032,562.7622622,-2785250.224,3118195.799,340,340,0.5322935846,737.2665926,1.517383088,637.2195402,-2785304.261,3118205.022,190.116669,1179.097365,0.1179097365,0.1179097365,0.4219465085,54.81839396,Retain,-1.274959162,-0.6305600911,0.6443990712,-0.169835611,0.1523639247,0.1242567663,-0.3141491458,5.21388856,4,0,0.006,0.008,0.084,0.902
712,467,467,2.701276338,406.7419765,1.885812759,43.16189521,-2786950.928,3118166.331,363,363,3.430315169,477.7789973,2.496256074,125.5727588,-2786966.723,3118206.334,839.6575795,16204.83008,1.620483008,1.620483008,0.5998953108,43.00772946,Retain,0.9937243791,1.232652143,0.2389277639,0.1609692569,0.2804331388,1.067912086,0.4041982643,3.836905859,4,0.09,0.062,0.012,0.224,0.612
713,455,455,2.328686498,340.7593892,1.466892917,30.5200688,-2787196.183,3118182.37,399,399,4.435788222,419.0448735,2.489665503,125.5727588,-2787221.441,3117989.872,646.9656412,11500.70259,1.150070259,1.150070259,0.493870798,194.1478502,Retain,0.845304374,1.489705328,0.6444009536,0.2068013864,0.5290018632,1.41447608,-0.02446909299,5.41833789,4,0.026,0.08,0.108,0.056,0.73
716,519,519,13.69267661,316.5085901,3.303883652,30.5200688,-2786332.544,3117834.956,302,302,0.1182867184,1247.453076,1.210283961,75.34359962,-2786552.191,3118331.359,65.97802162,253.6353155,0.02536353155,0.02536353155,0.001852342845,542.8264096,Retain,2.616861136,-2.134643785,-4.751504921,1.37150883,-1.00424363,0.9036550265,-5.858761865,5.560725798,2,0,0.006,0.994,0,0
717,519,519,13.69267661,316.5085901,3.303883652,30.5200688,-2786332.544,3117834.956,324,324,0.2365736159,822.8136676,1.128963027,23.54960833,-2786442.809,3118234.625,158.9033874,1181.884758,0.1181884758,0.1181884758,0.008631510053,414.6001293,Retain,2.616861136,-1.441495847,-4.058356983,0.9553793865,-1.073799105,-0.2592655738,-4.635054479,5.291251299,2,0,0.008,0.992,0,0
718,519,519,13.69267661,316.5085901,3.303883652,30.5200688,-2786332.544,3117834.956,325,325,0.2365740321,1048.359725,1.438430663,23.54960833,-2786362.583,3118182.6,247.6984424,2003.002888,0.2003002888,0.2003002888,0.01462827864,348.9387574,Retain,2.616861136,-1.441494088,-4.058355224,1.197631673,-0.8315459386,-0.2592655738,-4.144951276,5.118833667,2,0,0.002,0.998,0,0
721,509,509,3.539603477,327.6532588,1.738949085,30.5200688,-2786567.405,3117545.24,429,429,2.188357344,351.5197565,1.466911547,23.55073044,-2786633.388,3117610.479,635.1362334,16558.27169,1.655827169,1.655827169,0.467800187,92.78988902,Retain,1.264014709,0.7831511912,-0.4808635176,0.07031000449,-0.1701217543,-0.2592179282,-0.1287196005,4.470706045,2,0.08,0.326,0.566,0.02,0.008
722,521,521,4.098488237,372.3332486,2.126369499,213.6404816,-2785677.505,3117482.046,434,434,0.1774349712,1079.448662,1.282675119,47.10160935,-2785693.795,3117603.269,193.4109297,1377.650551,0.1377650551,0.1377650551,0.03361362705,122.3130447,Retain,1.410618183,-1.729151097,-3.13976928,1.064416409,-0.505468231,-1.511970891,-3.330350524,4.673647725,2,0,0.026,0.974,0,0
723,519,519,13.69267661,316.5085901,3.303883652,30.5200688,-2786332.544,3117834.956,445,445,0.6505959558,588.7897994,1.339710697,125.5692636,-2786306.338,3117532.043,383.0642623,6505.959558,0.6505959558,0.6505959558,0.04751415478,304.0446088,Retain,2.616861136,-0.4298664811,-3.046727617,0.6207188606,-0.9026449479,1.414448246,-2.978268973,4.981112094,2,0,0.022,0.978,0,0
724,509,509,3.539603477,327.6532588,1.738949085,30.5200688,-2786567.405,3117545.24,457,457,0.946322525,510.9472823,1.40213797,23.55073044,-2786495.682,3117458.651,472.8592399,8147.062125,0.8147062125,0.8147062125,0.2301687796,112.4358318,Retain,1.264014709,-0.05517183251,-1.319186541,0.4443105078,-0.2152827629,-0.2592179282,-1.204321348,4.662749157,2,0.002,0.046,0.952,0,0
725,510,510,0.5588847596,546.0887647,1.151647165,122.0802752,-2785982.705,3117417.537,458,458,0.3548724108,690.0696286,1.159642437,189.4628907,-2786007.632,3117445.555,169.8562224,1507.790741,0.1507790741,0.1507790741,0.2697856249,37.50118074,Retain,-0.5818119816,-1.03599696,-0.4541849787,0.2340109683,0.006918478938,0.4395114428,-0.9933792237,4.487670018,1,0.004,0.74,0.044,0.212,0
727,521,521,4.098488237,372.3332486,2.126369499,213.6404816,-2785677.505,3117482.046,477,477,3.312154016,367.79142,1.888217087,47.10160935,-2785667.256,3117373.83,815.3552546,16407.05895,1.640705895,1.640705895,0.4003197764,108.6996413,Retain,1.410618183,1.197598738,-0.2130194453,-0.01227329881,-0.1187830215,-1.511970891,-0.4033041621,4.555653545,2,0.124,0.134,0.652,0.074,0.016
728,344,344,1.024622059,417.0132385,1.19076692,30.52006879,-2787275.646,3119383.307,221,221,0.236562362,822.8349274,1.128965343,97.48043484,-2787278.018,3119413.852,183.910704,2090.95455,0.209095455,0.209095455,0.2040708114,30.63720738,Retain,0.02432382189,-1.441543419,-1.465867241,0.6796376381,-0.05329598221,1.161244723,-1.357410487,3.982450869,1,0.002,0.9,0.096,0.002,0
730,374,374,5.123110296,369.3545827,2.358334546,0,-2787376.085,3119160.233,236,236,0.1774233994,1097.108141,1.303616815,86.68134473,-2787559.98,3119132.878,26.02144868,6.82645918,6.82645918e-4,6.82645918e-4,1.332483352e-4,185.9185013,Retain,1.633761734,-1.729216316,-3.36297805,1.088675923,-0.5928131023,11.37000551,-6.783533513,4.980797867,2,0,0.008,0.992,0,0
731,374,374,5.123110296,369.3545827,2.358334546,0,-2787376.085,3119160.233,250,250,0.9462632372,564.0384962,1.547782022,0,-2787446.219,3119016.348,452.3434827,6240.08183,0.624008183,0.624008183,0.1218026056,160.0677985,Retain,1.633761734,-0.05523448517,-1.68899622,0.4233653936,-0.4211327162,0,-1.968431205,4.831087789,2,0,0.022,0.978,0,0
732,382,382,0.5588847596,546.0887646,1.151647165,30.5200688,-2787523.969,3118928.281,252,252,0.5914160859,578.628391,1.255282208,0,-2787545.582,3118931.636,268.3666963,3460.50922,0.346050922,0.346050922,0.6191811746,21.87185494,Retain,-0.5818119816,-0.5252354722,0.05657650933,0.05787892459,0.08616717923,-10.3261725,0.4850654356,3.948517301,3,0.028,0.008,0.018,0.814,0.132
733,383,383,1.956096658,312.0507227,1.231162606,0,-2787295.068,3118989.321,258,258,1.715104688,336.8259056,1.24435951,25.11514182,-2787311.396,3118979.285,528.2277733,14197.17979,1.419717979,1.419717979,0.7257913216,19.16549848,Retain,0.6709509867,0.5394741212,-0.1314768655,0.07640044891,0.01066201616,10.13126602,0.9711097553,3.190053334,3,0.348,0.064,0.022,0.538,0.028
734,394,394,0.5588847595,655.3065177,1.381976598,193.0258635,-2787773.216,3118785.854,263,263,0.118283988,1220.992654,1.184598282,23.54849208,-2787789.17,3118777.755,134.8030182,938.62689,0.093862689,0.093862689,0.1679464101,17.89174753,Retain,-0.5818119818,-2.134666868,-1.552854886,0.6223163658,-0.1541110772,-2.103725116,-1.595516409,3.747666398,2,0.006,0.458,0.524,0.012,0
735,422,422,2.049244118,446.7998984,1.804284351,0,-2788098.301,3118584.236,275,275,2.129122976,502.8356532,2.069767221,23.5488173,-2788131.992,3118575.447,916.1628893,12812.44179,1.281244179,1.281244179,0.6252276963,34.81909586,Retain,0.7174710024,0.7557101464,0.03823914401,0.1181525437,0.1372721157,10.06687334,0.5107306524,3.763824129,3,0.134,0.054,0.008,0.712,0.092
737,454,454,6.427174735,227.9327018,1.630090664,0,-2787997.914,3118320.533,323,323,3.903435557,357.9316523,1.994888745,23.5488173,-2788034.125,3118298.368,1338.281501,31322.27833,3.132227833,3.132227833,0.4873413222,42.45587804,Retain,1.860535054,1.361857077,-0.4986779764,0.451291635,0.2019526468,10.06687334,-0.0505444018,3.390586342,1,0.128,0.5,0.35,0.01,0.012
739,428,428,1.676654279,436.8710118,1.595769122,122.0802752,-2787413.757,3118485.74,288,288,1.478566043,492.6329728,1.689814018,75.34437309,-2787433.072,3118490.984,718.5327079,10493.83926,1.049383926,1.049383926,0.6258797292,20.01450299,Retain,0.5168003069,0.3910727285,-0.1257275785,0.1201264358,0.05726264659,-0.4826044953,0.513508006,3.310471912,3,0.374,0.144,0.048,0.4,0.034
740,447,447,1.862949199,360.4185847,1.387722887,164.3556004,-2789552.027,3118279.729,290,290,1.774280402,408.7624446,1.535950372,128.0124571,-2789574.297,3118283.664,639.4223589,12960.65112,1.296065112,1.296065112,0.6957060948,22.61445369,Retain,0.6221608226,0.5733949332,-0.0487658894,0.1258680759,0.1014851312,-0.249903068,0.8250887137,3.379917996,3,0.31,0.03,0.012,0.602,0.046
741,460,460,1.956096658,436.8710118,1.723627649,30.5200688,-2787600.269,3118150.746,309,309,0.6505747757,603.2228735,1.372528842,70.64856864,-2787625.106,3118217.342,317.36987800000003,3843.730306,0.3843730306,0.3843730306,0.196500019,71.07667902,Retain,0.6709509868,-0.4298990366,-1.100850023,0.3226487523,-0.2277762594,0.8393147782,-1.404482262,4.500662799,2,0.006,0.29,0.692,0.01,0.002
742,468,468,1.304064439,514.8836924,1.658646097,152.600344,-2790020.074,3117979.979,318,318,1.301150874,562.2129001,1.809088043,173.3691265,-2790056.895,3117996.175,604.6907064,7720.134199,0.7720134199,0.7720134199,0.5920055764,40.22568163,Retain,0.2654858787,0.2632491605,-0.002236718189,0.08793956864,0.08682120956,0.1275998425,0.3715022811,4.134152501,3,0.016,0.088,0.008,0.834,0.054
743,450,450,0.3725898397,655.3065177,1.128379167,30.5200688,-2788134.37,3118180.539,319,319,1.242007546,424.6975351,1.335171106,47.09924599,-2788161.939,3118185.922,197.6037164,2297.736355,0.2297736355,0.2297736355,0.6166932403,28.08948555,Retain,-0.9872770899,0.2167290588,1.204006149,-0.4337258588,0.1682772156,0.4338609983,0.4745508722,4.401434415,4,0,0,0.004,0.018,0.978
745,475,475,0.6520322195,561.6913008,1.279461712,30.5200688,-2787643.869,3117899.318,359,359,1.005444308,665.160289,1.8814834010000001,70.64856864,-2787668.071,3117977.011,239.5155106,2490.454403,0.2490454403,0.2490454403,0.3819526595,81.37514724,Retain,-0.4276613019,0.005429541675,0.4330908436,0.1690756354,0.3856210572,0.8393147782,-0.4802703718,5.185277792,4,0.008,0.034,0.046,0.24,0.672
747,472,472,0.4657372997,786.3678211,1.513879513,30.5200688,-2789590.177,3117915.014,322,322,0.1182866065,1247.451487,1.210281847,50.22897186,-2789668.991,3117938.023,51.56510306,147.9982645,0.01479982645,0.01479982645,0.03177719813,82.10314342,Retain,-0.7641335384,-2.134644731,-1.370511192,0.4614332897,-0.2238223065,0.4981946722,-3.38676142,5.362420195,1,0,0.722,0.262,0.016,0
748,472,472,0.4657372997,786.3678211,1.513879513,30.5200688,-2789590.177,3117915.014,330,330,0.2957176018,987.3757647,1.514663357,34.42852442,-2789557.274,3117900.607,224.7631462,1761.114773,0.1761114773,0.1761114773,0.3781347929,35.91972506,Retain,-0.7641335384,-1.218350328,-0.4542167897,0.2276260322,5.176373306e-4,0.1204972388,-0.4964383386,4.535746141,1,0.02,0.758,0.012,0.21,0
750,505,505,8.383271394,320.3720753,2.61671537,30.52006879,-2788502.306,3117732.233,334,334,1.123728039,564.3694569,1.687676406,0,-2788578.802,3117982.033,562.2094094,8359.493234,0.8359493234,0.8359493234,0.0997163618,261.2503048,Retain,2.126238219,0.1166517642,-2.009586455,0.566226047,-0.4385671807,-10.3261725,-2.191511745,5.074728631,2,0,0.016,0.984,0,0
751,523,523,20.6787361,165.302545,2.12049183,30.52006879,-2788027.55,3117606.019,335,335,0.5914364411,573.3228088,1.243793629,23.5496142,-2788068.152,3117996.629,343.1130751,5510.651737,0.5510651738,0.5510651738,0.02664888081,392.7144673,Retain,3.029105931,-0.5252010551,-3.554306986,1.243671523,-0.5334819697,-0.2592653242,-3.562186481,5.030897325,2,0,0,1,0,0
753,505,505,8.383271394,320.3720753,2.61671537,30.52006879,-2788502.306,3117732.233,389,389,1.833477622,529.1362219,2.021158475,23.55032225,-2788482.073,3117607.371,975.1143187,13826.49908,1.382649908,1.382649908,0.164929637,126.4907441,Retain,2.126238219,0.6062145034,-1.520023716,0.5017628515,-0.2582490066,-0.2592352597,-1.617148951,4.349422876,2,0.002,0.018,0.98,0,0
754,505,505,8.383271394,320.3720753,2.61671537,30.52006879,-2788502.306,3117732.233,402,402,0.7097370756,552.9413182,1.314083184,23.55034666,-2788357.834,3117484.432,322.3681937,5385.533699,0.5385533699,0.5385533699,0.06424143328,286.8407646,Retain,2.126238219,-0.3428606936,-2.469098913,0.5457688249,-0.6887806316,-0.2592342233,-2.664330836,5.168176554,2,0,0.01,0.99,0,0
755,518,518,1.862949199,524.2452141,2.018506018,30.5200688,-2789556.605,3117370.231,407,407,0.473158415,610.4936128,1.184621135,25.11392636,-2789668.261,3117358.865,244.8074595,3197.877265,0.3197877265,0.3197877265,0.171656708,112.2327411,Retain,0.6221608226,-0.7483250311,-1.370485854,0.1523082906,-0.5329346363,-0.1949548804,-1.569328897,4.981868203,2,0.01,0.192,0.788,0.008,0.002
756,518,518,1.862949199,524.2452141,2.018506018,30.5200688,-2789556.605,3117370.231,408,408,1.301183788,485.0006604,1.560654323,25.11392636,-2789543.44,3117411.801,475.7595394,4841.040094,0.4841040094,0.4841040094,0.2598589429,43.60447898,Retain,0.6221608226,0.2632744566,-0.358886366,-0.07780928818,-0.2572524712,-0.1949548804,-1.044211155,4.036467339,2,0.02,0.352,0.574,0.054,0
757,531,531,10.43251551,234.038042,2.132436186,30.52006879,-2787559.121,3117495.2,409,409,1.06460695,457.1124931,1.330493654,23.550649,-2787497.138,3117547.927,491.3010021,10476.48052,1.047648052,1.047648052,0.1004214229,81.3760998,Retain,2.34492742,0.06260567025,-2.28232175,0.6694458414,-0.4717150337,-0.2592213861,-2.18375308,3.798995137,2,0,0.102,0.898,0,0
758,523,523,20.6787361,165.302545,2.12049183,30.52006879,-2788027.55,3117606.019,455,455,16.73791928,214.0290179,2.470122327,23.55090917,-2788052.881,3117582.826,3496.661496,145484.2921,14.54842921,14.54842921,0.7035453783,34.34517046,Retain,3.029105931,2.817676761,-0.2114291699,0.2583342024,0.1526196175,-0.2592103392,0.86229106,2.594302504,0,0.592,0.092,0.244,0.048,0.024
759,531,531,10.43251551,234.038042,2.132436186,30.52006879,-2787559.121,3117495.2,456,456,3.962701347,450.0437806,2.527234279,23.55069236,-2787645.194,3117534.486,1547.017348,24109.16424,2.410916424,2.410916424,0.231096366,94.61461664,Retain,2.34492742,1.376925951,-0.9680014693,0.6538611935,0.1698604589,-0.259219545,-1.1991127,3.949723776,2,0.024,0.148,0.822,0.002,0.004
760,531,531,10.43251551,234.038042,2.132436186,30.52006879,-2787559.121,3117495.2,471,471,2.070086611,514.1676602,2.086863693,23.550649,-2787542.972,3117302.318,1141.49626,17105.94647,1.710594647,1.710594647,0.1639676112,193.5567799,Retain,2.34492742,0.7275904473,-1.617336973,0.7870657246,-0.02160276193,-0.2592213861,-1.624113607,4.665477305,2,0.002,0.04,0.958,0,0
761,535,535,41.07802983,215.4635942,3.895594744,30.52006879,-2789088.693,3117575.224,388,388,11.94711498,293.2780457,2.859605629,0,-2788881.15,3117713.015,2492.053775,83897.51923,8.389751923,8.389751923,0.2042393941,249.1194704,Retain,3.715473425,2.480489825,-1.2349836,0.3083291614,-0.3091626384,-10.3261725,-1.356377191,4.232564827,2,0,0.018,0.982,0,0
762,535,535,41.07802983,215.4635942,3.895594744,30.52006879,-2789088.693,3117575.224,339,339,3.66689898,359.6017745,1.942523883,23.54990138,-2789338.677,3117932.115,1140.257143,28252.31203,2.825231203,2.825231203,0.06877718368,435.7321734,Retain,3.715473425,1.29934634,-2.416127084,0.5122052783,-0.6958582638,-0.2592531305,-2.592264785,4.791658299,2,0,0.01,0.99,0,0
763,535,535,41.07802983,215.4635942,3.895594744,30.52006879,-2789088.693,3117575.224,352,352,0.3548633835,690.0833707,1.15965078,23.54990138,-2789363.685,3117764.035,271.6874808,3137.819252,0.3137819252,0.3137819252,0.007638680007,333.5713468,Retain,3.715473425,-1.036022399,-4.751495823,1.164020458,-1.211727453,-0.2592531305,-4.744844671,4.524488004,2,0,0.008,0.992,0,0
764,535,535,41.07802983,215.4635942,3.895594744,30.52006879,-2789088.693,3117575.224,358,358,1.064589156,545.6014416,1.588040581,25.1141915,-2789619.396,3117772.973,547.5548547,7956.523467,0.7956523467,0.7956523467,0.01936929181,566.348103,Retain,3.715473425,0.06258895565,-3.652884469,0.9290967898,-0.8973454446,-0.1949443234,-3.875186713,5.053838909,2,0,0,1,0,0
765,535,535,41.07802983,215.4635942,3.895594744,30.52006879,-2789088.693,3117575.224,367,367,1.30117061,487.4066298,1.568388405,25.1141915,-2789503.399,3117685.07,632.5476618,10845.04059,1.084504059,1.084504059,0.02640107288,429.0067633,Retain,3.715473425,0.2632643288,-3.452209096,0.8163067845,-0.9097977633,-0.1949443234,-3.571443861,4.776103246,2,0,0,1,0,0
767,535,535,41.07802983,215.4635942,3.895594744,30.52006879,-2789088.693,3117575.224,387,387,0.295722912,817.5167171,1.25410586,23.55019142,-2789224.368,3117499.73,241.7584242,2957.22912,0.295722912,0.295722912,0.007199052953,155.264905,Retain,3.715473425,-1.218332371,-4.933805796,1.333479393,-1.133423505,-0.2592408152,-4.797518278,3.759767394,2,0,0.002,0.998,0,0
768,535,535,41.07802983,215.4635942,3.895594744,30.52006879,-2789088.693,3117575.224,398,398,1.715193292,426.5005653,1.575691579,23.55026464,-2788719.634,3117519.679,789.877445,10233.69159,1.023369159,1.023369159,0.02491281017,373.2161918,Retain,3.715473425,0.5395257809,-3.175947644,0.6828217335,-0.9051520884,-0.2592377059,-3.628814469,4.636788764,2,0,0,1,0,0
769,535,535,41.07802983,215.4635942,3.895594744,30.52006879,-2789088.693,3117575.224,428,428,0.7688843415,636.9903407,1.575645172,23.55066309,-2788601.812,3117372.112,441.6480794,6330.118613,0.6330118613,0.6330118613,0.01540998592,527.5488964,Retain,3.715473425,-0.262814722,-3.978288147,1.083962533,-0.9051815405,-0.2592207877,-4.095350414,4.982871682,2,0,0.002,0.998,0,0
770,535,535,41.07802983,215.4635942,3.895594744,30.52006879,-2789088.693,3117575.224,454,454,11.00094667,362.4563897,3.391297252,23.55039944,-2789136.356,3117381.63,3572.655999,86779.61341,8.677961341,8.677961341,0.2112555392,199.3752633,Retain,3.715473425,2.39798133,-1.317492094,0.5201122038,-0.1386338434,-0.2592319824,-1.313918503,4.009822041,2,0.002,0.03,0.968,0,0
771,539,539,1.956096658,312.0507227,1.231162606,30.52006879,-2787927.27,3117149.397,474,474,2.070094919,283.611686,1.151103354,23.55090917,-2787949.609,3117167.803,492.8825652,14248.50344,1.424850344,1.424850344,0.7284151004,28.94574285,Retain,0.6709509868,0.7275944608,0.05664347396,-0.0955597475,-0.06723801051,-0.2592103394,0.9842928569,3.602347138,3,0.046,0.006,0.01,0.514,0.424
772,566,566,2.328686498,288.3348678,1.241217084,30.52006879,-2789002.971,3116657.588,533,533,1.064635882,454.1720833,1.321953118,50.22683453,-2789057.842,3116679.848,423.4323636,7680.544671,0.7680544671,0.7680544671,0.329823043,59.21476657,Retain,0.8453043739,0.06263284592,-0.782671528,0.4543536244,0.06301786039,0.4981521205,-0.7074492043,4.23090059,1,0.044,0.5,0.45,0.006,0
773,580,580,1.956096658,436.8710118,1.723627649,0,-2788649.578,3116504.115,573,573,0.7689100454,636.973585,1.575630061,47.10435267,-2788664.36,3116499.074,454.3680263,6198.749695,0.6198749695,0.6198749695,0.3168938338,15.61841351,Retain,0.6709509868,-0.2627812923,-0.9337322791,0.377090203,-0.0897759366,10.76014192,-0.766395648,2.985404046,1,0.066,0.532,0.39,0.012,0
774,585,585,0.3725898397,655.3065177,1.128379167,68.24494851,-2787737.609,3116379.855,612,612,0.4731785935,716.637936,1.390616592,75.33924187,-2787758.541,3116395.574,229.0713203,2214.970719,0.2214970719,0.2214970719,0.5944796351,26.17667432,Retain,-0.9872770899,-0.7482823856,0.2389947043,0.08946765023,0.2089650024,0.09889634288,0.3817331644,4.33091041,3,0.004,0.022,0,0.588,0.386
775,583,583,0.9314745993,524.2452141,1.427299293,91.56020638,-2786168.878,3116446.999,625,625,0.5914747697,647.6724568,1.405136801,50.22600674,-2786209.208,3116472.59,232.6416152,2372.758709,0.2372758709,0.2372758709,0.2547314453,47.76457513,Retain,-0.07098635794,-0.5251362512,-0.4541498933,0.2114255599,-0.01564938671,-0.6004548061,-1.070957677,4.474163316,1,0.022,0.62,0.176,0.176,0.006
777,587,587,0.6520322195,561.6913008,1.279461712,43.16189522,-2788485.351,3116373.315,596,596,0.5323250305,642.8762537,1.32315553,50.22634081,-2788520.545,3116368.696,259.0774031,2939.156533,0.2939156533,0.2939156533,0.450768604,35.49631996,Retain,-0.4276613019,-0.6305010165,-0.2028397146,0.1349998421,0.03357998478,0.1515782969,-0.1971687992,4.355652793,3,0.05,0.306,0.01,0.628,0.006
778,603,603,4.657372996,249.0164767,1.515980666,110.041673,-2785874.054,3116373.751,602,602,0.4731784796,716.6376874,1.390615942,251.1312408,-2785906.564,3116585.587,257.3574602,2691.669291,0.2691669291,0.2691669291,0.05779372391,214.3165916,Retain,1.538451554,-0.7482826264,-2.286734181,1.05705133,-0.08631576081,0.8251114293,-2.77524989,5.170598154,2,0,0.036,0.962,0.002,0
783,633,633,11.36399011,268.5682449,2.553966243,30.5200688,-2785333.028,3116035.629,685,685,0.1182971103,1247.346194,1.210233421,25.11269722,-2785452.933,3116158.626,139.4344888,974.0852696,0.09740852696,0.09740852696,0.008571683538,171.772389,Retain,2.430449594,-2.134555936,-4.565005529,1.535668476,-0.7468342891,-0.195003822,-4.641345676,4.503316249,2,0,0.006,0.994,0,0
784,633,633,11.36399011,268.5682449,2.553966243,30.5200688,-2785333.028,3116035.629,694,694,0.8872229147,672.2863281,1.786346578,25.11269722,-2785297.981,3116164.41,602.1141025,7948.859822,0.7948859822,0.7948859822,0.06994778897,133.465538,Retain,2.430449594,-0.1196590152,-2.550108609,0.9175792806,-0.3574750239,-0.195003822,-2.574371116,4.250990941,2,0,0.044,0.956,0,0
786,633,633,11.36399011,268.5682449,2.553966243,30.5200688,-2785333.028,3116035.629,712,712,0.7097819301,548.5170583,1.303609977,34.42962239,-2785554.422,3116094.505,325.9394054,4954.505622,0.4954505622,0.4954505622,0.04359829226,229.0884496,Retain,2.430449594,-0.3427974968,-2.773247091,0.7141133264,-0.6725102189,0.1205291287,-3.066527492,4.791252683,2,0,0.01,0.99,0,0
788,633,633,11.36399011,268.5682449,2.553966243,30.5200688,-2785333.028,3116035.629,733,733,0.1774462152,1097.031634,1.303609719,34.42963369,-2785460.675,3116008.194,194.6641115,1774.462152,0.1774462152,0.1774462152,0.01561478085,130.5614569,Retain,2.430449594,-1.729087729,-4.159537323,1.407258244,-0.672510417,0.1205294569,-4.082739938,4.228991855,2,0,0.004,0.996,0,0
789,633,633,11.36399011,268.5682449,2.553966243,30.5200688,-2785333.028,3116035.629,739,739,0.2957434909,997.8740762,1.53083508,23.55333139,-2785165.366,3116013.746,280.6309246,2630.180646,0.2630180646,0.2630180646,0.02314486919,169.0844729,Retain,2.430449594,-1.218262785,-3.648712379,1.312522039,-0.51183415,-0.2591074988,-3.701289629,4.48754449,2,0,0.002,0.998,0,0
792,685,685,150.6194427,171.4252671,5.934859213,0,-2788080.323,3115778.674,878,878,77.36639749,214.927111,5.33288792,0,-2788356.887,3115607.959,15426.98111,688536.87990000006,68.85368799,68.85368799,0.4571367863,325.0095254,Retain,5.014756409,4.348552545,-0.6662038633,0.2261515404,-0.1069503913,0,-0.1715299704,3.848844306,2,0.002,0.276,0.72,0,0.002
793,685,685,150.6194427,171.4252671,5.934859213,0,-2788080.323,3115778.674,640,640,0.2365912619,1008.689718,1.384050741,53.38163491,-2788065.863,3116199.981,73.74914476,336.5300799,0.03365300799,0.03365300799,2.234307031e-4,421.5557666,Retain,5.014756409,-1.44142126,-6.456177669,1.772260047,-1.455828787,10.88524078,-6.706872583,4.108941185,2,0,0,1,0,0
794,685,685,150.6194427,171.4252671,5.934859213,0,-2788080.323,3115778.674,532,532,1.833538649,506.8468497,1.93605127,0,-2789245.08,3116688.101,885.1505178,17094.8524,1.70948524,1.70948524,0.01134969835,1477.740018,Retain,5.014756409,0.6062477877,-4.408508621,1.084061475,-1.120192835,0,-4.383720013,5.3632566,2,0,0,1,0,0
796,685,685,150.6194427,171.4252671,5.934859213,0,-2788080.323,3115778.674,552,552,0.4140270002,826.5597894,1.500319223,0,-2789220.361,3116548.968,342.2180701,4140.270002,0.4140270002,0.4140270002,0.00274882839,1375.877822,Retain,5.014756409,-0.8818240894,-5.896580498,1.573124844,-1.375165405,0,-5.584561558,5.291834688,2,0,0,1,0,0
797,685,685,150.6194427,171.4252671,5.934859213,0,-2788080.323,3115778.674,581,581,1.123793206,480.5174626,1.436969149,0,-2788952.038,3116453.378,487.0802303,8471.315972,0.8471315972,0.8471315972,0.005624317698,1102.321404,Retain,5.014756409,0.1167097537,-4.898046655,1.030716159,-1.418307169,0,-5.012372858,5.070161248,2,0,0,1,0,0
800,647,647,38.74934333,220.5358473,3.872633821,30.52006879,-2786527.518,3116046.555,597,597,0.3548833859,690.05203529999994,1.159630804,23.55242386,-2786381.351,3116537.793,243.2264892,2864.489337,0.2864489337,0.2864489337,0.00739235582,512.5223479,Retain,3.657113809,-1.035966034,-4.693079843,1.140706754,-1.205833168,-0.2591460284,-4.774021134,4.983154305,2,0,0.008,0.992,0,0
801,685,685,150.6194427,171.4252671,5.934859213,0,-2788080.323,3115778.674,601,601,0.8872087529,498.9487914,1.32575707,47.10489754,-2787426.395,3116438.485,382.0375991,3939.18849,0.393918849,0.393918849,0.002615325365,928.9629613,Retain,5.014756409,-0.1196749772,-5.134431386,1.068356057,-1.498859636,10.76015349,-5.620956792,4.899056684,2,0,0,1,0,0
802,685,685,150.6194427,171.4252671,5.934859213,0,-2788080.323,3115778.674,610,610,0.9463570141,517.5388818,1.420252472,25.11309861,-2788106.412,3116373.733,426.971697,7396.563307,0.7396563307,0.7396563307,0.00491076263,595.6304847,Retain,5.014756409,-0.05513538778,-5.069891796,1.104937245,-1.430008653,10.13118467,-5.127061986,4.4546089,2,0,0,1,0,0
803,685,685,150.6194427,171.4252671,5.934859213,0,-2788080.323,3115778.674,611,611,0.4731782508,716.6385975,1.390617372,25.11313962,-2787981.333,3116384.774,381.1745258,3074.927625,0.3074927625,0.3074927625,0.002041521048,614.1308628,Retain,5.014756409,-0.7482831099,-5.763039519,1.430424254,-1.451095505,10.1311863,-5.79435548,4.485196404,2,0,0,1,0,0
804,685,685,150.6194427,171.4252671,5.934859213,0,-2788080.323,3115778.674,624,624,1.537830829,443.037965,1.549852232,25.11309861,-2788299.816,3116334.833,541.4034646,9724.488903,0.9724488903,0.9724488903,0.006456330424,597.9052858,Retain,5.014756409,0.4303728709,-4.584383538,0.9495080546,-1.342683714,10.13118467,-4.893220616,4.458420768,2,0,0.006,0.994,0,0
805,685,685,150.6194427,171.4252671,5.934859213,0,-2788080.323,3115778.674,679,679,1.951882924,464.9290648,1.832350905,25.11280149,-2787441.818,3116166.577,1009.063822,13019.04786,1.301904787,1.301904787,0.008643670187,747.0996868,Retain,5.014756409,0.668794509,-4.3459619,0.9977374337,-1.175243516,10.13117283,-4.633780485,4.681186703,2,0,0,1,0,0
806,647,647,38.74934333,220.5358473,3.872633821,30.52006879,-2786527.518,3116046.555,680,680,0.177444725,1097.036983,1.3036106,47.10591563,-2786436.162,3116111.303,192.7176606,1728.391746,0.1728391746,0.1728391746,0.004460441383,111.9735301,Retain,3.657113809,-1.729096127,-5.386209936,1.604307918,-1.08879705,0.4340025937,-5.20675921,3.462079474,2,0,0.002,0.998,0,0
807,647,647,38.74934333,220.5358473,3.872633821,30.52006879,-2786527.518,3116046.555,684,684,0.118296701,1247.34917,1.210234216,25.11277631,-2786528.605,3116063.739,119.0788518,848.9578757,0.08489578757,0.08489578757,0.002190896162,17.21808737,Retain,3.657113809,-2.134559395,-5.791673204,1.73271566,-1.163120942,-0.1950006729,-5.746261867,1.589826538,2,0,0.014,0.984,0.002,0
809,647,647,38.74934333,220.5358473,3.872633821,30.52006879,-2786527.518,3116046.555,693,693,14.90523362,349.6894402,3.808438787,23.55242386,-2786663.564,3116314.357,5077.04634,116273.2903,11.62732903,11.62732903,0.3000651889,300.3774966,Retain,3.657113809,2.701712401,-0.9554014083,0.4609851925,-0.01671551167,-0.2591460284,-0.8450880727,4.448851373,2,0.018,0.152,0.824,0.004,0.002
810,685,685,150.6194427,171.4252671,5.934859213,0,-2788080.323,3115778.674,700,700,0.177445491,1097.033288,1.303609023,50.22536804,-2787321.483,3115954.366,195.23309,1738.545988,0.1738545988,0.1738545988,0.001154263989,778.9133528,Retain,5.014756409,-1.72909181,-6.743848219,1.856217392,-1.515706717,10.82429543,-6.140151874,4.722887833,2,0,0,1,0,0
812,685,685,150.6194427,171.4252671,5.934859213,0,-2788080.323,3115778.674,718,718,0.8872269574,601.6111604,1.598557699,23.55325302,-2788265.549,3115853.694,518.5196951,7214.405553,0.7214405553,0.7214405553,0.00478982356,199.8413243,Retain,5.014756409,-0.1196544586,-5.134410867,1.255463912,-1.311741521,10.06706168,-5.147856438,3.362515416,2,0,0,1,0,0
813,685,685,150.6194427,171.4252671,5.934859213,0,-2788080.323,3115778.674,719,719,0.1182971016,1247.343783,1.210231038,25.11269081,-2787418.812,3115866.96,158.8968567,1008.116374,0.1008116374,0.1008116374,6.693135735e-4,667.3766086,Retain,5.014756409,-2.134556009,-7.149312418,1.984624184,-1.590032025,10.13116843,-6.395673403,4.568342754,2,0,0.004,0.996,0,0
820,685,685,150.6194427,171.4252671,5.934859213,0,-2788080.323,3115778.674,743,743,0.1182973562,1247.341271,1.210229903,75.33774224,-2787210.406,3115790.773,52.93527605,67.56250508,0.006756250508,0.006756250508,4.485643013e-5,870.0011413,Retain,5.014756409,-2.134553856,-7.149310265,1.984622171,-1.590032962,11.22974979,-6.864830478,4.833482412,2,0,0.006,0.994,0,0
821,685,685,150.6194427,171.4252671,5.934859213,0,-2788080.323,3115778.674,748,748,0.1774467762,1097.029487,1.303609227,25.11255463,-2787713.502,3115730.607,94.30582564,554.7702656,0.05547702656,0.05547702656,3.683257989e-4,369.9571995,Retain,5.014756409,-1.729084568,-6.743840976,1.856213928,-1.51570656,10.131163,-6.594798806,3.978376763,2,0,0,1,0,0
823,685,685,150.6194427,171.4252671,5.934859213,0,-2788080.323,3115778.674,759,759,0.8280839922,644.5817663,1.654665755,23.55354306,-2787970.995,3115716.885,539.3747463,7200.391473,0.7200391473,0.7200391473,0.004780519263,125.5801373,Retain,5.014756409,-0.1886406899,-5.203397099,1.324454271,-1.277244279,10.06707399,-5.149474079,2.897938801,2,0,0.002,0.998,0,0
824,685,685,150.6194427,171.4252671,5.934859213,0,-2788080.323,3115778.674,760,760,0.3548937414,813.985674,1.367920946,74.99077115,-2787327.517,3115737.089,289.7990483,3543.683005,0.3543683005,0.3543683005,0.002352739422,753.9533412,Retain,5.014756409,-1.035936854,-6.050693263,1.557795355,-1.467551277,11.22513367,-5.696623874,4.690318549,2,0,0,1,0,0
825,647,647,38.74934333,220.5358473,3.872633821,30.52006879,-2786527.518,3116046.555,761,761,0.2365960468,1021.874611,1.402156272,47.10688393,-2786536.586,3115797.031,242.2063878,2292.361429,0.2292361429,0.2292361429,0.005915871682,249.689477,Retain,3.657113809,-1.441401036,-5.098514845,1.533333819,-1.015923603,0.43402314870000003,-4.969008271,4.264030097,2,0,0,1,0,0
827,647,647,38.74934333,220.5358473,3.872633821,30.52006879,-2786527.518,3116046.555,769,769,1.24212527,619.3426435,1.947191881,23.55315631,-2786678.531,3115837.707,757.9227719,12202.34594,1.220234594,1.220234594,0.03149045864,257.7255845,Retain,3.657113809,0.2168238399,-3.440289969,1.032598409,-0.6875465759,-0.2591149317,-3.39584385,4.295707311,2,0,0,1,0,0
830,647,647,38.74934333,220.5358473,3.872633821,30.52006879,-2786527.518,3116046.555,779,779,1.360427019,387.7694888,1.275869708,23.55375496,-2786117.834,3115824.465,527.4867401,13257.20184,1.325720184,1.325720184,0.034212713560000003,466.0096865,Retain,3.657113809,0.307798635,-3.349315174,0.5643508077,-1.110306779,-0.2590895158,-3.3125713,4.888016605,2,0,0.006,0.994,0,0
831,647,647,38.74934333,220.5358473,3.872633821,30.52006879,-2786527.518,3116046.555,782,782,0.2957458185,828.0410814,1.270299884,0,-2786289.099,3115720.738,244.8896874,2957.458185,0.2957458185,0.2957458185,0.007632279494,403.7326767,Retain,3.657113809,-1.218254915,-4.875368724,1.323002514,-1.114681848,-10.3261725,-4.745592302,4.744563483,2,0,0,1,0,0
833,647,647,38.74934333,220.5358473,3.872633821,30.52006879,-2786527.518,3116046.555,790,790,2.365953774,382.2502702,1.658616558,34.42970148,-2786795.892,3115807.253,779.3358136,13236.00913,1.323600914,1.323600914,0.03415802178,359.5697085,Retain,3.657113809,0.8611812278,-2.795932582,0.5500152974,-0.8479509933,0.1205314259,-3.31418226,4.628718882,2,0,0.008,0.992,0,0
834,647,647,38.74934333,220.5358473,3.872633821,30.52006879,-2786527.518,3116046.555,791,791,0.2957460239,817.4994079,1.254128312,25.11244133,-2786547.602,3115679.015,240.9603943,2953.373579,0.2953373579,0.2953373579,0.007621738396,368.0884684,Retain,3.657113809,-1.21825422,-4.87536803,1.310189924,-1.127494091,-0.1950140112,-4.746824785,4.652134068,2,0,0,1,0,0
835,647,647,38.74934333,220.5358473,3.872633821,30.52006879,-2786527.518,3116046.555,792,792,0.1774474837,1114.595373,1.324485556,23.55375496,-2786130.693,3115696.881,198.2982067,1200.746745,0.1200746745,0.1200746745,0.00309875379,528.9069492,Retain,3.657113809,-1.72908058,-5.386194389,1.620186469,-1.072910725,-0.2590895158,-5.494971346,5.014622446,2,0,0,1,0,0
836,685,685,150.6194427,171.4252671,5.934859213,0,-2788080.323,3115778.674,798,798,0.6506420782,525.9761222,1.196829182,68.85970244,-2787240.272,3115596.827,316.1866614,5888.872129,0.5888872129,0.5888872129,0.0039097689,859.5077628,Retain,5.014756409,-0.4297955911,-5.444552,1.121108405,-1.601167595,11.13984094,-5.313614395,4.821347759,2,0,0,1,0,0
837,685,685,150.6194427,171.4252671,5.934859213,0,-2788080.323,3115778.674,804,804,0.1182986867,1220.977951,1.184657617,23.55390195,-2787378.349,3115551.322,145.2867031,653.0052781,0.0653005278,0.0653005278,4.335464707e-4,737.8725349,Retain,5.014756409,-2.13454261,-7.149299018,1.963260005,-1.611389505,10.06708923,-6.548170149,4.668759187,2,0,0.006,0.994,0,0
840,658,658,0.4657372997,655.3065176,1.261566261,30.5200688,-2785537.112,3115381.849,860,860,0.1182998066,1247.316673,1.210218571,68.86000226,-2785565.961,3115439.304,6.034117322,0.3668743782,3.668743782e-5,3.668743782e-5,7.877281431e-5,64.29105094,Retain,-0.7641335384,-2.134533143,-1.370399604,0.6436467695,-0.04155303261,0.8136727874,-6.83285197,5.117867711,1,0,0.678,0.298,0.024,0
841,685,685,150.6194427,171.4252671,5.934859213,0,-2788080.323,3115778.674,862,862,0.1774496967,1097.020562,1.303609349,47.10868282,-2787162.064,3115290.604,194.6659659,1774.496967,0.1774496967,0.1774496967,0.001178132739,1039.909725,Retain,5.014756409,-1.729068109,-6.743824518,1.856205792,-1.515706467,10.76023384,-6.129109162,5.011876886,2,0,0,1,0,0
843,675,675,0.2794423798,873.7420234,1.302940032,30.52006879,-2785280.744,3115052.232,925,925,0.1183017726,1220.976465,1.184671626,166.7877635,-2785287.965,3115002.724,78.99116806,389.1197866,0.03891197866,0.03891197866,0.1392486662,50.03221547,Retain,-1.274959162,-2.134516524,-0.8595573618,0.3346210342,-0.09515764668,1.698310897,-1.815549719,5.122531618,1,0.048,0.702,0.094,0.156,0
844,466,466,6.054584895,221.7960521,1.539540316,0,-2792795.724,3118034.747,281,281,2.365701229,350.3605244,1.52016309,47.09816865,-2792943.58,3118060.575,716.9126512,14266.12856,1.426612856,1.426612856,0.2356252131,150.0955231,Retain,1.800815819,0.8610744807,-0.9397413383,0.4572044187,-0.01266625048,10.76001063,-1.173888121,4.683235608,2,0.014,0.184,0.802,0,0
845,466,466,6.054584895,221.7960521,1.539540316,0,-2792795.724,3118034.747,284,284,0.9462825591,564.0334161,1.547783884,50.22948079,-2792691.712,3118031.427,535.9445028,9432.61121,0.943261121,0.943261121,0.155792864,104.0647443,Retain,1.800815819,-0.05521406627,-1.856029885,0.9333552226,0.005340279997,10.82437731,-1.684656132,4.31697989,2,0.004,0.06,0.936,0,0
846,464,464,1.397211899,524.2452141,1.748077489,0,-2792434.648,3118039.129,287,287,1.005425692,677.6155017,1.916696678,47.09831502,-2792501.403,3117996.115,589.8992515,5177.270165,0.5177270165,0.5177270165,0.3705429484,79.41342077,Retain,0.3344787502,0.00541102592,-0.3290677242,0.2566204798,0.09208661765,10.76001374,-0.5287805697,4.779805541,1,0.072,0.426,0.32,0.168,0.014
849,482,482,0.3725898397,819.133147,1.410473959,30.5200688,-2792727.64,3117783.778,299,299,0.3548580898,822.8172072,1.382693077,53.37626064,-2792750.508,3117858.771,26.85993607,7.285730371,7.285730371e-4,7.285730371e-4,0.001955429159,78.40210966,Retain,-0.9872770897,-1.036037317,-0.04876022687,0.004487427245,-0.01989268619,0.5589675991,-5.823155521,5.427867078,3,0.004,0.034,0.078,0.848,0.036
850,503,503,0.7451796794,491.4798882,1.196826841,30.52006879,-2792571.225,3117467.132,357,357,0.6505827686,670.8037217,1.526306696,50.22857988,-2792597.771,3117479.327,302.0055379,3970.362966,0.3970362966,0.3970362966,0.5328061238,29.21319917,Retain,-0.2941299093,-0.4298867507,-0.1357568414,0.3110555585,0.2431771378,0.4981868686,0.1311502336,4.094084762,3,0.18,0.304,0.01,0.472,0.034
852,513,513,15.74192073,182.2450079,2.039762341,30.52006879,-2792326.184,3117641.02,307,307,1.360290977,429.2955624,1.412431439,47.09899469,-2792402.201,3117861.986,556.5862011,10662.24857,1.066224857,1.066224857,0.06773156058,233.6757442,Retain,2.756327264,0.3076986304,-2.448628634,0.8567936596,-0.3675206572,0.433855663,-2.608484385,4.648140036,2,0,0.044,0.956,0,0
853,513,513,15.74192073,182.2450079,2.039762341,30.52006879,-2792326.184,3117641.02,316,316,1.774297068,352.142298,1.323202855,47.09831502,-2792578.136,3117791.268,541.8825875,11366.56809,1.136656809,1.136656809,0.07220572566,293.3501114,Retain,2.756327264,0.5734043262,-2.182922938,0.6586833708,-0.4327780981,0.4338412326,-2.540613628,4.875571535,2,0,0.038,0.962,0,0
854,513,513,15.74192073,182.2450079,2.039762341,30.52006879,-2792326.184,3117641.02,317,317,0.1182869175,1247.44993,1.210281927,34.42849049,-2792372.898,3117722.729,147.5570069,1182.869175,0.1182869175,0.1182869175,0.007514134999,94.11973135,Retain,2.756327264,-2.134642102,-4.890969366,1.923504712,-0.5219799712,0.1204962536,-4.759492111,3.738779645,2,0,0.014,0.986,0,0
855,513,513,15.74192073,182.2450079,2.039762341,30.52006879,-2792326.184,3117641.02,366,366,5.677809144,257.6792229,1.732067709,34.42849049,-2792327.795,3117533.397,1452.519048,50473.32209,5.047332209,5.047332209,0.3206300106,107.6350878,Retain,2.756327264,1.736565444,-1.01976182,0.3463635106,-0.1635173992,0.1204962536,-0.7492349029,3.872957291,2,0.002,0.148,0.85,0,0
856,538,538,2.142391578,341.8990527,1.411699925,30.5200688,-2792588.31,3117195.272,397,397,2.010914253,385.6469908,1.542701107,47.10104857,-2792603.547,3117203.077,672.0457105,16256.656070000001,1.625665607,1.625665607,0.7588088112,17.11988315,Retain,0.761922765,0.6985894709,-0.06333329417,0.1204068935,0.08874024646,0.4338992687,1.143339387,3.031702516,0,0.51,0.038,0.004,0.43,0.018
857,526,526,2.049244118,387.2265786,1.563713104,30.52006879,-2790639.79,3117288.521,406,406,2.484075292,412.0315973,1.831926172,23.55053723,-2790688.599,3117330.084,698.0341641,14484.06572,1.448406572,1.448406572,0.7068004045,64.10730016,Retain,0.7174710024,0.9099004744,0.192429472,0.06209004267,0.1583047787,-0.2592261317,0.8779037061,4.374203285,4,0.02,0.004,0.004,0.198,0.774
858,545,545,0.3725898397,655.3065177,1.128379167,43.16189522,-2792803.941,3117020.776,421,421,0.1774348226,1097.069892,1.303613331,34.42878208,-2792818.632,3117013.463,175.4524712,1446.763552,0.1446763552,0.1446763552,0.3882992497,16.41133829,Retain,-0.98727709,-1.729151934,-0.7418748441,0.5152950783,0.1443576563,-0.2260592713,-0.4535283168,3.864036874,1,0.08,0.674,0.086,0.16,0
860,537,537,0.5588847596,546.0887646,1.151647165,30.52006879,-2790484.415,3117158.117,439,439,0.5323058746,731.3785706,1.50528221,23.55053723,-2790521.315,3117169.236,234.088058,2360.879043,0.2360879043,0.2360879043,0.4224268067,38.53863885,Retain,-0.5818119816,-0.6305370027,-0.04872502107,0.292149671,0.2677871604,-0.2592261317,-0.3121843916,4.514958226,3,0.044,0.22,0.03,0.628,0.078
861,549,549,12.94749693,249.8650751,2.536258603,0,-2792878.484,3117346.068,377,377,1.833470538,373.2966517,1.425890352,23.55002182,-2792897.069,3117308.792,623.3983762,14639.23756,1.463923756,1.463923756,0.1130661598,41.65183103,Retain,2.560902482,0.6062106399,-1.954691842,0.401452344,-0.5758935772,10.06692449,-2.052118607,3.02128304,2,0,0.028,0.972,0,0
862,550,550,0.8383271393,436.8710118,1.128379167,0,-2792666.6,3116944.476,451,451,1.419482353,411.4006053,1.382690545,0,-2792704.707,3116936.847,332.5803311,6891.456526,0.68914565270000006,0.68914565270000006,0.8220486017,38.86284596,Retain,-0.1763468737,0.3502922647,0.5266391383,-0.06007053534,0.2032490338,0,1.525901002,4.320602789,4,0.006,0,0,0.022,0.972
863,549,549,12.94749693,249.8650751,2.536258603,0,-2792878.484,3117346.068,355,355,2.957181641,408.760382,1.98290937,23.54972299,-2792882.243,3117580.763,985.2473238,22348.96243,2.234896243,2.234896243,0.1726122242,234.7255111,Retain,2.560902482,1.084236667,-1.476665816,0.4922080488,-0.246124859,10.0669118,-1.562657158,4.750334756,2,0.008,0.032,0.958,0.002,0
864,549,549,12.94749693,249.8650751,2.536258603,0,-2792878.484,3117346.068,356,356,0.5322945424,813.9929316,1.675296605,23.54972299,-2792767.239,3117477.715,433.283995,5322.945424,0.5322945424,0.5322945424,0.04111177205,172.3561217,Retain,2.560902482,-0.6305582917,-3.191460774,1.18103061,-0.4146997769,10.0669118,-3.126489526,4.441482315,2,0,0.064,0.936,0,0
865,549,549,12.94749693,249.8650751,2.536258603,0,-2792878.484,3117346.068,396,396,0.5914462728,647.6685638,1.405094506,23.55024747,-2793005.01,3117144.353,338.3054607,3019.161826,0.3019161826,0.3019161826,0.02331849811,238.1128162,Retain,2.560902482,-0.5251844319,-3.086086914,0.9524580174,-0.5905854396,10.06693407,-3.693946655,4.76466248,2,0,0.012,0.988,0,0
866,549,549,12.94749693,249.8650751,2.536258603,0,-2792878.484,3117346.068,401,401,0.2365788635,1008.677904,1.383998266,25.11406954,-2792934.988,3117093.803,243.1229616,2240.969877,0.2240969877,0.2240969877,0.01730813214,258.5152976,Retain,2.560902482,-1.441473666,-4.002376148,1.395474674,-0.6057133997,10.13122332,-3.983967365,4.84687244,2,0,0.004,0.996,0,0
867,549,549,12.94749693,249.8650751,2.536258603,0,-2792878.484,3117346.068,416,416,0.236579562,822.8024897,1.128961877,25.11403075,-2793116.388,3117006.834,54.60556865,179.2852765,0.01792852765,0.01792852765,0.001384709936,414.3396381,Retain,2.560902482,-1.441470713,-4.002373195,1.191795111,-0.8093914865,10.13122178,-6.038292998,5.318602135,2,0,0.004,0.996,0,0
868,549,549,12.94749693,249.8650751,2.536258603,0,-2792878.484,3117346.068,426,426,0.2365798663,822.8019011,1.128961796,23.55074112,-2792937.124,3116975.402,177.5779534,1931.920291,0.1931920291,0.1931920291,0.01492118748,375.2756235,Retain,2.560902482,-1.441469427,-4.002371909,1.191794396,-0.8093915587,10.06695503,-4.126085515,5.219577119,2,0,0.004,0.996,0,0
869,546,546,0.4657372996,655.3065176,1.261566261,0,-2792581.144,3117023.828,427,427,0.4731596093,723.2557511,1.40343013,0,-2792591.578,3117023.688,290.4444816,3366.233988,0.3366233988,0.3366233988,0.7227752621,10.43532182,Retain,-0.7641335385,-0.748322507,0.01581103151,0.09865980358,0.1065653193,0,0.956051736,3.299723917,3,0.11,0.034,0,0.786,0.07
870,549,549,12.94749693,249.8650751,2.536258603,0,-2792878.484,3117346.068,433,433,0.3548697324,681.2632535,1.144839253,25.11392232,-2793036.152,3116954.823,215.7988118,2621.861908,0.2621861909,0.2621861909,0.02024995196,421.8190078,Retain,2.560902482,-1.036004508,-3.59690699,1.003027728,-0.795425767,10.13121746,-3.831962999,5.336492403,2,0,0.006,0.994,0,0
872,568,568,1.490359359,573.3932029,1.974663542,30.52006879,-2791586.953,3116614.478,502,502,0.9463365525,564.0198543,1.547790824,34.42906136,-2791649.776,3116637.045,431.2604395,4791.103474,0.4791103474,0.4791103474,0.3214730357,66.75376709,Retain,0.3990172713,-0.05515700946,-0.4541742808,-0.01648224574,-0.2435693861,0.1205128342,-0.7453773928,4.573882019,1,0.01,0.536,0.372,0.08,0.002
873,573,573,6.892912035,212.5318436,1.574056965,30.52006879,-2791344.339,3116664.434,513,513,4.613386899,230.7156206,1.397918996,94.20692275,-2791335.834,3116675.326,1099.672718,42183.12945,4.218312945,4.218312945,0.6119783516,13.81885714,Retain,1.930493642,1.528962272,-0.4015313698,0.08209404316,-0.1186716417,1.127087058,0.4546946262,2.233224603,2,0.262,0.286,0.412,0.036,0.004
874,584,584,0.6520322196,748.9217344,1.705948949,43.16189522,-2791271.397,3116390.755,551,551,1.24207879,475.1944006,1.493966831,23.55193481,-2791279.293,3116399.72,475.6883295,5843.857905,0.5843857905,0.5843857905,0.8962529351,11.94640947,Retain,-0.4276613018,0.2167864199,0.6444477216,-0.4549104999,-0.132686639,-0.6057307862,2.147789263,3.266710068,4,0.026,0.002,0.004,0.016,0.952
875,602,602,67.53190845,139.1961431,3.226835166,30.52006879,-2790031.098,3117132.101,440,440,27.26538936,181.9384065,2.679941454,0,-2790307.494,3117639.868,4857.27824,247000.3298,24.70003298,24.70003298,0.3657535163,578.1195231,Retain,4.212600204,3.305618109,-0.9069820951,0.2677841644,-0.1857068832,-10.3261725,-0.5493230821,4.825847205,2,0.006,0.034,0.954,0.002,0.004
877,586,586,26.54702608,234.5307537,3.40881008,30.52006879,-2792524.066,3116653.732,438,438,0.1182904018,1247.413931,1.210264825,23.5506693,-2792506.661,3116954.358,145.3742529,948.9015289,0.0948901529,0.0948901529,0.003574417436,301.1290941,Retain,3.278917729,-2.134612646,-5.413530375,1.671241107,-1.035524081,-0.2592205242,-5.384698188,4.640448456,2,0,0.008,0.992,0,0
879,586,586,26.54702608,234.5307537,3.40881008,30.52006879,-2792524.066,3116653.732,444,444,0.2365807668,822.8002648,1.128961699,94.20357066,-2792305.494,3116960.323,164.9447735,1661.694269,0.1661694269,0.1661694269,0.006259436609,376.5253529,Retain,3.278917729,-1.441465621,-4.72038335,1.255126755,-1.10506492,1.127051476,-4.920179739,4.863894117,2,0,0.006,0.994,0,0
880,586,586,26.54702608,234.5307537,3.40881008,30.52006879,-2792524.066,3116653.732,519,519,18.86754259,254.0957485,3.113509076,34.42888853,-2792571.779,3116603.441,4857.502688,163378.9887,16.33789887,16.33789887,0.6154323584,69.32273119,Retain,3.278917729,2.937443122,-0.341474607,0.08012443358,-0.09061286994,0.1205078146,0.4692319555,3.171693367,2,0.152,0.318,0.506,0.014,0.01
881,614,614,1.676654279,400.4650941,1.462788361,30.52006879,-2793404.169,3116081.437,579,579,1.360379851,466.2009162,1.533904375,23.55228374,-2793414.917,3116075.306,631.7268184,11130.72106,1.113072106,1.113072106,0.6638650077,12.37380614,Retain,0.516800307,0.307763963,-0.209036344,0.151990085,0.04747191297,-0.2591519774,0.6791006035,2.829627433,0,0.74,0.074,0.036,0.14,0.01
882,607,607,1.862949199,425.9492365,1.640036139,61.04013759,-2792631.502,3116190.631,580,580,1.301230328,562.1922518,1.809076833,75.33963991,-2792679.166,3116183.595,501.4691586,8478.218526,0.8478218526,0.8478218526,0.4550966034,48.180566,Retain,0.6221608226,0.2633102228,-0.3588505998,0.2775237005,0.09809840062,0.2104716722,-0.1797373941,4.136261031,1,0.15,0.568,0.174,0.106,0.002
883,624,624,1.769801739,379.3879839,1.423773641,30.52006879,-2792891.485,3115991.929,600,600,1.419533923,446.7747764,1.501608099,47.10438181,-2792911.403,3115983.668,593.5451044,12246.04797,1.224604797,1.224604797,0.6919446229,21.56293204,Retain,0.5708675282,0.3503285945,-0.2205389337,0.1634952261,0.05322575928,0.4339700328,0.8074296121,3.357953285,0,0.648,0.16,0.022,0.166,0.004
884,602,602,67.53190845,139.1961431,3.226835166,30.52006879,-2790031.098,3117132.101,609,609,32.23470572,156.5254769,2.506928563,23.5508038,-2789847.025,3116694.717,5086.080677,303703.766,30.3703766,30.3703766,0.449718915,474.5387734,Retain,4.212600204,3.47304369,-0.7395565144,0.1173347488,-0.2524435084,-0.2592148131,-0.2014009182,4.628410277,2,0.012,0.094,0.878,0.014,0.002
885,623,623,2.235539038,327.6532588,1.381976598,0,-2793181.626,3116008.527,615,615,2.661625683,477.7325889,2.198636458,23.55228374,-2793292.967,3115956.829,557.1673118,10400.60606,1.040060606,1.040060606,0.4652392947,122.7578074,Retain,0.8044823794,0.9789370951,0.1744547157,0.377095227,0.4643225848,10.06702053,-0.1389886057,4.980345268,4,0.062,0.16,0.12,0.142,0.516
888,650,650,10.89825281,168.0273122,1.564780364,213.6404816,-2795110.032,3115656.112,652,652,11.65206653,192.6574855,1.855164536,213.4585403,-2795124.099,3115662.219,1795.751084,94640.23682,9.464023682,9.464023682,0.8683982512,15.33560929,Retain,2.388602484,2.455483549,0.06688106475,0.1367873871,0.1702279194,-8.51982477e-4,1.880451041,2.108306435,4,0.392,0.022,0.006,0.098,0.482
889,666,666,0.3725898397,655.3065177,1.128379167,281.3811311,-2794787.745,3115250.612,709,709,0.236594463,822.7744304,1.128958929,53.38219487,-2794801.402,3115249.986,178.4809232,1980.447382,0.1980447382,0.1980447382,0.5315355308,13.67116298,Retain,-0.9872770899,-1.44140773,-0.4541306401,0.2275789889,5.136688897e-4,-1.662217649,0.1260570022,3.681365354,3,0.148,0.37,0.1,0.374,0.008
891,681,681,3.446456017,371.9307262,1.94779612,43.16189521,-2792487.604,3115054.707,813,813,1.65618021,411.3848011,1.493472072,23.5539419,-2792481.702,3115114.009,773.8974393,11583.88297,1.158388297,1.158388297,0.3361099898,59.59501859,Retain,1.237346462,0.5045138723,-0.7328325894,0.100821415,-0.2655948797,-0.6056455737,-0.6792123723,4.041280482,2,0.03,0.26,0.696,0.012,0.002
892,722,722,268.8235694,122.1603973,5.65013957,0,-2791329.089,3115560.868,501,501,8.812685325,204.4964965,1.71251771,23.55151691,-2791773.611,3116826.529,1673.751386,77726.01266,7.772601266,7.772601266,0.0289133921,1341.453318,Retain,5.594055288,2.176192198,-3.417863091,0.5152159305,-1.193715615,10.06698797,-3.481138627,4.976846915,2,0,0,1,0,0
893,722,722,268.8235694,122.1603973,5.65013957,0,-2791329.089,3115560.868,988,988,106.0543846,111.6762809,3.244294905,23.55457754,-2790852.904,3115339.301,11659.10103,965500.2054,96.55002054,96.55002054,0.3591575723,525.2091748,Retain,5.594055288,4.663952024,-0.930103264,-0.08973057567,-0.5547822077,10.06711791,-0.5778011974,4.039135814,2,0.034,0.114,0.826,0.012,0.014
894,722,722,268.8235694,122.1603973,5.65013957,0,-2791329.089,3115560.868,530,530,2.602436364,371.5957015,1.691047509,23.55189683,-2792063.8,3116488.41,728.8741902,19129.50736,1.912950736,1.912950736,0.007116008245,1183.271848,Retain,5.594055288,0.9564480694,-4.637607219,1.112471526,-1.206332083,10.0670041,-4.807782054,4.851376777,2,0,0,1,0,0
895,722,722,268.8235694,122.1603973,5.65013957,0,-2791329.089,3115560.868,632,632,19.69600702,242.4579107,3.035432094,0,-2791425.481,3116150.988,4969.743193,172069.8586,17.20698586,17.20698586,0.06400847179,597.940938,Retain,5.594055288,2.980415926,-2.613639363,0.6854932186,-0.6213264627,0,-2.668156644,4.168830954,2,0,0.02,0.98,0,0
896,722,722,268.8235694,122.1603973,5.65013957,0,-2791329.089,3115560.868,807,807,45.42619624,199.608889,3.795142888,23.55374267,-2791944.203,3115431.635,8722.511534,400447.7538,40.04477538,40.04477538,0.1489630373,628.5421951,Retain,5.594055288,3.816088948,-1.77796634,0.4910249842,-0.3979581858,10.06708247,-1.737241064,4.218742052,2,0.002,0.064,0.934,0,0
897,722,722,268.8235694,122.1603973,5.65013957,0,-2791329.089,3115560.868,517,517,0.2957311381,817.5113121,1.254115011,23.55151691,-2791838.547,3116498.005,236.0642512,2756.234614,0.2756234614,0.2756234614,0.001025294999,1066.664433,Retain,5.594055288,-1.218304554,-6.812359843,1.900929827,-1.505250094,10.06698797,-6.202014615,4.747629942,2,0,0,1,0,0
898,722,722,268.8235694,122.1603973,5.65013957,0,-2791329.089,3115560.868,521,521,0.6506101904,670.7925262,1.526313388,47.10315875,-2791655.989,3116470.724,324.0358094,3683.035691,0.3683035691,0.3683035691,0.001370056837,966.7993189,Retain,5.594055288,-0.4298446019,-6.02389989,1.703124975,-1.30882497,10.76011657,-6.044471217,4.649329277,2,0,0,1,0,0
899,722,722,268.8235694,122.1603973,5.65013957,0,-2791329.089,3115560.868,531,531,0.2957327326,817.5094112,1.254115476,23.55167999,-2791850.265,3116402.395,241.7642921,2957.327326,0.2957327326,0.2957327326,0.001100099717,989.8442088,Retain,5.594055288,-1.218299163,-6.812354451,1.900927502,-1.505249724,10.06699489,-6.165670346,4.672885875,2,0,0,1,0,0
901,722,722,268.8235694,122.1603973,5.65013957,0,-2791329.089,3115560.868,572,572,3.430510411,410.028733,2.142341645,23.55221327,-2792227.233,3116319.045,1278.127567,27504.14915,2.750414915,2.750414915,0.01023130123,1175.369796,Retain,5.594055288,1.232709058,-4.36134623,1.210892325,-0.9697807902,10.06701753,-4.479776473,4.844676247,2,0,0.004,0.996,0,0
902,722,722,268.8235694,122.1603973,5.65013957,0,-2791329.089,3115560.868,595,595,1.242093134,472.6757043,1.486056866,23.55221327,-2792313.301,3116036.976,547.0044303,10922.38727,1.092238727,1.092238727,0.004063031861,1093.320783,Retain,5.594055288,0.2167979678,-5.377257321,1.353074626,-1.335554034,10.06701753,-5.282722061,4.772313147,2,0,0,1,0,0
903,722,722,268.8235694,122.1603973,5.65013957,0,-2791329.089,3115560.868,608,608,0.2365902594,1048.266276,1.43835177,34.42944249,-2792042.236,3115978.749,244.5121019,1490.509666,0.1490509666,0.1490509666,5.544564674e-4,826.560527,Retain,5.594055288,-1.441425497,-7.035480786,2.149558,-1.368182393,10.44669641,-6.467074777,4.492611656,2,0,0,1,0,0
904,722,722,268.8235694,122.1603973,5.65013957,0,-2791329.089,3115560.868,619,619,0.1774425267,1114.633129,1.324511922,25.11304617,-2791925.518,3115941.778,197.7833189,1774.425267,0.1774425267,0.1774425267,6.600705703e-4,707.6862584,Retain,5.594055288,-1.729108516,-7.323163804,2.210945685,-1.450636217,10.13118258,-6.401235037,4.337339569,2,0,0,1,0,0
905,722,722,268.8235694,122.1603973,5.65013957,0,-2791329.089,3115560.868,629,629,0.2365903956,822.7820329,1.128959657,25.11304617,-2791834.853,3115914.326,194.6623267,2365.903956,0.2365903956,0.2365903956,8.800954328e-4,617.0329337,Retain,5.594055288,-1.441424922,-7.03548021,1.907356408,-1.610383697,10.13118258,-6.276552639,4.200261319,2,0,0.006,0.994,0,0
907,722,722,268.8235694,122.1603973,5.65013957,0,-2791329.089,3115560.868,638,638,0.4731815007,716.6364079,1.390617899,75.33898607,-2791646.735,3115889.577,339.099091,4731.815007,0.4731815007,0.4731815007,0.001760193505,457.1086773,Retain,5.594055288,-0.7482762417,-6.34233153,1.769233697,-1.401932068,11.2297663,-5.891694009,3.900260655,2,0,0.002,0.998,0,0
908,722,722,268.8235694,122.1603973,5.65013957,0,-2791329.089,3115560.868,639,639,0.2365912556,822.7804404,1.128959523,47.10552503,-2791503.431,3115872.688,194.6626574,2365.912556,0.2365912556,0.2365912556,8.800986318e-4,357.2488445,Retain,5.594055288,-1.441421287,-7.035476575,1.907354473,-1.610383815,10.76016681,-6.276550934,3.65377268,2,0,0,1,0,0
909,722,722,268.8235694,122.1603973,5.65013957,0,-2791329.089,3115560.868,644,644,0.2957394924,828.0548996,1.270307496,34.42953927,-2791393.584,3115856.388,244.8885357,2957.394924,0.2957394924,0.2957394924,0.001100124863,302.4757838,Retain,5.594055288,-1.218276305,-6.812331594,1.913744543,-1.492421254,10.44669922,-6.165658348,3.487341825,2,0,0,1,0,0
910,722,722,268.8235694,122.1603973,5.65013957,0,-2791329.089,3115560.868,645,645,0.1182957492,1247.359045,1.210238928,47.10537259,-2791100.074,3115872.871,147.5572728,1182.957492,0.1182957492,0.1182957492,4.400497677e-4,387.0319964,Retain,5.594055288,-2.134567441,-7.728622729,2.323448918,-1.540862446,10.76016357,-6.543637399,3.73384725,2,0,0.006,0.994,0,0
914,722,722,268.8235694,122.1603973,5.65013957,0,-2791329.089,3115560.868,665,665,0.2365924033,822.7783052,1.128959332,0,-2791192.878,3115781.913,194.6630966,2365.924033,0.2365924033,0.2365924033,8.801029013e-4,259.6424774,Retain,5.594055288,-1.441416436,-7.035471724,1.907351878,-1.610383984,0,-6.276548659,3.334646748,2,0,0.002,0.998,0,0
916,722,722,268.8235694,122.1603973,5.65013957,0,-2791329.089,3115560.868,683,683,1.005520469,674.4785339,1.9079134,0,-2791184.641,3115697.102,678.2019717,10055.20469,1.005520469,1.005520469,0.003740447578,198.5571807,Retain,5.594055288,0.005505286958,-5.588550001,1.708604937,-1.085670064,0,-5.348879513,3.066419458,2,0,0,1,0,0
917,722,722,268.8235694,122.1603973,5.65013957,0,-2791329.089,3115560.868,705,705,0.2365938707,822.7754936,1.128958975,23.55314775,-2791226.321,3115589.798,194.6636387,2365.938707,0.2365938707,0.2365938707,8.801083597e-4,106.7630596,Retain,5.594055288,-1.441410234,-7.035465522,1.90734846,-1.610384301,10.06705721,-6.27654575,2.445958648,2,0.002,0.008,0.99,0,0
918,680,680,3.353308558,509.682847,2.632884723,30.5200688,-2793811.951,3115120.902,768,768,1.951911266,476.1141826,1.876446653,34.42982024,-2793763.871,3115201.702,845.6138068,13579.32719,1.357932719,1.357932719,0.404953107,94.02270893,Retain,1.209947488,0.6688090292,-0.5411384584,-0.06813095888,-0.3387001881,0.120534875,-0.3840816904,4.510938172,1,0.02,0.478,0.432,0.058,0.012
920,680,680,3.353308558,509.682847,2.632884723,30.5200688,-2793811.951,3115120.902,797,797,0.8280895073,591.4575334,1.518298898,0,-2793977.662,3115017.168,334.2731107,1972.483349,0.197248335,0.197248335,0.05882200566,195.5015465,Retain,1.209947488,-0.1886340298,-1.398581517,0.1488012224,-0.5504895362,-10.3261725,-2.756820629,5.242964604,2,0.004,0.08,0.904,0.01,0.002
921,683,683,0.3725898397,655.3065176,1.128379167,30.5200688,-2794085.783,3114914.892,812,812,0.6506433282,525.9753243,1.196828516,0,-2794095.348,3114924.457,239.7652483,3301.543837,0.3301543837,0.3301543837,0.8861067814,13.52668996,Retain,-0.9872770898,-0.4297936699,0.5574834199,-0.2198487924,0.05889291756,-10.3261725,2.043962197,3.670742181,4,0.006,0,0,0.016,0.978
923,722,722,268.8235694,122.1603973,5.65013957,0,-2791329.089,3115560.868,822,822,0.1774485279,1097.023952,1.303609084,0,-2791231.056,3115120.413,194.6652853,1774.485279,0.1774485279,0.1774485279,6.600928942e-4,451.2333471,Retain,5.594055288,-1.729074696,-7.323129984,2.195021381,-1.466543611,0,-6.401221567,3.88732412,2,0,0.002,0.998,0,0
924,681,681,3.446456017,371.9307262,1.94779612,43.16189521,-2792487.604,3115054.707,836,836,0.9463934276,461.1595428,1.265558211,23.5539419,-2792579.82,3114983.937,407.8124705,6588.82899,0.658882899,0.658882899,0.1911769353,116.2418963,Retain,1.237346462,-0.05509691095,-1.292443373,0.2150364459,-0.4311852404,-0.6056455737,-1.438399299,4.709373647,2,0.008,0.036,0.956,0,0
925,677,677,2.608128878,397.8646714,1.812570758,91.56020639,-2792128.139,3115032.612,837,837,1.005542211,677.573484,1.91668888,100.4496449,-2792212.717,3115047.083,622.6403053,5352.47821,0.535247821,0.535247821,0.2052229188,85.80727682,Retain,0.9586330593,0.005526909231,-0.95310615,0.5324060845,0.05585300948,0.09265884019,-1.350361384,4.545163882,2,0.028,0.346,0.612,0.014,0
928,722,722,268.8235694,122.1603973,5.65013957,0,-2791329.089,3115560.868,891,891,0.4732031151,723.2070904,1.403400222,25.11203244,-2791652.999,3114712.662,65.95821376,259.0152517,0.02590152517,0.02590152517,9.635139222e-5,907.9483653,Retain,5.594055288,-0.7482305639,-6.342285852,1.7783607,-1.392782226,10.13114221,-6.816670769,4.586525911,2,0,0.002,0.998,0,0
929,722,722,268.8235694,122.1603973,5.65013957,0,-2791329.089,3115560.868,912,912,1.123862249,609.0145381,1.821290699,23.55457754,-2791467.088,3114613.352,684.3739243,7165.021285,0.7165021285,0.7165021285,0.002665324808,957.5126061,Retain,5.594055288,0.1167711897,-5.477284099,1.606507227,-1.132134823,10.06711791,-5.60717161,4.63967723,2,0,0,1,0,0
930,694,694,1.210916979,554.4901303,1.7212584,61.04013759,-2791999.854,3114685.991,905,905,3.07582526,479.73251,2.37342246,47.10938071,-2791867.246,3114683.732,667.9390806,9870.449545,0.9870449545,0.9870449545,0.8151219048,132.6272083,Retain,0.1913779066,1.123573243,0.932195336,-0.1448203296,0.3212773384,-0.2590546497,1.47947268,5.364225777,4,0.01,0,0.02,0.004,0.966
932,700,700,1.676654279,546.0887647,1.994711402,30.52006879,-2791657.742,3114594.431,916,916,0.1183017389,1220.974499,1.184669549,23.55477676,-2791524.879,3114546.638,145.469825,808.2470997,0.08082470997,0.08082470997,0.04820594859,141.1981193,Retain,0.516800307,-2.134516809,-2.651317116,0.8046230534,-0.5210355047,-0.2590461373,-2.963384252,5.264135877,2,0,0.212,0.788,0,0
933,575,575,246.2818841,119.4620807,5.288607986,0,-2796707.901,3117560.084,271,271,39.62456258,173.2819682,3.077022562,25.11503864,-2796164.357,3118382.393,7074.660717,353347.6191,35.33476191,35.33476191,0.1434728423,985.714429,Retain,5.50647675,3.679449193,-1.827027557,0.3719211365,-0.541592642,10.13126191,-1.780961302,4.712494269,2,0,0.02,0.98,0,0
934,575,575,246.2818841,119.4620807,5.288607986,0,-2796707.901,3117560.084,446,446,131.948104,161.3245184,5.22753588,0,-2797015.531,3117476.664,20968.75262,1203380.746,120.3380746,120.3380746,0.488619271,318.7403894,Retain,5.50647675,4.882408694,-0.6240680562,0.3004189735,-0.01161505459,0,-0.04543986895,3.58350665,1,0.022,0.638,0.334,0.002,0.004
935,575,575,246.2818841,119.4620807,5.288607986,0,-2796707.901,3117560.084,405,405,14.37205087,248.1607433,2.653918135,50.22809493,-2795893.931,3117039.678,3548.177383,120372.3234,12.03723234,12.03723234,0.04887583341,966.1095266,Retain,5.50647675,2.665285409,-2.841191342,0.7310776897,-0.689517981,10.82434972,-2.949158868,4.692404812,2,0,0.006,0.994,0,0
942,575,575,246.2818841,119.4620807,5.288607986,0,-2796707.901,3117560.084,327,327,0.4140052907,826.5913255,1.500337129,0,-2796095.36,3117315.726,342.213182,4140.052907,0.4140052907,0.4140052907,0.001681022103,659.4818708,Retain,5.50647675,-0.8818765257,-6.388353276,1.934311403,-1.259865235,0,-5.920875921,4.310582567,2,0,0,1,0,0
944,575,575,246.2818841,119.4620807,5.288607986,0,-2796707.901,3117560.084,329,329,4.317451,337.4185244,1.977778714,50.22922853,-2795853.449,3117519.75,1457.319422,31844.24842,3.184424842,3.184424842,0.01293000033,855.4028451,Retain,5.50647675,1.462665182,-4.043811568,1.038325067,-0.9835807173,10.82437229,-4.261708734,4.570700259,2,0,0,1,0,0
947,575,575,246.2818841,119.4620807,5.288607986,0,-2796707.901,3117560.084,343,343,0.2365752595,822.8106114,1.128962755,25.11424227,-2796084.821,3117217.026,194.6566339,2365.752595,0.2365752595,0.2365752595,9.605873385e-4,711.2779901,Retain,5.50647675,-1.4414889,-6.94796565,1.929727049,-1.544255776,10.1312302,-6.2345506,4.386191312,2,0,0,1,0,0
950,575,575,246.2818841,119.4620807,5.288607986,0,-2796707.901,3117560.084,380,380,1.005453128,715.1160911,2.022798081,23.54984112,-2797503.89,3116887.625,565.262214,5825.90084,0.5825900841,0.5825900841,0.002365541771,1042.017179,Retain,5.50647675,0.005438313118,-5.501038437,1.78944589,-0.9610733289,10.06691682,-5.692799852,4.768041237,2,0,0,1,0,0
951,575,575,246.2818841,119.4620807,5.288607986,0,-2796707.901,3117560.084,385,385,13.66227295,192.3447594,2.005565753,0,-2797718.459,3116970.574,2292.682843,122111.3442,12.21113442,12.21113442,0.04958194334,1169.936119,Retain,5.50647675,2.614638235,-2.891838515,0.4762903788,-0.9696288786,0,-2.934358901,4.88383185,2,0,0.006,0.994,0,0
952,575,575,246.2818841,119.4620807,5.288607986,0,-2796707.901,3117560.084,393,393,0.3548679165,822.8046078,1.382691049,50.22809493,-2796214.891,3116835.115,182.9478994,1133.998226,0.1133998226,0.1133998226,4.604472759e-4,876.7195014,Retain,5.50647675,-1.036009625,-6.542486375,1.929719753,-1.341523435,10.82434972,-6.529551944,4.595314811,2,0,0.002,0.998,0,0
953,558,558,1.490359359,368.6099162,1.269426563,30.52006879,-2796420.569,3116810.951,404,404,1.478617871,394.9458395,1.354754451,50.22803941,-2796439.393,3116785.134,456.8434907,10213.40953,1.021340953,1.021340953,0.6852984465,31.95166177,Retain,0.3990172713,0.3911077805,-0.007909490822,0.06900969332,0.065054947900000007,0.4981761086,0.7765152698,3.837111795,3,0.042,0.038,0.002,0.886,0.032
954,578,578,1.676654279,436.8710117,1.595769122,30.5200688,-2797590.505,3116508.717,452,452,2.188368833,444.7570435,1.856000817,34.42893822,-2797616.086,3116514.327,682.3281019,12644.94687,1.264494687,1.264494687,0.7541773537,26.18916642,Retain,0.516800307,0.7831564411,0.2663561341,0.01789017952,0.1510682466,0.1205092575,1.11828258,3.579348802,4,0.014,0,0.002,0.15,0.834
955,579,579,1.117769519,436.8710118,1.302940032,30.5200688,-2795400.69,3116473.959,480,480,1.064621578,454.1741336,1.321950205,120.4028495,-2795415.45,3116475.057,440.2109962,8280.378695,0.8280378695,0.8280378695,0.7407948198,14.80151996,Retain,0.1113351988,0.06261941037,-0.04871578848,0.03884269479,0.01448480056,1.37243428,1.047602207,3.211494777,3,0.044,0.014,0.004,0.918,0.02
956,636,636,5.775142516,200.8197393,1.361390826,30.52006879,-2796070.08,3115842.8,584,584,4.790896582,297.511161,1.836989732,55.4743761,-2796078.953,3115855.151,1168.652317,40737.84714,4.073784714,4.073784714,0.7053998587,15.20727148,Retain,1.753562934,1.566717572,-0.1868453623,0.393044054,0.2996213728,0.5975220232,0.8711737821,2.417422932,0,0.744,0.118,0.064,0.048,0.026
957,645,645,0.3725898397,819.133147,1.410473959,86.32379043,-2796573.169,3115639.743,594,594,0.5323255821,642.8756234,1.323154918,88.85312934,-2796600.105,3115649.044,261.4610597,2379.280633,0.2379280633,0.2379280633,0.638579043,28.49610255,Retain,-0.9872770898,-0.6304999803,0.3567771095,-0.2422953696,-0.06390681486,0.02887921337,0.5680038139,4.415805905,4,0,0,0.006,0.138,0.856
958,652,652,1.676654279,436.8710117,1.595769122,136.489897,-2796810.547,3115530.38,628,628,1.537834363,441.0070489,1.542749377,137.7175953,-2796828.271,3115537.999,637.5481355,12848.20415,1.284820415,1.284820415,0.7663001437,19.2920641,Retain,0.516800307,0.4303751692,-0.08642513783,0.009422875269,-0.03378969364,0.008954514775,1.184570556,3.273710448,3,0.16,0.028,0.012,0.784,0.016
959,713,713,1.397211899,567.9323152,1.893750613,43.16189521,-2793169.164,3114317.716,919,919,0.4732065023,816.1769785,1.583816126,68.86050846,-2793243.835,3114385.782,269.7291365,1941.944366,0.1941944366,0.1941944366,0.1389871048,101.0385748,Retain,0.3344787503,-0.7482234059,-1.082702156,0.3626289686,-0.1787221095,0.4671161448,-1.817719921,5.020637838,2,0.004,0.448,0.538,0.01,0
960,714,714,2.794423798,393.1839106,1.85411617,61.04013759,-2793731.751,3114218.017,944,944,2.661797155,399.8971925,1.840479148,23.55532494,-2793749.089,3114231.459,1024.998886,21165.36346,2.116536346,2.116536346,0.7574142289,21.93881515,Retain,1.027625931,0.9790015169,-0.04862441391,0.01693002716,-0.007382179796,-0.9521536642,1.135760589,3.146855007,3,0.106,0.024,0.03,0.77,0.07
961,713,713,1.397211899,567.9323152,1.893750613,43.16189521,-2793169.164,3114317.716,945,945,0.3549078315,813.9828211,1.367943306,68.86082266,-2793117.551,3114169.348,126.2376554,753.8156601,0.07538156601,0.07538156601,0.05395142001,157.0883961,Retain,0.3344787503,-1.035897153,-1.370375903,0.3599370132,-0.3252509384,0.4671207075,-2.846900868,5.461940613,1,0,0.562,0.434,0.004,0
962,716,716,2.794423798,393.1839106,1.85411617,30.52006879,-2791279.972,3114128.491,959,959,0.1774545361,1079.464433,1.282764575,50.22335385,-2791269.679,3114226.313,187.7965909,1522.370088,0.1522370088,0.1522370088,0.05447885496,98.36221998,Retain,1.027625931,-1.729040837,-2.756666768,1.009942833,-0.3683905508,0.4980828202,-2.836791354,4.647218931,2,0,0.212,0.788,0,0
963,716,716,2.794423798,393.1839106,1.85411617,30.52006879,-2791279.972,3114128.491,973,973,0.591519337,737.8445187,1.600826985,97.51111989,-2791331.461,3114041.132,390.0302568,5372.308689,0.5372308689,0.5372308689,0.1922510356,101.4035267,Retain,1.027625931,-0.5250609047,-1.552686835,0.6294556549,-0.1468877628,1.161559452,-1.431498519,4.67766971,2,0.004,0.226,0.766,0.002,0.002
966,732,732,0.6520322195,561.6913008,1.279461712,30.52006879,-2793822.003,3113486.988,1007,1007,0.236611182,822.7428975,1.128955549,68.861426410000007,-2793861.953,3113465.012,148.7412492,1375.265333,0.1375265333,0.1375265333,0.2109198429,45.59594311,Retain,-0.4276613019,-1.441337067,-1.013675765,0.381691343,-0.1251465397,0.8136934689,-1.315926301,4.606036271,1,0,0.858,0.136,0.006,0
967,738,738,1.210916979,453.673743,1.408302327,68.24494851,-2794474.327,3113080.166,1038,1038,0.8873025373,548.4915984,1.457474313,86.69841225,-2794524.014,3113093.483,400.1995426,5270.482738,0.5270482738,0.5270482738,0.4352472407,51.44033236,Retain,0.1913779065,-0.1195692755,-0.3109471821,0.1897936504,0.03432005932,0.2393290348,-0.2599480135,4.41711797,1,0.17,0.528,0.056,0.24,0.006
968,747,747,175.396667,155.2133334,5.798755031,0,-2792686.05,3113288.47,1101,1101,131.5574376,172.9673003,5.596503475,0,-2792914.15,3113206.306,26108.8968,1123401.24,112.340124,112.340124,0.6404917832,242.4467256,Retain,5.167050078,4.879443544,-0.287606534,0.1083020456,-0.03550122143,0,0.5762816261,3.479626027,2,0.118,0.428,0.44,0.014,0
969,747,747,175.396667,155.2133334,5.798755031,0,-2792686.05,3113288.47,987,987,2.425236417,479.0431017,2.104489189,23.55554093,-2793049.638,3113822.083,684.7132258,11515.04794,1.151504794,1.151504794,0.006565146381,645.7084439,Retain,5.167050078,0.8859290113,-4.281121066,1.126990061,-1.013570473,10.06715881,-4.878622893,4.459189529,2,0,0,1,0,0
972,747,747,175.396667,155.2133334,5.798755031,0,-2792686.05,3113288.47,990,990,0.1183050901,1220.971541,1.184683459,25.11137039,-2792058.84,3113742.72,121.217118,897.7174562,0.08977174562,0.08977174562,5.118212742e-4,774.4253372,Retain,5.167050078,-2.134488482,-7.30153856,2.062601651,-1.588167629,10.13111585,-6.494928273,4.640962449,2,0,0.006,0.994,0,0
975,747,747,175.396667,155.2133334,5.798755031,0,-2792686.05,3113288.47,995,995,0.1183053871,1247.260255,1.210192374,70.66821237,-2791743.057,3113735.165,147.5576073,1183.053871,0.1183053871,0.1183053871,6.745019109e-4,1043.44247,Retain,5.167050078,-2.134485971,-7.301536049,2.083904114,-1.566863911,11.16576529,-6.39256497,4.939121456,2,0,0.006,0.994,0,0
976,747,747,175.396667,155.2133334,5.798755031,0,-2792686.05,3113288.47,996,996,0.1183050409,1247.262543,1.210192823,25.11123555,-2791617.988,3113746.221,147.5574461,1183.050409,0.1183050409,0.1183050409,6.74499937e-4,1162.020587,Retain,5.167050078,-2.134488898,-7.301538976,2.083905947,-1.56686354,10.13111048,-6.39256615,5.046756419,2,0,0.006,0.994,0,0
978,747,747,175.396667,155.2133334,5.798755031,0,-2792686.05,3113288.47,998,998,0.5915259549,743.0988348,1.612235764,23.55628854,-2791501.253,3113765.999,427.2330536,3540.46235,0.354046235,0.354046235,0.002018545968,1277.410302,Retain,5.167050078,-0.5250497168,-5.692099795,1.566028542,-1.280021356,10.06719054,-5.801960966,5.141430793,2,0,0,1,0,0
980,747,747,175.396667,155.2133334,5.798755031,0,-2792686.05,3113288.47,1003,1003,0.7689838392,632.8798072,1.565578735,25.11131755,-2791302.754,3113766.809,484.7556987,5802.765084,0.5802765084,0.5802765084,0.003308366791,1463.665212,Retain,5.167050078,-0.2626853251,-5.429735403,1.405480011,-1.309387691,10.13111374,-5.444885346,5.277539575,2,0,0,1,0,0
984,747,747,175.396667,155.2133334,5.798755031,0,-2792686.05,3113288.47,1011,1011,0.1183055878,1220.971903,1.184686302,53.38693886,-2792146.448,3113593.085,142.492411,1123.61332,0.112361332,0.112361332,6.406126975e-4,619.6460215,Retain,5.167050078,-2.134484275,-7.301534353,2.062601947,-1.588165229,10.88534014,-6.413044834,4.4179899,2,0,0.004,0.996,0,0
986,747,747,175.396667,155.2133334,5.798755031,0,-2792686.05,3113288.47,1018,1018,0.1183057937,1247.253894,1.210188282,94.2264497,-2792574.849,3113448.788,125.6325378,560.7419845,0.05607419845,0.05607419845,3.196993386e-4,195.1092747,Retain,5.167050078,-2.134482534,-7.301532612,2.083899014,-1.566867292,11.45346682,-6.631031411,3.262404814,2,0,0.008,0.992,0,0
989,747,747,175.396667,155.2133334,5.798755031,0,-2792686.05,3113288.47,1024,1024,1.064755695,501.325902,1.459285267,50.22224272,-2791959.936,3113495.275,533.7896094,10647.55695,1.064755695,1.064755695,0.006070558314,754.9900973,Retain,5.167050078,0.06274537885,-5.104304699,1.172455877,-1.379696472,10.8242332,-4.946732375,4.615545862,2,0,0,1,0,0
991,747,747,175.396667,155.2133334,5.798755031,0,-2792686.05,3113288.47,1031,1031,0.2366134779,1021.853981,1.402179614,0,-2792720.808,3113317.638,81.32148517,389.2389454,0.03892389454,0.03892389454,2.219192371e-4,45.3747003,Retain,5.167050078,-1.441327364,-6.608377442,1.884573369,-1.419615352,0,-6.708110289,1.80381663,2,0,0.004,0.994,0.002,0
994,744,744,2.142391578,541.3401667,2.235191548,110.041673,-2794984.799,3112812.324,1045,1045,0.1183078431,1247.234514,1.210179959,246.4029141,-2794944.987,3112884.378,147.5576252,1183.078431,0.1183078431,0.1183078431,0.05522232456,82.32130025,Retain,0.761922765,-2.134465212,-2.896387977,0.8346361356,-0.6135578529,0.8061038901,-2.822693614,4.602045594,2,0,0.232,0.768,0,0
996,747,747,175.396667,155.2133334,5.798755031,0,-2792686.05,3113288.47,1093,1093,0.2366200592,1034.969203,1.420195965,75.00212629,-2793033.254,3112503.666,244.8944741,2366.200592,0.2366200592,0.2366200592,0.001349056759,858.1769718,Retain,5.167050078,-1.44129955,-6.608349628,1.897326434,-1.406848379,11.22528508,-6.053392293,4.743651408,2,0,0,1,0,0
997,759,759,97.61853801,194.4659609,5.42006895,0,-2794578.502,3112346.692,1065,1065,1.360546909,533.1389971,1.754253205,23.55715319,-2793843.558,3112829.663,730.8962749,12354.83737,1.235483737,1.235483737,0.01265624094,879.4338331,Retain,4.581067414,0.3078867578,-4.273180656,1.008525033,-1.128065295,10.06722725,-4.281833943,5.061110702,2,0,0,1,0,0
998,759,759,97.61853801,194.4659609,5.42006895,0,-2794578.502,3112346.692,1143,1143,76.48763818,125.7830842,3.103222623,47.11464927,-2794691.446,3112334.297,12079.09968,622250.3656,62.22503656,62.22503656,0.63743053139999994,113.6223029,Retain,4.581067414,4.337129135,-0.2439382786,-0.4356982702,-0.5576674095,10.76036048,0.5630424809,3.014719852,2,0.08,0.068,0.724,0.038,0.09
999,388,388,1.769801739,413.8778006,1.553207608,0,-2795077.686,3118878.485,216,216,1.77420623,412.3028813,1.549221401,23.54736268,-2795109.344,3118881.769,633.8341883,13103.68442,1.310368442,1.310368442,0.740404088,31.82798584,Retain,0.5708675283,0.5733531287,0.00248560046,-0.003812534612,-0.002569734382,10.06681157,1.045574827,3.747308558,3,0.06,0.006,0.008,0.87,0.056
1000,413,413,0.6520322195,655.3065176,1.49270533,30.5200688,-2794201.324,3118588.2,235,235,0.768833654,702.3588701,1.737282049,25.11521458,-2794227.253,3118591.645,385.4440961,4147.689219,0.4147689219,0.4147689219,0.6361172185,26.15753656,Retain,-0.4276613019,-0.2628806476,0.1647806543,0.06934139233,0.1517317195,-0.1949035888,0.5573774999,4.050371177,3,0.01,0.002,0.002,0.624,0.362
1001,433,433,2.514981418,388.3297882,1.737253376,30.5200688,-2794584.843,3118426.395,245,245,1.537676147,508.3943023,1.778394806,25.11516918,-2794608.347,3118416.089,863.0379533,13117.78055,1.311778055,1.311778055,0.5215855855,25.6637577,Retain,0.9222654151,0.4302722814,-0.4919931337,0.2694023838,0.023405817,-0.19490539640000001,0.08622338092,3.356350991,1,0.132,0.58,0.248,0.04,0
1003,417,417,0.1862949198,982.9597766,1.196826841,213.6404816,-2793109.141,3118531.52,247,247,0.7096972523,552.9687185,1.314111433,149.9528365,-2793154.821,3118510.566,133.6661503,1072.836545,0.1072836545,0.1072836545,0.5758807304,50.25652224,Retain,-1.680424271,-0.3429168051,1.337507465,-0.5752667673,0.09348696546,-0.3539718002,0.3052657748,5.32973731,4,0,0,0.004,0.06,0.936
1004,759,759,97.61853801,194.4659609,5.42006895,0,-2794578.502,3112346.692,1041,1041,1.833760197,428.028726,1.635080938,34.43087295,-2794140.959,3113084.454,764.334884,12188.89682,1.218889682,1.218889682,0.01248625217,857.7507635,Retain,4.581067414,0.6063686114,-3.974698803,0.788933171,-1.19841623,10.44673795,-4.294531742,5.036145974,2,0,0,1,0,0
1005,759,759,97.61853801,194.4659609,5.42006895,0,-2794578.502,3112346.692,1046,1046,0.4732302861,610.4845818,1.184693576,23.55715319,-2793947.576,3113008.112,288.8997933,4732.302861,0.4732302861,0.4732302861,0.00484775019,914.080472,Retain,4.581067414,-0.7481731462,-5.32924056,1.143995899,-1.520624381,10.06722725,-5.137843103,5.099750941,2,0,0,1,0,0
1006,759,759,97.61853801,194.4659609,5.42006895,0,-2794578.502,3112346.692,1100,1100,1.656346812,468.2540631,1.700013071,50.22067876,-2793656.285,3112391.965,800.3087186,12021.63104,1.202163104,1.202163104,0.01231490584,923.3277471,Retain,4.581067414,0.5046144618,-4.076452952,0.8787538793,-1.159472597,10.82420206,-4.307491725,5.109816579,2,0,0,1,0,0
1007,759,759,97.61853801,194.4659609,5.42006895,0,-2794578.502,3112346.692,1111,1111,0.5915561495,573.2819038,1.243830746,34.43146511,-2795063.005,3112081.663,336.2474725,5483.79221,0.548379221,0.548379221,0.005617572565,552.2532618,Retain,4.581067414,-0.5249986727,-5.106066087,1.081120435,-1.471912608,10.44675515,-5.013398392,4.595839795,2,0,0.002,0.998,0,0
1008,759,759,97.61853801,194.4659609,5.42006895,0,-2794578.502,3112346.692,1118,1118,0.4732467259,716.6010939,1.390645208,34.43146511,-2795129.734,3111981.154,251.5818732,1773.247735,0.1773247735,0.1773247735,0.001816507162,661.4185115,Retain,4.581067414,-0.7481384073,-5.329205821,1.304262192,-1.360340719,10.44675515,-5.871440916,4.776219536,2,0,0,1,0,0
1009,434,434,2.608128878,304.2494546,1.386083521,30.5200688,-2794387.714,3118468.3,246,246,2.483934523,332.4191095,1.477920664,25.11516918,-2794409.663,3118468.522,672.5856758,17892.92882,1.789292882,1.789292882,0.6860446571,21.95005333,Retain,0.9586330593,0.9098438042,-0.0487892551,0.08854861155,0.064153984,-0.19490539640000001,0.77996843280000006,3.181863539,3,0.21,0.034,0.01,0.7,0.046
1010,446,446,23.19371752,176.3274565,2.395522161,0,-2795189.96,3118545.983,256,256,21.58643418,200.5633897,2.628676744,23.54736268,-2795202.808,3118565.512,4238.059582,189288.6184,18.92886184,18.92886184,0.8161202197,23.37649423,Retain,3.143881446,3.07206507,-0.07181637534,0.1287875397,0.09287935204,10.06681157,1.486080454,2.152197994,0,0.714,0.164,0.06,0.04,0.022
1012,449,449,0.1862949199,982.9597764,1.196826841,43.16189522,-2795047.166,3118180.539,261,261,0.4139925497,819.0416316,1.486610884,23.54826138,-2795072.058,3118206.718,142.463265,173.647985,0.0173647985,0.0173647985,0.09321133668,36.12493062,Retain,-1.68042427,-0.8819073012,0.7985169691,-0.1824332852,0.2168251993,-0.605886763,-2.265471081,4.999587985,4,0,0.014,0.026,0.354,0.606
1013,459,459,9.221598533,211.8162481,1.814501973,30.5200688,-2793393.225,3118156.339,272,272,8.753045078,219.1511346,1.829019661,23.54880751,-2793420.28,3118162.354,1861.450472,76064.76905,7.606476905,7.606476905,0.8248544846,27.71581792,Retain,2.221548399,2.169401649,-0.05214675051,0.03404245947,0.007969084214,-0.2592995785,1.545108144,2.783630117,0,0.484,0.036,0.074,0.32,0.086
1014,476,476,7.451796794,253.9312756,1.955427705,61.04013759,-2794128.893,3117967.28,286,286,7.865952262,241.477123,1.910498558,47.09821881,-2794170.672,3117964.925,1866.202731,63247.27018,6.324727018,6.324727018,0.8487519443,41.84571673,Retain,2.008455184,2.062543605,0.05408842137,-0.05028892192,-0.02324471124,-0.2592916085,1.719433341,3.302150692,4,0.084,0.008,0.01,0.148,0.75
1015,489,489,1.397211899,480.5581129,1.602404365,30.5200688,-2794381.828,3117689.166,293,293,0.295714675,817.5234792,1.254098767,47.0985617,-2794445.874,3117756.889,201.0546097,1679.683372,0.1679683372,0.1679683372,0.1202167956,93.2110172,Retain,0.3344787503,-1.218360225,-1.552838976,0.5313314594,-0.2450880284,0.4338464699,-1.983230876,4.940002221,1,0,0.558,0.44,0.002,0
1016,489,489,1.397211899,480.5581129,1.602404365,30.5200688,-2794381.828,3117689.166,304,304,0.5322889152,642.9082536,1.323176504,47.0985617,-2794379.068,3117647.746,277.8481791,3898.926588,0.3898926588,0.3898926588,0.2790504855,41.51191202,Retain,0.3344787503,-0.6305688635,-0.9650476137,0.2910538655,-0.1914699414,0.4338464699,-0.9469853195,4.13113008,1,0.02,0.614,0.352,0.014,0
1017,600,600,184.8045605,176.3778631,6.763873657,0,-2794128.379,3117089.37,305,305,9.285423789,199.1535932,1.711922419,23.54880751,-2793378.59,3117886.173,1750.4416,81340.60381,8.134060381,8.134060381,0.04401439206,1094.111162,Retain,5.219298837,2.228445836,-2.990853001,0.1214477092,-1.373978791,10.06687293,-3.05680609,4.960414027,2,0.004,0.026,0.96,0.006,0.004
1018,600,600,184.8045605,176.3778631,6.763873657,0,-2794128.379,3117089.37,298,298,2.247433844,393.93449,1.665952185,23.54924255,-2793047.061,3117858.47,649.4939105,16186.4798,1.61864798,1.61864798,0.008758701492,1326.938054,Retain,5.219298837,0.8097890515,-4.409509785,0.8035559834,-1.401198909,10.0668914,-4.621806974,5.15334563,2,0,0,1,0,0
1020,600,600,184.8045605,176.3778631,6.763873657,0,-2794128.379,3117089.37,463,463,0.8280332825,583.939147,1.498947961,23.55074112,-2792957.425,3116858.771,423.1427093,4749.383023,0.4749383023,0.4749383023,0.002569949037,1193.444557,Retain,5.219298837,-0.1887019292,-5.408000766,1.197168134,-1.506832249,10.06695503,-5.633632776,5.047315353,2,0,0.002,0.998,0,0
1021,600,600,184.8045605,176.3778631,6.763873657,0,-2794128.379,3117089.37,395,395,10.4092909,306.1499493,2.786376718,23.5495816,-2794219.423,3117426.302,3016.246136,83257.71493,8.325771493,8.325771493,0.04505176426,349.0160945,Retain,5.219298837,2.342698764,-2.876600073,0.5514463692,-0.8868536675,10.0669058,-3.032937691,3.817836427,2,0,0.03,0.97,0,0
1022,368,368,0.3725898397,819.133147,1.410473959,91.56020638,-2795489.707,3119019.841,206,206,0.6505380372,603.2523363,1.372557123,94.18795974,-2795530.301,3119044.515,209.857449,1530.330274,0.1530330274,0.1530330274,0.4107278597,47.50470595,Retain,-0.9872770897,-0.429955509,0.5573215807,-0.3059110659,-0.02725027551,0.0282953036,-0.360221089,4.926853317,4,0,0,0.022,0.128,0.85
1023,600,600,184.8045605,176.3778631,6.763873657,0,-2794128.379,3117089.37,306,306,0.1182864406,1247.454592,1.210284011,47.09868432,-2793004.543,3117737.803,147.5569635,1182.864406,0.1182864406,0.1182864406,6.400623463e-4,1297.487414,Retain,5.219298837,-2.134646133,-7.35394497,1.956231785,-1.7207407,10.76002158,-6.413380895,5.13090121,2,0,0.006,0.994,0,0
1024,600,600,184.8045605,176.3778631,6.763873657,0,-2794128.379,3117089.37,308,308,0.4731461943,829.4305342,1.609432485,23.54924255,-2793135.104,3117717.392,322.7114887,3849.199925,0.3849199925,0.3849199925,0.002082848992,1175.162819,Retain,5.219298837,-0.7483508594,-5.967649696,1.548110719,-1.435714129,10.0668914,-5.780817677,5.031878362,2,0,0,1,0,0
1025,496,496,0.1862949199,982.9597764,1.196826841,68.2449485,-2794589.365,3117570.138,314,314,0.4140032702,705.269585,1.280124203,25.11454374,-2794643.163,3117552.329,93.88518208,90.73696659,0.009073696667,0.009073696667,0.04870608749,56.66901127,Retain,-1.68042427,-0.8818814061,0.7985428641,-0.3319880803,0.06728335175,-0.9996311428,-2.952746308,5.449822247,4,0,0.028,0.06,0.276,0.636
1026,600,600,184.8045605,176.3778631,6.763873657,0,-2794128.379,3117089.37,315,315,0.5322902915,731.3898847,1.505283462,23.5495816,-2794061.291,3117602.308,355.1174475,4157.026485,0.4157026485,0.4157026485,0.002249417695,517.3070773,Retain,5.219298837,-0.6305662778,-5.849865115,1.422318032,-1.502614525,10.0669058,-5.728029271,4.211354116,2,0,0,1,0,0
1027,600,600,184.8045605,176.3778631,6.763873657,0,-2794128.379,3117089.37,331,331,1.419444601,519.770521,1.746891519,0,-2793143.926,3117603.33,743.307692,12992.34643,1.299234643,1.299234643,0.007030317,1110.541484,Retain,5.219298837,0.3502656692,-4.869033168,1.080758765,-1.353757819,0,-4.818482702,4.975319424,2,0,0,1,0,0
1028,600,600,184.8045605,176.3778631,6.763873657,0,-2794128.379,3117089.37,337,337,0.2957190982,817.519702,1.254102352,0,-2794383.892,3117398.295,145.3401189,980.6156048,0.09806156048,0.09806156048,5.306230551e-4,400.9007594,Retain,5.219298837,-1.218345268,-6.437644105,1.53364636,-1.685175693,0,-6.482549668,3.956431933,2,0,0,1,0,0
1031,600,600,184.8045605,176.3778631,6.763873657,0,-2794128.379,3117089.37,351,351,2.957184008,527.6574929,2.55968399,0,-2793889.297,3117478.93,1414.626239,21319.19119,2.131919119,2.131919119,0.01153607418,457.0749869,Retain,5.219298837,1.084237467,-4.13506137,1.095818742,-0.9717119426,0,-4.368552885,4.087565175,2,0,0,1,0,0
1032,600,600,184.8045605,176.3778631,6.763873657,0,-2794128.379,3117089.37,361,361,2.010891329,434.0494764,1.736315353,0,-2793342.999,3117439.47,836.7578157,14628.69726,1.462869726,1.462869726,0.007915766375,859.8795432,Retain,5.219298837,0.6985780708,-4.520720766,0.9005298855,-1.359830498,0,-4.712994276,4.719509001,2,0,0,1,0,0
1033,600,600,184.8045605,176.3778631,6.763873657,0,-2794128.379,3117089.37,368,368,0.118288471,1247.434005,1.210274424,34.42864329,-2793917.833,3117231.477,147.6736566,1084.039751,0.1084039751,0.1084039751,5.865871209e-4,254.0165083,Retain,5.219298837,-2.134628968,-7.353927805,1.956215282,-1.720748621,10.4466732,-6.446583362,3.500118719,2,0,0.01,0.99,0,0
1034,600,600,184.8045605,176.3778631,6.763873657,0,-2794128.379,3117089.37,372,372,9.16727931,201.3803641,1.720015742,23.54936272,-2793590.783,3117466.623,1895.109219,86446.97533,8.644697533,8.644697533,0.04677751193,656.7566638,Retain,5.219298837,2.215640548,-3.003658289,0.1325668356,-1.369262309,10.0668965,-2.994341793,4.450030622,2,0.002,0.026,0.962,0.008,0.002
1035,600,600,184.8045605,176.3778631,6.763873657,0,-2794128.379,3117089.37,386,386,2.602348257,500.6975438,2.278522054,0,-2794064.056,3117193.825,1287.121212,22030.77622,2.203077622,2.203077622,0.01192112151,122.6713963,Retain,5.219298837,0.9564142132,-4.262884624,1.043373571,-1.088068741,0,-4.337910785,2.772232881,2,0.002,0.008,0.99,0,0
1037,600,600,184.8045605,176.3778631,6.763873657,0,-2794128.379,3117089.37,415,415,0.1182897435,1220.987398,1.184622002,53.37813908,-2794354.694,3116897.3,144.4302861,1182.897435,0.1182897435,0.1182897435,6.400802186e-4,296.831837,Retain,5.219298837,-2.134618211,-7.353917048,1.93478651,-1.742172014,10.88517529,-6.41336998,3.655884667,2,0,0.008,0.992,0,0
1039,600,600,184.8045605,176.3778631,6.763873657,0,-2794128.379,3117089.37,425,425,2.306648034,483.2089708,2.070240127,0,-2794112.723,3116953.565,1069.624376,21834.90507,2.183490507,2.183490507,0.01181513325,136.7045665,Retain,5.219298837,0.8357954031,-4.383503434,1.007820569,-1.183931148,0,-4.34625448,2.880544988,2,0,0.006,0.994,0,0
1041,600,600,184.8045605,176.3778631,6.763873657,0,-2794128.379,3117089.37,442,442,0.3548702688,813.991741,1.367885904,34.42893486,-2793955.163,3116845.956,240.872714,1432.5700200000001,0.143257002,0.143257002,7.751810971e-4,298.7541404,Retain,5.219298837,-1.036002996,-6.255301833,1.529321577,-1.59832934,10.44668166,-6.334077628,3.662339834,2,0,0,1,0,0
1042,600,600,184.8045605,176.3778631,6.763873657,0,-2794128.379,3117089.37,447,447,0.2365805061,1021.893729,1.402136453,70.65211127,-2794380.803,3116764.955,241.7601356,2365.805061,0.2365805061,0.2365805061,0.001280165952,411.0504264,Retain,5.219298837,-1.441466723,-6.66076556,1.756784139,-1.573598641,11.16553742,-6.083226848,3.981433856,2,0,0,1,0,0
1043,600,600,184.8045605,176.3778631,6.763873657,0,-2794128.379,3117089.37,453,453,53.34826728,97.04507725,1.999533742,0,-2794992.921,3117042.438,5054.252888,503130.3787,50.31303787,50.31303787,0.2722499798,865.8150446,Retain,5.219298837,3.976841499,-1.242457338,-0.5974530587,-1.218681728,0,-0.9809437121,4.726387991,2,0.008,0.056,0.862,0.02,0.054
1044,600,600,184.8045605,176.3778631,6.763873657,0,-2794128.379,3117089.37,468,468,10.17295259,373.4376937,3.359980295,23.55010495,-2793558.037,3116721.078,3690.807379,82497.00557,8.249700557,8.249700557,0.04464013515,678.9176562,Retain,5.219298837,2.319732491,-2.899566345,0.7501225301,-0.6996606426,10.06692802,-3.042346784,4.483216845,2,0,0.006,0.994,0,0
1045,600,600,184.8045605,176.3778631,6.763873657,0,-2794128.379,3117089.37,470,470,0.3548730175,681.2614918,1.144841592,25.11369397,-2793890.969,3116642.789,243.6464392,3441.090335,0.3441090335,0.3441090335,0.001862015919,505.7644139,Retain,5.219298837,-1.035995251,-6.255294088,1.351317571,-1.776329472,10.13120837,-5.855366648,4.188788477,2,0,0.012,0.988,0,0
1046,600,600,184.8045605,176.3778631,6.763873657,0,-2794128.379,3117089.37,473,473,0.177437011,1114.674308,1.324540267,70.65318594,-2793198.878,3116656.719,183.7922748,1052.781338,0.1052781338,0.1052781338,5.696728126e-4,1025.261012,Retain,5.219298837,-1.7291396,-6.948438437,1.843688898,-1.630530321,11.16555264,-6.457318316,4.895419005,2,0,0,1,0,0
1047,600,600,184.8045605,176.3778631,6.763873657,0,-2794128.379,3117089.37,483,483,2.424965367,420.7890569,1.848469441,25.11369397,-2794030.377,3116658.136,990.1168718,20746.40424,2.074640424,2.074640424,0.01122613218,442.2293361,Retain,5.219298837,0.8858172427,-4.333481594,0.8695030126,-1.297237785,10.13120837,-4.393900857,4.054546393,2,0,0.002,0.998,0,0
1048,600,600,184.8045605,176.3778631,6.763873657,0,-2794128.379,3117089.37,485,485,0.2957292019,817.5123749,1.254112536,23.55131407,-2793833.478,3116534.388,241.7622821,2957.292019,0.2957292019,0.2957292019,0.001600226753,628.4678354,Retain,5.219298837,-1.218311102,-6.437609939,1.533637397,-1.685167572,10.06697936,-5.951556218,4.406001966,2,0,0,1,0,0
1049,600,600,184.8045605,176.3778631,6.763873657,0,-2794128.379,3117089.37,492,492,0.473167038,617.0963621,1.19744423,23.55149567,-2793585.373,3116501.364,294.1338642,3081.034436,0.3081034436,0.3081034436,0.001667185284,800.3794664,Retain,5.219298837,-0.7483068069,-5.967605644,1.252396547,-1.731406275,10.06698707,-5.926064156,4.647802722,2,0,0,1,0,0
1050,600,600,184.8045605,176.3778631,6.763873657,0,-2794128.379,3117089.37,497,497,0.3548763276,681.2594222,1.144843453,47.10262813,-2793922.324,3116427.227,143.8610311,1085.169489,0.1085169489,0.1085169489,5.871984362e-4,693.4640795,Retain,5.219298837,-1.035985923,-6.25528476,1.351314534,-1.776327847,10.76010531,-6.446197523,4.504416409,2,0,0.002,0.998,0,0
1051,600,600,184.8045605,176.3778631,6.763873657,0,-2794128.379,3117089.37,498,498,0.118292038,1247.396412,1.210256199,23.55149567,-2793595.042,3116432.534,147.5570638,1182.92038,0.118292038,0.118292038,6.400926346e-4,846.0983305,Retain,5.219298837,-2.134598814,-7.35389765,1.956185145,-1.720763681,10.06698707,-6.413362397,4.703352289,2,0,0.006,0.994,0,0
1052,600,600,184.8045605,176.3778631,6.763873657,0,-2794128.379,3117089.37,504,504,0.3548770185,690.0621942,1.159637472,150.6810498,-2793329.263,3116420.576,216.7655973,2529.237899,0.2529237899,0.2529237899,0.001368601452,1042.051892,Retain,5.219298837,-1.035983976,-6.255282813,1.364153087,-1.76348832,11.92292727,-6.045086933,4.911663506,2,0,0.002,0.998,0,0
1053,594,594,2.328686498,314.5471285,1.354055001,30.5200688,-2792990.113,3116336.516,539,539,2.247564857,370.1751682,1.565519447,34.42913539,-2792997.472,3116322.368,751.3074924,18211.53702,1.821153702,1.821153702,0.7820519007,15.94787475,Retain,0.8453043739,0.8098473442,-0.03545702968,0.1628424042,0.1451138894,0.1205149843,1.274364266,2.919101034,3,0.392,0.01,0.006,0.538,0.054
1054,600,600,184.8045605,176.3778631,6.763873657,0,-2794128.379,3117089.37,546,546,5.086586268,257.3970703,1.637615253,23.55131407,-2793755.096,3116306.481,1268.282519,44309.93108,4.430993108,4.430993108,0.02397664374,867.3261417,Retain,5.219298837,1.626606931,-3.592691906,0.37799127,-1.418354683,10.06697936,-3.66656942,4.728131756,2,0,0.002,0.998,0,0
1055,601,601,0.8383271394,582.4946823,1.504505556,30.5200688,-2793114.228,3116201.821,555,555,1.064640278,504.2817814,1.467809833,25.11323385,-2793138.149,3116207.609,436.8801132,6257.072858,0.6257072858,0.6257072858,0.7463760343,24.61183345,Retain,-0.1763468735,0.06263697511,0.2389838486,-0.1441848544,-0.02469293011,-0.1949824543,1.076780639,3.863806371,4,0.032,0,0.004,0.368,0.596
1056,610,610,0.5588847595,546.0887647,1.151647165,30.52006879,-2792956.541,3116120.434,571,571,0.6506165844,521.19208389999994,1.185920137,25.11323385,-2792977.002,3116117.493,282.6521931,4034.576459,0.4034576459,0.4034576459,0.721897742,20.67162861,Retain,-0.5818119818,-0.4298347743,0.1519772075,-0.04666287838,0.02932572539,-0.194982454,0.9516895457,3.89208147,3,0.016,0,0.004,0.62,0.36
1057,491,491,39.77396539,145.7941901,2.593789521,30.52006879,-2795282.106,3117868.369,301,301,36.01775657,180.8738548,3.062169255,25.11458781,-2795291.384,3117883.277,6822.111176,321118.9782,32.11189782,32.11189782,0.8073597264,17.55932051,Retain,3.683212562,3.584012055,-0.09920050735,0.2156038833,0.1660036297,-0.1949285434,1.429004988,1.596400502,0,0.45,0.136,0.34,0.034,0.04
1058,386,386,0.3725898397,655.3065176,1.128379167,91.56020638,-2795459.187,3118882.501,214,214,0.3548409496,813.9983947,1.367840577,75.34689045,-2795480.358,3118885.969,198.141456,1687.881016,0.1687881016,0.1687881016,0.4530131625,21.45357538,Retain,-0.9872770898,-1.036085619,-0.04880852946,0.2168553019,0.1924510372,-0.1948917428,-0.1881250777,4.131941415,3,0.028,0.18,0.01,0.738,0.044
1059,407,407,1.583506819,385.4744221,1.368360733,30.52006879,-2796643.186,3118655.395,220,220,1.596791561,395.1985009,1.408751758,0,-2796667.859,3118649.955,533.3009127,12165.47983,1.216547983,1.216547983,0.7682619165,25.26569568,Retain,0.4596418932,0.4679963418,0.008354448613,0.02491333172,0.02909055603,-10.3261725,1.195517789,3.572031149,3,0.056,0.006,0.088,0.762,0.088
1060,416,416,0.1862949198,982.9597766,1.196826841,91.56020639,-2796344.269,3118531.52,225,225,0.6505487241,680.4570856,1.548230873,50.23072889,-2796403.428,3118524.525,154.9006479,1265.970361,0.1265970361,0.1265970361,0.6795517358,59.57120873,Retain,-1.680424271,-0.4299390813,1.250485189,-0.3678034432,0.2574391514,-0.6003607943,0.7500672346,5.499766247,4,0,0,0.02,0.02,0.96
1061,432,432,1.490359359,573.3932029,1.974663542,0,-2796615.134,3118480.017,227,227,0.827970764,644.6183635,1.654646566,0,-2796587.238,3118518.382,469.7420518,5261.264623,0.5261264623,0.5261264623,0.3530198668,47.43493017,Retain,0.3990172713,-0.1887774345,-0.5877947058,0.1170867579,-0.176810595,0,-0.604507005,4.232236269,1,0.044,0.648,0.278,0.028,0.002
1062,432,432,1.490359359,573.3932029,1.974663542,0,-2796615.134,3118480.017,233,233,0.7096897936,681.2766933,1.619022482,0,-2796664.471,3118448.223,442.7593099,4151.005629,0.4151005629,0.4151005629,0.2785238073,58.69417832,Retain,0.3990172713,-0.3429273148,-0.7419445861,0.1723968287,-0.1985754644,0,-0.9495970009,4.44521389,1,0.01,0.484,0.478,0.026,0.002
1063,483,483,0.1862949199,982.9597764,1.196826841,43.16189521,-2796237.448,3117722.738,279,279,0.2365706175,822.8194014,1.128963739,34.42828731,-2796255.593,3117722.02,138.8180634,1046.469477,0.1046469477,0.1046469477,0.5617273285,18.15869963,Retain,-1.68042427,-1.441508522,0.2389157485,-0.1778314628,-0.05837358851,-0.2260736415,0.2476748522,4.311781911,3,0.006,0.014,0.006,0.85,0.124
1064,491,491,39.77396539,145.7941901,2.593789521,30.52006879,-2795282.106,3117868.369,300,300,0.4731446655,617.1121061,1.19744647,25.11458781,-2795378.248,3117601.686,276.3678389,3462.764435,0.3462764435,0.3462764435,0.008706108132,283.4840841,Retain,3.683212562,-0.7483540905,-4.431566653,1.442854732,-0.772928594,-0.1949285434,-4.627263934,4.37791817,2,0,0,1,0,0
1065,670,670,0.3725898397,655.3065176,1.128379167,43.16189522,-2797656.632,3115159.052,675,675,0.5323333653,642.8685869,1.323150108,47.10624513,-2797665.444,3115152.727,236.9462608,2920.330145,0.2920330145,0.2920330145,0.7837922117,10.84723744,Retain,-0.9872770898,-0.6304853593,0.3567917305,-0.01916276361,0.1592331016,0.08744559438,1.284564539,3.450006106,4,0.004,0,0.002,0.04,0.954
1067,673,673,0.2794423798,873.7420235,1.302940032,43.16189522,-2797559.985,3115072.579,698,698,0.2365937118,822.77580149999994,1.128959018,47.10624513,-2797582.206,3115051.07,152.7976306,524.8668557,0.05248668557,0.05248668557,0.1878265051,30.92610235,Retain,-1.274959162,-1.441410905,-0.166451743,-0.06010141701,-0.1433272885,0.08744559438,-1.460115857,4.641477422,3,0.002,0.146,0.03,0.82,0.002
1068,674,674,0.3725898398,819.133147,1.410473959,91.56020638,-2797427.731,3115067.492,699,699,0.1774451803,1079.456361,1.282721168,70.65907455,-2797445.664,3115074.987,161.3418602,697.6313518,0.06976313518,0.06976313518,0.1872384261,19.43619091,Retain,-0.9872770897,-1.729093561,-0.7418164715,0.2759661809,-0.09494205488,-0.259126974,-1.463958033,4.033191776,1,0.052,0.734,0.104,0.11,0
1070,691,691,1.304064439,374.4608672,1.20628807,91.56020639,-2797429.911,3114842.951,774,774,1.123829616,427.4889384,1.278410079,117.7664973,-2797453.077,3114844.098,426.2597513,8287.203273,0.8287203273,0.8287203273,0.6354903198,23.1941045,Retain,0.2654858787,0.1167421531,-0.1487437256,0.1324411089,0.05806924607,0.2517046483,0.5546764455,3.583563247,3,0.298,0.208,0.018,0.456,0.02
1071,707,707,1.397211899,524.245214,1.748077489,30.5200688,-2798664.811,3114474.385,796,796,0.3548960144,690.0326818,1.159618912,70.66101123,-2798687.111,3114574.843,184.1994522,2115.12283,0.211512283,0.211512283,0.1513816788,102.9030366,Retain,0.3344787503,-1.03593045,-1.3704092,0.2747794208,-0.4104251792,0.8394908797,-1.718398796,5.038922439,1,0,0.556,0.444,0,0
1072,710,710,1.676654279,509.682847,1.861730642,0,-2798241.6,3114390.964,817,817,0.1182988264,1247.326225,1.210222825,94.21628359,-2798265.018,3114505.838,99.88261425,623.5682535,0.06235682536,0.06235682536,0.0371912243,117.2367948,Retain,0.516800307,-2.134541429,-2.651341736,0.8949688552,-0.4307020126,11.45335892,-3.228287151,5.078169096,2,0,0.268,0.732,0,0
1073,697,697,0.3725898397,655.3065176,1.128379167,164.3556004,-2797565.071,3114579.171,818,818,0.2365980229,822.7676948,1.12895818,173.3847345,-2797590.669,3114577.405,154.5078931,1415.772918,0.1415772918,0.1415772918,0.3799816223,25.6587304,Retain,-0.9872770897,-1.441392684,-0.454115594,0.2275708025,5.13005504e-4,0.05348033164,-0.4886095366,4.31092634,1,0.07,0.62,0.004,0.306,0
1074,709,709,4.657372997,314.5471284,1.914922946,91.56020639,-2797118.258,3114549.872,821,821,0.236598278,822.7672238,1.128958143,78.93325863,-2797038.274,3114602.687,193.4629511,2343.330419,0.2343330419,0.2343330419,0.05031442448,95.84794938,Retain,1.538451555,-1.441391605,-2.97984316,0.9615394051,-0.5283821749,-0.1483923342,-2.919211491,4.365912674,2,0,0.064,0.934,0.002,0
1075,709,709,4.657372997,314.5471284,1.914922946,91.56020639,-2797118.258,3114549.872,830,830,1.182989665,451.2050839,1.384393423,47.10819321,-2797202.838,3114624.763,459.3616526,8395.742299,0.8395742299,0.8395742299,0.1802677669,112.9713757,Retain,1.538451555,0.1680448483,-1.370406706,0.3607880507,-0.3244153024,-0.6645395041,-1.510221596,4.530282492,2,0.004,0.02,0.976,0,0
1077,710,710,1.676654279,509.682847,1.861730642,0,-2798241.6,3114390.964,855,855,0.1774495923,1079.459351,1.282740668,25.11219789,-2798265.052,3114363.957,186.8732307,1082.223467,0.1082223467,0.1082223467,0.06454660815,35.76882319,Retain,0.516800307,-1.729068698,-2.245869004,0.7504269301,-0.3725075722,10.1311488,-2.659338288,3.8910694,1,0,0.518,0.482,0,0
1078,709,709,4.657372997,314.5471284,1.914922946,91.56020639,-2797118.258,3114549.872,869,869,0.5323502233,808.1311319,1.663319296,47.10819321,-2797165.134,3114406.221,426.533922,4144.208271,0.4144208271,0.4144208271,0.08898167001,151.105298,Retain,1.538451555,-0.6304536917,-2.168905246,0.9435904204,-0.1408622027,-0.6645395041,-2.316054106,4.821122715,2,0.002,0.014,0.984,0,0
1079,710,710,1.676654279,509.682847,1.861730642,0,-2798241.6,3114390.964,874,874,0.1774503444,1097.017654,1.303608273,70.66286347,-2798212.274,3114242.518,97.11543782,548.6857281,0.05486857281,0.05486857281,0.0327250367,151.3146779,Retain,0.516800307,-1.729064459,-2.245864766,0.7665618897,-0.3563704933,11.1656896,-3.357275609,5.333333026,2,0,0.244,0.756,0,0
1080,715,715,1.397211899,436.8710117,1.456731241,91.56020639,-2797159.154,3114112.214,911,911,1.005559931,524.6303082,1.484063296,106.7683905,-2797187.935,3114124.15,340.0680694,5844.310718,0.5844310718,0.5844310718,0.418283778,31.15729924,Retain,0.3344787503,0.005544531146,-0.3289342191,0.1830558559,0.01858874636,0.1536636088,-0.3291523481,3.844206206,1,0.132,0.608,0.066,0.192,0.002
1081,717,717,0.5588847596,546.0887647,1.151647165,43.16189521,-2797793.972,3113968.77,918,918,0.3549048688,681.2444265,1.144864289,55.47304187,-2797814.902,3113978.197,211.3321871,2809.990898,0.2809990898,0.2809990898,0.5027853864,22.95515176,Retain,-0.5818119816,-1.035905501,-0.4540935192,0.2211396295,-0.00590713004,0.2509339782,0.01111942138,3.996856885,1,0.018,0.652,0.002,0.326,0.002
1082,733,733,10.61881043,218.4355059,2.007965444,91.56020638,-2796402.096,3113780.027,955,955,0.1774545581,1114.542984,1.324449702,75.33489288,-2796372.525,3113774.885,197.7807328,1774.545581,0.1774545581,0.1774545581,0.01671134062,30.01481056,Retain,2.362626997,-1.729040714,-4.091667711,1.629708917,-0.4161249384,-0.1950509845,-4.01771406,2.792775706,2,0.002,0.088,0.91,0,0
1083,733,733,10.61881043,218.4355059,2.007965444,91.56020638,-2796402.096,3113780.027,956,956,0.1183029138,1247.28407,1.21020283,75.33489288,-2796234.949,3113787.067,112.0851724,574.5523555,0.05745523555,0.05745523555,0.005410703574,167.2950189,Retain,2.362626997,-2.134506878,-4.497133875,1.742232919,-0.5063340187,-0.1950509845,-5.045365793,4.510816256,2,0,0.02,0.98,0,0
1084,730,730,3.632750937,403.2655493,2.168223274,43.16189521,-2797801.015,3113729.696,961,961,0.768969421,751.3686699,1.858671694,50.22322653,-2797666.496,3113693.023,238.5377621,2080.614299,0.2080614299,0.2080614299,0.05727379428,139.4279532,Retain,1.289990195,-0.2627040749,-1.55269427,0.6223011604,-0.1540459747,0.1515162914,-2.784683593,4.864925021,2,0,0.082,0.916,0,0.002
1086,724,724,4.098488237,312.7599289,1.786150379,30.5200688,-2796831.202,3113745.418,963,963,4.554662922,321.9199339,1.938077138,0,-2796861.904,3113781.3,1213.939739,28893.42502,2.889342502,2.889342502,0.7049776246,47.22357009,Retain,1.410618183,1.516151526,0.1055333432,0.02886696637,0.08163363797,-10.3261725,0.8691484996,3.7219701610000002,4,0.06,0.002,0.032,0.146,0.76
1087,734,734,5.495700136,344.313594,2.276988052,30.5200688,-2796971.482,3113462.085,968,968,0.4732150622,617.062298,1.197438893,47.1114072,-2797115.933,3113593.767,206.3516497,1696.012413,0.1696012413,0.1696012413,0.03086071603,195.4641082,Retain,1.703965993,-0.7482053168,-2.45217131,0.5834171353,-0.6426685196,0.4341191634,-3.416065874,4.995763835,2,0,0.022,0.976,0.002,0
1088,730,730,3.632750937,403.2655493,2.168223274,43.16189521,-2797801.015,3113729.696,971,971,3.785692946,444.5989175,2.440260341,47.11168583,-2797828.029,3113703.979,1275.307029,20478.1102,2.04781102,2.04781102,0.56370807,37.29742989,Retain,1.289990195,1.331228947,0.04123875176,0.09757729049,0.1181966664,0.08756108389,0.2557079032,3.546321077,3,0.154,0.19,0.044,0.408,0.204
1089,734,734,5.495700136,344.313594,2.276988052,30.5200688,-2796971.482,3113462.085,974,974,1.478801271,734.538812,2.51979218,23.55585302,-2796929.142,3113471.661,1084.775175,14183.19359,1.418319359,1.418319359,0.2580780109,43.40960362,Retain,1.703965993,0.3912318075,-1.312734185,0.757689983,0.1013228902,-0.2590004487,-1.053461828,3.491085681,2,0.028,0.128,0.844,0,0
1090,734,734,5.495700136,344.313594,2.276988052,30.5200688,-2796971.482,3113462.085,976,976,0.177456951,1096.996282,1.303607143,23.55585302,-2797078.552,3113397.055,194.6696155,1774.569511,0.1774569511,0.1774569511,0.03229014442,125.2713996,Retain,1.703965993,-1.729027229,-3.432993222,1.158778218,-0.5577183925,-0.2590004487,-3.370703751,4.550872509,2,0,0,1,0,0
1091,734,734,5.495700136,344.313594,2.276988052,30.5200688,-2796971.482,3113462.085,978,978,0.1774569725,1114.524707,1.324436993,25.11131571,-2796991.71,3113365.333,170.7259177,1454.838925,0.1454838925,0.1454838925,0.02647231269,98.84402207,Retain,1.703965993,-1.729027108,-3.432993101,1.174630469,-0.5418660817,-0.1950588337,-3.568774244,4.313935136,2,0,0.012,0.988,0,0
1092,733,733,10.61881043,218.4355059,2.007965444,91.56020638,-2796402.096,3113780.027,979,979,3.549106256,391.9638753,2.083054399,75.33492816,-2796557.929,3113671.758,1247.058049,24523.54571,2.452354571,2.452354571,0.2309443781,189.7528803,Retain,2.362626997,1.266695813,-1.095931185,0.5846788774,0.03671328513,-0.1950505162,-1.199965155,4.63677931,2,0.008,0.078,0.906,0.006,0.002
1093,735,735,1.490359359,532.4365456,1.833616147,0,-2797591.776,3113320.218,985,985,0.532370441,725.4867011,1.493246449,34.43066898,-2797627,3113327.453,380.8395075,3537.678476,0.3537678476,0.3537678476,0.2373708364,35.9593362,Retain,0.3990172713,-0.6304157144,-1.029432986,0.3093790143,-0.2053374785,10.44673203,-1.164254686,3.955272866,2,0.01,0.392,0.594,0.004,0
1094,735,735,1.490359359,532.4365456,1.833616147,0,-2797591.776,3113320.218,992,992,0.1183052866,1220.970385,1.184683321,25.11126602,-2797534.731,3113234.464,145.4253666,931.6373977,0.09316373977,0.09316373977,0.06251092343,102.9946758,Retain,0.3990172713,-2.134486821,-2.533504092,0.8299374922,-0.436814554,10.13111169,-2.693059303,5.007543312,2,0,0.322,0.678,0,0
1095,737,737,3.260161097,411.9069539,2.098039799,0,-2797415.523,3113187.02,1017,1017,2.780173568,449.5414298,2.114466191,25.11126602,-2797442.69,3113212.679,1222.297905,21326.32322,2.132632322,2.132632322,0.6541493683,37.36880924,Retain,1.181776611,1.02251336,-0.1592632504,0.08743053436,0.007798909151,10.13111169,0.6359690218,3.602339777,0,0.432,0.184,0.044,0.318,0.022
1097,749,749,1.304064439,514.8836924,1.658646097,30.5200688,-2795622.687,3112407.886,1088,1088,0.7098588746,544.1104037,1.293207176,34.43117474,-2795640.105,3112359.711,313.3451856,3961.350227,0.3961350227,0.3961350227,0.3037695154,51.22700645,Retain,0.2654858786,-0.3426890969,-0.6081749755,0.05521113893,-0.2488763488,0.120574214,-0.8275602332,4.375908387,1,0.016,0.698,0.232,0.054,0
1098,750,750,2.421833958,428.4696462,1.88099357,30.5200688,-2795499.097,3112454.505,1091,1091,2.721116295,370.4575959,1.723880367,34.43117474,-2795530.233,3112456.753,966.2876889,15118.37905,1.511837905,1.511837905,0.6242533267,31.21661196,Retain,0.8845250871,1.001042199,0.1165171116,-0.1454809109,-0.08722235512,0.120574214,0.5065838828,3.571084821,4,0.068,0.018,0.01,0.356,0.548
1099,754,754,0.9314745993,524.2452141,1.427299293,244.1605504,-2795962.768,3112003.277,1110,1110,1.1239567,474.9315646,1.420368043,120.6424137,-2796000.69,3112017.948,409.1217498,5959.87655,0.595987655,0.595987655,0.6398324285,40.66152323,Retain,-0.07098635788,0.1168552278,0.1878415856,-0.09878882161,-0.004868028788,-0.7049908975,0.5734259632,4.313164985,4,0.042,0.002,0.006,0.41,0.54
1100,481,481,0.3725898397,819.133147,1.410473959,61.04013759,-2797702.412,3117753.258,266,266,0.295711464,997.9788486,1.53091291,70.64634467,-2797723.824,3117759.851,234.2633408,1632.975982,0.1632975982,0.1632975982,0.4382771101,22.40431944,Retain,-0.9872770897,-1.218371084,-0.2310939942,0.197485439,0.08193844191,0.1461525005,-0.2476568603,4.175301894,3,0.026,0.43,0,0.54,0.004
1101,520,520,0.3725898397,819.1331471,1.410473959,43.16189522,-2797999.982,3117310.717,303,303,0.2365724606,1021.903871,1.402126527,55.47557754,-2798016.223,3117317.863,217.6626795,1466.000003,0.1466000003,0.1466000003,0.3934621524,17.74295437,Retain,-0.9872770898,-1.441500731,-0.454223641,0.2211760636,-0.00593575692,0.2509796861,-0.4318912762,3.942048347,1,0.088,0.568,0.002,0.342,0
1102,512,512,15.18303597,188.9534131,2.076964719,30.5200688,-2798435.268,3117631.646,341,341,16.38248278,238.7924891,2.726500556,23.54839109,-2798406.121,3117574.011,2894.74521,126012.0128,12.60120128,12.60120128,0.8299526729,64.58575217,Retain,2.72017875,2.796212641,0.07603389061,0.2340944356,0.2721113809,-0.2593172612,1.580632556,3.380284883,4,0.226,0.014,0.048,0.09,0.622
1105,758,758,0.8383271393,509.6828471,1.316442362,204.7348455,-2795803.385,3111606.855,1138,1138,0.2957818119,817.4720564,1.254162227,25.10994139,-2795742.817,3111673.818,87.58428257,192.56002230000001,0.01925600223,0.01925600223,0.02296955607,90.29111421,Retain,-0.1763468736,-1.218133219,-1.041786345,0.4724280567,-0.04846511582,-2.098416927,-3.70875627,5.163588508,2,0.004,0.314,0.664,0.014,0.004
1106,758,758,0.8383271393,509.6828471,1.316442362,204.7348455,-2795803.385,3111606.855,1141,1141,0.2366262372,822.7145238,1.12895253,25.10994139,-2795817.653,3111636.446,195.2900544,1312.733189,0.1312733189,0.1312733189,0.1565896089,32.85059521,Retain,-0.1763468736,-1.441273441,-1.264926567,0.4788206041,-0.1536426794,-2.098416927,-1.67864438,4.152538684,2,0.006,0.454,0.54,0,0
1108,559,559,31.48384146,122.1429308,1.933335667,0,-2798907.322,3117205.883,376,376,34.06652439,147.1814527,2.423327255,34.42851462,-2798916.462,3117200.95,3986.6762,290967.5529,29.09675529,29.09675529,0.9241805938,10.38633837,Retain,3.449474445,3.528315213,0.07884076805,0.186474275,0.225894659,10.44666946,2.488531662,1.18821532,4,0.288,0.078,0.052,0.058,0.524
1109,556,556,0.3725898397,655.3065176,1.128379167,152.600344,-2800678.118,3116776.616,344,344,0.4140067909,705.2659409,1.280123032,134.1143277,-2800699.296,3116796.351,186.2761618,2161.79209,0.216179209,0.216179209,0.5802069352,28.94783956,Retain,-0.9872770897,-0.8818729022,0.1054041875,0.07347186082,0.1261739546,-0.1291288415,0.3229656841,4.431533607,3,0.002,0.01,0.006,0.866,0.116
1110,544,544,0.5588847596,764.5242706,1.612306031,30.5200688,-2798170.386,3117036.036,345,345,0.6505822,752.8186787,1.712917879,34.42849078,-2798193.689,3117024.886,370.6449711,2370.992883,0.2370992883,0.2370992883,0.4242364535,25.83295957,Retain,-0.5818119817,-0.4298876247,0.151924357,-0.01542937157,0.06053280693,0.1204962618,-0.304787009,4.114960823,3,0.002,0.03,0.014,0.736,0.218
1111,557,557,4.843667916,226.8368715,1.408302327,30.52006879,-2800407.546,3116921.586,349,349,4.258337739,272.8010479,1.588038964,34.42839428,-2800442.539,3116929.776,1003.110725,33855.13019,3.385513019,3.385513019,0.6989564681,35.93866632,Retain,1.577672268,1.448878882,-0.1287933857,0.1845116361,0.1201149432,0.1204934593,0.8404469923,3.365370406,0,0.73,0.064,0.018,0.146,0.042
1112,554,554,28.22368036,134.0891224,2.009534372,30.52006879,-2799901.569,3117046.814,354,354,28.6845596,146.1189063,2.207626375,34.42839428,-2799924.064,3117047.006,4000.486182,258736.3919,25.87363919,25.87363919,0.9167351266,22.49540895,Retain,3.340161355,3.356358985,0.01619763048,0.08591604531,0.09401486055,0.1204934593,2.387943723,2.01563996,0,0.37,0.18,0.04,0.132,0.278
1113,620,620,42.66153665,140.2184252,2.583559098,30.5200688,-2799668.624,3116417.505,500,500,42.8209118,150.2326052,2.773238507,25.11390429,-2799704.878,3116414.011,6022.841301,379747.9385,37.97479385,37.97479385,0.8901412569,36.42267632,Retain,3.753297733,3.757026577,0.003728843563,0.0689834078,0.07084782958,-0.1949557589,2.084246146,2.290935088,0,0.346,0.28,0.154,0.106,0.114
1114,561,561,0.5588847596,655.3065176,1.381976598,30.5200688,-2798806.221,3116730.836,379,379,0.4140102216,697.7080146,1.266409943,34.42864869,-2798818.07,3116743.579,268.1382594,2871.955724,0.2871955724,0.2871955724,0.5138726141,17.40108288,Retain,-0.5818119816,-0.8818646157,-0.300052634,0.06269760608,-0.08732871095,0.1205008484,0.05539385707,3.719860839,1,0.068,0.532,0.01,0.384,0.006
1115,562,562,0.5588847595,546.0887647,1.151647165,110.041673,-2798038.132,3116715.576,384,384,0.1774340727,1097.071342,1.303612298,125.57037,-2798060.864,3116707.094,194.4442336,1774.058848,0.1774058848,0.1774058848,0.3174283818,24.26218859,Retain,-0.5818119817,-1.72915616,-1.147344179,0.6976179565,0.1239458672,0.1320060556,-0.7639338435,4.052231263,1,0.014,0.776,0.188,0.022,0
1116,571,571,1.490359359,368.6099162,1.269426563,43.16189522,-2798900.324,3116521.01,414,414,1.774344372,385.7371128,1.449457381,53.37829688,-2798919.425,3116532.508,535.6615469,12713.22813,1.271322813,1.271322813,0.8530310525,22.29460836,Retain,0.3990172714,0.5734309866,0.1744137152,0.04541713535,0.132623993,0.21244175270000001,1.752965117,3.477246032,4,0.044,0.002,0.002,0.25,0.702
1117,595,595,0.2794423798,873.7420235,1.302940032,0,-2799218.242,3116262.861,462,462,0.4140173986,705.2566466,1.280122562,23.55105156,-2799219.323,3116272.314,242.2077359,2438.482637,0.2438482637,0.2438482637,0.8726244886,9.514544224,Retain,-1.274959162,-0.8818472805,0.3931118818,-0.2142233902,-0.01766744929,10.06696821,1.917690984,3.46277122,4,0.014,0.016,0.006,0.228,0.736
1119,669,669,250.1940774,145.1628362,6.477225623,0,-2797931.698,3116017.432,651,651,242.7356226,163.0913074,7.167911591,0,-2797936.799,3116041.863,39890.96004,2136916.121,213.6916121,213.6916121,0.8541033998,24.95741274,Retain,5.522236926,5.491972878,-0.03026404806,0.1164540916,0.1013220676,0,1.761493458,1.028457429,1,0.208,0.572,0.136,0.064,0.02
1123,669,669,250.1940774,145.1628362,6.477225623,0,-2797931.698,3116017.432,560,560,0.828055018,466.3936174,1.197229097,25.11331967,-2797106.271,3115817.768,407.4969828,6206.014922,0.6206014922,0.6206014922,0.002480480348,849.23293,Retain,5.522236926,-0.1886756799,-5.710912606,1.16717383,-1.688282473,10.13119347,-5.659103386,4.555581164,2,0,0,1,0,0
1124,669,669,250.1940774,145.1628362,6.477225623,0,-2797931.698,3116017.432,657,657,0.2957395184,817.5042363,1.254121925,0,-2797904.215,3115242.445,33.60548657,11.4247529,0.001142475289,0.001142475289,4.566356252e-6,775.4746182,Retain,5.522236926,-1.218276218,-6.740513144,1.728399964,-1.641856608,0,-6.904194255,4.464723022,2,0,0,1,0,0
1126,689,689,2.142391578,512.848579,2.117549888,185.6463309,-2798292.909,3114885.035,730,730,0.2957436572,828.0462879,1.270303229,78.93398929,-2798379.996,3114864.527,232.2099447,2209.705401,0.2209705401,0.2209705401,0.1031419943,89.46987573,Retain,0.761922765,-1.218262223,-1.980184988,0.4790884222,-0.5110040718,-0.8552242101,-2.154256635,4.685316722,2,0.004,0.13,0.866,0,0
1127,689,689,2.142391578,512.848579,2.117549888,185.6463309,-2798292.909,3114885.035,754,754,0.2365959937,1008.694464,1.384071093,86.69152226,-2798178.438,3114809.084,92.12187204,472.4838014,0.04724838014,0.04724838014,0.0220540356,137.3757813,Retain,0.761922765,-1.44140126,-2.203324025,0.6764315294,-0.4252304833,-0.7614811717,-3.748635612,5.11413094,2,0,0.152,0.848,0,0
1128,693,693,1.210916979,504.0819366,1.564780364,30.5200688,-2798704.879,3114744.684,767,767,1.597017611,359.8192134,1.282727101,70.66101123,-2798729.798,3114772.05,504.3186088,8096.462534,0.8096462534,0.8096462534,0.6686224303,37.01245867,Retain,0.1913779066,0.468137897,0.2767599904,-0.3371371074,-0.1987571121,0.8394908797,0.7004424358,4.087957584,4,0.016,0.012,0,0.214,0.758
