OBJECTID,FID_RasterT_Majori19,ID_2007,AREA_2007,ED_2007,SHAPE_2007,ENN_2007,POINT_X_2007,POINT_Y_2007,FID_RasterT_Majori20,ID_2015,AREA_2015,ED_2015,SHAPE_2015,ENN_2015,POINT_X_2015,POINT_Y_2015,Shape_Length,Shape_Area,OVERLAP_07_15,MAX_OVERLAP_07_15,RETENTION_07_15,CENTROID_07_15,EVENT TYPE,log_area_parent,log_area_child,log_change_area,log_change_ED,log_change_shape_index,log_change_ENN,logit_retention_ratio,log_centroid_shift,Predicted_Typology,Prob_0,Prob_1,Prob_2,Prob_3,Prob_4
1,2,2,2.692205749,448.9225328,2.077880637,83.08484618,-2703526.006,3129231.608,2,2,0.2761236666,951.5205859,1.410473959,74.31334559,-2703546.891,3129276.913,262.737353,2761.236666,0.2761236666,0.2761236666,0.1025641026,49.8871406,Retain,0.9903608387,-1.286906446,-2.277267285,0.7512109816,-0.3874226609,-0.111570355,-2.16046459,3.986967835,2,0,0.34,0.658,0.002,0
2,2,2,2.692205749,448.9225328,2.077880637,83.08484618,-2703526.006,3129231.608,4,4,0.4832164165,869.9616785,1.705948949,74.31334559,-2703438.042,3129159.619,420.3797648,4832.164165,0.4832164165,0.4832164165,0.1794871795,113.6660349,Retain,0.9903608387,-0.7272906584,-1.717651497,0.6615988229,-0.1972269257,-0.111570355,-1.515487796,4.810457951,2,0.002,0.162,0.834,0.002,0
3,57,57,394.1665341,111.5828694,6.249315741,26.27373529,-2704583.847,3127488.217,14,14,0.966432833,598.0986539,1.658646097,37.15667279,-2704062.982,3128427.708,578.0221765,9664.32833,0.966432833,0.966432833,0.002451838879,1074.218332,Retain,5.976773495,-0.03414347781,-6.010916973,1.678988175,-1.326470311,0.3465624431,-5.667395288,4.563327669,2,0,0,1,0,0
4,57,57,394.1665341,111.5828694,6.249315741,26.27373529,-2704583.847,3127488.217,15,15,0.6212782498,676.636861,1.504505556,26.2737353,-2703797.951,3128384.336,420.3797648,6212.782498,0.6212782498,0.6212782498,0.001576182137,1191.915495,Retain,5.976773495,-0.47597623,-6.452749725,1.802367196,-1.424007666,2.1267343e-10,-5.96087042,4.667295986,2,0,0,1,0,0
5,57,57,394.1665341,111.5828694,6.249315741,26.27373529,-2704583.847,3127488.217,19,19,0.8283709998,444.04294,1.140072528,58.74985814,-2704453.334,3128285.079,367.8322942,8283.709998,0.8283709998,0.8283709998,0.002101576182,807.4797891,Retain,5.976773495,-0.1882941575,-6.165067653,1.381153731,-1.701380095,0.8046979174,-5.774742667,4.27789746,2,0,0,1,0,0
6,57,57,394.1665341,111.5828694,6.249315741,26.27373529,-2704583.847,3127488.217,21,21,0.1380618333,1141.824703,1.196826841,108.3293858,-2703914.723,3128219.395,157.6424118,1380.618333,0.1380618333,0.1380618333,3.50262697e-4,991.1352678,Retain,5.976773495,-1.980053627,-7.956827122,2.32561534,-1.652798221,1.416577843,-6.608105641,4.482830225,2,0,0.012,0.988,0,0
7,14,14,0.6903091664,532.851528,1.248886881,0,-2704329.848,3128024.969,25,25,0.8283709998,507.4776457,1.302940032,159.8168926,-2704337.292,3128033.289,315.2848236,5522.473331,0.5522473331,0.5522473331,0.8,11.16419075,Retain,-0.3706157144,-0.1882941576,0.1823215569,-0.04879016421,0.04237061421,11.98179027,1.382556039,3.17047377,4,0.104,0.014,0.006,0.422,0.454
8,16,16,2.554143916,411.4683614,1.855043924,78.82120589,-2702708.971,3127880.322,28,28,2.001896583,446.2303437,1.781045384,78.82120589,-2702718.815,3127894.597,893.3070001,20018.96583,2.001896583,2.001896583,0.7837837838,17.34021731,Retain,0.9377171053,0.6940950226,-0.2436220827,0.08110315317,-0.04070788817,0,1.284515,2.956592562,0,0.476,0.158,0.046,0.306,0.014
9,24,24,10.768823,258.6184156,2.394079865,52.5474706,-2703764.996,3127789.584,36,36,4.832164165,445.8553602,2.764775679,83.08484618,-2703810.379,3127767.862,1996.803883,44179.78665,4.417978665,4.417978665,0.4102564102,50.31284823,Retain,2.3766552,1.575294435,-0.8013607652,0.5446409184,0.1439605358,0.4581383715,-0.3621651758,3.302317695,2,0.068,0.42,0.506,0.004,0.002
10,20,20,1.794803833,380.6082343,1.438406848,26.2737353,-2704155.229,3127640.362,33,33,0.4141854999,634.3470572,1.151647165,26.2737353,-2704243.145,3127628.236,262.737353,3451.545832,0.3451545832,0.3451545832,0.1923076923,88.74831944,Retain,0.5848957306,-0.8814413382,-1.466337069,0.5108256238,-0.2223429106,0,-1.431135328,4.765732838,2,0.002,0.46,0.536,0.002,0
11,29,29,3.037360333,276.8059886,1.360876479,26.2737353,-2704170.892,3127476.565,38,38,0.8283709998,570.9123514,1.465807536,26.2737353,-2704190.597,3127518.762,472.9272354,8283.709998,0.8283709998,0.8283709998,0.2727272727,46.57148851,Retain,1.110988827,-0.1882941575,-1.299282984,0.7239188392,0.07427734716,0,-0.9785433476,3.857880521,2,0.008,0.246,0.744,0.002,0
12,38,38,0.6903091665,532.851528,1.248886881,108.3293858,-2702469.667,3127089.624,52,52,0.6903091665,532.851528,1.248886881,108.3293858,-2702469.667,3127089.624,367.8322942,6903.091665,0.6903091665,0.6903091665,1,0,Retain,-0.3706157144,-0.3706157144,0,0,0,0,6.908754779,-6.150082479,3,0.148,0.016,0,0.648,0.188
13,39,39,0.20709275,1014.955291,1.302940032,108.3293858,-2702408.362,3126901.329,59,59,0.20709275,1014.955291,1.302940032,108.3293858,-2702408.362,3126901.329,210.1898824,2070.9275,0.20709275,0.20709275,1,0,Retain,-1.574588519,-1.574588519,0,0,0,0,6.908754779,-5.548096077,3,0.236,0.028,0,0.57,0.166
14,45,45,0.1380618333,1141.824703,1.196826841,74.31334559,-2703612.575,3126682.382,66,66,0.1380618333,1141.824703,1.196826841,74.31334559,-2703612.575,3126682.382,157.6424118,1380.618333,0.1380618333,0.1380618333,1,0,Retain,-1.980053627,-1.980053627,0,0,0,0,6.908754779,-5.345363523,3,0.226,0.04,0,0.57,0.164
15,46,46,0.2761236666,761.2164687,1.128379167,58.74985815,-2703165.921,3126669.245,67,67,0.2761236666,761.2164687,1.128379167,74.31334558,-2703165.921,3126669.245,210.1898824,2761.236666,0.2761236666,0.2761236666,1,0,Retain,-1.286906446,-1.286906446,0,0,0,0.2349982499,6.908754779,-5.691937113,3,0.216,0.02,0,0.598,0.166
16,47,47,0.5522473332,666.06441,1.396297981,58.74985815,-2703034.553,3126577.287,68,68,0.4141854999,761.2164686,1.381976598,74.31334558,-2703025.795,3126568.529,315.2848236,4141.854999,0.4141854999,0.4141854999,0.75,12.3855576,Retain,-0.5937592656,-0.881441338,-0.2876820724,0.1335313926,-0.01030964359,0.2349982499,1.095952713,3.385856396,3,0.314,0.212,0.008,0.45,0.016
17,57,57,394.1665341,111.5828694,6.249315741,26.27373529,-2704583.847,3127488.217,6,6,0.3451545833,761.2164686,1.261566261,26.2737353,-2704976.182,3128752.752,262.737353,3451.545833,0.3451545833,0.3451545833,8.756567426e-4,1323.999762,Retain,5.976773495,-1.063762895,-7.04053639,1.920150232,-1.600117963,1.4178214e-10,-6.278920754,4.772391507,2,0,0,1,0,0
18,3,3,0.5522473332,570.9123514,1.196826841,26.27373529,-2705310.515,3128754.722,5,5,0.4141854999,634.3470571,1.151647165,52.54747059,-2705307.231,3128744.87,262.737353,4141.854999,0.4141854999,0.4141854999,0.75,10.38560577,Retain,-0.5937592657,-0.8814413381,-0.2876820724,0.1053605156,-0.03848052058,0.6931281508,1.095952713,3.209761645,3,0.318,0.29,0.012,0.362,0.018
19,53,53,0.4141855,634.3470571,1.151647165,365.9507867,-2702811.226,3126170.044,71,71,0.4141855,634.3470571,1.151647165,365.9507867,-2702811.226,3126170.044,262.737353,4141.855,0.4141855,0.4141855,1,0,Retain,-0.881441338,-0.881441338,0,0,0,0,6.908754779,-5.894669667,3,0.186,0.018,0,0.602,0.194
20,57,57,394.1665341,111.5828694,6.249315741,26.27373529,-2704583.847,3127488.217,7,7,2.416082083,369.7337133,1.621212572,26.2737353,-2705081.277,3128824.817,840.7595295,22780.20249,2.278020249,2.278020249,0.005779334501,1426.161331,Retain,5.976773495,0.88214725409999994,-5.094626241,1.198015515,-1.349297606,1.4178214e-10,-4.989085546,4.846720626,2,0,0,1,0,0
21,57,57,394.1665341,111.5828694,6.249315741,26.27373529,-2704583.847,3127488.217,9,9,0.6903091665,608.9731749,1.427299293,74.31334559,-2705501.657,3128574.091,420.3797647,6903.091665,0.6903091665,0.6903091665,0.001751313485,1421.793034,Retain,5.976773495,-0.3706157144,-6.34738921,1.697006681,-1.476687924,1.039696167,-5.894925255,4.843652953,2,0,0.002,0.998,0,0
22,57,57,394.1665341,111.5828694,6.249315741,26.27373529,-2704583.847,3127488.217,11,11,1.44964925,434.9808392,1.477395127,37.1566728,-2705243.423,3128585.351,630.5696471,14496.4925,1.44964925,1.44964925,0.003677758319,1280.134027,Retain,5.976773495,0.3713216303,-5.605451865,1.360534444,-1.442191488,0.3465624432,-5.362254926,4.738699037,2,0,0,1,0,0
23,57,57,394.1665341,111.5828694,6.249315741,26.27373529,-2704583.847,3127488.217,13,13,0.6212782498,592.0572534,1.316442362,37.1566728,-2705330.585,3128433.964,105.0949412,690.3091663,0.06903091663,0.06903091663,1.751313485e-4,1205.012545,Retain,5.976773495,-0.4759762301,-6.452749725,1.668835804,-1.557539059,0.3465624432,-6.74719988,4.678224282,2,0,0,1,0,0
24,57,57,394.1665341,111.5828694,6.249315741,26.27373529,-2704583.847,3127488.217,20,20,1.725772916,517.6271986,1.918244584,37.15667279,-2705597.293,3128296.64,840.7595295,13806.18333,1.380618333,1.380618333,0.00350262697,1296.387223,Retain,5.976773495,0.5456750175,-5.431098478,1.534487751,-1.181061488,0.346562443,-5.400588518,4.751315582,2,0,0,1,0,0
25,18,18,0.3451545832,913.4597624,1.513879513,131.3686765,-2704970.927,3127686.038,30,30,0.3451545832,913.4597624,1.513879513,131.3686765,-2704970.927,3127686.038,315.2848236,3451.545832,0.3451545832,0.3451545832,1,0,Retain,-1.063762895,-1.063762895,0,0,0,0,6.908754779,-5.803508889,3,0.204,0.018,0,0.604,0.174
26,19,19,0.4141854999,761.2164686,1.381976598,26.2737353,-2705723.232,3127658.889,32,32,0.4832164165,652.4712588,1.279461712,37.15667279,-2705712.597,3127635.743,262.737353,2761.236666,0.2761236666,0.2761236666,0.6666666667,25.47210245,Retain,-0.8814413382,-0.7272906583,0.1541506799,-0.1541506799,-0.07707533992,0.3465624428,0.6916505479,4.250708702,3,0.014,0.006,0.022,0.696,0.262
27,21,21,3.175422166,364.0600502,1.830074748,105.0949412,-2704508.738,3127664.791,34,34,2.001896583,498.7280311,1.990580135,94.73129981,-2704543.481,3127656.322,945.8544707,18638.34749,1.863834749,1.863834749,0.5869565217,35.76011068,Retain,1.155440589,0.6940950226,-0.4613455665,0.3147420923,0.08406930906,-0.1038186415,0.3506820143,3.571505657,1,0.162,0.62,0.176,0.04,0.002
28,27,27,1.104494666,475.7602929,1.410473959,58.74985815,-2704814.598,3127490.299,37,37,0.6903091664,532.8515281,1.248886881,52.54747059,-2704813.285,3127510.004,367.8322942,6903.091664,0.6903091664,0.6903091664,0.6249999999,19.74904249,Retain,0.09938791491,-0.3706157144,-0.4700036293,0.1133286854,-0.1216731293,-0.1115697667,0.5097612275,3.505826628,1,0.218,0.586,0.076,0.12,0
29,32,32,2.347051166,358.2195146,1.548123445,26.2737353,-2705144.179,3127390.227,39,39,0.1380618333,1141.824703,1.196826841,189.4625996,-2705123.315,3127457.457,105.0949412,690.3091665,0.06903091665,0.06903091665,0.02941176471,70.393023350000007,Retain,0.8531597173,-1.980053627,-2.833213344,1.15923691,-0.2573697615,1.975589077,-3.464102558,4.399893448,2,0,0.27,0.73,0,0
30,36,36,3.175422166,281.3191297,1.414148669,26.2737353,-2705485.435,3127326.659,47,47,1.725772916,426.2812224,1.579730834,131.3686765,-2705500.606,3127322.41,735.6645883,17257.72916,1.725772916,1.725772916,0.5434782608,15.75417216,Retain,1.155440589,0.5456750175,-0.6097655717,0.4156095572,0.1107267713,1.609407465,0.1740036157,2.751813351,1,0.288,0.564,0.148,0,0
31,34,34,1.725772916,487.1785399,1.805406667,26.2737353,-2705307.231,3127296.136,48,48,0.3451545832,761.2164686,1.261566261,26.2737353,-2705265.193,3127228.875,262.737353,3451.545832,0.3451545832,0.3451545832,0.2,79.31709538,Retain,0.5456750175,-1.063762895,-1.609437912,0.4462871026,-0.3584318536,0,-1.382556039,4.672993726,1,0,0.506,0.492,0.002,0
32,40,40,5.522473332,247.3953523,1.640036139,26.2737353,-2705270.776,3126980.917,61,61,4.417978665,297.3501831,1.763092449,26.2737353,-2705290.399,3126969.34,1313.686765,44179.78665,4.417978665,4.417978665,0.8,22.78362608,Retain,1.708825827,1.485682276,-0.2231435513,0.1839228382,0.0723510625,0,1.382556039,2.844038043,0,0.788,0.07,0.056,0.078,0.008
33,57,57,394.1665341,111.5828694,6.249315741,26.27373529,-2704583.847,3127488.217,78,78,1.2425565,549.7674495,1.728749882,37.15667279,-2705371.456,3125713.173,683.1171177,12425.565,1.2425565,1.2425565,0.003152364273,1941.934217,Retain,5.976773495,0.2171709506,-5.759602545,1.594727832,-1.285073441,0.3465624431,-5.481922719,5.155418485,2,0,0,1,0,0
34,57,57,394.1665341,111.5828694,6.249315741,26.27373529,-2704583.847,3127488.217,80,80,360.5484777,101.8744613,5.456852646,26.2737353,-2704564.413,3127422.458,36573.03953,3559234.062,355.9234062,355.9234062,0.9029772329,68.57066586,Retain,5.976773495,5.887626421,-0.08914707421,-0.09102625404,-0.1355997911,2.1267343e-10,2.221604406,1.811857611,2,0.35,0.148,0.424,0.008,0.07
35,5,5,3.175422166,397.1564184,1.99644518,26.2737353,-2705727.611,3128433.012,16,16,3.382514916,372.8407193,1.934364286,26.2737353,-2705739.407,3128437.896,1208.591824,26922.05749,2.692205749,2.692205749,0.847826087,12.76747873,Retain,1.155440589,1.218619491,0.06317890162,-0.06317890162,-0.03158945081,0,1.712280358,2.541624183,4,0.274,0.004,0.002,0.27,0.45
36,52,52,84.56287289,149.1362877,3.868728573,26.2737353,-2706740.018,3126926.652,49,49,0.6903091665,608.9731749,1.427299293,0,-2706019.249,3127234.13,420.3797648,6903.091665,0.6903091665,0.6903091665,0.008163265306,783.6137537,Retain,4.437495316,-0.3706157144,-4.80811103,1.406913648,-0.9971418667,-10.17636312,-4.685363645,5.017534799,2,0,0,1,0,0
37,30,30,0.8283709998,507.4776458,1.302940032,26.2737353,-2706187.401,3127404.909,42,42,0.4832164166,761.2164685,1.49270533,117.4997163,-2706189.278,3127384.266,262.737353,3451.545833,0.3451545833,0.3451545833,0.4166666667,20.72877797,Retain,-0.1882941576,-0.7272906581,-0.5389965005,0.4054651079,0.1359668577,1.497836587,-0.3357879297,3.698083238,1,0.064,0.82,0.042,0.074,0
38,52,52,84.56287289,149.1362877,3.868728573,26.2737353,-2706740.018,3126926.652,51,51,0.2761236666,761.2164686,1.128379167,0,-2705977.211,3127142.172,210.1898824,2761.236666,0.2761236666,0.2761236666,0.003265306123,792.6684089,Retain,4.437495316,-1.286906446,-5.724401762,1.6300572,-1.232143681,-10.17636312,-5.454973449,5.029023533,2,0,0,1,0,0
39,44,44,5.798596998,380.6082343,2.585441473,52.5474706,-2706159.251,3126889.131,54,54,0.1380618333,1141.824703,1.196826841,52.5474706,-2706187.401,3126997.666,157.6424118,1380.618333,0.1380618333,0.1380618333,0.0238095238,112.1267686,Retain,1.757615991,-1.980053627,-3.737669619,1.098612289,-0.7702225205,0,-3.67345399,4.413195959,2,0,0,1,0,0
40,44,44,5.798596998,380.6082343,2.585441473,52.5474706,-2706159.251,3126889.131,55,55,0.4141854999,761.2164686,1.381976598,52.5474706,-2706327.528,3126980.151,315.2848236,4141.854999,0.4141854999,0.4141854999,0.07142857143,191.3158268,Retain,1.757615991,-0.8814413381,-2.63905733,0.6931471805,-0.6263814842,0,-2.552122796,4.94748778,2,0,0.042,0.958,0,0
41,52,52,84.56287289,149.1362877,3.868728573,26.2737353,-2706740.018,3126926.652,57,57,0.2761236666,761.2164687,1.128379167,94.73129981,-2705898.39,3126931.982,210.1898824,2761.236666,0.2761236666,0.2761236666,0.003265306122,841.6450474,Retain,4.437495316,-1.286906446,-5.724401762,1.6300572,-1.232143681,1.282447175,-5.454973449,5.08897684,2,0,0.004,0.996,0,0
42,44,44,5.798596998,380.6082343,2.585441473,52.5474706,-2706159.251,3126889.131,63,63,0.3451545832,761.2164686,1.261566261,210.1898824,-2706142.736,3126745.439,157.6424118,1380.618333,0.1380618333,0.1380618333,0.02380952381,144.6382465,Retain,1.757615991,-1.063762895,-2.821378886,0.6931471806,-0.7175422627,1.386280088,-3.673453989,4.667799635,2,0,0.09,0.91,0,0
43,52,52,84.56287289,149.1362877,3.868728573,26.2737353,-2706740.018,3126926.652,70,70,71.93021515,129.3045249,3.093602219,52.5474706,-2706854.734,3126897.438,9300.902295,718611.8423,71.86118423,71.86118423,0.8497959184,118.3771598,Retain,4.437495316,4.275696415,-0.1617989007,-0.1426902901,-0.2235897404,0.6931281507,1.727541828,3.127501529,2,0.162,0.032,0.724,0.02,0.062
44,54,54,4.072824082,335.4513251,1.909731914,52.54747059,-2706788.357,3125888.826,72,72,0.8974019164,585.5511297,1.564780364,26.2737353,-2706681.549,3126003.307,472.9272353,6212.782498,0.6212782498,0.6212782498,0.1525423729,156.5686859,Retain,1.404336637,-0.1082514499,-1.512588086,0.5570766415,-0.1992174018,-0.6931281507,-1.709443571,4.923697813,2,0.002,0.038,0.958,0,0.002
45,48,48,0.5522473332,570.9123514,1.196826841,78.8212059,-2706486.265,3126528.023,69,69,0.6212782498,592.0572534,1.316442362,105.0949412,-2706474.952,3126504.304,262.737353,4141.854999,0.4141854999,0.4141854999,0.75,26.27880304,Retain,-0.5937592657,-0.47597623,0.1177830357,0.03636764417,0.09525916201,0.2876789007,1.095952713,4.138045275,3,0.018,0.002,0,0.736,0.244
46,54,54,4.072824082,335.4513251,1.909731914,52.54747059,-2706788.357,3125888.826,73,73,2.830267583,334.192596,1.586008974,26.2737353,-2706825.981,3125849.312,945.8544707,28302.67583,2.830267583,2.830267583,0.6949152542,54.56095043,Retain,1.404336637,1.040371259,-0.3639653772,-0.003759402905,-0.1857420915,-0.6931281507,0.8213658812,3.869533386,2,0.168,0.174,0.516,0.116,0.026
47,56,56,0.4141854999,634.3470571,1.151647165,52.54747059,-2706857.381,3125670.843,77,77,0.4141854999,634.3470571,1.151647165,52.54747059,-2706857.381,3125670.843,262.737353,4141.854999,0.4141854999,0.4141854999,1,0,Retain,-0.8814413381,-0.8814413381,0,0,0,0,6.908754779,-5.894669667,3,0.188,0.018,0,0.604,0.19
48,58,58,4.417978665,368.714227,2.186234636,26.2737353,-2707812.267,3125594.074,74,74,0.2761236666,761.2164686,1.128379167,26.2737353,-2707790.099,3125749.664,210.1898824,2761.236666,0.2761236666,0.2761236666,0.0625,157.1611252,Retain,1.485682276,-1.286906446,-2.772588722,0.7248958789,-0.6613984823,-2.8356439e-10,-2.69324295,4.886801722,2,0,0.052,0.948,0,0
49,58,58,4.417978665,368.714227,2.186234636,26.2737353,-2707812.267,3125594.074,79,79,1.587711083,397.1564184,1.411699925,26.2737353,-2707853.499,3125654.279,630.5696471,15186.80166,1.518680166,1.518680166,0.34375,72.9699741,Retain,1.485682276,0.4622934086,-1.023388867,0.07430831271,-0.437386121,-2.8356439e-10,-0.6452449469,4.119585552,2,0.004,0.256,0.728,0.01,0.002
50,58,58,4.417978665,368.714227,2.186234636,26.2737353,-2707812.267,3125594.074,81,81,0.8974019165,526.9960167,1.408302327,58.74985815,-2707756.751,3125437.411,525.474706,8283.709998,0.8283709998,0.8283709998,0.1875,166.2090712,Retain,1.485682276,-0.1082514499,-1.593933726,0.3571710987,-0.4397957642,0.8046979171,-1.46224792,4.942776282,2,0,0.046,0.954,0,0
51,59,59,0.4141854999,634.3470571,1.151647165,394.1060295,-2707251.487,3125381.832,82,82,0.4141854999,634.3470571,1.151647165,394.1060295,-2707251.487,3125381.832,262.737353,4141.854999,0.4141854999,0.4141854999,1,0,Retain,-0.8814413381,-0.8814413381,0,0,0,0,6.908754779,-5.894669667,3,0.188,0.018,0,0.604,0.19
52,69,69,3.520576749,343.2937015,1.817053906,0,-2707502.891,3124832.402,86,86,0.6903091664,685.0948218,1.605711705,131.3686765,-2707593.046,3124824.828,472.9272353,6903.091664,0.6903091664,0.6903091664,0.1960784314,90.47248171,Retain,1.258624825,-0.3706157145,-1.62924054,0.6909709012,-0.1236493687,11.78577059,-1.407143064,4.448109318,2,0,0.148,0.848,0.004,0
53,69,69,3.520576749,343.2937015,1.817053906,0,-2707502.891,3124832.402,87,87,0.4141854999,634.3470572,1.151647165,105.0949412,-2707356.582,3124803.81,210.1898824,2761.236666,0.2761236666,0.2761236666,0.07843137255,149.0762288,Retain,1.258624825,-0.8814413382,-2.140066164,0.61400986,-0.4560232217,11.56262894,-2.452268355,4.947517016,2,0,0.17,0.83,0,0
54,70,70,0.5522473332,666.06441,1.396297981,52.5474706,-2706476.412,3124784.104,89,89,0.3451545832,761.2164686,1.261566261,0,-2706494.804,3124774.908,262.737353,3451.545832,0.3451545832,0.3451545832,0.625,20.56245035,Retain,-0.5937592657,-1.063762895,-0.4700036292,0.1335313926,-0.101470422,-10.86949127,0.5097612278,3.892759821,1,0.152,0.508,0.122,0.208,0.01
55,71,71,0.3451545832,761.2164686,1.261566261,52.5474706,-2706326.652,3124774.908,90,90,0.3451545832,761.2164686,1.261566261,26.2737353,-2706326.652,3124774.908,262.737353,3451.545832,0.3451545832,0.3451545832,1,0,Retain,-1.063762895,-1.063762895,0,0,0,-0.6931281508,6.908754779,-5.803508889,3,0.246,0.018,0.002,0.588,0.146
56,80,80,16.29129633,261.2649744,2.974774712,26.2737353,-2708068.534,3124654.071,92,92,1.03546375,507.4776457,1.456731241,205.2044326,-2708220.112,3124704.845,525.474706,10354.6375,1.03546375,1.03546375,0.06355932203,159.8563552,Retain,2.790630998,0.03484939373,-2.755781604,0.6639175423,-0.7139732597,2.055403745,-2.675568956,4.251331331,2,0,0.044,0.956,0,0
57,74,74,1.311587416,480.768296,1.553207608,0,-2707382.856,3124674.515,94,94,0.4141854999,634.3470572,1.151647165,105.0949412,-2707422.267,3124633.03,262.737353,4141.854999,0.4141854999,0.4141854999,0.3157894737,57.22052085,Retain,0.2712381718,-0.8814413381,-1.15267951,0.2772107726,-0.2991289824,11.56262894,-0.7714886964,4.483675923,2,0.002,0.474,0.518,0.006,0
58,75,75,1.380618333,570.9123514,1.892349391,26.2737353,-2707216.018,3124656.677,93,93,0.1380618333,1141.824703,1.196826841,117.4997163,-2707238.35,3124659.304,157.6424118,1380.618333,0.1380618333,0.1380618333,0.1,22.48669527,Retain,0.3225314662,-1.980053627,-2.302585093,0.6931471805,-0.4581453659,1.497836587,-2.188384741,3.524067493,1,0.004,0.688,0.308,0,0
59,82,82,2.278020249,346.0074857,1.473192003,342.5675967,-2706179.837,3124344.815,102,102,2.278020249,346.0074857,1.473192003,341.5585589,-2706179.837,3124344.815,788.2120589,22780.20249,2.278020249,2.278020249,1,0,Retain,0.8233067541,0.8233067541,0,0,0,-0.002949852437,6.908754779,-6.747043713,3,0.108,0.02,0.002,0.744,0.126
60,86,86,1.794803833,409.8857908,1.549053529,26.2737353,-2707424.288,3124061.071,105,105,1.03546375,608.9731749,1.748077489,26.2737353,-2707447.664,3124069.021,630.5696471,10354.6375,1.03546375,1.03546375,0.5769230769,24.69156232,Retain,0.5848957307,0.03484939375,-0.5500463369,0.3958956571,0.1208724886,0,0.3095259138,3.486419155,1,0.352,0.52,0.094,0.034,0
61,89,89,0.3451545833,761.2164686,1.261566261,26.2737353,-2707466.932,3123934.149,108,108,0.3451545833,761.2164686,1.261566261,26.2737353,-2707466.932,3123934.149,262.737353,3451.545833,0.3451545833,0.3451545833,1,0,Retain,-1.063762895,-1.063762895,0,0,0,0,6.908754779,-5.803508889,3,0.204,0.018,0,0.604,0.174
62,90,90,0.1380618333,1141.824703,1.196826841,52.54747059,-2707317.172,3123923.639,109,109,0.1380618333,1141.824703,1.196826841,52.54747059,-2707317.172,3123923.639,157.6424118,1380.618333,0.1380618333,0.1380618333,1,0,Retain,-1.980053627,-1.980053627,0,0,0,0,6.908754779,-5.345363523,3,0.226,0.04,0,0.57,0.164
63,91,91,0.4832164165,869.9616784,1.705948949,52.54747059,-2707161.406,3123901.119,111,111,0.6212782499,761.2164686,1.692568751,52.54747059,-2707160.989,3123894.446,420.3797648,4832.164165,0.4832164165,0.4832164165,1,6.685714583,Retain,-0.7272906583,-0.47597623,0.2513144283,-0.1335313926,-0.007874178485,0,6.908754779,2.836132932,4,0.028,0,0.012,0.26,0.7
64,92,92,0.3451545833,761.2164686,1.261566261,52.5474706,-2707939.859,3123886.856,110,110,0.3451545833,761.2164686,1.261566261,52.5474706,-2707939.859,3123886.856,262.737353,3451.545833,0.3451545833,0.3451545833,1,0,Retain,-1.063762895,-1.063762895,0,0,0,0,6.908754779,-5.803508889,3,0.204,0.018,0,0.604,0.174
65,93,93,0.2761236666,761.2164686,1.128379167,420.3797648,-2706003.485,3123857.955,112,112,0.2761236666,761.2164686,1.128379167,420.3797648,-2706003.485,3123857.955,210.1898824,2761.236666,0.2761236666,0.2761236666,1,0,Retain,-1.286906446,-1.286906446,0,0,0,0,6.908754779,-5.691937113,3,0.218,0.02,0,0.592,0.17
66,94,94,6.143751582,342.1197612,2.39215905,26.2737353,-2706687.34,3123833.895,113,113,6.143751582,342.1197612,2.39215905,26.2737353,-2706687.34,3123833.895,2101.898824,61437.51582,6.143751582,6.143751582,1,0,Retain,1.815435562,1.815435562,0,0,0,0,6.908754779,-7.243108117,3,0.272,0.062,0.016,0.444,0.206
67,101,101,4.487009582,245.9314745,1.46956121,26.2737353,-2706480.252,3123508.919,120,120,4.832164165,239.2394616,1.483538169,26.2737353,-2706483.919,3123504.761,1103.496882,44179.78665,4.417978665,4.417978665,0.9846153846,5.543544613,Retain,1.501186463,1.575294435,0.07410797215,-0.02758795652,0.009466029551,0,4.096923394,1.534586203,4,0.094,0.004,0,0.11,0.792
68,106,106,11.597194,326.2356294,3.134028339,78.82120589,-2707336.095,3123413.804,124,124,10.97591575,330.3392222,3.087276963,133.970289,-2707314.115,3123419.812,3678.322942,106307.6116,10.63076116,10.63076116,0.9166666667,22.78660494,Retain,2.450763172,2.395703395,-0.05505977718,0.01250016276,-0.01502972583,0.5304307578,2.387057016,2.473200102,0,0.682,0.036,0.052,0.106,0.124
69,77,77,3.451545832,304.4865874,1.595769122,78.8212059,-2709632.939,3124515.849,97,97,3.451545832,304.4865874,1.595769122,78.8212059,-2709632.939,3124515.849,1050.949412,34515.45832,3.451545832,3.451545832,1,0,Retain,1.238822198,1.238822198,0,0,0,0,6.908754779,-6.954801435,3,0.138,0.03,0.01,0.702,0.12
70,108,108,0.2070927499,1014.955292,1.302940032,131.3686765,-2707321.551,3123170.459,126,126,0.2070927499,1014.955292,1.302940032,111.4700184,-2707321.551,3123170.459,210.1898824,2070.927499,0.2070927499,0.2070927499,1,0,Retain,-1.574588519,-1.574588519,0,0,0,-0.1642506746,6.908754779,-5.548096077,3,0.27,0.026,0,0.56,0.144
71,79,79,3.175422166,446.8009707,2.246000828,26.27373529,-2708681.121,3124517.083,100,100,3.106391249,456.7298812,2.27081927,153.2008866,-2708680.778,3124518.01,1418.781706,31063.91249,3.106391249,3.106391249,0.9782608696,0.9879071053,Retain,1.155440589,1.133461682,-0.02197890671,0.02197890671,0.01098945335,1.76314873,3.762710825,-0.01651023128,3,0.188,0.054,0.006,0.638,0.114
72,81,81,0.5522473331,666.0644101,1.396297981,78.8212059,-2709734.355,3124344.019,101,101,0.5522473331,666.0644101,1.396297981,78.8212059,-2709734.355,3124344.019,367.8322942,5522.473331,0.5522473331,0.5522473331,1,0,Retain,-0.5937592658,-0.5937592658,0,0,0,0,6.908754779,-6.038510703,3,0.144,0.016,0.002,0.632,0.206
73,87,87,0.5522473331,856.3685272,1.795240262,52.54747059,-2709796.755,3123940.06,106,106,0.5522473331,856.3685272,1.795240262,52.54747059,-2709796.755,3123940.06,472.9272353,5522.473331,0.5522473331,0.5522473331,1,0,Retain,-0.5937592658,-0.5937592658,0,0,0,0,6.908754779,-6.038510703,3,0.144,0.016,0.002,0.632,0.206
74,88,88,1.794803833,351.3306778,1.327760167,52.54747059,-2709581.765,3123989.324,107,107,1.794803833,351.3306778,1.327760167,52.54747059,-2709581.765,3123989.324,630.5696471,17948.03833,1.794803833,1.794803833,1,0,Retain,0.5848957306,0.5848957306,0,0,0,0,6.908754779,-6.627838201,3,0.104,0.018,0,0.744,0.134
75,96,96,7.041153498,283.5904491,2.122797534,74.31334558,-2709978.546,3123729.42,115,115,1.518680166,380.6082343,1.323141857,78.82120589,-2710185.786,3123700.313,578.0221766,15186.80166,1.518680166,1.518680166,0.2156862745,209.2734537,Retain,1.951772006,0.417841646,-1.53393036,0.294239473,-0.472725707,0.05889074824,-1.28763272,4.940125506,2,0,0.022,0.978,0,0
76,96,96,7.041153498,283.5904491,2.122797534,74.31334558,-2709978.546,3123729.42,116,116,4.832164166,260.9885035,1.618405275,74.31334558,-2709895,3123750.233,1261.139294,48321.64166,4.832164166,4.832164166,0.6862745098,86.09949004,Retain,1.951772006,1.575294435,-0.3764775712,-0.08305475815,-0.2712935438,0,0.7810329908,4.051994043,2,0.126,0.166,0.598,0.088,0.022
77,95,95,1.656742,475.7602929,1.727470747,74.31334558,-2709587.66,3123677.323,117,117,1.656742,475.7602929,1.727470747,74.31334558,-2709587.66,3123677.323,788.2120589,16567.42,1.656742,1.656742,1,0,Retain,0.504853023,0.504853023,0,0,0,0,6.908754779,-6.587816848,3,0.106,0.014,0,0.738,0.142
78,99,99,24.92016091,177.1251617,2.494311843,52.5474706,-2708730.75,3123744.745,119,119,23.67760441,193.0782296,2.650313546,52.5474706,-2708718.68,3123750.524,4519.082471,233324.4983,23.33244983,23.33244983,0.9362880886,13.38153328,Retain,3.215677151,3.16452964,-0.05114751117,0.08623883098,0.0606650754,0,2.673045408,1.558476738,0,0.556,0.242,0.03,0.096,0.076
79,102,102,0.2761236666,761.2164685,1.128379167,211.825626,-2709891.998,3123332.48,121,121,0.2761236666,761.2164685,1.128379167,211.825626,-2709891.998,3123332.48,210.1898824,2761.236666,0.2761236666,0.2761236666,1,0,Retain,-1.286906446,-1.286906446,0,0,0,0,6.908754779,-5.691937113,3,0.218,0.02,0,0.592,0.17
80,103,103,0.4141854999,761.2164685,1.381976598,131.3686765,-2709440.965,3123271.175,122,122,0.4141854999,761.2164685,1.381976598,131.3686765,-2709440.965,3123271.175,315.2848236,4141.854999,0.4141854999,0.4141854999,1,0,Retain,-0.881441338,-0.881441338,0,0,0,0,6.908754779,-5.894669667,3,0.186,0.018,0,0.602,0.194
81,107,107,1.725772916,487.1785399,1.805406667,117.4997163,-2709173.674,3123236.318,125,125,1.725772916,487.1785399,1.805406667,117.4997163,-2709173.674,3123236.318,840.7595295,17257.72916,1.725772916,1.725772916,1,0,Retain,0.5456750175,0.5456750175,0,0,0,0,6.908754779,-6.608227845,3,0.104,0.018,0,0.742,0.136
82,109,109,0.3451545832,913.4597624,1.513879513,52.54747059,-2710120.579,3123151.192,128,128,0.3451545832,913.4597624,1.513879513,52.54747059,-2710120.579,3123151.192,315.2848236,3451.545832,0.3451545832,0.3451545832,1,0,Retain,-1.063762895,-1.063762895,0,0,0,0,6.908754779,-5.803508889,3,0.204,0.018,0,0.604,0.174
83,111,111,3.313483999,412.3255871,2.117277552,26.27373529,-2708455.7,3123100.396,131,131,3.520576749,447.7743933,2.370070312,131.3686765,-2708442.048,3123089.577,1313.686765,31754.22166,3.175422166,3.175422166,0.9583333333,17.41896109,Retain,1.198000204,1.258624825,0.06062462182,0.08247622182,0.1127885327,1.609407465,3.112820624,2.830981579,4,0.248,0.03,0.002,0.274,0.446
84,114,114,2.623174833,420.672259,1.921996357,78.82120589,-2708872.162,3123087.028,130,130,2.416082083,391.4827553,1.716578017,117.4997163,-2708886.464,3123081.378,945.8544707,24160.82083,2.416082083,2.416082083,0.9210526316,15.37787965,Retain,0.9643853523,0.88214725409999994,-0.08223809824,-0.0719125816,-0.1130316307,0.3992496719,2.445233783,2.823167384,3,0.282,0.042,0.094,0.492,0.09
86,116,116,10.07851383,187.6972114,1.680935838,0,-2710391.019,3123177.177,132,132,10.07851383,187.6972114,1.680935838,0,-2710391.019,3123177.177,1891.708941,100785.1383,10.07851383,10.07851383,1,0,Retain,2.310405814,2.310405814,0,0,0,0,6.908754779,-7.490593243,3,0.332,0.076,0.026,0.364,0.202
87,123,123,0.4141854999,761.2164686,1.381976598,83.08484618,-2708718.437,3122820.142,136,136,0.2761236666,761.2164686,1.128379167,117.4997163,-2708709.68,3122833.279,210.1898824,2761.236666,0.2761236666,0.2761236666,0.6666666666,15.78854997,Retain,-0.8814413381,-1.286906446,-0.4054651081,0,-0.202732554,0.3465700651,0.6916505476,3.772433939,1,0.064,0.554,0.072,0.3,0.01
88,133,133,0.6903091665,532.851528,1.248886881,131.3686765,-2708833.166,3122360.352,152,152,0.6903091665,532.851528,1.248886881,131.3686765,-2708833.166,3122360.352,367.8322942,6903.091665,0.6903091665,0.6903091665,1,0,Retain,-0.3706157144,-0.3706157144,0,0,0,0,6.908754779,-6.150082479,3,0.148,0.016,0,0.648,0.188
89,134,134,12.0113795,214.3655572,2.095783996,83.08484618,-2709070.566,3122558.764,154,154,11.39010125,221.4447909,2.108260776,117.4997163,-2709072.018,3122562.66,2522.278589,113901.0125,11.39010125,11.39010125,0.9482758621,4.157669618,Retain,2.485854492,2.432744667,-0.05310982532,0.03249053812,0.005935625458,0.3465700651,2.890626067,0.7546329168,0,0.618,0.108,0.042,0.12,0.112
90,124,124,0.5522473332,666.06441,1.396297981,37.15667279,-2707655.446,3122774.163,139,139,0.2761236666,761.2164686,1.128379167,58.74985815,-2707632.456,3122728.184,105.0949412,690.3091666,0.06903091666,0.06903091666,0.125,51.40612588,Retain,-0.5937592657,-1.286906446,-0.6931471806,0.1335313927,-0.2130421977,0.4581354745,-1.939084184,4.809021374,1,0.02,0.762,0.122,0.092,0.004
91,126,126,1.380618333,418.6690577,1.387722887,94.73129981,-2707913.585,3122746.576,140,140,1.380618333,494.7907046,1.640036139,133.970289,-2707912.272,3122766.281,472.9272354,10354.6375,1.03546375,1.03546375,0.75,19.74904248,Retain,0.3225314662,0.3225314662,0,0.1670540847,0.1670540847,0.3465704985,1.095952713,3.394254852,3,0.21,0.028,0.002,0.66,0.1
92,135,135,0.1380618333,1141.824703,1.196826841,78.82120589,-2708591.448,3122202.71,156,156,0.1380618333,1141.824703,1.196826841,78.82120589,-2708591.448,3122202.71,157.6424118,1380.618333,0.1380618333,0.1380618333,1,0,Retain,-1.980053626,-1.980053626,0,0,0,0,6.908754779,-5.345363523,3,0.226,0.04,0,0.57,0.164
93,146,146,38.10506599,142.0385802,2.473390848,52.54747059,-2707281.474,3122142.975,142,142,0.4141854999,761.2164686,1.381976598,52.54747059,-2706774.181,3122693.153,315.2848236,4141.854999,0.4141854999,0.4141854999,0.01086956522,748.3590273,Retain,3.640347239,-0.8814413381,-4.521788577,1.678819058,-0.5820752305,0,-4.423859107,5.370075506,2,0,0,1,0,0
94,128,128,9.940451997,243.1663719,2.162726737,52.54747059,-2706972.694,3122884.367,141,141,10.00948291,241.4893625,2.155256156,52.54747059,-2706977.516,3122876.676,2364.636177,92501.42831,9.250142831,9.250142831,0.9305555556,9.077435556,Retain,2.296612492,2.303532935,0.006920442837,-0.006920442839,-0.003460221421,0,2.582031452,1.629960579,3,0.312,0.05,0.024,0.336,0.278
95,131,131,1.311587416,400.6402466,1.294339674,52.54747059,-2707693.992,3122571.233,148,148,1.587711083,430.2527866,1.529341586,52.5474706,-2707681.006,3122552.836,525.474706,11735.25583,1.173525583,1.173525583,0.8947368421,22.51940111,Retain,0.2712381719,0.4622934086,0.1910552367,0.07130902769,0.1668366461,1.4178502e-10,2.131728028,3.551167471,4,0.044,0.006,0.004,0.21,0.736
96,132,132,1.2425565,465.1878419,1.462788361,52.5474706,-2707790.099,3122426.036,151,151,1.2425565,465.1878419,1.462788361,52.5474706,-2707790.099,3122426.036,578.0221766,12425.565,1.2425565,1.2425565,1,0,Retain,0.2171709505,0.2171709505,0,0,0,0,6.908754779,-6.443975811,3,0.108,0.016,0,0.722,0.154
97,146,146,38.10506599,142.0385802,2.473390848,52.54747059,-2707281.474,3122142.975,160,160,0.3451545832,761.2164686,1.261566261,52.5474706,-2707918.84,3122142.28,262.737353,3451.545832,0.3451545832,0.3451545832,0.009057971014,637.3669271,Retain,3.640347239,-1.063762895,-4.7041101340000004,1.678819058,-0.6732360088,1.0633871e-10,-4.591299211,5.209538406,2,0,0.004,0.996,0,0
98,136,136,3.451545833,426.2812224,2.23407677,78.82120589,-2708108.537,3122346.69,159,159,3.658638582,359.064372,1.937434984,105.0949412,-2708108.606,3122340.771,1418.781706,31754.22166,3.175422166,3.175422166,0.92,5.919433269,Retain,1.238822198,1.297091106,0.05826890812,-0.1715975934,-0.1424631394,0.2876789008,2.431010882,1.731363477,4,0.21,0.014,0.054,0.262,0.46
99,146,146,38.10506599,142.0385802,2.473390848,52.54747059,-2707281.474,3122142.975,171,171,37.27669499,126.8694114,2.185096861,52.54747059,-2707282.821,3122130.408,4676.724883,355509.2207,35.55092207,35.55092207,0.9329710145,12.63879876,Retain,3.640347239,3.618368332,-0.02197890672,-0.1129404112,-0.1239298645,0,2.619511532,1.289041791,2,0.312,0.106,0.428,0.06,0.094
100,143,143,2.139958416,392.8859193,1.621303049,52.5474706,-2707966.811,3121901.409,166,166,0.7593400831,692.0149715,1.701095599,26.27373529,-2707977.598,3121965.052,472.9272354,6903.091665,0.6903091665,0.6903091665,0.3225806452,64.55020671,Retain,0.7607863971,-0.2753055346,-1.036091932,0.5660883025,0.04804233662,-0.6931281509,-0.7403172418,4.359430556,2,0.072,0.272,0.648,0.008,0
101,143,143,2.139958416,392.8859193,1.621303049,52.5474706,-2707966.811,3121901.409,168,168,0.4832164165,652.4712589,1.279461712,26.27373529,-2707968.385,3121848.014,315.2848236,4832.164165,0.4832164165,0.4832164165,0.2258064516,53.41820499,Retain,0.7607863971,-0.7272906584,-1.488077056,0.5072478025,-0.2367907253,-0.6931281509,-1.22901572,4.17014207,2,0.01,0.232,0.758,0,0
102,165,165,1.587711083,430.2527866,1.529341586,74.31334559,-2707129.257,3121112.35,189,189,1.311587416,480.768296,1.553207608,83.08484618,-2707120.119,3121109.584,630.5696471,13115.87416,1.311587416,1.311587416,0.8260869565,9.548011298,Retain,0.4622934085,0.2712381717,-0.1910552368,0.1110125291,0.01548491071,0.111570355,1.55362088,2.597655859,0,0.59,0.126,0.016,0.25,0.018
103,168,168,0.5522473332,570.9123514,1.196826841,74.31334559,-2707281.045,3121003.971,191,191,0.5522473332,570.9123514,1.196826841,83.08484618,-2707281.045,3121003.971,315.2848236,5522.473332,0.5522473332,0.5522473332,1,0,Retain,-0.5937592657,-0.5937592657,0,0,0,0.111570355,6.908754779,-6.038510703,3,0.146,0.016,0.002,0.63,0.206
104,183,183,9.250142831,210.1866369,1.803326599,316.3776685,-2708038.327,3120671.774,209,209,9.181111914,211.7669875,1.810093327,316.3776685,-2708039.502,3120670.437,1944.256412,91811.11914,9.181111914,9.181111914,0.9925373134,1.780012258,Retain,2.224638993,2.217148321,-0.00749067173,0.00749067173,0.003745335865,0,4.765604934,0.03722733366,3,0.292,0.088,0.024,0.402,0.194
105,205,205,0.2761236666,951.5205858,1.410473959,176.2495744,-2707579.909,3119588.473,238,238,0.1380618333,1141.824703,1.196826841,224.4828928,-2707553.635,3119588.473,157.6424118,1380.618333,0.1380618333,0.1380618333,0.5,26.27373529,Retain,-1.286906446,-1.980053627,-0.6931471805,0.1823215567,-0.1642520335,0.2418972566,1.4150436e-10,4.484426008,1,0.152,0.492,0.092,0.264,0
106,206,206,0.4832164166,652.4712588,1.279461712,185.783364,-2707251.487,3119595.98,239,239,0.4141854999,634.3470571,1.151647165,236.4636177,-2707251.487,3119601.61,262.737353,4141.854999,0.4141854999,0.4141854999,0.8571428572,5.630086134,Retain,-0.7272906583,-0.8814413381,-0.1541506798,-0.028170877,-0.1052462169,0.241211921,1.785949842,2.664312615,3,0.254,0.066,0.058,0.52,0.102
107,208,208,0.4141854999,761.2164686,1.381976598,176.2495744,-2707842.646,3119492.136,242,242,0.4141854999,761.2164686,1.381976598,224.4828928,-2707842.646,3119492.136,315.2848236,4141.854999,0.4141854999,0.4141854999,1,0,Retain,-0.8814413381,-0.8814413381,0,0,0,0.2418972566,6.908754779,-5.894669667,3,0.186,0.018,0,0.614,0.182
108,138,138,2.208989333,309.2441904,1.296562411,117.4997163,-2708347.595,3122143.594,161,161,2.208989333,309.2441904,1.296562411,117.4997163,-2708347.595,3122143.594,683.1171177,22089.89333,2.208989333,2.208989333,1,0,Retain,0.7925350954,0.7925350954,0,0,0,0,6.908754779,-6.731657884,3,0.102,0.02,0.002,0.75,0.126
109,142,142,7.179215331,234.2204519,1.77034689,78.82120589,-2708802.648,3122009.446,167,167,7.110184415,236.4944368,1.778920048,78.82120589,-2708802.148,3122008.973,1681.519059,71101.84415,7.110184415,7.110184415,0.9903846154,0.6888004308,Retain,1.971190092,1.961528181,-0.009661910912,0.009661910912,0.004830955456,0,4.53679824,-0.784583057,3,0.278,0.086,0.022,0.41,0.204
110,151,151,4.141854999,291.7996463,1.675240927,157.6424118,-2708395.708,3121766.566,172,172,4.072824082,309.64737710000003,1.762829459,168.2339913,-2708395.508,3121763.404,1313.686765,39347.62249,3.934762249,3.934762249,0.95,3.168098701,Retain,1.421143755,1.404336637,-0.01680711831,0.05936673272,0.05096317356,0.0650261648,2.92568843,1.015240292,3,0.17,0.12,0.004,0.59,0.116
111,153,153,11.66622491,234.2204519,2.256758334,37.15667279,-2709267.724,3121797.332,174,174,9.802390164,251.9519297,2.225249691,131.3686765,-2709260.873,3121804.163,2469.731118,95952.97414,9.595297414,9.595297414,0.8224852071,9.674711988,Retain,2.456697908,2.28262625,-0.1740716573,0.07297554045,-0.01406028821,1.262845022,1.528874115,1.613634816,0,0.74,0.074,0.082,0.066,0.038
112,155,155,0.1380618333,1141.824703,1.196826841,58.74985815,-2710089.051,3121493.319,175,175,0.1380618333,1141.824703,1.196826841,58.74985815,-2710089.051,3121493.319,157.6424118,1380.618333,0.1380618333,0.1380618333,1,0,Retain,-1.980053627,-1.980053627,0,0,0,0,6.908754779,-5.345363523,3,0.226,0.04,0,0.57,0.164
113,176,176,7.800493581,316.6121595,2.4945011,153.2008866,-2710332.955,3121124.208,188,188,3.796700416,249.1253897,1.369355543,26.2737353,-2710375.196,3121150.566,945.8544707,36586.38582,3.658638582,3.658638582,0.4690265487,49.79008328,Retain,2.054187011,1.334132378,-0.7200546335,-0.2397212103,-0.5997485271,-1.76314873,-0.1238044049,3.453107355,2,0.026,0.138,0.77,0.044,0.022
114,167,167,56.05310432,161.2428973,3.405457745,26.2737353,-2709930.696,3121649.02,190,190,53.29186765,163.6812614,3.370734154,58.74985815,-2709923.41,3121644.563,8722.880119,532918.6765,53.29186765,53.29186765,0.9507389163,8.541027261,Retain,4.026299533,3.975783743,-0.05051579014,0.01500910168,-0.01024879339,0.8046979174,2.941059655,0.7042135404,0,0.508,0.192,0.184,0.028,0.088
115,176,176,7.800493581,316.6121595,2.4945011,153.2008866,-2710332.955,3121124.208,195,195,0.6212782498,507.4776457,1.128379167,58.74985815,-2710194.146,3120928.434,315.2848236,6212.782498,0.6212782498,0.6212782498,0.0796460177,239.9905935,Retain,2.054187011,-0.4759762301,-2.530163241,0.4717751089,-0.7933065118,-0.9584508123,-2.435774882,5.025875333,2,0,0.008,0.992,0,0
116,182,182,8.007586331,203.428539,1.62389432,52.54747059,-2709492.456,3120761.505,197,197,0.6903091665,532.851528,1.248886881,26.27373529,-2709445.344,3120902.16,367.8322942,6903.091665,0.6903091665,0.6903091665,0.08620689655,148.335256,Retain,2.080389384,-0.3706157144,-2.451005098,0.9629280427,-0.2625745064,-0.6931281509,-2.350414507,4.531651948,2,0,0.006,0.994,0,0
117,176,176,7.800493581,316.6121595,2.4945011,153.2008866,-2710332.955,3121124.208,199,199,0.2070927499,1014.955291,1.302940032,58.74985815,-2710097.809,3120814.581,210.1898824,2070.927499,0.2070927499,0.2070927499,0.02654867256,388.796325,Retain,2.054187011,-1.574588519,-3.62877553,1.164922289,-0.6494654756,-0.9584508123,-3.56592022,5.50832963,2,0,0.006,0.994,0,0
118,182,182,8.007586331,203.428539,1.62389432,52.54747059,-2709492.456,3120761.505,207,207,6.281813415,209.1254035,1.478578464,26.27373529,-2709496.304,3120725.173,1313.686765,62818.13415,6.281813415,6.281813415,0.7844827586,36.53493265,Retain,2.080389384,1.837658699,-0.2427306846,0.02761930498,-0.09374603731,-0.6931281509,1.288628327,3.130466484,2,0.326,0.072,0.47,0.088,0.044
119,192,192,0.5522473332,570.9123515,1.196826841,315.2848236,-2709461.765,3120189.485,219,219,0.5522473332,570.9123515,1.196826841,315.2848236,-2709461.765,3120189.485,315.2848236,5522.473332,0.5522473332,0.5522473332,1,0,Retain,-0.5937592657,-0.5937592657,0,0,0,0,6.908754779,-6.038510703,3,0.144,0.016,0.002,0.632,0.206
120,193,193,1.587711083,529.5418912,1.882266567,316.3776685,-2708653.134,3120283.014,220,220,1.587711083,529.5418912,1.882266567,316.3776685,-2708653.134,3120283.014,840.7595295,15877.11083,1.587711083,1.587711083,1,0,Retain,0.4622934086,0.4622934086,0,0,0,0,6.908754779,-6.56653704,3,0.102,0.014,0,0.74,0.144
121,199,199,1.518680166,380.6082343,1.323141857,37.15667279,-2708839.854,3119785.526,230,230,1.518680166,380.6082343,1.323141857,37.15667279,-2708839.854,3119785.526,578.0221765,15186.80166,1.518680166,1.518680166,1,0,Retain,0.417841646,0.417841646,0,0,0,0,6.908754779,-6.544311159,3,0.102,0.014,0,0.74,0.144
122,204,204,1.725772916,548.0758574,2.031082501,37.15667279,-2709811.6,3119713.536,229,229,0.5522473331,761.2164687,1.595769122,74.31334559,-2709777.05,3119769.105,420.3797648,5522.473331,0.5522473331,0.5522473331,0.32,65.43399796,Retain,0.5456750175,-0.5937592658,-1.139434283,0.3285040671,-0.2412130746,0.6931337245,-0.7521211831,4.480584687,2,0.004,0.384,0.594,0.018,0
123,212,212,9.802390164,268.0339678,2.367286905,37.15667279,-2709580.413,3119606.976,241,241,8.904988247,259.6397257,2.185661413,0,-2709555.225,3119625.745,2312.088706,89049.88247,8.904988247,8.904988247,0.9084507042,31.41216672,Retain,2.28262625,2.186611597,-0.09601465325,-0.03181871827,-0.0798260449,-10.52292556,2.285099366,2.878278945,0,0.376,0.048,0.23,0.208,0.138
124,209,209,11.597194,163.1178147,1.56701417,37.15667279,-2709144.76,3119673.55,243,243,11.39010125,170.6970263,1.625117682,37.15667279,-2709141.922,3119675.734,1944.256412,113901.0125,11.39010125,11.39010125,0.9821428571,3.580782068,Retain,2.450763172,2.432744667,-0.01801850551,0.0454174797,0.03640822695,0,3.9538626630000002,0.6228438178,0,0.338,0.208,0.026,0.256,0.172
125,202,202,0.2070927499,1014.955291,1.302940032,52.5474706,-2710010.229,3119641.021,233,233,0.2070927499,1014.955291,1.302940032,153.2008866,-2710010.229,3119641.021,210.1898824,2070.927499,0.2070927499,0.2070927499,1,0,Retain,-1.574588519,-1.574588519,0,0,0,1.070020579,6.908754779,-5.548096077,3,0.238,0.036,0,0.556,0.17
126,212,212,9.802390164,268.0339678,2.367286905,37.15667279,-2709580.413,3119606.976,246,246,0.6212782498,676.636861,1.504505556,0,-2709837.991,3119410.396,420.3797648,6212.782498,0.6212782498,0.6212782498,0.06338028169,324.0212403,Retain,2.28262625,-0.47597623,-2.75860248,0.9260210165,-0.4532802236,-10.52292556,-2.678537048,5.211863974,2,0,0.034,0.966,0,0
127,215,215,0.966432833,489.3534441,1.357074079,332.3393847,-2708448.819,3119374.53,249,249,1.44964925,471.2292425,1.600511388,332.3393847,-2708418.792,3119355.763,472.9272353,9664.32833,0.966432833,0.966432833,1,35.40941758,Retain,-0.03414347784,0.3713216303,0.4054651082,-0.03774032801,0.1649922261,0,6.908754779,4.156442741,4,0.006,0,0,0.026,0.968
128,228,228,10.56173025,233.8377387,2.143765148,52.5474706,-2709171.874,3119045.139,266,266,9.388204664,218.2900167,1.886775449,37.15667279,-2709182.607,3119076.328,2049.351353,92501.42831,9.250142831,9.250142831,0.8758169935,32.98432624,Retain,2.357237114,2.239454078,-0.1177830357,-0.06880291993,-0.1276944378,-0.3465657079,1.946521578,2.889809189,2,0.342,0.046,0.404,0.126,0.082
129,228,228,10.56173025,233.8377387,2.143765148,52.5474706,-2709171.874,3119045.139,267,267,0.6903091665,532.851528,1.248886881,37.15667279,-2709069.63,3118818.653,367.8322942,6903.091665,0.6903091665,0.6903091665,0.06535947713,248.4955174,Retain,2.357237114,-0.3706157143,-2.727852828,0.8236153757,-0.5403110385,-0.3465657079,-2.64614476,4.909175217,2,0,0.014,0.986,0,0
130,233,233,0.8283709997,697.7817629,1.791542544,0,-2708289.3,3118570.366,271,271,0.7593400831,692.0149715,1.701095599,94.73129981,-2708285.717,3118575.74,525.4747059,7593.400831,0.7593400831,0.7593400831,0.9166666667,6.45895226,Retain,-0.1882941576,-0.2753055346,-0.08701137699,-0.008298802817,-0.05180449131,11.4588103,2.387057016,2.532133949,3,0.246,0.038,0.016,0.534,0.166
131,234,234,2.278020249,461.3433143,1.9642560040000001,52.5474706,-2709091.445,3118554.243,270,270,0.7593400831,692.0149715,1.701095599,52.5474706,-2709093.037,3118656.95,525.4747059,7593.400831,0.7593400831,0.7593400831,0.3333333333,102.7187628,Retain,0.8233067541,-0.2753055346,-1.098612289,0.4054651081,-0.1438410362,0,-0.6916505477,4.792716097,2,0.014,0.234,0.738,0.012,0.002
132,234,234,2.278020249,461.3433143,1.9642560040000001,52.5474706,-2709091.445,3118554.243,276,276,0.6212782498,592.0572534,1.316442362,52.5474706,-2709105.245,3118476.218,367.8322942,6212.782498,0.6212782498,0.6212782498,0.2727272727,79.23607245,Retain,0.8233067541,-0.4759762301,-1.299282984,0.2494608596,-0.4001806324,0,-0.9785433477,4.533155842,2,0,0.13,0.868,0.002,0
133,236,236,10.28560658,219.6799205,1.987469099,0,-2708594.445,3118638.916,279,279,13.94424516,275.0930802,2.897825562,74.31334558,-2708652.19,3118731.065,2469.731118,89049.88248,8.904988248,8.904988248,0.8657718121,108.7467817,Retain,2.330745499,2.63506689,0.3043213915,0.224937934,0.3770986297,11.21605929,1.857812117,4.096023466,4,0.118,0.018,0.03,0.06,0.774
135,235,235,0.2761236666,761.2164686,1.128379167,37.15667279,-2708709.68,3118419.292,278,278,0.2761236666,761.2164686,1.128379167,37.15667279,-2708709.68,3118419.292,210.1898824,2761.236666,0.2761236666,0.2761236666,1,0,Retain,-1.286906446,-1.286906446,0,0,0,0,6.908754779,-5.691937113,3,0.218,0.02,0,0.592,0.17
136,237,237,1.104494666,428.1842636,1.269426563,0,-2709451.913,3118376.597,282,282,1.173525583,447.7743933,1.368360733,0,-2709447.662,3118373.699,472.9272354,11044.94666,1.104494666,1.104494666,1,5.144060045,Retain,0.09938791487,0.1600125367,0.06062462181,0.04473589384,0.07504820475,0,6.908754779,2.160708025,3,0.118,0.008,0.002,0.474,0.398
137,240,240,0.2761236666,951.5205857,1.410473959,242.2318706,-2708065.973,3118287.923,284,284,0.2070927499,1014.955292,1.302940032,242.2318706,-2708057.215,3118283.544,210.1898824,2070.927499,0.2070927499,0.2070927499,0.7499999999,9.791643029,Retain,-1.286906446,-1.574588519,-0.2876820726,0.06453852121,-0.07930251511,0,1.095952712,3.497449558,3,0.254,0.184,0.024,0.52,0.018
138,241,241,0.3451545833,761.2164686,1.261566261,242.2318706,-2707766.452,3118164.437,285,285,0.3451545833,761.2164686,1.261566261,242.2318706,-2707766.452,3118164.437,262.737353,3451.545833,0.3451545833,0.3451545833,1,0,Retain,-1.063762895,-1.063762895,0,0,0,0,6.908754779,-5.803508889,3,0.204,0.018,0,0.604,0.174
139,242,242,7.179215332,182.984728,1.383083508,26.27373529,-2708677.343,3118238.913,286,286,6.005689749,262.4884374,1.814624174,26.27373529,-2708657.887,3118240.963,1576.424118,60056.89749,6.005689749,6.005689749,0.8365384615,19.5632875,Retain,1.971190092,1.792707311,-0.1784827805,0.3608043373,0.271562947,0,1.627790453,2.560475735,0,0.638,0.132,0.08,0.088,0.062
140,243,243,1.380618333,380.6082343,1.261566261,26.27373529,-2708609.839,3118054.087,288,288,1.380618333,380.6082343,1.261566261,26.27373529,-2708609.839,3118054.087,525.474706,13806.18333,1.380618333,1.380618333,1,0,Retain,0.3225314663,0.3225314663,0,0,0,0,6.908754779,-6.496656069,3,0.108,0.016,0,0.72,0.156
141,248,248,1.518680166,553.6119772,1.924569974,131.3686765,-2708322.739,3117929.645,292,292,1.656742,507.4776457,1.842635464,52.5474706,-2708313.384,3117932.133,840.7595295,15186.80166,1.518680166,1.518680166,1,9.680246459,Retain,0.417841646,0.504853023,0.08701137699,-0.08701137699,-0.0435056885,-0.9162793137,6.908754779,2.633634779,4,0.138,0,0.002,0.248,0.612
142,250,250,8.835957331,202.1981245,1.695504692,83.08484618,-2709089.828,3117982.902,294,294,8.835957331,202.1981245,1.695504692,83.08484618,-2709089.828,3117982.902,1786.614,88359.57331,8.835957331,8.835957331,1,0,Retain,2.178829457,2.178829457,0,0,0,0,6.908754779,-7.424805064,3,0.29,0.072,0.022,0.39,0.226
143,251,251,0.7593400831,553.6119772,1.360876479,153.2008866,-2707960.878,3117832.91,295,295,0.6903091665,532.851528,1.248886881,166.1696924,-2707955.623,3117836.015,367.8322942,6903.091665,0.6903091665,0.6903091665,0.9090909091,6.103595242,Retain,-0.2753055346,-0.3706157144,-0.09531017983,-0.03822121282,-0.08587630274,0.08125895537,2.292744548,2.519059516,3,0.228,0.036,0.012,0.574,0.15
144,254,254,0.5522473332,666.06441,1.396297981,108.3293858,-2709267.996,3117690.196,299,299,0.5522473332,666.06441,1.396297981,108.3293858,-2709267.996,3117690.196,367.8322942,5522.473332,0.5522473332,0.5522473332,1,0,Retain,-0.5937592657,-0.5937592657,0,0,0,0,6.908754779,-6.038510703,3,0.144,0.016,0.002,0.632,0.206
145,266,266,0.6212782498,676.636861,1.504505556,216.6587716,-2708083.489,3117530.364,304,304,0.6212782498,676.636861,1.504505556,224.4828928,-2708083.489,3117530.364,420.3797647,6212.782498,0.6212782498,0.6212782498,1,0,Retain,-0.47597623,-0.47597623,0,0,0,0.03547570713,6.908754779,-6.097402221,3,0.146,0.016,0,0.636,0.202
146,269,269,2.347051166,335.830795,1.45136573,293.7492907,-2708897.46,3117383.798,309,309,1.932865666,353.4219319,1.386083521,334.4100551,-2708877.644,3117379.603,683.1171177,19328.65666,1.932865666,1.932865666,0.8235294118,20.25486415,Retain,0.8531597172,0.6590037028,-0.1941560144,0.05105517079,-0.04602283642,0.1296408851,1.536007919,3.154229424,3,0.37,0.142,0.046,0.416,0.026
147,271,271,0.4141854999,634.3470572,1.151647165,52.5474706,-2708065.973,3117053.058,312,312,0.3451545832,761.2164687,1.261566261,52.5474706,-2708060.718,3117055.685,262.737353,3451.545832,0.3451545832,0.3451545832,0.8333333333,5.874985816,Retain,-0.8814413382,-1.063762895,-0.1823215569,0.1823215569,0.09116077842,0,1.604655121,2.783959456,0,0.542,0.086,0.016,0.306,0.05
148,274,274,1.2425565,465.187842,1.462788361,0,-2709467.239,3117032.622,315,315,1.587711083,529.5418912,1.882266567,26.2737353,-2709480.185,3117004.508,578.0221765,12425.565,1.2425565,1.2425565,1,30.9518599,Retain,0.2171709504,0.4622934085,0.2451224581,0.1295709914,0.2521322204,10.17636312,6.908754779,3.896244867,4,0.05,0.014,0.002,0.196,0.738
149,276,276,0.7593400832,484.41048,1.19076692,52.5474706,-2708837.465,3116910.941,316,316,0.7593400832,484.41048,1.19076692,83.08484618,-2708837.465,3116910.941,367.8322942,7593.400832,0.7593400832,0.7593400832,1,0,Retain,-0.2753055345,-0.2753055345,0,0,0,0.4581383715,6.908754779,-6.197737569,3,0.152,0.02,0,0.648,0.18
151,278,278,0.5522473333,666.0644099,1.396297981,52.5474706,-2708082.394,3116918.405,318,318,0.5522473333,666.0644099,1.396297981,52.5474706,-2708082.394,3116918.405,367.8322942,5522.473333,0.5522473333,0.5522473333,1,0,Retain,-0.5937592655,-0.5937592655,0,0,0,0,6.908754779,-6.038510703,3,0.144,0.016,0.002,0.632,0.206
152,280,280,0.3451545833,761.2164686,1.261566261,0,-2709532.047,3116708.872,321,321,0.3451545833,761.2164686,1.261566261,0,-2709532.047,3116708.872,262.737353,3451.545833,0.3451545833,0.3451545833,1,0,Retain,-1.063762895,-1.063762895,0,0,0,0,6.908754779,-5.803508889,3,0.204,0.018,0,0.604,0.174
153,283,283,1.725772916,456.7298812,1.692568751,83.08484618,-2708824.759,3116705.719,325,325,1.44964925,471.2292425,1.600511388,83.08484618,-2708811.647,3116702.116,683.1171177,14496.4925,1.44964925,1.44964925,0.84,13.59793837,Retain,0.5456750175,0.3713216303,-0.1743533871,0.03125254349,-0.05592415007,0,1.653187295,2.909519163,3,0.328,0.082,0.054,0.494,0.042
154,295,295,0.5522473332,570.9123514,1.196826841,105.0949412,-2707773.678,3116327.246,332,332,0.5522473332,570.9123514,1.196826841,105.0949412,-2707773.678,3116327.246,315.2848236,5522.473332,0.5522473332,0.5522473332,1,0,Retain,-0.5937592656,-0.5937592656,0,0,0,0,6.908754779,-6.038510703,3,0.144,0.016,0.002,0.632,0.206
155,296,296,0.5522473332,570.9123514,1.196826841,236.4636177,-2707448.54,3116317.393,333,333,0.5522473332,570.9123514,1.196826841,236.4636177,-2707448.54,3116317.393,315.2848236,5522.473332,0.5522473332,0.5522473332,1,0,Retain,-0.5937592656,-0.5937592656,0,0,0,0,6.908754779,-6.038510703,3,0.144,0.016,0.002,0.632,0.206
156,300,300,2.070927499,355.234352,1.442090354,105.0949412,-2707871.547,3116121.216,338,338,2.070927499,355.234352,1.442090354,105.0949412,-2707871.547,3116121.216,735.6645883,20709.27499,2.070927499,2.070927499,1,0,Retain,0.7279965743,0.7279965743,0,0,0,0,6.908754779,-6.699388623,3,0.104,0.02,0.002,0.744,0.13
158,305,305,3.934762249,280.4481726,1.569303454,26.27373529,-2709222.939,3115883.876,340,340,4.417978665,321.1381977,1.904139844,26.2737353,-2709185.481,3115958.592,893.3070001,28302.67583,2.830267583,2.830267583,0.7192982456,83.5800963,Retain,1.36985046,1.485682276,0.1158318155,0.1354826127,0.1933985205,2.1267343e-10,0.9388164535,4.313257086,4,0.084,0.03,0.008,0.256,0.622
159,305,305,3.934762249,280.4481726,1.569303454,26.27373529,-2709222.939,3115883.876,342,342,0.6212782498,507.4776457,1.128379167,26.2737353,-2709169.47,3115778.781,315.2848236,6212.782498,0.6212782498,0.6212782498,0.1578947368,117.914879,Retain,1.36985046,-0.4759762301,-1.845826691,0.593063722,-0.3298496233,2.1267343e-10,-1.668849867,4.657411193,2,0.002,0.1,0.898,0,0
160,304,304,0.6212782498,592.0572533,1.316442362,210.1898824,-2707817.832,3115807.974,341,341,0.6212782498,592.0572533,1.316442362,210.1898824,-2707817.832,3115807.974,367.8322942,6212.782498,0.6212782498,0.6212782498,1,0,Retain,-0.47597623,-0.47597623,0,0,0,0,6.908754779,-6.097402221,3,0.146,0.016,0,0.638,0.2
161,315,315,0.6212782498,592.0572533,1.316442362,83.08484618,-2708317.033,3115571.511,347,347,0.6212782498,592.0572533,1.316442362,83.08484618,-2708317.033,3115571.511,367.8322942,6212.782498,0.6212782498,0.6212782498,1,0,Retain,-0.47597623,-0.47597623,0,0,0,0,6.908754779,-6.097402221,3,0.146,0.016,0,0.638,0.2
162,326,326,23.47051166,183.5875013,2.508993045,58.74985815,-2709285.074,3115511.639,359,359,24.29888266,235.7175997,3.277783237,37.15667279,-2709311.96,3115442.448,4519.082471,206402.4408,20.64024408,20.64024408,0.8794117647,74.2315536,Retain,3.15574481,3.190430368,0.03468555799,0.249943077,0.267285856,-0.4581354743,1.979749497,3.30169532,0,0.44,0.048,0.102,0.142,0.268
163,321,321,0.7593400831,622.8134743,1.530986039,83.08484618,-2708211.673,3115403.784,353,353,0.8283709998,634.3470572,1.62867504,83.08484618,-2708217.047,3115410.949,472.9272354,6903.091665,0.6903091665,0.6903091665,0.9090909091,8.956955215,Retain,-0.2753055346,-0.1882941576,0.08701137699,0.01834913868,0.06185482717,0,2.292744548,2.902559699,4,0.076,0,0.002,0.438,0.484
164,334,334,0.8974019165,526.9960167,1.408302327,176.2495744,-2707299.993,3115073.433,361,361,0.6903091665,532.851528,1.248886881,176.2495744,-2707304.035,3115056.254,367.8322942,6903.091665,0.6903091665,0.6903091665,0.7692307692,17.64811772,Retain,-0.1082514499,-0.3706157144,-0.2623642645,0.01104983621,-0.120132296,0,1.200947988,3.497176462,1,0.142,0.394,0.08,0.368,0.016
166,340,340,1.03546375,659.7209394,1.893750613,176.2495744,-2707619.32,3114932.767,363,363,1.03546375,659.7209394,1.893750613,176.2495744,-2707619.32,3114932.767,683.1171177,10354.6375,1.03546375,1.03546375,1,0,Retain,0.03484939378,0.03484939378,0,0,0,0,6.908754779,-6.352815033,3,0.118,0.012,0.002,0.718,0.15
167,343,343,0.2761236666,951.5205858,1.410473959,189.4625996,-2707323.74,3114760.674,367,367,0.2761236666,951.5205858,1.410473959,189.4625996,-2707323.74,3114760.674,262.737353,2761.236666,0.2761236666,0.2761236666,1,0,Retain,-1.286906446,-1.286906446,0,0,0,0,6.908754779,-5.691937113,3,0.218,0.02,0,0.592,0.17
168,364,364,13.18490508,271.0090045,2.775986136,0,-2710497.05,3114872.131,371,371,0.6212782498,592.0572533,1.316442362,26.2737353,-2710497.753,3114666.527,157.6424118,1380.618333,0.1380618333,0.1380618333,0.01047120419,205.6057904,Retain,2.579072621,-0.47597623,-3.055048851,0.7814512946,-0.7460731308,10.17636312,-4.458399026,4.608794193,2,0,0.016,0.984,0,0
169,353,353,0.8974019164,644.1062426,1.7212584,26.2737353,-2710440.715,3114602.527,374,374,0.2761236666,761.2164686,1.128379167,26.2737353,-2710443.746,3114583.326,210.1898824,2761.236666,0.2761236666,0.2761236666,0.3076923077,19.43789958,Retain,-0.1082514499,-1.286906446,-1.178654996,0.1670540847,-0.42227341350000003,-2.1267332e-10,-0.8091288882,3.59376686,1,0.014,0.552,0.426,0.008,0
170,364,364,13.18490508,271.0090045,2.775986136,0,-2710497.05,3114872.131,375,375,0.3451545832,761.2164686,1.261566261,26.27373529,-2710656.563,3114575.444,210.1898824,2761.236666,0.2761236666,0.2761236666,0.02094240838,336.8494678,Retain,2.579072621,-1.063762895,-3.642835516,1.032765723,-0.7886520349,10.17636312,-3.799190117,5.102467749,2,0,0.012,0.988,0,0
171,364,364,13.18490508,271.0090045,2.775986136,0,-2710497.05,3114872.131,379,379,0.6212782499,676.636861,1.504505556,26.27373529,-2710748.813,3114479.691,420.3797648,5522.473332,0.5522473332,0.5522473332,0.04188481675,466.2551889,Retain,2.579072621,-0.47597623,-3.055048851,0.9149826872,-0.6125417381,10.17636312,-3.107493334,5.427563877,2,0,0.02,0.98,0,0
172,360,360,1.311587416,560.8963453,1.812075543,0,-2709718.453,3114557.744,376,376,0.6212782499,592.0572533,1.316442362,0,-2709779.604,3114593.544,262.737353,3451.545832,0.3451545832,0.3451545832,0.2631578947,70.86018931,Retain,0.2712381718,-0.47597623,-0.7472144017,0.05406722119,-0.3195399797,0,-1.027182842,4.69746874,1,0.01,0.54,0.404,0.046,0
173,360,360,1.311587416,560.8963453,1.812075543,0,-2709718.453,3114557.744,378,378,1.380618333,494.7907046,1.640036139,0,-2709646.338,3114538.661,472.9272354,6903.091665,0.6903091665,0.6903091665,0.5263157895,74.59665909,Retain,0.2712381718,0.3225314662,0.05129329442,-0.1254012666,-0.09975461934,0,0.1051498272,4.748854984,3,0.038,0.032,0.042,0.674,0.214
174,361,361,0.3451545833,761.2164686,1.261566261,83.08484618,-2709043.356,3114501.878,381,381,1.44964925,471.2292424,1.600511388,78.82120589,-2709143.196,3114450.081,105.0949412,690.3091666,0.06903091666,0.06903091666,0.2,112.4765401,Retain,-1.063762895,0.3713216304,1.435084525,-0.4795730803,0.2379691824,-0.05267960678,-1.382556039,5.826999948,4,0,0.006,0.14,0.024,0.83
175,367,367,1.44964925,398.7324359,1.354278867,367.8322942,-2707740.679,3114485.113,380,380,1.44964925,398.7324359,1.354278867,357.3614358,-2707740.679,3114485.113,578.0221765,14496.4925,1.44964925,1.44964925,1,0,Retain,0.3713216304,0.3713216304,0,0,0,-0.02887933741,6.908754779,-6.521051151,3,0.112,0.016,0,0.73,0.142
176,376,376,0.7593400831,622.8134743,1.530986039,52.5474706,-2709611.346,3114219.077,386,386,0.3451545832,761.2164686,1.261566261,157.6424118,-2709600.359,3114249.65,262.737353,3451.545832,0.3451545832,0.3451545832,0.4545454545,32.48740325,Retain,-0.2753055346,-1.063762895,-0.7884573604,0.2006706955,-0.1935579847,1.098599602,-0.1819556281,4.190900913,1,0.012,0.67,0.298,0.02,0
177,404,404,760.6516705,108.8735053,8.470522205,0,-2710675.399,3115943.196,388,388,1.173525583,537.3292719,1.642032879,0,-2710637.708,3114208.539,735.6645883,11044.94666,1.104494666,1.104494666,0.00145203739,1735.065612,Retain,6.634175527,0.1600125367,-6.47416299,1.59642437,-1.640657125,0,-6.010383873,4.714078264,2,0,0,1,0,0
178,381,381,7.731462665,251.4732977,1.972503472,37.15667279,-2709029.187,3114161.539,392,392,5.798596999,244.676722,1.662069518,78.82120589,-2709054.992,3114107.584,1366.234235,55915.04249,5.591504249,5.591504249,0.7232142857,59.80816472,Retain,2.045298064,1.757615991,-0.2876820724,-0.02739897419,-0.1712400104,0.7520244726,0.9582373188,3.640874816,2,0.192,0.096,0.604,0.072,0.036
180,379,379,8.421771831,318.2134418,2.605045568,52.54747059,-2708499.49,3114281.179,390,390,13.46102875,218.6057551,2.262537494,108.3293858,-2708447.279,3114394.358,2574.826059,74553.38998,7.455338998,7.455338998,0.8852459016,124.64138,Retain,2.130820237,2.599798751,0.4689785138,-0.3754524558,-0.1409631989,0.7234496924,2.035526354,4.332403501,4,0.03,0.002,0.034,0.018,0.916
181,382,382,2.139958416,417.44128920000003,1.722634489,52.5474706,-2709493.23,3114013.356,393,393,1.932865666,434.9808392,1.705948949,83.08484618,-2709485.693,3114007.181,840.7595295,19328.65666,1.932865666,1.932865666,0.9032258065,9.743558613,Retain,0.7607863971,0.6590037028,-0.1017826943,0.04115807249,-0.009733274661,0.4581383715,2.224418443,2.468680783,3,0.32,0.022,0.006,0.558,0.094
182,383,383,1.44964925,398.7324359,1.354278867,0,-2709191.99,3113823.265,394,394,2.485112999,380.6082343,1.692568751,78.82120589,-2709217.638,3113769.571,578.0221766,14496.4925,1.44964925,1.44964925,1,59.50555252,Retain,0.3713216304,0.9103181311,0.5389965007,-0.04652001564,0.2229782347,11.27495004,6.908754779,4.472790561,4,0.016,0.004,0.01,0.014,0.956
184,386,386,1.2425565,422.8980381,1.329807601,420.3797648,-2708525.763,3113525.079,395,395,0.6212782498,592.0572534,1.316442362,423.651252,-2708559.335,3113527.998,367.8322942,6212.782498,0.6212782498,0.6212782498,0.5,33.69868233,Retain,0.2171709505,-0.47597623,-0.6931471806,0.3364722366,-0.01010135365,0.0077520749,0,3.981267878,1,0.084,0.72,0.156,0.038,0.002
185,401,401,7.317277165,315.9766473,2.411153211,0,-2709849.117,3112747.139,398,398,0.3451545833,761.2164685,1.261566261,83.08484618,-2709789.53,3112999.02,210.1898824,2070.9275,0.20709275,0.20709275,0.0283018868,258.8330616,Retain,1.990238287,-1.063762895,-3.054001182,0.8792494601,-0.6477511307,11.32762964,-3.50242186,5.133432967,2,0,0.034,0.966,0,0
186,289,289,4.417978665,356.8202197,2.115710938,0,-2709784.029,3116624.057,327,327,1.44964925,579.9744523,1.96986017,37.15667279,-2709853.838,3116559.487,840.7595295,14496.4925,1.44964925,1.44964925,0.328125,95.09263897,Retain,1.485682276,0.3713216304,-1.114360646,0.4857519862,-0.07142833659,10.52292556,-0.715121959,4.384385884,2,0.01,0.174,0.81,0.004,0.002
187,404,404,760.6516705,108.8735053,8.470522205,0,-2710675.399,3115943.196,330,330,0.1380618334,1141.824703,1.196826841,52.54747059,-2711166.274,3116317.393,157.6424118,1380.618334,0.1380618334,0.1380618334,1.815046738e-4,617.2371063,Retain,6.634175527,-1.980053626,-8.614229153,2.350196172,-1.956918405,10.86949127,-6.741784666,3.680532039,2,0,0,1,0,0
188,398,398,3.520576749,268.664636,1.422042187,52.54747059,-2709569.758,3112873.215,399,399,5.039256915,250.2629486,1.584801506,78.82120589,-2709571.854,3112857.718,945.8544707,35205.76749,3.520576749,3.520576749,1,15.63857471,Retain,1.258624825,1.617258634,0.3586338084,-0.07095173598,0.1083651682,0.4054587648,6.908754779,2.692857073,4,0.066,0.002,0.002,0.038,0.892
190,404,404,760.6516705,108.8735053,8.470522205,0,-2710675.399,3115943.196,334,334,0.1380618333,1141.824703,1.196826841,26.2737353,-2710154.735,3116120.34,105.0949412,690.3091664,0.06903091664,0.06903091664,9.075233686e-5,549.9739402,Retain,6.634175527,-1.980053627,-8.614229154,2.350196172,-1.956918405,10.17636312,-6.821796438,3.565149893,2,0,0,1,0,0
191,404,404,760.6516705,108.8735053,8.470522205,0,-2710675.399,3115943.196,339,339,0.2761236666,951.5205858,1.410473959,52.5474706,-2711159.705,3115942.992,262.737353,2761.236666,0.2761236666,0.2761236666,3.630093475e-4,484.3062446,Retain,6.634175527,-1.286906446,-7.921081973,2.167874615,-1.792666371,10.86949127,-6.598697056,3.437996688,2,0,0,1,0,0
192,292,292,0.20709275,1014.955291,1.302940032,58.74985814,-2710929.81,3116409.351,331,331,1.104494666,666.06441,1.974663542,78.82120589,-2710900.252,3116399.498,105.0949412,690.3091666,0.06903091666,0.06903091666,0.3333333333,31.15681732,Retain,-1.574588518,0.09938791486,1.673976433,-0.4212134649,0.4157747518,0.2938889982,-0.6916505478,4.798724373,4,0.002,0.002,0.076,0.066,0.854
193,404,404,760.6516705,108.8735053,8.470522205,0,-2710675.399,3115943.196,345,345,0.20709275,1014.955291,1.302940032,26.2737353,-2711429.011,3115621.139,105.0949412,690.3091666,0.06903091666,0.06903091666,9.075233688e-5,819.5434319,Retain,6.634175527,-1.574588519,-8.208764046,2.232413136,-1.871968886,10.17636312,-6.821796438,3.964025794,2,0,0,1,0,0
194,317,317,2.139958416,368.3305493,1.519971608,52.54747059,-2710567.911,3115572.829,348,348,2.139958416,368.3305493,1.519971608,52.54747059,-2710567.911,3115572.829,788.2120589,21399.58416,2.139958416,2.139958416,1,0,Retain,0.7607863972,0.7607863972,0,0,0,0,6.908754779,-6.715783535,3,0.102,0.02,0.002,0.75,0.126
195,404,404,760.6516705,108.8735053,8.470522205,0,-2710675.399,3115943.196,350,350,1.932865666,353.4219319,1.386083521,58.74985815,-2709799.101,3115524.489,683.1171177,19328.65666,1.932865666,1.932865666,0.002541065432,971.1915833,Retain,6.634175527,0.6590037028,-5.975171824,1.177475911,-1.810110001,10.98106104,-5.641785373,4.133801963,2,0,0,1,0,0
200,319,319,1.2425565,507.4776457,1.595769122,26.2737353,-2710858.287,3115475.174,349,349,7.593400831,276.8059886,2.151734645,26.2737353,-2710909.03,3115623.289,420.3797648,7593.400831,0.7593400831,0.7593400831,0.6111111111,156.5657884,Retain,0.2171709505,2.027279558,1.810108608,-0.6061358036,0.2989185004,0,0.4510520218,5.51726215,4,0,0,0.12,0.012,0.868
201,323,323,0.966432833,598.0986539,1.658646097,0,-2710753.401,3115334.005,352,352,0.2070927499,1014.955292,1.302940032,26.2737353,-2710772.168,3115384.675,157.6424118,1380.618333,0.1380618333,0.1380618333,0.1428571428,54.03448913,Retain,-0.03414347784,-1.574588519,-1.540445041,0.5288441294,-0.2413783912,10.17636312,-1.785949842,4.579077719,1,0,0.866,0.132,0.002,0
202,364,364,13.18490508,271.0090045,2.775986136,0,-2710497.05,3114872.131,355,355,0.4141854999,634.3470572,1.151647165,26.2737353,-2710325.514,3115213.896,262.737353,4141.854999,0.4141854999,0.4141854999,0.03141361257,382.3974291,Retain,2.579072621,-0.8814413381,-3.460513959,0.8504441661,-0.8798128133,10.17636312,-3.3982911,5.229291706,2,0,0.004,0.996,0,0
203,331,331,7.524369915,384.100053,2.972175871,26.27373529,-2710090.497,3115245.593,357,357,8.214679081,281.4581901,2.27564367,26.2737353,-2710084.635,3115242.93,2890.110883,71101.84415,7.110184415,7.110184415,0.9449541284,6.438800021,Retain,2.018147075,2.105922686,0.08777561089,-0.3109191622,-0.2670313568,1.4178214e-10,2.826023588,1.425788892,4,0.058,0.008,0.134,0.156,0.644
205,335,335,8.283709998,222.02147,1.802612943,0,-2710591.755,3115212.363,366,366,15.18680166,217.984716,2.3963722,26.2737353,-2710553.021,3115104.621,1628.971588,75934.00831,7.593400831,7.593400831,0.9166666667,114.4932195,Retain,2.114290935,2.720426739,0.6061358036,-0.01834913868,0.2847187631,10.17636312,2.387057016,4.255743812,4,0.018,0.002,0.006,0.004,0.97
208,338,338,0.2761236666,951.5205856,1.410473959,26.2737353,-2710003.661,3114990.569,362,362,0.20709275,1014.955291,1.302940032,37.1566728,-2710001.472,3114999.327,210.1898824,2070.9275,0.20709275,0.20709275,0.75,9.027448817,Retain,-1.286906446,-1.574588519,-0.2876820724,0.06453852116,-0.07930251506,0.3465624428,1.095952713,3.416198738,3,0.248,0.206,0.022,0.502,0.022
209,354,354,10.83785391,232.7286019,2.161307074,26.2737353,-2709957.18,3114814.686,373,373,10.768823,190.3041172,1.76168141,0,-2709908.335,3114805.137,1786.614,83527.40914,8.352740914,8.352740914,0.7707006369,49.76996353,Retain,2.383044998,2.3766552,-0.006389798108,-0.2012495667,-0.2044444657,-10.17636312,1.2092166580000001,3.288274196,2,0.134,0.018,0.412,0.294,0.142
210,404,404,760.6516705,108.8735053,8.470522205,0,-2710675.399,3115943.196,405,405,728.9664798,112.8128573,8.592260717,0,-2710640.112,3115749.475,80818.00977,6542059.971,654.2059971,654.2059971,0.8600598965,196.9083419,Retain,6.634175527,6.59162775,-0.04254777723,0.03554360978,0.01426972117,0,1.809829066,2.538020609,1,0.294,0.4,0.216,0.04,0.05
213,344,344,1.518680166,553.6119772,1.924569974,0,-2710816.355,3114786.351,370,370,0.7593400831,622.8134743,1.530986039,52.5474706,-2710822.327,3114715.889,367.8322942,4832.164165,0.4832164165,0.4832164165,0.3181818182,70.71394969,Retain,0.417841646,-0.2753055346,-0.6931471805,0.1177830356,-0.2287905546,10.86949127,-0.7604677156,4.622101123,1,0.018,0.498,0.358,0.124,0.002
220,120,120,1.311587416,480.768296,1.553207608,0,-2710436.141,3122959.808,134,134,1.311587416,480.768296,1.553207608,0,-2710436.141,3122959.808,630.5696472,13115.87416,1.311587416,1.311587416,1,0,Retain,0.2712381718,0.2712381718,0,0,0,0,6.908754779,-6.471009422,3,0.108,0.016,0,0.722,0.154
222,145,145,3.313483999,396.4669107,2.0358438,0,-2712325.055,3121831.046,169,169,0.9664328331,543.726049,1.507860088,0,-2712446.18,3121825.494,525.474706,9664.328331,0.9664328331,0.9664328331,0.2916666667,121.2522191,Retain,1.198000204,-0.03414347773,-1.232143681,0.3158529495,-0.3002188912,0,-0.8852912568,4.77124592,2,0.002,0.068,0.928,0.002,0
223,145,145,3.313483999,396.4669107,2.0358438,0,-2712325.055,3121831.046,170,170,2.623174833,380.6082343,1.738949085,0,-2712251.103,3121861.151,840.7595295,18638.3475,1.86383475,1.86383475,0.5625,79.84549085,Retain,1.198000204,0.9643853524,-0.2336148512,-0.04082199454,-0.1576294201,0,0.2508075217,4.353470768,1,0.074,0.416,0.344,0.144,0.022
227,152,152,0.6903091665,532.851528,1.248886881,153.2008866,-2712611.329,3121598.414,173,173,0.6903091665,532.851528,1.248886881,153.2008866,-2712611.329,3121598.414,367.8322942,6903.091665,0.6903091665,0.6903091665,1,0,Retain,-0.3706157144,-0.3706157144,0,0,0,0,6.908754779,-6.150082479,3,0.148,0.016,0,0.648,0.188
229,156,156,12.97781233,202.4511885,2.05738772,26.2737353,-2710813.814,3121727.127,176,176,12.21847225,189.2289526,1.865911782,78.82120589,-2710819.965,3121731.193,2312.088706,118042.8675,11.80428675,11.80428675,0.9095744681,7.372923631,Retain,2.563241155,2.502948925,-0.06029223025,-0.06754114125,-0.09768725638,1.098586915,2.298550902,1.288694308,0,0.628,0.048,0.13,0.074,0.12
230,159,159,8.628864581,243.58927,2.018506018,26.2737353,-2711811.347,3121438.775,178,178,15.18680166,197.2242669,2.168146276,58.74985814,-2711865.155,3121525.444,2154.446294,84908.02748,8.490802748,8.490802748,0.984,102.0148805,Retain,2.15511293,2.720426739,0.5653138091,-0.2111419953,0.0715149092,0.8046979172,4.059428297,4.11993697,4,0.02,0,0.004,0.012,0.964
231,176,176,7.800493581,316.6121595,2.4945011,153.2008866,-2710332.955,3121124.208,180,180,1.173525583,537.329272,1.642032879,26.2737353,-2710413.609,3121324.085,630.5696471,10354.6375,1.03546375,1.03546375,0.1327433628,215.5365594,Retain,2.054187011,0.1600125366,-1.894174475,0.52893352280000006,-0.4181537146,-1.76314873,-1.870564575,4.918406621,2,0,0,1,0,0
232,174,174,22.36601699,187.9546836,2.50750926,52.54747059,-2712139.943,3121078.859,198,198,22.15892424,184.9684877,2.45621936,52.54747059,-2712137.174,3121077.154,4098.702706,221589.2424,22.15892424,22.15892424,0.9907407407,3.251100414,Retain,3.107542708,3.098240316,-0.00930239266,-0.01601541532,-0.02066661165,0,4.571281083,0.1978946576,0,0.512,0.132,0.068,0.136,0.152
233,178,178,1.2425565,465.1878419,1.462788361,58.74985815,-2711996.816,3120788.307,201,201,0.966432833,543.726049,1.507860088,78.82120589,-2711984.513,3120783.928,525.4747059,9664.32833,0.966432833,0.966432833,0.7777777778,13.0588541,Retain,0.2171709505,-0.03414347781,-0.2513144283,0.1560042485,0.03034703434,0.2938889981,1.249557952,3.03332242,0,0.528,0.146,0.012,0.288,0.026
234,179,179,2.554143916,308.6012711,1.391282943,52.54747059,-2711727.254,3120837.541,202,202,2.692205749,292.7755648,1.355139546,52.54747059,-2711724.085,3120836.139,788.2120589,25541.43916,2.554143916,2.554143916,1,3.4644936140000002,Retain,0.9377171053,0.9903608388,0.0526437335,-0.0526437335,-0.02632186675,0,6.908754779,1.34636147,3,0.208,0.01,0.002,0.452,0.328
235,180,180,0.3451545833,761.2164685,1.261566261,183.9161471,-2712527.253,3120655.187,206,206,0.3451545833,761.2164685,1.261566261,183.9161471,-2712527.253,3120655.187,262.737353,3451.545833,0.3451545833,0.3451545833,1,0,Retain,-1.063762895,-1.063762895,0,0,0,0,6.908754779,-5.803508889,3,0.204,0.018,0,0.604,0.174
236,184,184,0.20709275,1014.955291,1.302940032,0,-2712234.739,3120525.57,210,210,0.20709275,1014.955291,1.302940032,0,-2712234.739,3120525.57,210.1898824,2070.9275,0.20709275,0.20709275,1,0,Retain,-1.574588519,-1.574588519,0,0,0,0,6.908754779,-5.548096077,3,0.236,0.028,0,0.57,0.166
237,187,187,0.20709275,1014.955291,1.302940032,0,-2712287.287,3120473.022,213,213,0.20709275,1014.955291,1.302940032,0,-2712287.287,3120473.022,210.1898824,2070.9275,0.20709275,0.20709275,1,0,Retain,-1.574588519,-1.574588519,0,0,0,0,6.908754779,-5.548096077,3,0.236,0.028,0,0.57,0.166
238,186,186,1.173525583,537.3292719,1.642032879,83.08484618,-2711189.457,3120557.51,211,211,1.656742,475.7602929,1.727470747,37.1566728,-2711169.558,3120543.085,630.5696472,11735.25583,1.173525583,1.173525583,1,24.5769133,Retain,0.1600125367,0.504853023,0.3448404862,-0.1216969349,0.05072330817,-0.8047040791,6.908754779,3.694206881,4,0.002,0,0,0.02,0.978
239,188,188,1.587711083,397.1564184,1.411699925,52.5474706,-2711466.708,3120452.079,215,215,1.380618333,418.6690577,1.387722887,83.08484618,-2711467.108,3120462.075,578.0221765,13806.18333,1.380618333,1.380618333,0.8695652174,10.00343593,Retain,0.4622934085,0.3225314662,-0.1397619424,0.05275056538,-0.0171304058,0.4581383715,1.890631897,2.644246827,3,0.35,0.044,0.018,0.52,0.068
240,244,244,267.6328638,149.8086576,6.91355944,0,-2713171.738,3119607.394,228,228,14.35843066,259.8383138,2.777485145,26.2737353,-2711582.485,3120058.116,3678.322942,141513.3791,14.15133791,14.15133791,0.052875935,1651.931164,Retain,5.58961613,2.664337272,-2.925278858,0.5507007037,-0.9119387253,10.17636312,-2.867801461,5.187257768,2,0,0.006,0.994,0,0
241,244,244,267.6328638,149.8086576,6.91355944,0,-2713171.738,3119607.394,232,232,0.5522473332,856.3685271,1.795240262,37.15667279,-2712791.961,3119736.263,472.9272354,5522.473332,0.5522473332,0.5522473332,0.002063451122,401.0461023,Retain,5.58961613,-0.5937592657,-6.183375396,1.743341942,-1.348345756,10.52292556,-5.787149164,3.77163576,2,0,0,1,0,0
242,198,198,0.8974019164,702.6613557,1.877736436,26.2737353,-2712106.065,3119792.6,224,224,0.6212782498,592.0572533,1.316442362,52.54747059,-2712103.37,3119827.856,315.2848236,3451.545832,0.3451545832,0.3451545832,0.3846153846,35.35904271,Retain,-0.10825145,-0.47597623,-0.3677247801,-0.1712717207,-0.3551341107,0.6931281507,-0.4690306844,4.192073113,1,0.014,0.768,0.132,0.078,0.008
243,160,160,1.587711083,562.6382594,1.999908227,58.74985814,-2713135.662,3121341.959,181,181,2.692205749,448.9225327,2.077880637,74.31334559,-2713084.93,3121310.413,788.2120589,13115.87416,1.311587416,1.311587416,0.8260869565,59.73971535,Retain,0.4622934086,0.9903608388,0.5280674302,-0.2257865584,0.03824715676,0.2349982501,1.55362088,4.431232026,4,0.008,0.002,0.004,0.03,0.956
245,220,220,7.731462665,258.2698733,2.025814377,37.15667279,-2710710.002,3119214.776,247,247,0.8283709998,507.4776457,1.302940032,52.5474706,-2710664.883,3119376.094,420.3797648,8283.709998,0.8283709998,0.8283709998,0.1071428571,167.5084596,Retain,2.045298064,-0.1882941576,-2.233592221,0.6754476034,-0.4413485073,0.3465657078,-2.112092863,4.670755736,2,0,0.048,0.952,0,0
246,220,220,7.731462665,258.2698733,2.025814377,37.15667279,-2710710.002,3119214.776,257,257,3.865731332,285.4561757,1.583253092,0,-2710678.802,3119156.833,1103.496882,38657.31332,3.865731332,3.865731332,0.5,65.8090536,Retain,2.045298064,1.352150883,-0.6931471806,0.1000834586,-0.2464901317,-10.52292556,0,3.736488528,2,0.058,0.096,0.83,0.01,0.006
247,169,169,1.380618333,456.7298811,1.513879513,26.2737353,-2713452.089,3121033.528,183,183,0.2761236666,761.2164686,1.128379167,37.1566728,-2713438.952,3121125.487,210.1898824,2761.236666,0.2761236666,0.2761236666,0.2,92.89168198,Retain,0.3225314662,-1.286906446,-1.609437912,0.5108256238,-0.2938933324,0.346562443,-1.382556039,4.942544079,1,0,0.646,0.354,0,0
248,170,170,0.3451545833,913.4597623,1.513879513,52.5474706,-2713210.37,3120975.726,192,192,0.1380618333,1141.824703,1.196826841,78.82120589,-2713241.899,3120967.844,157.6424118,1380.618333,0.1380618333,0.1380618333,0.4,32.49881575,Retain,-1.063762895,-1.980053627,-0.916290732,0.2231435514,-0.2350018146,0.4054587647,-0.4046335074,4.58548081,1,0.082,0.702,0.11,0.106,0
249,173,173,0.5522473332,666.06441,1.396297981,153.2008866,-2712828.088,3120898.876,196,196,0.5522473332,666.06441,1.396297981,153.2008866,-2712828.088,3120898.876,367.8322942,5522.473332,0.5522473332,0.5522473332,1,0,Retain,-0.5937592657,-0.5937592657,0,0,0,0,6.908754779,-6.038510703,3,0.144,0.016,0.002,0.632,0.206
250,177,177,1.587711083,397.1564184,1.411699925,0,-2713321.862,3120805.061,200,200,0.6903091665,532.851528,1.248886881,37.15667279,-2713268.173,3120810.202,367.8322942,6903.091665,0.6903091665,0.6903091665,0.4347826087,53.93533391,Retain,0.4622934085,-0.3706157144,-0.8329091229,0.2939126222,-0.1225419393,10.52292556,-0.2618345729,4.329022588,1,0.014,0.502,0.462,0.018,0.004
251,244,244,267.6328638,149.8086576,6.91355944,0,-2713171.738,3119607.394,203,203,1.863834749,422.8980381,1.62867504,58.74985815,-2713842.302,3120802.903,735.6645883,17257.72916,1.725772916,1.725772916,0.006448284756,1370.729393,Retain,5.58961613,0.6226360586,-4.966980072,1.037772241,-1.445717794,10.98106104,-4.894308326,5.000655888,2,0,0,1,0,0
252,244,244,267.6328638,149.8086576,6.91355944,0,-2713171.738,3119607.394,205,205,0.5522473332,570.9123515,1.196826841,78.8212059,-2714053.101,3120714.959,315.2848236,5522.473332,0.5522473332,0.5522473332,0.002063451122,1415.450585,Retain,5.58961613,-0.5937592657,-6.183375396,1.337876834,-1.753810864,11.27495004,-5.787149164,5.032760778,2,0,0,1,0,0
253,244,244,267.6328638,149.8086576,6.91355944,0,-2713171.738,3119607.394,212,212,0.3451545832,761.2164686,1.261566261,26.2737353,-2712832.029,3120487.035,262.737353,3451.545832,0.3451545832,0.3451545832,0.001289656951,942.9585485,Retain,5.58961613,-1.063762895,-6.653379025,1.625558906,-1.701130606,10.17636312,-6.079063577,4.626580263,2,0,0,1,0,0
254,244,244,267.6328638,149.8086576,6.91355944,0,-2713171.738,3119607.394,216,216,1.794803833,556.2735732,2.102286932,26.27373529,-2713263.12,3120378.706,578.0221766,7593.400832,0.7593400832,0.7593400832,0.002837245293,776.7065987,Retain,5.58961613,0.5848957306,-5.0047204,1.311901348,-1.190458852,10.17636312,-5.561161606,4.432620836,2,0,0,1,0,0
255,190,190,1.03546375,608.9731749,1.748077489,26.27373529,-2714620.394,3120254.074,217,217,0.20709275,1014.955291,1.302940032,183.9161471,-2714590.617,3120280.348,210.1898824,2070.9275,0.20709275,0.20709275,0.2,39.7111186,Retain,0.03484939373,-1.574588519,-1.609437912,0.5108256237,-0.2938933324,1.945877527,-1.382556039,4.236596642,1,0,0.862,0.136,0.002,0
256,244,244,267.6328638,149.8086576,6.91355944,0,-2713171.738,3119607.394,218,218,26.64593383,216.9269729,3.158814308,37.15667279,-2713678.07,3120569.586,5727.674295,261627.1741,26.16271741,26.16271741,0.09775599691,1087.28351,Retain,5.58961613,3.282636562,-2.306979568,0.3702019027,-0.7832878814,10.52292556,-2.213340601,4.768995469,2,0,0.008,0.992,0,0
257,244,244,267.6328638,149.8086576,6.91355944,0,-2713171.738,3119607.394,234,234,0.1380618333,1141.824703,1.196826841,185.783364,-2713215.625,3119627.884,105.0949412,690.3091666,0.06903091666,0.06903091666,2.579313903e-4,48.43418638,Retain,5.58961613,-1.980053627,-7.569669757,2.031024014,-1.753810864,12.13234195,-6.679028454,1.657783419,2,0,0.006,0.992,0.002,0
258,244,244,267.6328638,149.8086576,6.91355944,0,-2713171.738,3119607.394,253,253,0.8283709998,570.9123514,1.465807536,26.2737353,-2713235.33,3119227.209,472.9272353,8283.709998,0.8283709998,0.8283709998,0.003095176683,385.4664472,Retain,5.58961613,-0.1882941576,-5.777910288,1.337876834,-1.55107831,10.17636312,-5.495848042,3.732013624,2,0,0,1,0,0
259,244,244,267.6328638,149.8086576,6.91355944,0,-2713171.738,3119607.394,254,254,0.2761236666,761.2164687,1.128379167,26.2737353,-2713123.667,3119181.23,210.1898824,2761.236666,0.2761236666,0.2761236666,0.001031725561,428.8664434,Retain,5.58961613,-1.286906446,-6.876522577,1.625558906,-1.812702382,10.17636312,-6.198838091,3.838704759,2,0,0.002,0.998,0,0
260,244,244,267.6328638,149.8086576,6.91355944,0,-2713171.738,3119607.394,287,287,131.2277725,169.3816761,5.473616583,0,-2713039.684,3119401.337,22437.76994,1254291.756,125.4291756,125.4291756,0.4686613361,244.7408304,Retain,5.58961613,4.876934535,-0.7126815952,0.1227957429,-0.2335450547,0,-0.1252679997,3.277760779,2,0.022,0.252,0.712,0.014,0
261,220,220,7.731462665,258.2698733,2.025814377,37.15667279,-2710710.002,3119214.776,258,258,0.6903091664,532.8515281,1.248886881,0,-2710845.734,3119055.116,367.8322942,6903.091664,0.6903091664,0.6903091664,0.08928571428,209.5577359,Retain,2.045298064,-0.3706157145,-2.415913778,0.7242377677,-0.4837191215,-10.52292556,-2.312347413,4.894719973,2,0,0.024,0.976,0,0
262,217,217,2.623174833,400.6402466,1.830472721,157.6424118,-2709710.156,3119160.488,255,255,2.623174833,400.6402466,1.830472721,157.6424118,-2709710.156,3119160.488,1050.949412,26231.74833,2.623174833,2.623174833,1,0,Retain,0.9643853524,0.9643853524,0,0,0,0,6.908754779,-6.817583012,3,0.11,0.022,0.002,0.742,0.124
263,404,404,760.6516705,108.8735053,8.470522205,0,-2710675.399,3115943.196,262,262,0.2761236666,761.2164687,1.128379167,26.2737353,-2710548.841,3118892.219,210.1898824,2761.236666,0.2761236666,0.2761236666,3.630093474e-4,2951.737906,Retain,6.634175527,-1.286906446,-7.921081974,1.944731064,-2.015809923,10.17636312,-6.598697056,5.245426915,2,0,0,1,0,0
264,221,221,1.311587416,440.7042713,1.423773641,0,-2710408.484,3119057.467,260,260,0.8283709998,697.7817628,1.791542544,0,-2710402.146,3119036.725,578.0221766,8283.709998,0.8283709998,0.8283709998,0.6315789474,21.68911855,Retain,0.2712381719,-0.1882941575,-0.4595323294,0.4595323294,0.2297661647,0,0.5378679733,3.513602648,1,0.328,0.428,0.088,0.138,0.018
265,224,224,1.380618333,532.851528,1.766192765,74.31334558,-2713898.742,3118982.863,259,259,0.4141854999,634.3470571,1.151647165,189.4625996,-2713964.427,3119010.451,262.737353,4141.854999,0.4141854999,0.4141854999,0.3,71.24253046,Retain,0.3225314662,-0.8814413381,-1.203972804,0.1743533871,-0.427633015,0.9358929101,-0.8453976221,4.677203224,2,0.004,0.446,0.536,0.012,0.002
266,225,225,1.44964925,471.2292425,1.600511388,0,-2710335.523,3118912.863,263,263,1.44964925,471.2292425,1.600511388,0,-2710335.523,3118912.863,683.1171177,14496.4925,1.44964925,1.44964925,1,0,Retain,0.3713216303,0.3713216303,0,0,0,0,6.908754779,-6.521051151,3,0.106,0.014,0,0.732,0.148
267,238,238,1.656742,444.04294,1.612306031,78.82120589,-2714952.976,3118366.744,280,280,0.5522473332,570.9123515,1.196826841,78.82120589,-2714920.134,3118350.323,315.2848236,5522.473332,0.5522473332,0.5522473332,0.3333333333,36.71866134,Retain,0.504853023,-0.5937592657,-1.098612289,0.2513144283,-0.297991716,0,-0.6916505478,3.923250774,2,0.008,0.398,0.586,0.008,0
268,239,239,1.86383475,592.0572533,2.280145056,0,-2709719.272,3118433.402,281,281,1.86383475,592.0572533,2.280145056,0,-2709719.272,3118433.402,1103.496882,18638.3475,1.86383475,1.86383475,1,0,Retain,0.6226360586,0.6226360586,0,0,0,0,6.908754779,-6.646708365,3,0.104,0.018,0,0.744,0.134
269,404,404,760.6516705,108.8735053,8.470522205,0,-2710675.399,3115943.196,289,289,0.2070927499,1014.955292,1.302940032,78.82120589,-2711630.443,3117977.017,105.0949412,690.3091664,0.06903091664,0.06903091664,9.075233686e-5,2246.895597,Retain,6.634175527,-1.574588519,-8.208764046,2.232413137,-1.871968886,11.27495004,-6.821796438,4.972582432,2,0,0,1,0,0
270,257,257,2.830267583,482.7226386,2.290901852,0,-2710974.027,3117652.547,298,298,0.2070927499,1014.955291,1.302940032,0,-2711183.79,3117688.006,105.0949412,690.3091667,0.06903091667,0.06903091667,0.02439024391,212.7385895,Retain,1.040371259,-1.574588519,-2.614959778,0.7431576012,-0.5643222878,0,-3.649722139,5.412248146,2,0,0.132,0.868,0,0
271,404,404,760.6516705,108.8735053,8.470522205,0,-2710675.399,3115943.196,300,300,0.3451545832,761.2164687,1.261566261,26.27373531,-2711702.258,3117665.236,262.737353,3451.545832,0.3451545832,0.3451545832,4.537616843e-4,2004.959127,Retain,6.634175527,-1.063762895,-7.697938422,1.944731064,-1.904238147,10.17636312,-6.534146906,4.858656632,2,0,0,1,0,0
272,257,257,2.830267583,482.7226386,2.290901852,0,-2710974.027,3117652.547,301,301,0.6212782498,761.2164686,1.692568751,0,-2711093.291,3117655.894,420.3797648,4141.854999,0.4141854999,0.4141854999,0.1463414634,119.3111875,Retain,1.040371259,-0.47597623,-1.516347489,0.4554755287,-0.302698216,0,-1.757949243,4.833922796,2,0,0.112,0.888,0,0
273,257,257,2.830267583,482.7226386,2.290901852,0,-2710974.027,3117652.547,303,303,0.6903091665,685.0948217,1.605711705,26.27373529,-2710806.324,3117599.551,367.8322942,4141.854999,0.4141854999,0.4141854999,0.1463414634,175.8777639,Retain,1.040371259,-0.3706157144,-1.410986974,0.3501150131,-0.3553784738,10.17636312,-1.757949243,5.221974229,2,0,0.122,0.874,0.004,0
274,404,404,760.6516705,108.8735053,8.470522205,0,-2710675.399,3115943.196,317,317,0.1380618333,1141.824703,1.196826841,52.54747059,-2711376.464,3116869.141,157.6424118,1380.618333,0.1380618333,0.1380618333,1.815046737e-4,1161.407451,Retain,6.634175527,-1.980053627,-8.614229154,2.350196172,-1.956918405,10.86949127,-6.741784666,4.312665909,2,0,0,1,0,0
275,404,404,760.6516705,108.8735053,8.470522205,0,-2710675.399,3115943.196,320,320,0.8974019165,702.6613556,1.877736436,26.2737353,-2709921.303,3116777.183,630.5696472,8974.019165,0.8974019165,0.8974019165,0.001179780379,1124.365057,Retain,6.634175527,-0.1082514498,-6.742426977,1.864688356,-1.506525132,10.17636312,-6.128351354,4.28025183,2,0,0,1,0,0
276,289,289,4.417978665,356.8202197,2.115710938,0,-2709784.029,3116624.057,324,324,1.44964925,398.7324359,1.354278867,0,-2709659.913,3116702.116,578.0221765,14496.4925,1.44964925,1.44964925,0.328125,146.6218439,Retain,1.485682276,0.3713216303,-1.114360646,0.1110585368,-0.446121786,0,-0.7151219591,4.817387407,2,0.012,0.11,0.858,0.018,0.002
277,401,401,7.317277165,315.9766473,2.411153211,0,-2709849.117,3112747.139,400,400,3.589607666,365.9694561,1.955975454,94.73129981,-2709857.134,3112750.733,1471.329177,31063.91249,3.106391249,3.106391249,0.4245283019,8.786204187,Retain,1.990238287,1.278042911,-0.7121953756,0.1468815665,-0.2092161213,11.4588103,-0.3035947857,1.750542393,2,0.066,0.228,0.674,0.026,0.006
278,404,404,760.6516705,108.8735053,8.470522205,0,-2710675.399,3115943.196,404,404,2.692205749,312.2939358,1.445482183,26.2737353,-2709574.355,3112120.669,840.7595295,26922.05749,2.692205749,2.692205749,0.003539341138,3977.940072,Retain,6.634175527,0.9903608388,-5.643814688,1.05375814,-1.768149204,10.17636312,-5.39243083,5.543796825,2,0,0,1,0,0
279,405,405,7.386308081,305.909422,2.345317426,108.3293858,-2709685.368,3111260.19,406,406,2.416082083,391.4827553,1.716578017,37.15667279,-2709647.652,3110926.398,578.0221765,11735.25583,1.173525583,1.173525583,0.1588785047,335.9162861,Retain,1.999628027,0.88214725409999994,-1.117480773,0.2466524152,-0.3120879713,-1.0700154,-1.661510117,5.389415887,2,0,0.03,0.968,0.002,0
280,406,406,0.2761236666,761.2164686,1.128379167,26.2737353,-2710128.461,3108645.462,407,407,0.2761236666,761.2164686,1.128379167,52.54747059,-2710128.461,3108645.462,210.1898824,2761.236666,0.2761236666,0.2761236666,1,0,Retain,-1.286906446,-1.286906446,0,0,0,0.6931281506,6.908754779,-5.691937113,3,0.222,0.024,0,0.578,0.176
281,407,407,0.4832164165,761.2164686,1.49270533,26.2737353,-2710231.68,3108583.531,408,408,0.3451545832,913.4597623,1.513879513,52.54747059,-2710246.693,3108579.778,315.2848236,3451.545832,0.3451545832,0.3451545832,0.7142857143,15.47562654,Retain,-0.7272906584,-1.063762895,-0.3364722366,0.1823215567,0.01408543848,0.6931281506,0.91419586370000006,3.675341193,1,0.23,0.376,0.01,0.374,0.01
282,408,408,4.003793166,288.7372812,1.629797877,131.3686765,-2709886.109,3108256.792,409,409,4.279916832,270.1090695,1.576347273,111.4700184,-2709889.031,3108251.356,1156.044353,40037.93166,4.003793166,4.003793166,1,6.171774958,Retain,1.387242203,1.453933578,0.06669137452,-0.06669137452,-0.03334568726,-0.1642506747,6.908754779,1.698892328,4,0.122,0.002,0.002,0.136,0.738
283,409,409,0.966432833,543.726049,1.507860088,74.31334558,-2710119.078,3108033.66,410,410,0.966432833,543.726049,1.507860088,111.4700184,-2710119.078,3108033.66,525.4747059,9664.32833,0.966432833,0.966432833,1,0,Retain,-0.03414347781,-0.03414347781,0,0,0,0.4054606226,6.908754779,-6.318318597,3,0.138,0.014,0,0.692,0.156
284,412,412,1.173525583,492.5518326,1.505196806,183.9161471,-2709835.586,3107785.384,411,411,1.173525583,492.5518326,1.505196806,183.9161471,-2709835.586,3107785.384,578.0221766,11735.25583,1.173525583,1.173525583,1,0,Retain,0.1600125366,0.1600125366,0,0,0,0,6.908754779,-6.415396604,3,0.114,0.016,0,0.718,0.152
285,413,413,4.417978665,297.350183,1.763092449,26.2737353,-2710194.556,3107688.113,412,412,8.145648164,296.745403,2.389141607,157.6424118,-2710186.13,3107545.751,1366.234235,40728.24082,4.072824082,4.072824082,0.921875,142.6116044,Retain,1.485682276,2.097483817,0.6118015411,-0.002035969473,0.3038648011,1.791727753,2.456464917,4.789655699,4,0.01,0,0.006,0.002,0.982
287,415,415,4.279916832,245.5536995,1.433042975,222.9400368,-2710486.547,3106781.298,413,413,4.348947749,241.6560218,1.421624124,222.9400368,-2710487.744,3106781.904,1050.949412,42799.16832,4.279916832,4.279916832,1,1.341664116,Retain,1.453933578,1.469933919,0.01600034134,-0.01600034134,-0.008000170672,0,6.908754779,0.1400539403,3,0.138,0.014,0.006,0.476,0.366
288,417,417,16.49838908,187.9153625,2.153169031,37.15667279,-2711217.612,3106255.267,414,414,17.740945580000002,180.6778388,2.146783937,0,-2711223.831,3106260.431,3100.300765,163603.2725,16.36032725,16.36032725,0.9916317992,8.083093259,Retain,2.803262745,2.875875278,0.07261253296,-0.0392761127,-0.002969846216,-10.52292556,4.663038734,1.260631906,4,0.196,0.02,0.022,0.052,0.71
289,421,421,0.3451545832,761.2164686,1.261566261,242.2318706,-2711723.277,3105542.534,415,415,0.3451545832,761.2164686,1.261566261,242.2318706,-2711723.277,3105542.534,262.737353,3451.545832,0.3451545832,0.3451545832,1,0,Retain,-1.063762895,-1.063762895,0,0,0,0,6.908754779,-5.803508889,3,0.204,0.018,0,0.604,0.174
290,423,423,0.2761236666,761.2164686,1.128379167,52.54747059,-2712860.93,3105492.614,416,416,0.2761236666,761.2164686,1.128379167,52.54747059,-2712860.93,3105492.614,210.1898824,2761.236666,0.2761236666,0.2761236666,1,0,Retain,-1.286906446,-1.286906446,0,0,0,0,6.908754779,-5.691937113,3,0.218,0.02,0,0.592,0.17
291,426,426,0.4832164166,652.4712588,1.279461712,108.3293858,-2713380.774,3105137.919,417,417,0.4832164166,652.4712588,1.279461712,108.3293858,-2713380.774,3105137.919,315.2848236,4832.164166,0.4832164166,0.4832164166,1,0,Retain,-0.7272906582,-0.7272906582,0,0,0,0,6.908754779,-5.971745007,3,0.154,0.016,0.004,0.616,0.21
292,427,427,0.2761236666,761.2164685,1.128379167,37.15667278,-2714253.438,3104835.771,418,418,0.2761236666,761.2164685,1.128379167,37.15667278,-2714253.438,3104835.771,210.1898824,2761.236666,0.2761236666,0.2761236666,1,0,Retain,-1.286906446,-1.286906446,0,0,0,0,6.908754779,-5.691937113,3,0.218,0.02,0,0.592,0.17
293,428,428,69.85928765,157.9599391,3.724380998,26.2737353,-2713169.724,3105564.503,419,419,80.97326523,136.9281116,3.475829885,0,-2713221.83,3105559.978,10719.684,685477.0023,68.54770023,68.54770023,0.9812252964,52.30172216,Retain,4.246483042,4.394119041,0.1476359988,-0.142885396,-0.06906739664,-10.17636312,3.905417185,2.40617184,4,0.174,0.016,0.076,0.042,0.692
295,429,429,0.2070927499,1014.955292,1.302940032,26.2737353,-2714546.828,3104682.507,420,420,0.1380618333,1141.824703,1.196826841,37.15667279,-2714542.449,3104691.265,157.6424118,1380.618333,0.1380618333,0.1380618333,0.6666666667,9.791643025,Retain,-1.574588519,-1.980053627,-0.4054651081,0.1177830357,-0.0849495184,0.3465624428,0.6916505476,3.641290594,3,0.242,0.296,0.02,0.438,0.004
296,432,432,3.865731332,434.9808392,2.41257614,0,-2714795.803,3104596.492,421,421,1.104494666,570.9123515,1.692568751,78.82120589,-2714760.849,3104687.981,630.5696471,11044.94666,1.104494666,1.104494666,0.2857142857,97.93856511,Retain,1.352150883,0.09938791485,-1.252762969,0.2719337155,-0.3544477688,11.27495004,-0.9141958636,4.480640107,2,0.006,0.064,0.928,0,0.002
297,433,433,4.279916832,294.6644395,1.71965157,37.15667279,-2714418.284,3104576,425,425,5.936658832,247.83792,1.703467567,37.15667279,-2714442.242,3104528.735,1156.044353,41418.54999,4.141854999,4.141854999,0.9677419355,52.9902616,Retain,1.453933578,1.781146489,0.3272129112,-0.1730622314,-0.009455775775,0,3.371700977,3.815525179,4,0.01,0,0.002,0.048,0.94
298,432,432,3.865731332,434.9808392,2.41257614,0,-2714795.803,3104596.492,424,424,0.8283709998,570.9123514,1.465807536,117.4997163,-2714862.113,3104489.833,472.9272354,8283.709998,0.8283709998,0.8283709998,0.2142857143,125.5910603,Retain,1.352150883,-0.1882941576,-1.540445041,0.2719337155,-0.498288805,11.67419971,-1.295899091,4.729328539,2,0.002,0.042,0.954,0,0.002
299,431,431,0.4141854999,761.2164686,1.381976598,108.3293858,-2713942.532,3104608.065,422,422,0.4141854999,761.2164686,1.381976598,108.3293858,-2713942.532,3104608.065,315.2848236,4141.854999,0.4141854999,0.4141854999,1,0,Retain,-0.8814413382,-0.8814413382,0,0,0,0,6.908754779,-5.894669667,3,0.188,0.018,0,0.604,0.19
300,436,436,0.2761236666,761.2164686,1.128379167,58.74985815,-2716407.884,3102182.123,426,426,1.44964925,434.9808392,1.477395127,58.74985815,-2716419.77,3102217.781,210.1898824,2761.236666,0.2761236666,0.2761236666,1,37.58600184,Retain,-1.286906446,0.3713216304,1.658228077,-0.559615788,0.2694982504,0,6.908754779,4.842476461,4,0,0,0.002,0.012,0.986
301,437,437,0.4141854999,634.3470571,1.151647165,26.27373529,-2716171.42,3102142.713,427,427,0.4141854999,634.3470571,1.151647165,26.27373529,-2716171.42,3102142.713,262.737353,4141.854999,0.4141854999,0.4141854999,1,0,Retain,-0.8814413381,-0.8814413381,0,0,0,0,6.908754779,-5.894669667,3,0.188,0.018,0,0.604,0.19
302,438,438,0.4141854999,761.2164686,1.381976598,26.2737353,-2716337.821,3102063.892,428,428,0.4141854999,761.2164686,1.381976598,58.74985815,-2716337.821,3102063.892,315.2848236,4141.854999,0.4141854999,0.4141854999,1,0,Retain,-0.8814413381,-0.8814413381,0,0,0,0.8046979172,6.908754779,-5.894669667,3,0.192,0.022,0,0.594,0.192
303,439,439,21.19249141,166.1286756,2.157400021,26.27373529,-2715949.121,3102339.98,430,430,21.05442958,162.2264605,2.099851103,26.27373529,-2715950.42,3102339.55,3415.585589,209163.6774,20.91636774,20.91636774,0.986970684,1.367996126,Retain,3.05364694,3.047110969,-0.006535970982,-0.02376937852,-0.02703736401,0,4.254503888,-0.6403808108,0,0.516,0.114,0.076,0.146,0.148
304,442,442,2.070927499,431.3559989,1.751109716,83.08484618,-2716375.48,3101707.445,431,431,2.070927499,431.3559989,1.751109716,83.08484618,-2716375.48,3101707.445,893.3070001,20709.27499,2.070927499,2.070927499,1,0,Retain,0.7279965743,0.7279965743,0,0,0,0,6.908754779,-6.699388623,3,0.104,0.02,0.002,0.744,0.13
305,443,443,0.8283709998,570.9123514,1.465807536,83.08484618,-2716598.369,3101531.848,432,432,0.8283709998,570.9123514,1.465807536,83.08484618,-2716598.369,3101531.848,472.9272354,8283.709998,0.8283709998,0.8283709998,1,0,Retain,-0.1882941575,-0.1882941575,0,0,0,0,6.908754779,-6.241243257,3,0.136,0.016,0,0.672,0.176
306,444,444,0.2761236666,761.2164686,1.128379167,236.4636177,-2716512.979,3101209.995,433,433,0.2761236666,761.2164686,1.128379167,236.4636177,-2716512.979,3101209.995,210.1898824,2761.236666,0.2761236666,0.2761236666,1,0,Retain,-1.286906446,-1.286906446,0,0,0,0,6.908754779,-5.691937113,3,0.218,0.02,0,0.592,0.17
307,445,445,0.3451545832,913.4597624,1.513879513,26.2737353,-2715412.109,3101233.642,434,434,0.3451545832,913.4597624,1.513879513,52.5474706,-2715412.109,3101233.642,315.2848236,3451.545832,0.3451545832,0.3451545832,1,0,Retain,-1.063762895,-1.063762895,0,0,0,0.6931281508,6.908754779,-5.803508889,3,0.208,0.022,0,0.594,0.176
308,446,446,10.07851383,198.1248343,1.774321162,26.2737353,-2715881.15,3101352.341,435,435,9.940451997,195.5903426,1.739584549,26.2737353,-2715882.957,3101351.946,1944.256412,99404.51997,9.940451997,9.940451997,0.9863013699,1.849716042,Retain,2.310405814,2.296612492,-0.01379332213,-0.01287492495,-0.01977158601,0,4.2072210310000004,0.03273464993,3,0.342,0.078,0.03,0.344,0.206
309,447,447,1.794803833,380.6082343,1.438406848,37.15667279,-2715562.072,3101228.185,436,436,1.794803833,380.6082343,1.438406848,37.15667279,-2715562.072,3101228.185,683.1171177,17948.03833,1.794803833,1.794803833,1,0,Retain,0.5848957307,0.5848957307,0,0,0,0,6.908754779,-6.627838201,3,0.104,0.018,0,0.744,0.134
310,448,448,1.518680166,415.2089829,1.44342748,26.2737353,-2716000.641,3101086.986,437,437,1.518680166,415.2089829,1.44342748,26.2737353,-2716000.641,3101086.986,630.5696471,15186.80166,1.518680166,1.518680166,1,0,Retain,0.417841646,0.417841646,0,0,0,0,6.908754779,-6.544311159,3,0.102,0.014,0,0.74,0.144
311,449,449,1.311587416,480.7682959,1.553207608,26.2737353,-2715376.986,3101047.513,438,438,0.8974019165,526.9960167,1.408302327,78.82120589,-2715388.261,3101016.984,472.9272354,8974.019165,0.8974019165,0.8974019165,0.6842105263,32.54425923,Retain,0.2712381718,-0.1082514499,-0.3794896217,0.09180754922,-0.0979372616,1.098586915,0.7714886965,3.919377569,1,0.156,0.568,0.074,0.198,0.004
312,450,450,0.4832164165,652.4712588,1.279461712,37.15667279,-2715475.166,3100697.657,439,439,0.4832164165,652.4712588,1.279461712,37.15667279,-2715475.166,3100697.657,315.2848236,4832.164165,0.4832164165,0.4832164165,1,0,Retain,-0.7272906583,-0.7272906583,0,0,0,0,6.908754779,-5.971745007,3,0.154,0.016,0.004,0.616,0.21
313,451,451,1.44964925,507.4776457,1.723627649,37.15667279,-2715328.784,3100693.904,441,441,1.380618333,532.851528,1.766192765,26.27373531,-2715330.661,3100693.716,735.6645883,13806.18333,1.380618333,1.380618333,0.9523809524,1.886055512,Retain,0.3713216303,0.3225314662,-0.04879016416,0.04879016416,0.02439508208,-0.3465624424,2.975999184,1.021721812,3,0.2,0.024,0.01,0.64,0.126
314,452,452,0.4832164165,652.4712588,1.279461712,58.74985815,-2715178.649,3100630.096,440,440,0.1380618333,1141.824703,1.196826841,37.1566728,-2715199.292,3100645.11,157.6424118,1380.618333,0.1380618333,0.1380618333,0.2857142857,25.52581684,Retain,-0.7272906584,-1.980053627,-1.252762969,0.559615788,-0.06676569632,-0.4581354744,-0.9141958636,4.175739813,1,0.01,0.584,0.374,0.032,0
315,453,453,2.623174833,340.5442096,1.555901813,131.3686765,-2715768.326,3100683.138,442,442,2.830267583,315.6263406,1.497897365,131.3686765,-2715762.896,3100688.045,840.7595295,25541.43916,2.554143916,2.554143916,0.9736842105,7.319045916,Retain,0.9643853523,1.040371259,0.07598590697,-0.07598590697,-0.03799295349,0,3.574648628,2.080788867,4,0.17,0,0,0.25,0.58
316,454,454,1.104494666,570.9123514,1.692568751,58.74985815,-2715521.145,3100507.173,444,444,1.104494666,570.9123514,1.692568751,58.74985815,-2715521.145,3100507.173,630.5696471,11044.94666,1.104494666,1.104494666,1,0,Retain,0.0993879149,0.0993879149,0,0,0,0,6.908754779,-6.385084294,3,0.118,0.01,0.002,0.716,0.154
317,456,456,0.1380618333,1141.824703,1.196826841,52.5474706,-2715094.197,3100356.099,446,446,0.2761236666,761.2164686,1.128379167,205.2044326,-2715094.197,3100369.236,157.6424118,1380.618333,0.1380618333,0.1380618333,1,13.13686765,Retain,-1.980053627,-1.286906446,0.6931471806,-0.4054651081,-0.05889151784,1.362275594,6.908754779,4.137890477,4,0.006,0.004,0,0.384,0.606
