OBJECTID,FID_ChonBuri_1996_vect,ID_1996,AREA_1996,ED_1996,SHAPE_1996,ENN_1996,POINT_X_1996,POINT_Y_1996,FID_RasterT_Majori19,ID_2007,AREA_2007,ED_2007,SHAPE_2007,ENN_2007,POINT_X_2007,POINT_Y_2007,Shape_Length,Shape_Area,OVERLAP_96_07,MAX_OVERLAP_96_078,RETENTION_96_07,CENTROID_96_07,EVENT TYPE,log_area_parent,log_area_child,log_change_area,log_change_ED,log_change_shape_index,log_change_ENN,logit_retention_ratio,log_centroid_shift,Predicted_Typology,Prob_0,Prob_1,Prob_2,Prob_3,Prob_4
1,2,2,3.649604183,327.0091101,1.762291727,94.2200381,-2703495.223,3129211.579,2,2,2.692205749,448.9225328,2.077880637,83.08484618,-2703526.006,3129231.608,1102.278853,21578.77228,2.157877228,2.157877228,0.5912633591,36.72515461,Retain,1.294618719,0.9903608387,-0.3042578799,0.31686231,0.16473337,-0.1257691264,0.3684367851,3.528544744,1,0.392,0.4,0.132,0.064,0.012
2,12,12,15.58479624,197.490845,2.199341151,31.40667937,-2703691.738,3127803.866,15,15,0.8974019164,526.9960167,1.408302327,52.5474706,-2703508.491,3128002.132,468.0093125,8844.806962,0.8844806962,0.8844806962,0.05675279179,269.9792619,Retain,2.746295839,-0.10825145,-2.854547289,0.9815007615,-0.445772883,0.5146835643,-2.794216314,4.797565876,2,0,0.034,0.966,0,0
3,7,7,2.663224674,306.610881,1.411518368,62.81335873,-2702710.496,3127848.171,16,16,2.554143916,411.4683614,1.855043924,78.82120589,-2702708.971,3127880.322,952.4204659,18959.69942,1.895969942,1.895969942,0.7119076211,32.18698429,Retain,0.979537672,0.9377171053,-0.04182056673,0.2941526762,0.2732423928,0.2270110683,0.9026055614,3.554189331,3,0.438,0.064,0.004,0.46,0.034
4,12,12,15.58479624,197.490845,2.199341151,31.40667937,-2703691.738,3127803.866,24,24,10.768823,258.6184156,2.394079865,52.5474706,-2703764.996,3127789.584,2856.336217,90046.82124,9.004682124,9.004682124,0.5777863236,74.63767135,Retain,2.746295839,2.3766552,-0.3696406391,0.2696614479,0.08484112832,0.5146835643,0.313056169,3.511875779,1,0.25,0.47,0.254,0.01,0.016
6,15,15,7.397846317,297.1767,2.280145056,31.40667937,-2704138.919,3127558.252,17,17,0.6903091665,685.0948218,1.605711705,52.5474706,-2704122.285,3127791.133,408.3549052,3597.220076,0.3597220076,0.3597220076,0.04862523391,233.4739593,Retain,2.00118892,-0.3706157144,-2.371804634,0.8352303431,-0.3506719739,0.5146835642,-2.954459167,5.024845314,2,0,0.01,0.99,0,0
7,15,15,7.397846317,297.1767,2.280145056,31.40667937,-2704138.919,3127558.252,20,20,1.794803833,380.6082343,1.438406848,26.2737353,-2704155.229,3127640.362,621.0266506,13829.85596,1.382985596,1.382985596,0.1869443534,83.71410512,Retain,2.00118892,0.5848957306,-1.416293189,0.2474436782,-0.4607029163,-0.1784445864,-1.465882799,3.999189912,2,0.002,0.042,0.956,0,0
8,15,15,7.397846317,297.1767,2.280145056,31.40667937,-2704138.919,3127558.252,29,29,3.037360333,276.8059886,1.360876479,26.2737353,-2704170.892,3127476.565,958.0612804,25732.88494,2.573288494,2.573288494,0.347842924,87.72196286,Retain,2.00118892,1.110988827,-0.890200093,-0.07101005293,-0.5161100994,-0.1784445864,-0.6271958992,4.045954183,2,0.018,0.116,0.848,0.01,0.008
9,20,20,0.789103607,716.4081162,1.795240262,31.40667937,-2704293.335,3127297.682,31,31,0.1380618333,1141.824703,1.196826841,26.2737353,-2704308.829,3127378.636,136.3419407,984.76694440000006,0.09847669444,0.09847669444,0.1247956461,82.42323284,Retain,-0.2368576524,-1.980053627,-1.743195974,0.466132879,-0.4054651081,-0.1784445864,-1.940940611,5.102673251,1,0,0.536,0.458,0.006,0
10,20,20,0.789103607,716.4081162,1.795240262,31.40667937,-2704293.335,3127297.682,33,33,0.3451545832,913.4597624,1.513879513,26.2737353,-2704298.319,3127291.932,283.9920208,1405.14091,0.140514091,0.140514091,0.1780679872,7.609442463,Retain,-0.2368576524,-1.063762895,-0.8269052426,0.2429893278,-0.1704632935,-0.1784445864,-1.525108037,2.720315082,2,0.046,0.378,0.554,0.022,0
11,24,24,0.9863795089,445.76505,1.248886881,99.31664054,-2702463.896,3127085.687,38,38,0.6903091665,532.851528,1.248886881,108.3293858,-2702469.667,3127089.624,367.8322942,6822.70776,0.682270776,0.682270776,0.6916919602,6.987094543,Retain,-0.01371410099,-0.3706157144,-0.3569016134,0.1784508067,0,0.08686248116,0.8062477258,2.523429915,0,0.608,0.152,0.028,0.21,0.002
12,25,25,0.1972759017,955.2108216,1.196826841,99.31664054,-2702401.082,3126897.247,39,39,0.20709275,1014.955291,1.302940032,108.3293858,-2702408.362,3126901.329,161.2506983,1118.924893,0.1118924893,0.1118924893,0.5671878235,8.346471167,Retain,-1.623152014,-1.574588519,0.04856349495,0.06066777085,0.08494951833,0.08686248116,0.2698403718,3.505899588,3,0.066,0.056,0,0.848,0.03
13,30,30,0.3945518035,636.8072145,1.128379167,70.22747001,-2703170.546,3126645.993,46,46,0.2761236666,761.2164687,1.128379167,58.74985815,-2703165.921,3126669.245,173.9526462,1809.149115,0.1809149115,0.1809149115,0.4585327197,23.70699494,Retain,-0.9300048331,-1.286906446,-0.3569016133,0.1784508066,0,-0.1784480249,-0.1659176245,4.20317969,3,0.094,0.436,0.02,0.446,0.004
14,31,31,0.3945518035,636.8072144,1.128379167,70.22747001,-2703044.919,3126551.773,47,47,0.5522473332,666.06441,1.396297981,58.74985815,-2703034.553,3126577.287,216.2342287,1748.143346,0.1748143346,0.1748143346,0.4430706768,27.53914603,Retain,-0.9300048329,-0.5937592656,0.3362455673,0.04491941399,0.2130421977,-0.1784480249,-0.2282485617,4.353012155,4,0.002,0.008,0.006,0.1,0.884
15,35,35,0.4931897544,636.8072143,1.261566261,393.5245645,-2702803.088,3126140.346,53,53,0.4141855,634.3470571,1.151647165,365.9507867,-2702811.226,3126170.044,168.7601204,1657.518451,0.1657518451,0.1657518451,0.3360812823,30.79299793,Retain,-0.7068612815,-0.881441338,-0.1745800564,-0.003870750202,-0.0911607784,-0.07264443836,-0.6793407092,4.353115382,3,0.016,0.106,0.016,0.854,0.008
17,4,4,2.170034919,492.078302,2.044855597,0,-2705436.11,3128680.289,3,3,0.5522473332,570.9123514,1.196826841,26.27373529,-2705310.515,3128754.722,269.7984865,2976.232799,0.2976232799,0.2976232799,0.1371513782,145.994062,Retain,0.7747432593,-0.5937592657,-1.368502525,0.1485978435,-0.535653419,10.17636312,-1.83304752,5.168566112,2,0,0.174,0.804,0.022,0
18,8,8,0.4931897545,636.8072143,1.261566261,113.2383928,-2704957.586,3127629.022,18,18,0.3451545832,913.4597624,1.513879513,131.3686765,-2704970.927,3127686.038,161.2772089,638.7462793,0.06387462793,0.06387462793,0.1295132905,58.55606646,Retain,-0.7068612814,-1.063762895,-0.3569016137,0.3607723637,0.1823215569,0.1485112084,-1.898725551,4.995797357,1,0.03,0.482,0.046,0.424,0.018
19,10,10,5.030535495,287.1875673,1.817053906,88.83150382,-2704515.183,3127630.377,21,21,3.175422166,364.0600502,1.830074748,105.0949412,-2704508.738,3127664.791,1184.360154,24638.25306,2.463825306,2.463825306,0.489773963,35.01213698,Retain,1.615526439,1.155440589,-0.4600858496,0.2371832803,0.007140355534,0.1681210416,-0.04082817354,3.320325057,1,0.056,0.572,0.342,0.028,0.002
20,14,14,2.071396969,333.5656837,1.354278867,31.40667937,-2704793.972,3127439.386,27,27,1.104494666,475.7602929,1.410473959,58.74985815,-2704814.598,3127490.299,499.5298686,8256.139871,0.8256139871,0.8256139871,0.3985783506,54.93264846,Retain,0.7282232437,0.09938791491,-0.6288353288,0.3550743423,0.04065667792,0.6262533309,-0.4105477469,4.214379386,1,0.094,0.634,0.256,0.016,0
22,18,18,1.874121067,402.1940301,1.553207608,94.22003811,-2705108.669,3127392.315,32,32,2.347051166,358.2195146,1.548123445,26.2737353,-2705144.179,3127390.227,686.7519149,11915.42224,1.191542224,1.191542224,0.6357872205,35.57179286,Retain,0.6281397851,0.8531597173,0.2250199322,-0.1157886664,-0.0032787003,-1.277035649,0.5559554248,3.829876151,4,0.028,0.014,0.01,0.178,0.77
24,21,21,0.8877415579,424.5381429,1.128379167,31.40667937,-2705259.09,3127227.017,34,34,1.725772916,487.1785399,1.805406667,26.2737353,-2705307.231,3127296.136,340.6694269,5878.442491,0.5878442491,0.5878442491,0.6621794867,84.23186435,Retain,-0.1190746168,0.5456750175,0.6647496342,0.1376288121,0.4700036292,-0.1784445865,0.6715751645,5.065487409,4,0.006,0.002,0.034,0.066,0.892
25,22,22,3.255052379,270.1606364,1.374979203,31.40667937,-2704645.232,3127279.361,35,35,2.554143916,349.7481072,1.576787335,58.74985815,-2704679.502,3127288.098,786.994029,18249.59934,1.824959934,1.824959934,0.5606545522,35.36537979,Retain,1.180208367,0.9377171053,-0.2424912622,0.2581964699,0.1369508388,0.6262533309,0.2433274576,3.548022405,1,0.302,0.534,0.062,0.098,0.004
26,23,23,4.241431888,251.7609917,1.462647783,31.40667937,-2705482.589,3127306.629,23,23,0.1380618333,1141.824703,1.196826841,26.2737353,-2705491.147,3127536.278,64.01209605,255.7035314,0.02557035314,0.02557035314,0.006028707714,229.8083881,Retain,1.444900922,-1.980053627,-3.424954548,1.511902686,-0.2005745878,-0.1784445865,-4.95271102,5.2871647,2,0,0.086,0.912,0.002,0
27,23,23,4.241431888,251.7609917,1.462647783,31.40667937,-2705482.589,3127306.629,36,36,3.175422166,281.3191297,1.414148669,26.2737353,-2705485.435,3127326.659,893.3070001,29065.25329,2.906525329,2.906525329,0.6852698347,20.23150684,Retain,1.444900922,1.155440589,-0.2894603325,0.1110095259,-0.0337206404,-0.1784445865,0.776382954,2.857205043,0,0.646,0.108,0.09,0.152,0.004
28,26,26,5.030535495,249.7283194,1.580046875,31.40667937,-2705266.48,3126964.063,40,40,5.522473332,247.3953523,1.640036139,26.2737353,-2705270.776,3126980.917,1218.811909,44270.86662,4.427086662,4.427086662,0.8800428237,17.39305657,Retain,1.615526439,1.708825827,0.09329938855,-0.009385930762,0.0372637635,-0.1784445865,1.985669665,2.620730295,4,0.09,0.002,0.002,0.098,0.808
30,39,39,440.0238989,94.78592027,5.608891402,0,-2704600.62,3127540.936,57,57,394.1665341,111.5828694,6.249315741,26.27373529,-2704583.847,3127488.217,43187.06545,3656843.22,365.684322,365.684322,0.8310555924,55.32269373,Retain,6.086829041,5.976773495,-0.1100555458,0.1631466602,0.1081188873,10.17636312,1.588427887,1.542151697,1,0.27,0.482,0.208,0.006,0.034
31,39,39,440.0238989,94.78592027,5.608891402,0,-2704600.62,3127540.936,5,5,3.175422166,397.1564184,1.99644518,26.2737353,-2705727.611,3128433.012,1112.597762,21177.31138,2.117731138,2.117731138,0.004812763905,1437.326682,Retain,6.086829041,1.155440589,-4.931388452,1.432709326,-1.0329849,10.17636312,-5.143879055,4.799491314,2,0,0,1,0,0
32,39,39,440.0238989,94.78592027,5.608891402,0,-2704600.62,3127540.936,7,7,0.4141854999,634.3470572,1.151647165,105.0949412,-2704177.46,3128245.669,250.5305433,2821.045169,0.2821045169,0.2821045169,6.41111807e-4,822.0176564,Retain,6.086829041,-0.8814413381,-6.968270379,1.900975336,-1.583159854,11.56262894,-6.41274016,4.240713513,2,0,0,1,0,0
33,39,39,440.0238989,94.78592027,5.608891402,0,-2704600.62,3127540.936,8,8,0.1380618333,1141.824703,1.196826841,26.2737353,-2703849.039,3128153.711,157.6424118,1107.059226,0.1107059226,0.1107059226,2.515907042e-4,969.7257404,Retain,6.086829041,-1.980053627,-8.066882668,2.488762,-1.544679334,10.17636312,-6.684088103,4.405964743,2,0,0,1,0,0
34,39,39,440.0238989,94.78592027,5.608891402,0,-2704600.62,3127540.936,10,10,0.6903091665,685.0948217,1.605711705,0,-2704253.654,3128088.026,472.9272354,6903.091665,0.6903091665,0.6903091665,0.001568799259,647.8376775,Retain,6.086829041,-0.3706157144,-6.457444755,1.977936377,-1.250786001,0,-5.963747743,4.002592133,2,0,0,1,0,0
35,39,39,440.0238989,94.78592027,5.608891402,0,-2704600.62,3127540.936,14,14,0.6903091664,532.851528,1.248886881,0,-2704329.848,3128024.969,367.8322942,6430.453251,0.6430453251,0.6430453251,0.001461387272,554.6226131,Retain,6.086829041,-0.3706157144,-6.457444756,1.726621948,-1.502100429,0,-6.006568663,3.847240131,2,0,0.002,0.998,0,0
36,39,39,440.0238989,94.78592027,5.608891402,0,-2704600.62,3127540.936,25,25,0.4141854999,761.2164687,1.381976598,26.2737353,-2703603.817,3127501.246,315.2848236,3818.143621,0.3818143621,0.3818143621,8.677127834e-4,997.5928305,Retain,6.086829041,-0.8814413382,-6.968270379,2.083296892,-1.400838297,10.17636312,-6.283172986,4.434296632,2,0,0,1,0,0
37,39,39,440.0238989,94.78592027,5.608891402,0,-2704600.62,3127540.936,28,28,0.4141854998,761.2164686,1.381976598,26.2737353,-2703507.48,3127435.562,340.4874767,2490.388031,0.2490388031,0.2490388031,5.65966539e-4,1098.20705,Retain,6.086829041,-0.8814413383,-6.968270379,2.083296892,-1.400838297,10.17636312,-6.459685988,4.530385508,2,0,0,1,0,0
38,9,9,0.5918277054,636.8072143,1.381976598,31.40667937,-2705709.253,3127609.131,19,19,0.4141854999,761.2164686,1.381976598,26.2737353,-2705723.232,3127658.889,239.7237137,1197.382616,0.1197382616,0.1197382616,0.2023194597,51.68381379,Retain,-0.5245397247,-0.8814413382,-0.3569016135,0.1784508068,0,-0.1784445864,-1.368182606,4.779798806,1,0.07,0.534,0.038,0.356,0.002
39,27,27,7.003294513,215.2587767,1.606967639,62.81335874,-2706138.92,3126859.868,44,44,5.798596998,380.6082343,2.585441473,52.5474706,-2706159.251,3126889.131,2118.182548,47777.66034,4.777766034,4.777766034,0.6822169231,35.63218981,Retain,1.946380683,1.757615991,-0.1887646916,0.5699296728,0.475547327,-0.1784476965,0.7623015506,3.172452103,0,0.578,0.122,0.198,0.048,0.054
42,28,28,16.07798599,304.7298326,3.446877619,62.81335874,-2705972.773,3127069.983,30,30,0.8283709998,507.4776458,1.302940032,26.2737353,-2706187.401,3127404.909,321.8773294,4901.7565,0.49017565,0.49017565,0.03048737884,397.7945289,Retain,2.777451007,-0.1882941576,-2.965745164,0.5100270727,-0.9728455095,-0.8715758472,-3.428237613,5.169577566,2,0,0.002,0.998,0,0
43,28,28,16.07798599,304.7298326,3.446877619,62.81335874,-2705972.773,3127069.983,43,43,0.8974019165,585.5511297,1.564780364,37.15667279,-2705580.073,3126833.961,525.474706,8388.107477,0.8388107477,0.8388107477,0.05217138191,458.1699495,Retain,2.777451007,-0.1082514499,-2.885702457,0.6531279163,-0.789723312,-0.5250134043,-2.881707873,5.310881806,2,0,0.006,0.994,0,0
44,32,32,0.6904656562,545.8347552,1.279461712,31.40667937,-2706466.004,3126464.283,48,48,0.5522473332,570.9123514,1.196826841,78.8212059,-2706486.265,3126528.023,169.1070372,1734.922822,0.1734922822,0.1734922822,0.2512685181,66.88291893,Retain,-0.370389045,-0.5937592657,-0.2233702207,0.04491941403,-0.06676569632,0.920142329,-1.08922105,4.960518029,3,0.038,0.298,0.046,0.608,0.01
45,33,33,0.7891036071,716.4081162,1.795240262,31.40667937,-2706468.247,3126280.891,51,51,0.2761236666,951.5205858,1.410473959,131.3686765,-2706469.844,3126314.549,262.737353,1793.489381,0.1793489381,0.1793489381,0.2272818633,33.69661645,Retain,-0.2368576523,-1.286906446,-1.050048794,0.2838113224,-0.2412130746,1.430962878,-1.220626535,4.208220875,1,0,0.75,0.246,0.004,0
46,34,34,71.61115234,108.7659705,2.596440881,62.81335872,-2706858.754,3126864.023,52,52,84.56287289,149.1362877,3.868728573,26.2737353,-2706740.018,3126926.652,8642.436077,635006.3641,63.50063641,63.50063641,0.8867422787,134.2412881,Retain,4.271250821,4.437495316,0.1662444948,0.3156620563,0.3987843037,-0.871575847,2.050224864,3.33638582,4,0.126,0.036,0.124,0.058,0.656
47,36,36,4.241431888,296.189402,1.720762098,44.41575191,-2706770.263,3125874.338,54,54,4.072824082,335.4513251,1.909731914,52.54747059,-2706788.357,3125888.826,1200.175251,31737.74109,3.173774109,3.173774109,0.7482789287,23.17947309,Retain,1.444900922,1.404336637,-0.04056428516,0.1244777429,0.1041956004,0.1681192995,1.08682492,2.993224729,3,0.422,0.038,0.004,0.476,0.06
48,41,41,21.00988354,146.4955564,1.894224031,62.81335873,-2707862.748,3125454.382,58,58,4.417978665,368.714227,2.186234636,26.2737353,-2707812.267,3125594.074,1566.808807,38869.94593,3.886994593,3.886994593,0.1850079076,148.5331519,Retain,3.044992972,1.485682276,-1.559310696,0.9230267954,0.1433714476,-0.8715758469,-1.478615477,4.050683368,2,0.012,0.034,0.948,0.002,0.004
49,41,41,21.00988354,146.4955564,1.894224031,62.81335873,-2707862.748,3125454.382,61,61,7.386308081,263.2243863,2.018063831,26.2737353,-2707987.643,3125322.777,1874.263803,70365.45961,7.036545961,7.036545961,0.3349159908,181.4350361,Retain,3.044992972,1.999628027,-1.045364945,0.5860117525,0.06332928016,-0.8715758469,-0.6845547014,4.250771631,2,0.026,0.098,0.866,0.008,0.002
50,42,42,2.761862625,272.9173776,1.279461712,62.81335874,-2707797.423,3124882.732,66,66,0.5522473332,570.9123514,1.196826841,74.31334558,-2707868.92,3124882.631,287.9930275,4088.358478,0.4088358478,0.4088358478,0.1480290309,71.49726915,Retain,1.015905316,-0.5937592656,-1.609664582,0.7380665946,-0.06676569633,0.16812032,-1.744584388,4.334085527,2,0.002,0.168,0.828,0.002,0
51,46,46,5.425087299,243.1445728,1.597581466,0,-2707436.43,3124808.702,69,69,3.520576749,343.2937015,1.817053906,0,-2707502.891,3124832.402,1111.45564,28600.6577,2.86006577,2.86006577,0.52719258,70.56024302,Retain,1.691033991,1.258624825,-0.4324091659,0.3449301374,0.1287255544,0,0.1086599998,3.983328975,1,0.15,0.556,0.274,0.016,0.004
52,44,44,0.4931897544,764.1686572,1.513879513,393.5245645,-2706446.263,3124777.296,70,70,0.5522473332,666.06441,1.396297981,52.5474706,-2706476.412,3124784.104,297.8661955,2556.006747,0.2556006747,0.2556006747,0.5182603093,30.90864011,Retain,-0.7068612816,-0.5937592657,0.1131020159,-0.1374021427,-0.08085113478,-2.01341004,0.07292775123,4.356863697,3,0.014,0.012,0.078,0.626,0.27
53,46,46,5.425087299,243.1445728,1.597581466,0,-2707436.43,3124808.702,74,74,1.311587416,480.768296,1.553207608,0,-2707382.856,3124674.515,281.2523002,4381.095034,0.4381095034,0.4381095034,0.08075621264,144.4865936,Retain,1.691033991,0.2712381718,-1.419795819,0.6817292248,-0.02816868492,0,-2.420896819,4.700041594,2,0,0.052,0.944,0.004,0
54,47,47,0.7891036072,557.2063125,1.396297981,0,-2707182.749,3124690.927,75,75,1.380618333,570.9123514,1.892349391,26.2737353,-2707216.018,3124656.677,355.549577,5716.243714,0.5716243714,0.5716243714,0.7243971085,47.74835618,Retain,-0.2368576522,0.3225314662,0.5593891184,0.02430012694,0.3039946861,10.17636312,0.9641363679,4.556759353,4,0.004,0.008,0.002,0.06,0.926
56,57,57,22.39081485,137.4605881,1.834882316,62.81335873,-2708055.668,3124672.561,80,80,16.29129633,261.2649744,2.974774712,26.2737353,-2708068.534,3124654.071,4168.926663,150859.2543,15.08592543,15.08592543,0.6737550878,22.52488727,Retain,3.108650823,2.790630998,-0.3180198258,0.6421978757,0.4831879628,-0.8715758471,0.7236409346,2.132704724,0,0.47,0.144,0.314,0.03,0.042
57,57,57,22.39081485,137.4605881,1.834882316,62.81335873,-2708055.668,3124672.561,65,65,0.4141854999,888.0858801,1.612306031,26.2737353,-2707995.91,3124970.21,365.5251632,4081.23805,0.408123805,0.408123805,0.01822728685,303.5886768,Retain,3.108650823,-0.8814413382,-3.990092162,1.865731206,-0.1293148749,-0.8715758471,-3.934047416,4.733716574,2,0,0.042,0.958,0,0
58,60,60,2.170034919,376.2951721,1.563713104,393.5245645,-2706152.753,3124327.609,82,82,2.278020249,346.0074857,1.473192003,342.5675967,-2706179.837,3124344.815,660.3047211,15009.33233,1.500933233,1.500933233,0.6916631705,32.08761933,Retain,0.7747432594,0.8233067541,0.04856349476,-0.08391345778,-0.0596317104,-0.1386741128,0.8061130894,3.653494743,3,0.046,0.01,0.004,0.74,0.2
59,62,62,8.482863776,222.1420515,1.825143822,31.40667936,-2708400.488,3124270.041,83,83,6.695998915,211.8849964,1.546688871,26.27373529,-2708448.161,3124308.536,1326.517642,53301.0696,5.33010696,5.33010696,0.6283381534,61.27415831,Retain,2.138048102,1.901510171,-0.2365379311,-0.04727339121,-0.1655423568,-0.1784445865,0.5239972859,3.618715405,2,0.056,0.088,0.784,0.04,0.032
60,64,64,1.578207214,398.004509,1.410473959,0,-2707396.707,3124017.647,86,86,1.794803833,409.8857908,1.549053529,26.2737353,-2707424.288,3124061.071,485.0882418,8395.150552,0.8395150552,0.8395150552,0.5319422238,51.44284392,Retain,0.4562895282,0.5848957307,0.1286062024,0.02941522753,0.09371832874,10.17636312,0.1276870693,4.284710982,4,0.008,0.044,0.018,0.432,0.498
61,67,67,0.5918277053,636.8072143,1.381976598,0,-2707468.027,3123918.846,89,89,0.3451545833,761.2164686,1.261566261,26.2737353,-2707466.932,3123934.149,262.737353,2552.063147,0.2552063147,0.2552063147,0.4312172485,15.34148298,Retain,-0.5245397247,-1.063762895,-0.5392231702,0.1784508067,-0.09116077836,10.17636312,-0.2763267987,3.565260451,1,0.03,0.926,0.018,0.026,0
62,70,70,0.3945518036,636.8072143,1.128379167,408.2868318,-2705997.147,3123819.392,93,93,0.2761236666,761.2164686,1.128379167,420.3797648,-2706003.485,3123857.955,140.9201647,981.5381547,0.09815381547,0.09815381547,0.2487729484,39.08035098,Retain,-0.9300048328,-1.286906446,-0.3569016133,0.1784508067,0,0.02918848764,-1.10248591,4.703012755,1,0.006,0.746,0.006,0.242,0
63,74,74,5.52372525,329.7751646,2.186397127,31.40667936,-2706669.587,3123807.054,94,94,6.143751582,342.1197612,2.39215905,26.2737353,-2706687.34,3123833.895,1961.289538,35516.16141,3.551616141,3.551616141,0.6429748005,32.18169467,Retain,1.709052497,1.815435562,0.1063830656,0.03674975181,0.08994128463,-0.1784445863,0.5870562223,3.18926757,4,0.012,0.004,0.024,0.054,0.906
64,81,81,5.326449348,212.2690715,1.381976598,31.40667936,-2706468.247,3123480.316,101,101,4.487009582,245.9314745,1.46956121,26.2737353,-2706480.252,3123508.919,1036.636714,39730.27097,3.973027097,3.973027097,0.745905356,31.01951736,Retain,1.672684853,1.501186463,-0.17149839,0.1471982632,0.06144906815,-0.1784445863,1.074303849,3.170671353,0,0.81,0.042,0.04,0.092,0.016
65,86,86,1.08501746,463.1325195,1.360876479,31.40667937,-2707488.964,3123206.962,105,105,0.4141854998,634.3470572,1.151647165,78.82120589,-2707527.361,3123214.249,227.6157285,1784.271213,0.1784271213,0.1784271213,0.1644463135,39.08239845,Retain,0.08159607877,-0.8814413383,-0.963037417,0.3145829811,-0.1669357274,0.9201423288,-1.620643946,4.197264688,1,0.004,0.86,0.136,0,0
66,84,84,12.72429566,291.252912,2.930773258,31.40667937,-2707334.122,3123399.784,106,106,11.597194,326.2356294,3.134028339,78.82120589,-2707336.095,3123413.804,3667.360673,92590.53698,9.259053698,9.259053698,0.7276672865,14.157754540000001,Retain,2.54351321,2.450763172,-0.09275003832,0.1134279067,0.06705288758,0.920142329,0.9805274467,1.950941466,0,0.758,0.074,0.042,0.098,0.028
67,87,87,0.6904656562,636.8072144,1.49270533,62.81335873,-2707327.444,3123171.068,108,108,0.2070927499,1014.955292,1.302940032,131.3686765,-2707321.551,3123170.459,210.1898824,1691.330847,0.1691330847,0.1691330847,0.2449551013,5.925191754,Retain,-0.370389045,-1.574588519,-1.204199474,0.4661328792,-0.1359668577,0.7378316173,-1.12295176,2.536941272,1,0.04,0.724,0.232,0.004,0
68,54,54,3.452328281,309.3063613,1.621212572,94.2200381,-2709608.467,3124523.35,77,77,3.451545832,304.4865874,1.595769122,78.8212059,-2709632.939,3124515.849,975.3051764,27940.19736,2.794019736,2.794019736,0.8093146158,25.59580459,Retain,1.239048867,1.238822198,-2.266694099e-4,-0.01570520779,-0.0158185425,-0.1784487331,1.441567183,3.195308032,3,0.062,0.004,0.006,0.898,0.03
69,95,95,13.11884747,191.5209667,1.95685765,31.40667937,-2706959.065,3122887.936,128,128,9.940451997,243.1663719,2.162726737,52.54747059,-2706972.694,3122884.367,2567.788889,87208.84573,8.720884573,8.720884573,0.6647599642,14.08804327,Retain,2.574049934,2.296612492,-0.277437442,0.2387485777,0.1000298567,0.5146835642,0.6831038944,1.930737398,0,0.754,0.098,0.114,0.016,0.018
70,55,55,2.465948772,483.9734829,2.143920418,0,-2708608.298,3124531.067,79,79,3.175422166,446.8009707,2.246000828,26.27373529,-2708681.121,3124517.083,997.1646188,17729.278010000002,1.772927801,1.772927801,0.7189637598,74.15328003,Retain,0.9025766308,1.155440589,0.2528639583,-0.07991687813,0.04651510101,10.17636312,0.9371653032,4.427224416,4,0.054,0,0.01,0.14,0.796
73,58,58,0.2959138526,849.0762858,1.302940032,94.2200381,-2709718.839,3124369.009,81,81,0.5522473331,666.0644101,1.396297981,78.8212059,-2709734.355,3124344.019,228.5300975,1704.598501,0.1704598501,0.1704598501,0.5760455232,29.41519444,Retain,-1.217686905,-0.5937592658,0.6239276396,-0.2427626583,0.06920116147,-0.1784487331,0.3059391098,4.56275375,4,0,0,0,0.06,0.94
74,66,66,1.775483116,353.7817858,1.329807601,99.31664055,-2709587.977,3123974.681,88,88,1.794803833,351.3306778,1.327760167,52.54747059,-2709581.765,3123989.324,536.1140216,14029.16719,1.402916719,1.402916719,0.7901605522,15.90628074,Retain,0.5740725638,0.5848957306,0.01082316679,-0.006952416648,-0.001540833245,-0.6365872112,1.322403988,3.052105574,3,0.088,0.008,0.012,0.806,0.086
76,72,72,4.833259593,259.921312,1.611970239,31.40667936,-2709902.792,3123762.668,96,96,7.041153498,283.5904491,2.122797534,74.31334558,-2709978.546,3123729.42,1220.095034,38428.06831,3.842806831,3.842806831,0.7950756124,82.72939366,Retain,1.575521104,1.951772006,0.3762509018,0.08715217766,0.2752776286,0.8612515809,1.352185121,4.200191442,4,0.032,0.004,0.004,0.034,0.926
77,73,73,1.479569263,466.9919572,1.602404365,31.40667937,-2709630.9,3123686.437,95,95,1.656742,475.7602929,1.727470747,74.31334558,-2709587.66,3123677.323,670.4151698,9896.635193,0.9896635193,0.9896635193,0.6688862386,44.18976559,Retain,0.3917510071,0.504853023,0.1131020159,0.01860210572,0.07515311368,0.8612515807,0.7016303398,4.165005283,3,0.014,0.004,0.002,0.7,0.28
78,78,78,26.33633289,169.338248,2.451476767,31.40667937,-2708772.404,3123757.226,99,99,24.92016091,177.1251617,2.494311843,52.5474706,-2708730.75,3123744.745,4274.608349,216172.2213,21.61722213,21.61722213,0.8208136728,43.48367283,Retain,3.270949464,3.215677151,-0.05527231342,0.04495842855,0.01732227184,0.5146835643,1.517522227,2.709298738,0,0.716,0.06,0.122,0.062,0.04
79,83,83,1.479569263,424.5381429,1.456731241,133.2472557,-2709140.956,3123259.306,107,107,1.725772916,487.1785399,1.805406667,117.4997163,-2709173.674,3123236.318,606.7765012,9988.334606,0.9988334606,0.9988334606,0.6750839487,39.98632175,Retain,0.3917510071,0.5456750175,0.1539240104,0.1376288122,0.2145908174,-0.125769543,0.7296774161,4.065051887,4,0.026,0.002,0,0.474,0.498
80,89,89,0.2959138527,849.0762858,1.302940032,94.2200381,-2710095.719,3123144.148,109,109,0.3451545832,913.4597624,1.513879513,52.54747059,-2710120.579,3123151.192,206.9092202,870.0817254,0.08700817254,0.08700817254,0.2940321034,25.83882057,Retain,-1.217686905,-1.063762895,0.1539240103,0.07309029113,0.1500522963,-0.583907498,-0.8739010813,4.43312513,3,0.004,0.016,0.002,0.808,0.17
81,92,92,7.200570415,366.3822329,2.773402636,94.22003809,-2708612.721,3123082.195,111,111,3.313483999,412.3255871,2.117277552,26.27373529,-2708455.7,3123100.396,1270.187153,23071.03613,2.307103613,2.307103613,0.3204056734,158.0723217,Retain,1.974160247,1.198000204,-0.7761600436,0.1181361566,-0.2699438652,-1.277035649,-0.7502623208,4.648343806,2,0.022,0.06,0.902,0.012,0.004
82,92,92,7.200570415,366.3822329,2.773402636,94.22003809,-2708612.721,3123082.195,114,114,2.623174833,420.672259,1.921996357,78.82120589,-2708872.162,3123087.028,1024.179265,20637.1357,2.06371357,2.06371357,0.2866041786,259.4857021,Retain,1.974160247,0.9643853523,-1.009774895,0.1381769076,-0.3667105398,-0.1784487332,-0.9098520253,5.143990276,2,0.006,0.038,0.95,0.002,0.004
83,92,92,7.200570415,366.3822329,2.773402636,94.22003809,-2708612.721,3123082.195,115,115,0.2070927499,1014.955291,1.302940032,26.27373529,-2708302.437,3123004.059,63.88316722,16.79956601,0.001679956601,0.001679956601,0.00023330882190000001,319.9716374,Retain,1.974160247,-1.574588519,-3.548748766,1.018922702,-0.7554516809,-1.277035649,-6.69882102,5.353520303,2,0,0.01,0.99,0,0
84,98,98,0.7891036071,477.6054108,1.196826841,125.6267175,-2708843.377,3122394.314,133,133,0.6903091665,532.851528,1.248886881,131.3686765,-2708833.166,3122360.352,289.2038393,3644.472957,0.3644472957,0.3644472957,0.4618497399,35.46371608,Retain,-0.2368576523,-0.3706157144,-0.1337580621,0.1094579352,0.04257890417,0.04469239666,-0.1525918423,4.259332058,3,0.026,0.098,0.006,0.862,0.008
85,100,100,12.62565771,199.0022545,1.994711402,125.6267175,-2709076.719,3122551.593,134,134,12.0113795,214.3655572,2.095783996,83.08484618,-2709070.566,3122558.764,2525.011091,103197.782,10.3197782,10.3197782,0.8173655924,9.449481024,Retain,2.53573107,2.485854492,-0.04987657807,0.07436661538,0.04942832635,-0.4134485455,1.494362305,1.55056505,0,0.514,0.182,0.064,0.166,0.074
86,75,75,0.3945518036,636.8072143,1.128379167,177.6630076,-2710802.369,3123630.952,97,97,0.4141854999,761.2164686,1.381976598,185.783364,-2710785.305,3123595.218,169.5190499,1378.512412,0.1378512412,0.1378512412,0.3493869245,39.59962462,Retain,-0.9300048328,-0.8814413382,0.04856349464,0.1784508067,0.202732554,0.04469249864,-0.6204129007,4.716212251,3,0.008,0.18,0.004,0.728,0.08
87,79,79,0.7891036071,477.6054108,1.196826841,177.6630076,-2711002.587,3123422.883,100,100,0.966432833,489.3534441,1.357074079,185.783364,-2711014.262,3123390.658,337.1043964,5281.96643,0.528196643,0.528196643,0.6693628545,34.27447412,Retain,-0.2368576523,-0.03414347783,0.2027141745,0.02430012688,0.1256572141,0.04469249864,0.7037777038,4.225223827,3,0.004,0.002,0.002,0.666,0.326
88,91,91,9.469243285,165.8352121,1.439558956,44.41575191,-2710393.428,3123199.437,116,116,10.07851383,187.6972114,1.680935838,0,-2710391.019,3123177.177,1627.823325,85096.66326,8.509666326,8.509666326,0.8986638182,22.38988291,Retain,2.248048997,2.310405814,0.0623568169,0.12383549,0.1550138984,-10.70137197,2.173757865,2.556994307,0,0.68,0.018,0.024,0.036,0.242
89,94,94,0.887741558,495.2945001,1.316442362,44.41575191,-2710444.682,3122962.688,120,120,1.311587416,480.768296,1.553207608,0,-2710436.141,3122959.808,439.6935111,8240.232553,0.8240232553,0.8240232553,0.9282242652,9.013633678,Retain,-0.1190746167,0.2712381718,0.3903127885,-0.02976709441,0.1653892998,-10.70137197,2.546967528,2.830751472,4,0.012,0,0,0.012,0.976
90,102,102,1.08501746,463.1325196,1.360876479,44.41575191,-2710909.437,3122181.962,137,137,0.4832164165,652.4712588,1.279461712,26.2737353,-2710948.577,3122152.039,253.3665413,2197.583309,0.2197583309,0.2197583309,0.2025389812,49.26780304,Retain,0.08159607868,-0.7272906584,-0.808886737,0.3427538579,-0.06168951059,-0.5250088509,-1.366828608,4.428857986,1,0.014,0.852,0.124,0.01,0
91,107,107,2.860500576,351.3419114,1.676278008,31.40667937,-2712253.033,3121881.383,141,141,0.4141854999,634.3470571,1.151647165,0,-2712243.497,3121939.972,262.737353,3779.821777,0.3779821777,0.3779821777,0.1321384729,59.36000187,Retain,1.050996636,-0.8814413381,-1.932437974,0.5908363576,-0.3753826294,-10.35480771,-1.875794029,4.130504101,2,0,0.166,0.834,0,0
92,107,107,2.860500576,351.3419114,1.676278008,31.40667937,-2712253.033,3121881.383,145,145,3.313483999,396.4669107,2.0358438,0,-2712325.055,3121831.046,880.6050522,15418.39304,1.541839304,1.541839304,0.5390103108,87.869606,Retain,1.050996636,1.198000204,0.1470035676,0.1208327284,0.1943345122,-10.35480771,0.1560456602,4.522731971,4,0.052,0.086,0.098,0.218,0.546
94,114,114,15.58479624,173.3082925,1.930034071,31.40667937,-2711871.588,3121542.805,148,148,0.9664328331,434.9808392,1.20628807,0,-2712072.718,3121724.152,412.7486319,8834.712646,0.8834712646,0.8834712646,0.05668802152,270.8137374,Retain,2.746295839,-0.03414347775,-2.780439317,0.9202299361,-0.4699897223,-10.35480771,-2.795407045,4.800651985,2,0,0.034,0.966,0,0
95,114,114,15.58479624,173.3082925,1.930034071,31.40667937,-2711871.588,3121542.805,149,149,0.5522473332,570.9123514,1.196826841,0,-2711931.496,3121713.361,296.2747381,4922.300243,0.4922300243,0.4922300243,0.03158398844,180.771787,Retain,2.746295839,-0.5937592656,-3.340055105,1.192163652,-0.4778639008,-10.35480771,-3.392872825,4.396457945,2,0,0.03,0.97,0,0
96,114,114,15.58479624,173.3082925,1.930034071,31.40667937,-2711871.588,3121542.805,150,150,0.2761236666,761.2164686,1.128379167,0,-2711993.896,3121650.961,210.1898824,2761.236666,0.2761236666,0.2761236666,0.01771750252,163.2702581,Retain,2.746295839,-1.286906446,-4.033202285,1.479845724,-0.5367554186,-10.35480771,-3.961437412,4.294630001,2,0,0,1,0,0
97,114,114,15.58479624,173.3082925,1.930034071,31.40667937,-2711871.588,3121542.805,154,154,0.966432833,489.3534441,1.357074079,26.2737353,-2712029.554,3121521.469,472.9272354,9163.887234,0.9163887234,0.9163887234,0.05880017354,159.4004861,Retain,2.746295839,-0.03414347778,-2.780439317,1.038012972,-0.3522066866,-0.1784445866,-2.757208819,4.270643113,2,0,0.016,0.984,0,0
98,114,114,15.58479624,173.3082925,1.930034071,31.40667937,-2711871.588,3121542.805,159,159,8.628864581,243.58927,2.018506018,26.2737353,-2711811.347,3121438.775,2041.634548,71803.19973,7.180319973,7.180319973,0.4607259449,120.2138591,Retain,2.746295839,2.15511293,-0.5911829091,0.3404114408,0.04481998628,-0.1784445866,-0.1571049982,3.988497658,2,0.042,0.39,0.558,0.006,0.004
99,123,123,22.4894528,164.7878318,2.204497709,44.4157519,-2712147.76,3121096.378,174,174,22.36601699,187.9546836,2.50750926,52.54747059,-2712139.943,3121078.859,3962.331708,197675.1033,19.76751033,19.76751033,0.8789680435,19.18380139,Retain,3.113046435,3.107542708,-0.005503726521,0.1315421106,0.1287902473,0.1681192997,1.975602644,1.969960097,0,0.552,0.15,0.032,0.18,0.086
100,125,125,0.7891036071,636.8072143,1.595769122,44.41575191,-2712007.6,3120800.425,178,178,1.2425565,465.1878419,1.462788361,58.74985815,-2711996.816,3120788.307,467.8564203,6753.550149,0.6753550149,0.6753550149,0.8558508778,16.22199655,Retain,-0.2368576523,0.2171709505,0.4540286027,-0.3140256783,-0.08701137697,0.2796890662,1.775502256,3.477223545,4,0.018,0,0,0.044,0.938
101,126,126,2.959138527,254.7228857,1.236077446,44.4157519,-2711711.069,3120853.555,179,179,2.554143916,308.6012711,1.391282943,52.54747059,-2711727.254,3120837.541,699.8898389,21850.696,2.1850696,2.1850696,0.7384140959,22.76813276,Retain,1.084898188,0.9377171053,-0.1471810824,0.191873827,0.1182832858,0.1681192997,1.035279828,3.155321642,0,0.706,0.062,0.018,0.196,0.018
102,131,131,1.972759018,413.9246893,1.640036139,44.41575191,-2711177.679,3120542.105,186,186,1.173525583,537.3292719,1.642032879,83.08484618,-2711189.457,3120557.51,630.5696472,10510.21213,1.051021213,1.051021213,0.5327671568,19.39158669,Retain,0.6794330796,0.1600125367,-0.5194205428,0.2609270285,0.001216757111,0.626257671,0.1309940075,3.197539267,1,0.352,0.552,0.064,0.032,0
103,133,133,1.874121067,335.1616918,1.294339674,62.81335874,-2711472.654,3120453.092,188,188,1.587711083,397.1564184,1.411699925,52.5474706,-2711466.708,3120452.079,609.3607825,14758.73454,1.475873454,1.475873454,0.7875016615,6.031052999,Retain,0.6281397851,0.4622934085,-0.1658463766,0.1697171267,0.0867939384,-0.1784476965,1.306505463,2.055382467,0,0.826,0.024,0.026,0.116,0.008
105,149,149,1.479569263,424.5381429,1.456731241,99.31664054,-2710518.662,3119641.257,203,203,0.1380618333,1141.824703,1.196826841,52.54747059,-2710548.841,3119614.747,157.6424118,1380.618333,0.1380618333,0.1380618333,0.09331217991,40.16901863,Retain,0.3917510071,-1.980053627,-2.371804634,0.9893810229,-0.1965212941,-0.6365872112,-2.264290166,4.069610352,2,0.002,0.38,0.618,0,0
106,149,149,1.479569263,424.5381429,1.456731241,99.31664054,-2710518.662,3119641.257,207,207,0.1380618333,1141.824703,1.196826841,37.15667279,-2710588.252,3119522.789,16.77272118,7.2507353,7.2507353e-4,7.2507353e-4,4.900571727e-4,137.3950139,Retain,0.3917510071,-1.980053627,-2.371804634,0.9893810228,-0.1965212941,-0.983152919,-6.509450602,5.299356808,2,0.002,0.1,0.886,0.008,0.004
107,97,97,22.58809075,183.533957,2.460658009,31.40667937,-2707583.87,3122752.594,117,117,0.1380618333,1141.824703,1.196826841,26.2737353,-2707685.004,3122925.237,157.6424118,1380.618333,0.1380618333,0.1380618333,0.006112151522,200.0848709,Retain,3.11742281,-1.980053627,-5.097476437,1.827983176,-0.7207550418,-0.1784445863,-4.940825213,4.312400167,2,0,0,1,0,0
108,97,97,22.58809075,183.533957,2.460658009,31.40667937,-2707583.87,3122752.594,118,118,0.2761236666,761.2164687,1.128379167,26.2737353,-2707606.183,3122938.374,259.4759833,1987.28028,0.198728028,0.198728028,0.008797911704,187.1158739,Retain,3.11742281,-1.286906446,-4.404329256,1.422518068,-0.7796465597,-0.1784445863,-4.617757533,4.245386954,2,0,0.002,0.998,0,0
109,97,97,22.58809075,183.533957,2.460658009,31.40667937,-2707583.87,3122752.594,121,121,0.2761236666,761.2164686,1.128379167,58.74985815,-2707343.445,3122885.827,210.1898824,2654.54829,0.265454829,0.265454829,0.01175198169,274.8730857,Retain,3.11742281,-1.286906446,-4.404329256,1.422518068,-0.7796465597,0.6262533308,-4.351258391,4.629966661,2,0,0,1,0,0
110,97,97,22.58809075,183.533957,2.460658009,31.40667937,-2707583.87,3122752.594,122,122,0.20709275,1014.955291,1.302940032,37.1566728,-2707768.204,3122863.932,210.1898824,1775.796332,0.1775796332,0.1775796332,0.007861648651,215.3491476,Retain,3.11742281,-1.574588519,-4.692011328,1.710200141,-0.6358055235,0.1681178565,-4.719137156,4.385918835,2,0,0.002,0.998,0,0
111,97,97,22.58809075,183.533957,2.460658009,31.40667937,-2707583.87,3122752.594,124,124,0.5522473332,666.06441,1.396297981,37.15667279,-2707655.446,3122774.163,330.0301112,4294.008393,0.4294008393,0.4294008393,0.01901005463,74.7553009,Retain,3.11742281,-0.5937592657,-3.711182075,1.288986676,-0.566604362,0.1681178563,-3.89334619,3.32788704,2,0,0.002,0.998,0,0
112,97,97,22.58809075,183.533957,2.460658009,31.40667937,-2707583.87,3122752.594,125,125,0.1380618333,1141.824703,1.196826841,78.82120589,-2707356.582,3122754.458,157.6424118,1380.618333,0.1380618333,0.1380618333,0.006112151523,227.2956054,Retain,3.11742281,-1.980053627,-5.097476436,1.827983176,-0.7207550419,0.9201423289,-4.940825212,4.439909335,2,0,0.002,0.998,0,0
113,97,97,22.58809075,183.533957,2.460658009,31.40667937,-2707583.87,3122752.594,126,126,1.380618333,418.6690577,1.387722887,94.73129981,-2707913.585,3122746.576,466.1672155,9747.797439,0.9747797439,0.9747797439,0.04315458772,329.7701379,Retain,3.11742281,0.3225314662,-2.794891343,0.8246810674,-0.5727646042,1.104002588,-3.076989566,4.812052431,2,0,0.022,0.978,0,0
114,97,97,22.58809075,183.533957,2.460658009,31.40667937,-2707583.87,3122752.594,127,127,0.2761236666,951.5205858,1.410473959,26.27373529,-2707494.519,3122708.479,262.737353,2761.236666,0.2761236666,0.2761236666,0.01222430305,99.64764763,Retain,3.11742281,-1.286906446,-4.404329256,1.64566162,-0.5565030084,-0.1784445867,-4.314411231,3.615304013,2,0,0.004,0.996,0,0
115,97,97,22.58809075,183.533957,2.460658009,31.40667937,-2707583.87,3122752.594,129,129,0.6212782499,676.6368609,1.504505556,26.27373529,-2707572.611,3122639.146,420.3797648,6212.782499,0.6212782499,0.6212782499,0.02750468186,114.0052339,Retain,3.11742281,-0.47597623,-3.59339904,1.304735032,-0.4919644873,-0.1784445867,-3.530824666,3.749906668,2,0,0.076,0.924,0,0
116,97,97,22.58809075,183.533957,2.460658009,31.40667937,-2707583.87,3122752.594,130,130,0.2761236666,951.5205856,1.410473959,26.2737353,-2707481.382,3122550.837,258.1688943,2701.221429,0.2701221429,0.2701221429,0.01195860889,226.2952515,Retain,3.11742281,-1.286906446,-4.404329256,1.645661619,-0.5565030084,-0.1784445866,-4.334975836,4.435498526,2,0,0,1,0,0
117,97,97,22.58809075,183.533957,2.460658009,31.40667937,-2707583.87,3122752.594,131,131,1.311587416,400.6402466,1.294339674,52.54747059,-2707693.992,3122571.233,525.474706,12184.98814,1.218498814,1.218498814,0.05394430309,212.1753134,Retain,3.11742281,0.2712381719,-2.846184638,0.780664182,-0.6424281368,0.514683564,-2.847037904,4.371071134,2,0,0.004,0.996,0,0
118,163,163,5.425087299,266.3011987,1.749732082,0,-2710699.869,3119253.717,220,220,7.731462665,258.2698733,2.025814377,37.15667279,-2710710.002,3119214.776,1444.707251,49628.12663,4.962812663,4.962812663,0.9147894569,40.23810902,Retain,1.691033991,2.045298064,0.3542640727,-0.03062293558,0.14650910079999999,10.52292556,2.362994007,3.421687331,4,0.014,0,0.01,0.004,0.972
119,103,103,3.550966232,229.9581607,1.222410764,88.83150382,-2708336.945,3122118.197,138,138,2.208989333,309.2441904,1.296562411,117.4997163,-2708347.595,3122143.594,660.3047211,20769.95237,2.076995237,2.076995237,0.5849098812,27.53951934,Retain,1.267219744,0.7925350954,-0.474684649,0.2962338424,0.05889151782,0.2796918127,0.3422641229,3.254413422,1,0.276,0.612,0.1,0.012,0
120,109,109,54.84270069,124.8417021,2.608039507,31.40667937,-2707432.478,3122163.876,132,132,1.2425565,465.1878419,1.462788361,52.5474706,-2707790.099,3122426.036,494.832481,8478.680607,0.8478680607,0.8478680607,0.01545999832,443.4198291,Retain,4.0044691,0.2171709505,-3.78729815,1.315394734,-0.5782543412,0.5146835642,-4.092256623,4.664649665,2,0,0.002,0.998,0,0
121,109,109,54.84270069,124.8417021,2.608039507,31.40667937,-2707432.478,3122163.876,146,146,38.10506599,142.0385802,2.473390848,52.54747059,-2707281.474,3122142.975,5227.758924,361090.6206,36.10906206,36.10906206,0.6584114495,152.4435713,Retain,4.0044691,3.640347239,-0.3641218613,0.1290521606,-0.05300877002,0.5146835642,0.6548175282,3.596931456,2,0.246,0.26,0.48,0.006,0.008
122,109,109,54.84270069,124.8417021,2.608039507,31.40667937,-2707432.478,3122163.876,136,136,3.451545833,426.2812224,2.23407677,78.82120589,-2708108.537,3122346.69,1376.196463,28312.7432,2.83127432,2.83127432,0.05162536281,700.340365,Retain,4.0044691,1.238822198,-2.765646902,1.228052723,-0.1547707277,0.9201423289,-2.892605305,5.121698273,2,0,0.022,0.978,0,0
123,108,108,4.635983692,230.3345243,1.39902365,31.40667937,-2707918.635,3121864.493,143,143,2.139958416,392.8859193,1.621303049,52.5474706,-2707966.811,3121901.409,735.9682492,17191.23688,1.719123688,1.719123688,0.3708217722,60.69397543,Retain,1.533848408,0.7607863971,-0.7730620106,0.533986582,0.1474555768,0.5146835643,-0.5275880483,3.911301657,2,0.034,0.442,0.522,0.002,0
124,111,111,4.044155986,279.573899,1.586008974,125.6267175,-2708391.332,3121730.848,151,151,4.141854999,291.7996463,1.675240927,157.6424118,-2708395.708,3121766.566,1072.854658,27357.33463,2.735733463,2.735733463,0.6764658614,35.98500666,Retain,1.397272873,1.421143755,0.02387088211,0.04280076923,0.05473621029,0.2270126848,0.7359684282,3.456858666,3,0.062,0.012,0.014,0.668,0.244
125,117,117,1.972759018,350.2439679,1.387722887,70.22747001,-2707127.788,3121105.855,165,165,1.587711083,430.2527866,1.529341586,74.31334559,-2707129.257,3121112.35,639.6175054,14562.88728,1.456288728,1.456288728,0.7381989971,6.659000156,Retain,0.6794330796,0.4622934085,-0.2171396711,0.205742949,0.09717311348,0.05655022512,1.034170061,2.128767911,0,0.88,0.032,0.03,0.054,0.004
126,118,118,0.1972759018,955.2108215,1.196826841,0,-2707269.118,3120992.791,168,168,0.5522473332,570.9123514,1.196826841,74.31334559,-2707281.045,3121003.971,175.5201402,1727.209125,0.1727209125,0.1727209125,0.8755297071,16.34785506,Retain,-1.623152013,-0.5937592657,1.029392748,-0.5146963738,0,11.21605929,1.943901576,4.178098818,4,0.004,0.004,0.006,0.068,0.918
127,129,129,9.271967383,189.6872553,1.629367945,314.0667937,-2708039.584,3120631.614,183,183,9.250142831,210.1866369,1.803326599,316.3776685,-2708038.327,3120671.774,1707.374837,71675.04343,7.167504343,7.167504343,0.7730295035,40.18005841,Retain,2.226995588,2.224638993,-0.002356595672,0.1026191915,0.1014408936,0.007330948264,1.222393772,3.152262849,3,0.236,0.048,0.01,0.638,0.068
128,150,150,0.2959138527,849.0762858,1.302940032,169.1301444,-2707583.184,3119563.787,205,205,0.2761236666,951.5205858,1.410473959,176.2495744,-2707579.909,3119588.473,196.7482975,391.4004616,0.03914004616,0.03914004616,0.1322683808,24.90245137,Retain,-1.217686905,-1.286906446,-0.06921954113,0.1139122857,0.07930251509,0.04123228443,-1.874669243,4.396214799,3,0.006,0.036,0.008,0.948,0.002
129,151,151,0.2959138527,849.0762858,1.302940032,222.0787596,-2707248.18,3119584.725,206,206,0.4832164166,652.4712588,1.279461712,185.783364,-2707251.487,3119595.98,249.2957681,2499.010682,0.2499010682,0.2499010682,0.844506149,11.73098903,Retain,-1.217686905,-0.7272906583,0.490396247,-0.2633819456,-0.01818382208,-0.178449927,1.686918723,3.643527612,4,0.004,0,0,0.1,0.896
130,154,154,0.5918277053,530.6726786,1.151647165,169.1301444,-2707834.438,3119453.864,208,208,0.4141854999,761.2164686,1.381976598,176.2495744,-2707842.646,3119492.136,212.9561137,1374.388923,0.1374388923,0.1374388923,0.2322278783,39.14279813,Retain,-0.5245397248,-0.8814413381,-0.3569016134,0.3607723635,0.1823215568,0.04123228443,-1.192778601,4.501876802,1,0.036,0.528,0.034,0.386,0.016
131,158,158,0.3945518035,796.009018,1.410473959,222.0787596,-2707276.969,3119288.979,216,216,0.3451545833,761.2164686,1.261566261,185.783364,-2707293.525,3119320.481,187.0305689,1528.478857,0.1528478857,0.1528478857,0.3873962414,35.58795956,Retain,-0.9300048329,-1.063762895,-0.133758062,-0.04469274469,-0.1115717757,-0.178449927,-0.4573233165,4.609402824,3,0.008,0.108,0.038,0.83,0.016
132,183,183,14.10522698,209.3002733,2.217455447,62.81335874,-2708654.745,3118764.344,231,231,3.727669499,380.6082343,2.072964897,0,-2708767.579,3118873.244,1451.910465,31698.92233,3.169892233,3.169892233,0.2247317422,156.8138002,Retain,2.646545436,1.315783239,-1.330762197,0.5980006547,-0.06738044387,-11.04793897,-1.235150841,4.304157717,2,0.004,0.032,0.96,0.004,0
133,184,184,1.08501746,521.0240845,1.530986039,94.2200381,-2708319.814,3118493.105,233,233,0.8283709997,697.7817629,1.791542544,0,-2708289.3,3118570.366,279.4235621,1890.650881,0.1890650881,0.1890650881,0.1742507334,83.06854397,Retain,0.08159607878,-0.1882941576,-0.2698902364,0.2921101252,0.157165007,-11.45339877,-1.551283754,4.95124504,3,0.102,0.222,0.264,0.322,0.09
134,183,183,14.10522698,209.3002733,2.217455447,62.81335874,-2708654.745,3118764.344,236,236,10.28560658,219.6799205,1.987469099,0,-2708594.445,3118638.916,1725.210149,78887.83843,7.888783843,7.888783843,0.5592808861,139.1704076,Retain,2.646545436,2.330745499,-0.3157999377,0.04840164498,-0.1094983239,-11.04793897,0.2377640493,4.184798546,2,0.074,0.056,0.854,0.006,0.01
136,191,191,0.6904656562,545.8347552,1.279461712,226.4767857,-2707758.165,3118128.053,241,241,0.3451545833,761.2164686,1.261566261,242.2318706,-2707766.452,3118164.437,234.1842709,2657.075133,0.2657075133,0.2657075133,0.3848236489,37.31559782,Retain,-0.3703890449,-1.063762895,-0.69337385,0.3326014865,-0.01408543849,0.06725267509,-0.4681528098,4.376997675,1,0,0.956,0.022,0.022,0
137,190,190,7.595122218,181.9449184,1.414498144,31.40667937,-2708679.563,3118237.365,242,242,7.179215332,182.984728,1.383083508,26.27373529,-2708677.343,3118238.913,1314.843085,66680.06102,6.668006102,6.668006102,0.8779326929,2.706695292,Retain,2.027506228,1.971190092,-0.05631613606,0.005698700887,-0.02245936714,-0.1784445867,1.965976904,0.5547096561,0,0.538,0.042,0.054,0.246,0.12
138,192,192,1.479569263,382.0843286,1.311058117,31.40667937,-2708621.699,3118047.891,243,243,1.380618333,380.6082343,1.261566261,26.27373529,-2708609.839,3118054.087,493.563977,12083.80057,1.208380057,1.208380057,0.8167107056,13.38014013,Retain,0.3917510071,0.3225314663,-0.0692195408,-0.003870750198,-0.03848052059,-0.1784445867,1.490001838,2.970335702,3,0.224,0.024,0.014,0.706,0.032
139,195,195,1.874121067,502.7425376,1.94150951,133.2472557,-2708312.15,3117922.375,248,248,1.518680166,553.6119772,1.924569974,131.3686765,-2708322.739,3117929.645,778.8245019,12115.63262,1.211563262,1.211563262,0.646470115,12.84468073,Retain,0.6281397852,0.417841646,-0.2102981392,0.09638585368,-0.008763215947,-0.01419866589,0.6022799937,2.811302675,0,0.482,0.27,0.016,0.23,0.002
140,197,197,0.5918277054,636.8072143,1.381976598,140.45494,-2707949.596,3117825.951,251,251,0.7593400831,553.6119772,1.360876479,153.2008866,-2707960.878,3117832.91,359.8542444,5057.771625,0.5057771625,0.5057771625,0.8546020369,13.25604691,Retain,-0.5245397247,-0.2753055346,0.2492341902,-0.1400029244,-0.01538582932,0.08686272653,1.765476669,3.419164058,4,0.024,0.002,0.006,0.352,0.616
141,199,199,0.4931897544,636.8072144,1.261566261,253.2087441,-2708079.41,3117509.79,266,266,0.6212782498,676.636861,1.504505556,216.6587716,-2708083.489,3117530.364,311.7789553,3321.819787,0.3321819787,0.3321819787,0.6735378741,20.97410733,Retain,-0.7068612816,-0.47597623,0.2308850516,0.06066777097,0.1761102967,-0.1558899228,0.7226554234,3.969131953,4,0.002,0,0,0.458,0.54
142,204,204,0.3945518036,636.8072143,1.128379167,609.807408,-2707379.041,3117223.989,270,270,0.3451545832,761.2164686,1.261566261,618.4102831,-2707393.365,3117244.856,170.8492633,1820.406863,0.1820406863,0.1820406863,0.46138602,25.31009313,Retain,-0.9300048328,-1.063762895,-0.1337580622,0.1784508068,0.1115717757,0.01400892016,-0.1544539489,4.268610123,3,0.036,0.276,0.002,0.678,0.008
143,207,207,0.3945518035,636.8072144,1.128379167,94.2200381,-2708038.581,3117035.549,271,271,0.4141854999,634.3470572,1.151647165,52.5474706,-2708065.973,3117053.058,167.1951736,1744.492949,0.1744492949,0.1744492949,0.4421454759,32.50924869,Retain,-0.9300048329,-0.8814413382,0.04856349473,-0.003870750101,0.02041099726,-0.5839074979,-0.2319910921,4.518922743,3,0,0.01,0.004,0.93,0.056
144,208,208,0.7891036071,557.2063126,1.396297981,70.22747001,-2708666.715,3117019.846,272,272,0.6212782499,676.6368609,1.504505556,52.5474706,-2708681.946,3117004.889,357.9830896,4709.191537,0.4709191537,0.4709191537,0.5967773426,21.34713944,Retain,-0.2368576523,-0.47597623,-0.2391185777,0.1941991636,0.07463987479,-0.2900177914,0.3912524893,3.751758359,3,0.122,0.13,0.036,0.71,0.002
145,210,210,0.7891036071,477.6054108,1.196826841,70.22747001,-2708855.155,3116909.923,276,276,0.7593400832,484.41048,1.19076692,52.5474706,-2708837.465,3116910.941,328.1349929,5916.104359,0.5916104359,0.5916104359,0.7497246629,17.71874298,Retain,-0.2368576523,-0.2753055345,-0.03844788226,0.01414775539,-0.005076185742,-0.2900177914,1.094489659,3.565473209,3,0.05,0.016,0,0.904,0.03
146,101,101,0.1972759017,955.2108217,1.196826841,94.2200381,-2708588.198,3122186.245,135,135,0.1380618333,1141.824703,1.196826841,78.82120589,-2708591.448,3122202.71,133.6119853,1054.726778,0.1054726778,0.1054726778,0.5346455235,16.7826444,Retain,-1.623152014,-1.980053626,-0.3569016128,0.1784508063,0,-0.1784487333,0.1385265815,4.204345814,3,0.194,0.19,0.01,0.596,0.01
147,212,212,0.1972759017,955.2108216,1.196826841,94.2200381,-2708085.691,3116878.516,278,278,0.5522473333,666.0644099,1.396297981,52.5474706,-2708082.394,3116918.405,188.4400762,1532.113241,0.1532113241,0.1532113241,0.7766347678,40.02486999,Retain,-1.623152014,-0.5937592655,1.029392748,-0.3605456943,0.1541506798,-0.5839074979,1.242981739,5.073466945,4,0,0,0.006,0.012,0.982
148,105,105,7.101932464,221.1136161,1.662259502,94.2200381,-2708799.757,3122003.475,142,142,7.179215331,234.2204519,1.77034689,78.82120589,-2708802.648,3122009.446,1558.701829,59518.84449,5.951884449,5.951884449,0.8380654813,6.634044236,Retain,1.960366925,1.971190092,0.01082316675,0.05758610449,0.06299768787,-0.1784487333,1.638940356,1.484546815,3,0.212,0.102,0.02,0.408,0.258
149,112,112,0.1972759018,955.2108215,1.196826841,62.81335873,-2710095.719,3121495.298,155,155,0.1380618333,1141.824703,1.196826841,58.74985815,-2710089.051,3121493.319,149.4391559,1165.08816,0.116508816,0.116508816,0.5905881811,6.955537685,Retain,-1.623152013,-1.980053627,-0.3569016135,0.1784508068,0,-0.06687792986,0.3656496609,3.323622841,0,0.72,0.106,0.004,0.168,0.002
150,113,113,13.90795107,234.8508876,2.470693376,140.45494,-2709262.885,3121783.861,153,153,11.66622491,234.2204519,2.256758334,37.15667279,-2709267.724,3121797.332,2693.9892,106888.4306,10.68884306,10.68884306,0.7685418936,14.31475002,Retain,2.632460696,2.456697908,-0.17576278880000001,-0.002688017865,-0.09056941227,-1.32972356,1.197085373,1.917494926,2,0.35,0.052,0.474,0.07,0.054
151,113,113,13.90795107,234.8508876,2.470693376,140.45494,-2709262.885,3121783.861,157,157,0.4141854999,761.2164686,1.381976598,37.15667279,-2708797.259,3121427.635,283.2691293,2962.325456,0.2962325456,0.2962325456,0.02129951019,586.2633766,Retain,2.632460696,-0.8814413381,-3.513902035,1.175966978,-0.5809840388,-1.32972356,-3.782682189,5.629905437,2,0,0,1,0,0
152,121,121,8.976053531,237.9279702,2.010866711,140.45494,-2710351.114,3121157.245,176,176,7.800493581,316.6121595,2.4945011,153.2008866,-2710332.955,3121124.208,2172.709525,67950.84726,6.795084726,6.795084726,0.757023641,37.69855556,Retain,2.194560313,2.054187011,-0.1403733012,0.2857095716,0.215522921,0.08686272652,1.133643243,3.104733092,0,0.662,0.094,0.062,0.112,0.07
153,128,128,78.21989505,159.0010447,3.966921991,44.41575191,-2710061.698,3121591.241,156,156,12.97781233,202.4511885,2.05738772,26.2737353,-2710813.814,3121727.127,2364.293931,115773.8775,11.57738775,11.57738775,0.148010781,764.2931807,Retain,4.359524028,2.563241155,-1.796282872,0.2415880402,-0.6565533959,-0.5250088512,-1.74472825,5.031555697,2,0,0.002,0.996,0,0.002
154,128,128,78.21989505,159.0010447,3.966921991,44.41575191,-2710061.698,3121591.241,167,167,56.05310432,161.2428973,3.405457745,26.2737353,-2709930.696,3121649.02,8933.366444,501909.0491,50.19090491,50.19090491,0.6416641812,143.1778816,Retain,4.359524028,4.026299533,-0.3332244948,0.01400113426,-0.1526111131,-0.5250088512,0.5813649394,3.356697698,2,0.032,0.04,0.92,0.002,0.006
155,128,128,78.21989505,159.0010447,3.966921991,44.41575191,-2710061.698,3121591.241,182,182,8.007586331,203.428539,1.62389432,52.54747059,-2709492.456,3120761.505,1533.360482,70111.00042,7.011100042,7.011100042,0.08963320697,1006.229892,Retain,4.359524028,2.080389384,-2.279134644,0.246404011,-0.893163311,0.1681192995,-2.308124774,5.306569768,2,0,0.018,0.98,0,0.002
156,138,138,0.1972759018,955.2108214,1.196826841,345.473473,-2709467.585,3120207.624,192,192,0.5522473332,570.9123515,1.196826841,315.2848236,-2709461.765,3120189.485,174.7380864,1757.592018,0.1757592018,0.1757592018,0.8909309256,19.04993353,Retain,-1.623152013,-0.5937592657,1.029392747,-0.5146963736,0,-0.09143915253,2.092280574,4.331057054,4,0,0,0.002,0.034,0.964
157,139,139,1.183655411,530.6726786,1.62867504,314.0667937,-2708637.925,3120278.289,193,193,1.587711083,529.5418912,1.882266567,316.3776685,-2708653.134,3120283.014,628.1335873,7971.635739,0.7971635739,0.7971635739,0.6734760529,15.92548357,Retain,0.1686074558,0.4622934086,0.2936859528,-0.002133130241,0.1447098462,0.007330948264,0.7223749982,3.256044572,4,0.002,0,0,0.08,0.918
160,146,146,0.1972759018,955.2108214,1.196826841,44.4157519,-2709781.652,3119705.117,204,204,1.725772916,548.0758574,2.031082501,37.15667279,-2709811.6,3119713.536,188.4400762,1972.759018,0.1972759018,0.1972759018,1,31.10893003,Retain,-1.623152013,0.5456750175,2.168827031,-0.5555183682,0.5288951471,-0.1784464083,6.908754779,4.821468011,4,0,0,0.036,0.012,0.952
161,155,155,8.680139678,260.5120422,2.165141221,0,-2709619.622,3119591.625,212,212,9.802390164,268.0339678,2.367286905,37.15667279,-2709580.413,3119606.976,2091.886962,71381.99642,7.138199642,7.138199642,0.8223599973,42.10671396,Retain,2.16103762,2.28262625,0.1215886297,0.02846463056,0.08925894542,10.52292556,1.528020903,3.232077086,4,0.032,0.006,0.012,0.036,0.914
162,153,153,13.21748542,185.3394131,1.900803712,62.81335872,-2709114.846,3119704.179,199,199,1.518680166,380.6082343,1.323141857,37.15667279,-2708839.854,3119785.526,559.5602506,11994.11836,1.199411836,1.199411836,0.09074432828,286.7714516,Retain,2.581540606,0.417841646,-2.16369896,0.71958178,-0.3622677,-0.5250134042,-2.29471985,4.94028369,2,0,0.008,0.992,0,0
163,153,153,13.21748542,185.3394131,1.900803712,62.81335872,-2709114.846,3119704.179,209,209,11.597194,163.1178147,1.56701417,37.15667279,-2709144.76,3119673.55,1829.63522,102874.1624,10.28741624,10.28741624,0.7783187132,42.81386221,Retain,2.581540606,2.450763172,-0.1307774339,-0.1277160804,-0.1931047974,-0.5250134042,1.252678552,3.03847993,2,0.216,0.022,0.638,0.076,0.048
164,157,157,0.6904656562,545.8347552,1.279461712,44.4157519,-2708462.571,3119352.914,215,215,0.966432833,489.3534441,1.357074079,332.3393847,-2708448.819,3119374.53,314.0667937,4703.785014,0.4703785014,0.4703785014,0.6812482231,25.62018942,Retain,-0.3703890449,-0.03414347784,0.3362455671,-0.1092312657,0.05889151783,2.012543005,0.7578485574,4.000979186,4,0,0,0.004,0.156,0.84
165,162,162,2.465948772,356.6120401,1.579730834,157.0333968,-2709706.276,3119178.113,217,217,2.623174833,400.6402466,1.830472721,157.6424118,-2709710.156,3119160.488,856.6804302,18244.56559,1.824456559,1.824456559,0.7398598787,18.04717631,Retain,0.9025766308,0.9643853524,0.06180872153,0.1164154157,0.1473197765,0.003870725501,1.042754383,3.014121272,3,0.174,0.006,0,0.628,0.192
166,213,213,1.08501746,521.0240845,1.530986039,94.2200381,-2708850.872,3116722.91,283,283,1.725772916,456.7298812,1.692568751,83.08484618,-2708824.759,3116705.719,555.0543405,8121.378334,0.8121378334,0.8121378334,0.7485020873,31.26440024,Retain,0.08159607883,0.5456750175,0.4640789386,-0.1317041215,0.1003353478,-0.1257691265,1.08800612,3.974078966,4,0,0.002,0,0.042,0.956
167,215,215,0.1972759018,955.2108214,1.196826841,140.45494,-2707740.218,3116313.196,295,295,0.5522473332,570.9123514,1.196826841,105.0949412,-2707773.678,3116327.246,143.7056886,982.4726955,0.09824726955,0.09824726955,0.4980196195,36.29007947,Retain,-1.623152013,-0.5937592656,1.029392748,-0.5146963738,0,-0.2900201869,-0.007905751772,4.975512916,4,0,0.002,0.006,0.05,0.942
168,216,216,0.1972759018,955.2108215,1.196826841,219.8467556,-2707473.261,3116297.492,296,296,0.5522473332,570.9123514,1.196826841,236.4636177,-2707448.54,3116317.393,162.6194968,1307.657928,0.1307657928,0.1307657928,0.6628574076,31.73569902,Retain,-1.623152013,-0.5937592656,1.029392748,-0.5146963739,0,0.07286330198,0.6745997013,4.841414659,4,0,0.002,0.002,0.062,0.934
169,218,218,1.578207214,398.004509,1.410473959,140.45494,-2707844.252,3116093.349,300,300,2.070927499,355.234352,1.442090354,105.0949412,-2707871.547,3116121.216,564.0854533,11677.2432,1.16772432,1.16772432,0.7399055772,39.00742648,Retain,0.4562895282,0.7279965743,0.271707046,-0.1136856161,0.0221679069,-0.2900201869,1.042991076,4.007997865,4,0.002,0,0.002,0.06,0.936
170,219,219,0.4931897544,636.8072144,1.261566261,219.8467556,-2707809.313,3115782.423,304,304,0.6212782498,592.0572533,1.316442362,210.1898824,-2707817.832,3115807.974,262.7206076,2507.421705,0.2507421705,0.2507421705,0.508409123,26.9346518,Retain,-0.7068612817,-0.47597623,0.2308850517,-0.0728636217,0.04257890417,-0.0449192051,0.03357250628,4.219246339,3,0,0.002,0.006,0.726,0.266
171,225,225,0.6904656562,545.8347552,1.279461712,44.41575191,-2708336.945,3115575.139,315,315,0.6212782498,592.0572533,1.316442362,83.08484618,-2708317.033,3115571.511,314.2150151,4530.121687,0.4530121687,0.4530121687,0.6560965989,20.23932675,Retain,-0.3703890449,-0.47597623,-0.1055871851,0.08128705822,0.02849346569,0.626257671,0.6445666571,3.765236454,3,0.104,0.05,0,0.832,0.014
172,230,230,1.282293362,538.8368737,1.7212584,44.41575191,-2708213.734,3115401.194,321,321,0.7593400831,622.8134743,1.530986039,83.08484618,-2708211.673,3115403.784,463.7311557,4984.348643,0.4984348643,0.4984348643,0.388705798,3.309664346,Retain,0.2486501635,-0.2753055346,-0.523955698,0.1448341959,-0.1171436531,0.626257671,-0.451820799,1.645188739,1,0.186,0.6,0.176,0.038,0
173,234,234,0.8877415579,424.5381429,1.128379167,219.8467556,-2707300.524,3115041.225,334,334,0.8974019165,526.9960167,1.408302327,176.2495744,-2707299.993,3115073.433,326.9002176,5827.653121,0.5827653121,0.5827653121,0.656458298,32.21195584,Retain,-0.1190746168,-0.1082514499,0.01082316691,0.2161911346,0.221602718,-0.2210285857,0.6461662029,4.104270978,3,0.052,0.016,0.008,0.888,0.036
174,236,236,0.1972759018,955.2108214,1.196826841,320.2865419,-2707677.404,3114899.895,340,340,1.03546375,659.7209394,1.893750613,176.2495744,-2707619.32,3114932.767,128.1942533,1026.698396,0.1026698396,0.1026698396,0.5204378168,66.74152044,Retain,-1.623152013,0.03484939378,1.658001407,-0.3701151449,0.4588855585,-0.5973124598,0.08163339463,5.584783187,4,0.002,0,0.09,0.028,0.88
175,239,239,0.6904656561,545.8347552,1.279461712,219.8467556,-2707305.011,3114736.132,343,343,0.2761236666,951.5205858,1.410473959,189.4625996,-2707323.74,3114760.674,224.2413362,1749.802512,0.1749802512,0.1749802512,0.2534235406,30.87252597,Retain,-0.3703890451,-1.286906446,-0.9165174013,0.5557450378,0.09748633719,-0.148738367,-1.077836226,4.187458517,1,0.014,0.9,0.074,0.012,0
176,241,241,1.874121067,368.6778609,1.423773641,314.0667937,-2707698.893,3114472.599,367,367,1.44964925,398.7324359,1.354278867,367.8322942,-2707740.679,3114485.113,514.6704235,11220.80258,1.122080258,1.122080258,0.5987234644,43.61950374,Retain,0.6281397852,0.3713216304,-0.2568181548,0.07836734812,-0.05004172927,0.1580209645,0.3993289049,4.03382236,1,0.118,0.644,0.062,0.174,0.002
177,172,172,9.469243285,218.9024799,1.900217822,88.83150382,-2709168.895,3119062.262,228,228,10.56173025,233.8377387,2.143765148,52.5474706,-2709171.874,3119045.139,2249.833034,80165.89247,8.016589247,8.016589247,0.846592384,17.37976754,Retain,2.248048997,2.357237114,0.1091881166,0.06600111699,0.1205951753,-0.5250166239,1.702803878,2.303704725,4,0.128,0.014,0.008,0.04,0.81
180,181,181,2.564586723,318.4036072,1.438406848,94.2200381,-2709093.121,3118578.1,234,234,2.278020249,461.3433143,1.9642560040000001,52.5474706,-2709091.445,3118554.243,880.2748807,16677.21258,1.667721258,1.667721258,0.6502885018,23.91591323,Retain,0.941797344,0.8233067541,-0.11849059,0.3708226994,0.3115774044,-0.583907498,0.6189887683,3.276052146,0,0.528,0.172,0.074,0.182,0.044
181,186,186,0.5918277053,530.6726786,1.151647165,31.40667937,-2709828.762,3118401.74,239,239,1.86383475,592.0572533,2.280145056,0,-2709719.272,3118433.402,272.6298136,3879.89006,0.387989006,0.387989006,0.6555776326,113.9758844,Retain,-0.5245397248,0.6226360586,1.147175783,0.1094579352,0.6830458269,-10.35480771,0.6422730174,5.570630465,4,0.006,0.006,0.048,0.052,0.888
182,188,188,1.183655411,477.6054108,1.465807536,99.31664054,-2709451.882,3118380.802,237,237,1.104494666,428.1842636,1.269426563,0,-2709451.913,3118376.597,469.2298896,8780.395982,0.8780395982,0.8780395982,0.7418033918,4.205133477,Retain,0.1686074557,0.09938791487,-0.06921954085,-0.1092312658,-0.1438410363,-11.50607848,1.052844517,1.924605027,3,0.196,0.032,0.184,0.528,0.06
183,194,194,7.989674022,212.2690714,1.692568751,70.22747001,-2709097.684,3117999.657,250,250,8.835957331,202.1981245,1.695504692,83.08484618,-2709089.828,3117982.902,1650.869616,72382.08536,7.238208536,7.238208536,0.9059454135,18.50582061,Retain,2.078149961,2.178829457,0.1006794959,-0.04860664394,0.001733103994,0.1681205801,2.255630944,2.451429308,4,0.088,0.002,0,0.022,0.888
184,198,198,0.2959138527,849.0762858,1.302940032,125.6267175,-2709268.676,3117689.855,254,254,0.5522473332,666.06441,1.396297981,108.3293858,-2709267.996,3117690.196,251.2534349,2778.327073,0.2778327073,0.2778327073,0.9388972663,0.7603228736,Retain,-1.217686905,-0.5937592657,0.6239276396,-0.2427626583,0.06920116148,-0.1481372248,2.71698057,0.90851066,4,0.03,0,0,0.014,0.956
186,202,202,3.255052379,289.4578247,1.473192003,266.4945115,-2708888.941,3117399.581,269,269,2.347051166,335.830795,1.45136573,293.7492907,-2708897.46,3117383.798,783.3831953,21546.25586,2.154625586,2.154625586,0.6619326927,17.93573925,Retain,1.180208367,0.8531597172,-0.3270486502,0.1485978435,-0.01492648157,0.09737265429,0.6704748314,2.869111841,0,0.696,0.158,0.04,0.102,0.004
187,206,206,0.887741558,495.2945,1.316442362,0,-2709474.564,3117079.17,274,274,1.2425565,465.187842,1.462788361,0,-2709467.239,3117032.622,406.0863594,6165.497269,0.6165497269,0.6165497269,0.6945148859,47.12009779,Retain,-0.1190746166,0.2171709504,0.3362455671,-0.06271125001,0.1054115335,0,0.8194832275,4.484623088,4,0,0,0,0.17,0.83
189,211,211,1.282293362,489.8517033,1.564780363,0,-2709482.081,3116901.467,277,277,0.4141855,761.2164685,1.381976598,0,-2709528.544,3116891.036,283.2691293,3062.317171,0.3062317171,0.3062317171,0.2388156457,47.62014807,Retain,0.2486501635,-0.8814413379,-1.130091501,0.440815071,-0.1242306796,0,-1.156317976,4.311316811,1,0.004,0.65,0.346,0,0
190,220,220,5.918277053,244.1094322,1.675240927,31.40667937,-2709172.886,3115914.331,302,302,0.9664328331,543.726049,1.507860088,26.27373529,-2709066.252,3116075.299,443.7755197,6523.878303,0.6523878303,0.6523878303,0.110232729,193.08469,Retain,1.778045368,-0.03414347772,-1.812188846,0.8008289163,-0.1052655067,-0.1784445867,-2.08045853,4.946476339,2,0.002,0.016,0.982,0,0
191,220,220,5.918277053,244.1094322,1.675240927,31.40667937,-2709172.886,3115914.331,305,305,3.934762249,280.4481726,1.569303454,26.27373529,-2709222.939,3115883.876,1022.961235,33453.41643,3.345341643,3.345341643,0.5652560049,58.59027717,Retain,1.778045368,1.36985046,-0.4081949078,0.1387723229,-0.065325131,-0.1784445867,0.26199137770000003,3.753928091,2,0.212,0.3,0.454,0.03,0.004
192,250,250,1221.631022,92.29462655,9.100002489,0,-2710492.12,3115632.269,326,326,23.47051166,183.5875013,2.508993045,58.74985815,-2709285.074,3115511.639,4716.570644,215367.4962,21.53674962,21.53674962,0.01762950452,1213.058414,Retain,7.107942148,3.15574481,-3.952197338,0.6877054773,-1.288393191,10.98106104,-3.966239363,4.119294757,2,0,0.002,0.998,0,0
193,250,250,1221.631022,92.29462655,9.100002489,0,-2710492.12,3115632.269,404,404,760.6516705,108.8735053,8.470522205,0,-2710675.399,3115943.196,82673.69504,7356280.934,735.6280934,735.6280934,0.6021688057,360.9244721,Retain,7.107942148,6.634175527,-0.4737666208,0.1652007836,-0.07168252679,0,0.4136588453,2.907065357,1,0.11,0.484,0.396,0.008,0.002
195,250,250,1221.631022,92.29462655,9.100002489,0,-2710492.12,3115632.269,253,253,0.6212782498,761.2164686,1.692568751,26.2737353,-2710985.277,3117775.585,315.2848236,4015.99974,0.401599974,0.401599974,3.287408119e-4,2199.319879,Retain,7.107942148,-0.4759762301,-7.583918378,2.109931848,-1.682027341,10.17636312,-6.624194577,4.714297769,2,0,0,1,0,0
196,250,250,1221.631022,92.29462655,9.100002489,0,-2710492.12,3115632.269,256,256,1.2425565,507.4776457,1.595769122,0,-2711266.99,3117663.192,629.0286638,11206.01778,1.120601778,1.120601778,9.172997067e-4,2173.722899,Retain,7.107942148,0.2171709505,-6.890771197,1.70446674,-1.740918859,0,-6.256920182,4.702590927,2,0,0,1,0,0
197,250,250,1221.631022,92.29462655,9.100002489,0,-2710492.12,3115632.269,257,257,2.830267583,482.7226386,2.290901852,0,-2710974.027,3117652.547,1286.176981,23853.18874,2.385318874,2.385318874,0.00195256901,2076.958889,Retain,7.107942148,1.040371259,-6.067570889,1.654456319,-1.379329125,0,-5.824126614,4.657054381,2,0,0,1,0,0
198,250,250,1221.631022,92.29462655,9.100002489,0,-2710492.12,3115632.269,258,258,0.3451545833,761.2164686,1.261566261,26.2737353,-2709490.01,3117607.433,142.1742325,1234.900642,0.1234900642,0.1234900642,1.010862216e-4,2214.83617,Retain,7.107942148,-1.063762895,-8.171705043,2.109931848,-1.975920674,10.17636312,-6.812356622,4.721328037,2,0,0,1,0,0
199,250,250,1221.631022,92.29462655,9.100002489,0,-2710492.12,3115632.269,260,260,0.2070927499,1014.955292,1.302940032,0,-2711253.853,3117547.88,210.1898824,2070.927499,0.2070927499,0.2070927499,1.695215218e-4,2061.504413,Retain,7.107942148,-1.574588519,-8.682530667,2.39761392,-1.943651413,0,-6.751990703,4.649585647,2,0,0.002,0.998,0,0
200,250,250,1221.631022,92.29462655,9.100002489,0,-2710492.12,3115632.269,264,264,0.4832164166,869.9616784,1.705948949,26.2737353,-2711143.753,3117531.615,420.3797648,4595.339396,0.4595339396,0.4595339396,3.761642684e-4,2008.019042,Retain,7.107942148,-0.7272906583,-7.835232806,2.24346324,-1.674153163,10.17636312,-6.589078807,4.623298331,2,0,0,1,0,0
201,250,250,1221.631022,92.29462655,9.100002489,0,-2710492.12,3115632.269,267,267,0.1380618333,1141.824703,1.196826841,37.15667279,-2711455.285,3117473.437,157.6424118,1380.618333,0.1380618333,0.1380618333,1.130143479e-4,2077.8804,Retain,7.107942148,-1.980053627,-9.087995775,2.515396956,-2.028600932,10.52292556,-6.801569908,4.657497965,2,0,0,1,0,0
202,250,250,1221.631022,92.29462655,9.100002489,0,-2710492.12,3115632.269,279,279,0.1380618333,1141.824703,1.196826841,0,-2710062.777,3116764.047,127.4096523,983.4545731,0.09834545731,0.09834545731,8.050340533e-5,1210.477357,Retain,7.107942148,-1.980053627,-9.087995775,2.515396956,-2.028600932,0,-6.831247305,4.117164766,2,0,0,1,0,0
203,250,250,1221.631022,92.29462655,9.100002489,0,-2710492.12,3115632.269,280,280,0.3451545833,761.2164686,1.261566261,0,-2709532.047,3116708.872,219.429218,1281.364921,0.1281364921,0.1281364921,1.048896842e-4,1442.502061,Retain,7.107942148,-1.063762895,-8.171705043,2.109931848,-1.975920674,0,-6.808904492,4.292528989,2,0,0,1,0,0
204,250,250,1221.631022,92.29462655,9.100002489,0,-2710492.12,3115632.269,284,284,0.4141854999,761.2164686,1.381976598,26.27373529,-2711205.684,3116575.751,294.0999223,3028.642024,0.3028642024,0.3028642024,2.47917904e-4,1182.934028,Retain,7.107942148,-0.8814413381,-7.989383486,2.109931848,-1.884759895,10.17636312,-6.687030593,4.09414781,2,0,0,1,0,0
205,250,250,1221.631022,92.29462655,9.100002489,0,-2710492.12,3115632.269,285,285,0.7593400831,622.8134743,1.530986039,52.5474706,-2710134.433,3116612.375,494.1121366,7217.461762,0.7217461762,0.7217461762,5.908053769e-4,1043.335292,Retain,7.107942148,-0.2753055346,-7.383247683,1.909261152,-1.782362689,10.86949127,-6.443923976,3.9685727,2,0,0,1,0,0
206,250,250,1221.631022,92.29462655,9.100002489,0,-2710492.12,3115632.269,289,289,4.417978665,356.8202197,2.115710938,0,-2709784.029,3116624.057,1407.862693,22852.63084,2.285263084,2.285263084,0.001870665564,1218.620318,Retain,7.107942148,1.485682276,-5.622259872,1.352246146,-1.45888379,0,-5.852340327,4.123869301,2,0,0,1,0,0
207,250,250,1221.631022,92.29462655,9.100002489,0,-2710492.12,3115632.269,292,292,0.20709275,1014.955291,1.302940032,58.74985814,-2710929.81,3116409.351,210.1898824,1922.942682,0.1922942682,0.1922942682,1.574078136e-4,891.8682715,Retain,7.107942148,-1.574588518,-8.682530666,2.39761392,-1.943651413,10.98106104,-6.762414655,3.811713434,2,0,0,1,0,0
208,250,250,1221.631022,92.29462655,9.100002489,0,-2710492.12,3115632.269,293,293,1.44964925,543.726049,1.846743909,0,-2710299.241,3116459.396,861.2913058,10482.71168,1.048271168,1.048271168,8.580914774e-4,849.3184152,Retain,7.107942148,0.3713216303,-6.736620518,1.773459611,-1.594850648,0,-6.288347304,3.76282921,2,0,0,1,0,0
209,250,250,1221.631022,92.29462655,9.100002489,0,-2710492.12,3115632.269,307,307,0.5522473333,666.06441,1.396297981,52.54747059,-2710893.684,3115736.087,332.2939862,3177.747524,0.3177747524,0.3177747524,2.601233488e-4,414.7668681,Retain,7.107942148,-0.5937592656,-7.701701413,1.976400455,-1.874450252,10.86949127,-6.67728527,3.046112879,2,0,0,1,0,0
210,250,250,1221.631022,92.29462655,9.100002489,0,-2710492.12,3115632.269,308,308,0.4832164166,652.4712587,1.279461712,37.15667279,-2710719.62,3115733.741,315.2848236,4832.164166,0.4832164166,0.4832164166,3.955502177e-4,249.1041422,Retain,7.107942148,-0.7272906582,-7.835232806,1.955781168,-1.961835235,10.52292556,-6.575070787,2.536268934,2,0.002,0.008,0.99,0,0
211,250,250,1221.631022,92.29462655,9.100002489,0,-2710492.12,3115632.269,310,310,0.6903091665,837.3381155,1.962536528,26.2737353,-2711095.335,3115678.941,567.433335,6763.987454,0.6763987454,0.6763987454,5.536849781e-4,605.0175936,Retain,7.107942148,-0.3706157144,-7.478557862,2.205242028,-1.534036904,10.17636312,-6.46757198,3.42365306,2,0,0,1,0,0
212,250,250,1221.631022,92.29462655,9.100002489,0,-2710492.12,3115632.269,311,311,0.2761236666,761.2164686,1.128379167,26.2737353,-2710102.188,3115634.276,210.1898824,2761.236666,0.2761236666,0.2761236666,2.260286958e-4,389.9376317,Retain,7.107942148,-1.286906446,-8.394848594,2.109931848,-2.087492449,10.17636312,-6.704748708,2.984383241,2,0,0.002,0.998,0,0
213,250,250,1221.631022,92.29462655,9.100002489,0,-2710492.12,3115632.269,313,313,0.2761236666,761.2164686,1.128379167,26.2737353,-2711074.316,3115555.455,210.1898824,2761.236666,0.2761236666,0.2761236666,2.260286958e-4,587.2412974,Retain,7.107942148,-1.286906446,-8.394848594,2.109931848,-2.087492449,10.17636312,-6.704748708,3.393831376,2,0,0,1,0,0
214,250,250,1221.631022,92.29462655,9.100002489,0,-2710492.12,3115632.269,317,317,2.139958416,368.3305493,1.519971608,52.54747059,-2710567.911,3115572.829,678.4869496,17808.27788,1.780827788,1.780827788,0.001457746043,96.31889778,Retain,7.107942148,0.7607863972,-6.347155751,1.383994844,-1.789583031,10.86949127,-6.008052741,1.586068789,2,0,0.006,0.992,0.002,0
215,250,250,1221.631022,92.29462655,9.100002489,0,-2710492.12,3115632.269,318,318,0.2070927499,1014.955291,1.302940032,52.5474706,-2709966.44,3115481.012,210.1898824,2070.927499,0.2070927499,0.2070927499,1.695215218e-4,547.0083784,Retain,7.107942148,-1.574588519,-8.682530667,2.39761392,-1.943651413,10.86949127,-6.751990703,3.322859816,2,0,0,1,0,0
216,250,250,1221.631022,92.29462655,9.100002489,0,-2710492.12,3115632.269,319,319,1.2425565,507.4776457,1.595769122,26.2737353,-2710858.287,3115475.174,781.6812625,6591.926854,0.6591926854,0.6591926854,5.396004798e-4,398.44372,Retain,7.107942148,0.2171709505,-6.890771197,1.70446674,-1.740918859,10.17636312,-6.476692619,3.005962637,2,0,0.002,0.998,0,0
217,250,250,1221.631022,92.29462655,9.100002489,0,-2710492.12,3115632.269,320,320,0.1380618333,1141.824703,1.196826841,26.2737353,-2710916.673,3115358.402,157.6424118,1380.618333,0.1380618333,0.1380618333,1.130143479e-4,505.2216649,Retain,7.107942148,-1.980053627,-9.087995775,2.515396956,-2.028600932,10.17636312,-6.801569908,3.243393122,2,0,0,1,0,0
218,250,250,1221.631022,92.29462655,9.100002489,0,-2710492.12,3115632.269,323,323,0.966432833,598.0986539,1.658646097,0,-2710753.401,3115334.005,501.4803174,6499.449195,0.6499449195,0.6499449195,5.320304642e-4,396.52163,Retain,7.107942148,-0.03414347784,-7.142085626,1.868769791,-1.702273022,0,-6.481629183,3.001126983,2,0,0.002,0.998,0,0
219,250,250,1221.631022,92.29462655,9.100002489,0,-2710492.12,3115632.269,324,324,0.5522473332,666.06441,1.396297981,26.2737353,-2710949.516,3115263.159,367.8322942,5166.128733,0.5166128733,0.5166128733,4.228878148e-4,587.7522196,Retain,7.107942148,-0.5937592656,-7.701701414,1.976400455,-1.874450252,10.17636312,-6.555643746,3.394701034,2,0,0,1,0,0
220,250,250,1221.631022,92.29462655,9.100002489,0,-2710492.12,3115632.269,325,325,0.3451545832,761.2164686,1.261566261,0,-2710829.97,3115237.542,86.54479523,467.8102145,0.04678102145,0.04678102145,3.829390431e-5,519.5688317,Retain,7.107942148,-1.063762895,-8.171705043,2.109931848,-1.975920674,0,-6.871137633,3.271395091,2,0,0,1,0,0
221,250,250,1221.631022,92.29462655,9.100002489,0,-2710492.12,3115632.269,327,327,0.4832164165,652.4712588,1.279461712,52.54747059,-2711147.507,3115212.019,283.5920827,3999.477481,0.3999477481,0.3999477481,3.273883366e-4,778.5510717,Retain,7.107942148,-0.7272906583,-7.835232806,1.955781168,-1.961835235,10.86949127,-6.62521431,3.675829745,2,0,0,1,0,0
222,250,250,1221.631022,92.29462655,9.100002489,0,-2710492.12,3115632.269,331,331,7.524369915,384.100053,2.972175871,26.27373529,-2710090.497,3115245.593,2872.405339,63848.13881,6.384813881,6.384813881,0.005226466722,557.5116931,Retain,7.107942148,2.018147075,-5.089795073,1.425917151,-1.118980386,10.17636312,-5.074710823,3.34187914,2,0.002,0.002,0.996,0,0
223,250,250,1221.631022,92.29462655,9.100002489,0,-2710492.12,3115632.269,332,332,0.6212782499,845.7960761,1.880631945,0,-2711075.775,3115057.713,242.6600062,2490.254303,0.2490254303,0.2490254303,2.038466819e-4,819.0042603,Retain,7.107942148,-0.4759762299,-7.583918378,2.215292363,-1.576666826,0,-6.723029117,3.726484376,2,0,0,1,0,0
224,250,250,1221.631022,92.29462655,9.100002489,0,-2710492.12,3115632.269,335,335,8.283709998,222.02147,1.802612943,0,-2710591.755,3115212.363,1698.396746,72869.11003,7.286911003,7.286911003,0.005964903374,431.5644411,Retain,7.107942148,2.114290935,-4.993651213,0.8777881664,-1.61903744,0,-4.961894276,3.085813027,2,0,0.01,0.99,0,0
225,250,250,1221.631022,92.29462655,9.100002489,0,-2710492.12,3115632.269,336,336,0.3451545832,913.4597624,1.513879513,58.74985815,-2709505.774,3115011.588,281.9196233,3013.231612,0.3013231612,0.3013231612,2.46656442e-4,1165.385601,Retain,7.107942148,-1.063762895,-8.171705043,2.292253405,-1.793599117,10.98106104,-6.688043218,4.079202026,2,0,0,1,0,0
226,250,250,1221.631022,92.29462655,9.100002489,0,-2710492.12,3115632.269,338,338,0.2761236666,951.5205856,1.410473959,26.2737353,-2710003.661,3114990.569,262.737353,2617.594733,0.2617594733,0.2617594733,2.142704864e-4,806.4556951,Retain,7.107942148,-1.286906446,-8.394848594,2.333075399,-1.864348898,10.17636312,-6.714397226,3.71104407,2,0,0,1,0,0
227,250,250,1221.631022,92.29462655,9.100002489,0,-2710492.12,3115632.269,339,339,0.4141854999,761.2164686,1.381976598,58.74985815,-2709379.66,3114933.643,315.2848236,3483.251762,0.3483251762,0.3483251762,2.851312467e-4,1313.638557,Retain,7.107942148,-0.8814413381,-7.989383486,2.109931848,-1.884759895,10.98106104,-6.657609042,4.198950721,2,0,0.006,0.994,0,0
228,250,250,1221.631022,92.29462655,9.100002489,0,-2710492.12,3115632.269,341,341,0.3451545832,761.2164686,1.261566261,52.5474706,-2708349.729,3114843.436,243.703304,1887.122395,0.1887122395,0.1887122395,1.544756445e-4,2283.001221,Retain,7.107942148,-1.063762895,-8.171705043,2.109931848,-1.975920674,10.86949127,-6.764954193,4.751640488,2,0,0,1,0,0
229,250,250,1221.631022,92.29462655,9.100002489,0,-2710492.12,3115632.269,342,342,0.1380618333,1141.824703,1.196826841,78.82120589,-2709366.523,3114806.653,133.3250698,741.7109258,0.07417109258,0.07417109258,6.071480771e-5,1395.926361,Retain,7.107942148,-1.980053627,-9.087995775,2.515396956,-2.028600932,11.27495004,-6.849751096,4.259708117,2,0,0,1,0,0
230,250,250,1221.631022,92.29462655,9.100002489,0,-2710492.12,3115632.269,344,344,1.518680166,553.6119772,1.924569974,0,-2710816.355,3114786.351,827.1625051,14972.731,1.4972731,1.4972731,0.001225634478,905.9285266,Retain,7.107942148,0.417841646,-6.690100502,1.791478117,-1.553572134,0,-6.107487585,3.827355387,2,0,0,1,0,0
231,250,250,1221.631022,92.29462655,9.100002489,0,-2710492.12,3115632.269,347,347,0.1380618333,1141.824703,1.196826841,52.5474706,-2710325.514,3114662.148,157.6424118,1318.805641,0.1318805641,0.1318805641,1.079544983e-4,984.3237013,Retain,7.107942148,-1.980053627,-9.087995775,2.515396956,-2.028600932,10.86949127,-6.806131406,3.910349693,2,0,0.002,0.998,0,0
232,250,250,1221.631022,92.29462655,9.100002489,0,-2710492.12,3115632.269,348,348,0.4832164165,652.4712588,1.279461712,0,-2709661.164,3114664.024,315.2848236,4109.461324,0.4109461324,0.4109461324,3.363913695e-4,1275.925405,Retain,7.107942148,-0.7272906583,-7.835232806,1.955781168,-1.961835235,0,-6.618445694,4.169821655,2,0,0,1,0,0
233,250,250,1221.631022,92.29462655,9.100002489,0,-2710492.12,3115632.269,349,349,0.1380618333,1141.824703,1.196826841,105.0949412,-2708749.09,3114662.148,157.6424118,1171.444811,0.1171444811,0.1171444811,9.589186832e-5,1994.815453,Retain,7.107942148,-1.980053627,-9.087995775,2.515396956,-2.028600932,11.56262894,-6.817090455,4.616701191,2,0,0,1,0,0
234,250,250,1221.631022,92.29462655,9.100002489,0,-2710492.12,3115632.269,352,352,2.623174833,380.6082343,1.738949085,52.54747059,-2708319.722,3114683.582,993.3983456,25388.70108,2.538870108,2.538870108,0.002078262636,2370.510756,Retain,7.107942148,0.9643853523,-6.143556796,1.416784667,-1.654993731,10.86949127,-5.782311076,4.78925501,2,0,0,1,0,0
235,250,250,1221.631022,92.29462655,9.100002489,0,-2710492.12,3115632.269,353,353,0.8974019164,644.1062426,1.7212584,26.2737353,-2710440.715,3114602.527,578.0221765,8596.338823,0.8596338823,0.8596338823,7.036771882e-4,1031.024949,Retain,7.107942148,-0.1082514499,-7.216193598,1.942877763,-1.665219036,10.17636312,-6.375262591,3.956703521,2,0,0,1,0,0
236,250,250,1221.631022,92.29462655,9.100002489,0,-2710492.12,3115632.269,354,354,10.83785391,232.7286019,2.161307074,26.2737353,-2709957.18,3114814.686,2564.560171,104337.8271,10.43378271,10.43378271,0.008540862607,977.0379498,Retain,7.107942148,2.383044998,-4.72489715,0.9248870532,-1.437561522,10.17636312,-4.644601939,3.902920387,2,0,0.006,0.994,0,0
237,250,250,1221.631022,92.29462655,9.100002489,0,-2710492.12,3115632.269,356,356,0.1380618333,1141.824703,1.196826841,37.15667279,-2708788.501,3114517.642,157.6424118,1380.618333,0.1380618333,0.1380618333,1.130143479e-4,2035.85655,Retain,7.107942148,-1.980053627,-9.087995775,2.515396956,-2.028600932,10.52292556,-6.801569908,4.637066278,2,0,0,1,0,0
238,250,250,1221.631022,92.29462655,9.100002489,0,-2710492.12,3115632.269,358,358,0.1380618333,1141.824703,1.196826841,52.5474706,-2710575.115,3114491.368,157.6424118,1380.618333,0.1380618333,0.1380618333,1.130143479e-4,1143.9155,Retain,7.107942148,-1.980053627,-9.087995775,2.515396956,-2.028600932,10.86949127,-6.801569908,4.060607049,2,0,0,1,0,0
239,250,250,1221.631022,92.29462655,9.100002489,0,-2710492.12,3115632.269,359,359,0.8283709998,507.4776457,1.302940032,52.5474706,-2710294.862,3114517.642,420.3797647,4719.993805,0.4719993805,0.4719993805,3.863682013e-4,1131.947119,Retain,7.107942148,-0.1882941576,-7.296236306,1.70446674,-1.943651413,10.86949127,-6.5816812,4.050089295,2,0,0,1,0,0
240,250,250,1221.631022,92.29462655,9.100002489,0,-2710492.12,3115632.269,360,360,1.311587416,560.8963453,1.812075543,0,-2709718.453,3114557.744,646.0978278,10276.30329,1.027630329,1.027630329,8.411953453e-4,1324.071395,Retain,7.107942148,0.2712381718,-6.836703976,1.804550198,-1.61380179,0,-6.297499066,4.206861283,2,0,0,1,0,0
241,250,250,1221.631022,92.29462655,9.100002489,0,-2710492.12,3115632.269,361,361,0.3451545833,761.2164686,1.261566261,83.08484618,-2709043.356,3114501.878,262.737353,3451.545833,0.3451545833,0.3451545833,2.825358698e-4,1837.580349,Retain,7.107942148,-1.063762895,-8.171705043,2.109931848,-1.975920674,11.32762964,-6.65963322,4.534599371,2,0,0,1,0,0
242,250,250,1221.631022,92.29462655,9.100002489,0,-2710492.12,3115632.269,364,364,13.18490508,271.0090045,2.775986136,0,-2710497.05,3114872.131,3676.044631,127400.7603,12.740076030000001,12.740076030000001,0.01042874305,760.1539225,Retain,7.107942148,2.579072621,-4.528869527,1.077166125,-1.187268639,0,-4.462150301,3.651916127,2,0,0.004,0.996,0,0
243,250,250,1221.631022,92.29462655,9.100002489,0,-2710492.12,3115632.269,366,366,0.4141854999,634.3470571,1.151647165,37.15667279,-2709878.861,3114451.958,256.5157274,2071.843618,0.2071843618,0.2071843618,1.695965133e-4,1330.120964,Retain,7.107942148,-0.8814413381,-7.989383486,1.927610291,-2.067081452,10.52292556,-6.751926509,4.211419788,2,0,0,1,0,0
244,250,250,1221.631022,92.29462655,9.100002489,0,-2710492.12,3115632.269,371,371,0.2761236666,951.5205858,1.410473959,58.74985815,-2709990.524,3114360,234.7659212,2393.779669,0.2393779669,0.2393779669,1.959494828e-4,1367.577385,Retain,7.107942148,-1.286906446,-8.394848594,2.333075399,-1.864348898,10.98106104,-6.72961859,4.239190722,2,0,0,1,0,0
245,250,250,1221.631022,92.29462655,9.100002489,0,-2710492.12,3115632.269,372,372,0.6212782499,592.0572533,1.316442362,37.15667279,-2709762.089,3114357.08,308.2185956,3421.113233,0.3421113233,0.3421113233,2.800447248e-4,1469.371338,Retain,7.107942148,-0.47597623,-7.583918378,1.858617419,-1.93334177,10.52292556,-6.661579957,4.310984476,2,0,0,1,0,0
246,250,250,1221.631022,92.29462655,9.100002489,0,-2710492.12,3115632.269,374,374,0.2070927499,1014.955291,1.302940032,37.15667279,-2710413.093,3114289.936,150.2027563,548.2780224,0.05482780224,0.05482780224,4.48808202e-5,1344.656967,Retain,7.107942148,-1.574588519,-8.682530667,2.39761392,-1.943651413,10.52292556,-6.864807111,4.222288829,2,0,0,1,0,0
247,250,250,1221.631022,92.29462655,9.100002489,0,-2710492.12,3115632.269,377,377,0.2761236666,761.2164686,1.128379167,26.2737353,-2711363.327,3114031.578,210.1898824,2761.236666,0.2761236666,0.2761236666,2.260286958e-4,1822.419659,Retain,7.107942148,-1.286906446,-8.394848594,2.109931848,-2.087492449,10.17636312,-6.704748708,4.526314798,2,0,0,1,0,0
248,250,250,1221.631022,92.29462655,9.100002489,0,-2710492.12,3115632.269,378,378,0.1380618333,1141.824703,1.196826841,58.74985815,-2709773.766,3114031.578,147.0030961,1101.08377,0.110108377,0.110108377,9.013226989e-5,1754.492741,Retain,7.107942148,-1.980053627,-9.087995775,2.515396956,-2.028600932,10.98106104,-6.822365696,4.488329497,2,0,0,1,0,0
249,250,250,1221.631022,92.29462655,9.100002489,0,-2710492.12,3115632.269,379,379,8.421771831,318.2134418,2.605045568,52.54747059,-2708499.49,3114281.179,2572.928394,75232.04353,7.523204353,7.523204353,0.006158327858,2407.492786,Retain,7.107942148,2.130820237,-4.977121911,1.237736436,-1.25082452,10.86949127,-4.934307187,4.804735432,2,0,0,1,0,0
250,250,250,1221.631022,92.29462655,9.100002489,0,-2710492.12,3115632.269,381,381,7.731462665,251.4732977,1.972503472,37.15667279,-2709029.187,3114161.539,1971.416732,74707.11775,7.470711775,7.470711775,0.0061153586,2074.420343,Retain,7.107942148,2.045298064,-5.062644084,1.002350889,-1.528971153,10.52292556,-4.940371161,4.655831392,2,0,0,1,0,0
251,250,250,1221.631022,92.29462655,9.100002489,0,-2710492.12,3115632.269,385,385,1.311587416,520.8323206,1.682641576,0,-2709509.646,3113598.061,693.3830059,12298.62169,1.229862169,1.229862169,0.001006737834,2259.038962,Retain,7.107942148,0.2712381718,-6.836703976,1.730442226,-1.687909762,0,-6.211238106,4.741089076,2,0,0,1,0,0
252,250,250,1221.631022,92.29462655,9.100002489,0,-2710492.12,3115632.269,387,387,0.20709275,1014.955291,1.302940032,37.15667279,-2709887.619,3113475.451,206.9259656,1173.264511,0.1173264511,0.1173264511,9.604082496e-5,2239.93035,Retain,7.107942148,-1.574588519,-8.682530666,2.39761392,-1.943651413,10.52292556,-6.816954393,4.732594366,2,0,0,1,0,0
253,250,250,1221.631022,92.29462655,9.100002489,0,-2710492.12,3115632.269,388,388,0.2761236667,951.5205856,1.410473959,78.82120589,-2710029.935,3113263.071,262.737353,2761.236667,0.2761236667,0.2761236667,2.260286959e-4,2413.858697,Retain,7.107942148,-1.286906446,-8.394848594,2.333075399,-1.864348898,11.27495004,-6.704748708,4.807376148,2,0,0,1,0,0
254,250,250,1221.631022,92.29462655,9.100002489,0,-2710492.12,3115632.269,389,389,5.729566082,275.1384826,1.857835564,0,-2709744.01,3113354.95,1764.019592,55261.55701,5.526155701,5.526155701,0.004523588222,2397.050291,Retain,7.107942148,1.7456398,-5.362302348,1.092288622,-1.588862552,0,-5.195197779,4.800388501,2,0,0,1,0,0
255,250,250,1221.631022,92.29462655,9.100002489,0,-2710492.12,3115632.269,391,391,1.104494666,523.3363222,1.551521355,0,-2709632.545,3113228.587,624.8696705,9830.396,0.9830396,0.9830396,8.046943656e-4,2552.754972,Retain,7.107942148,0.09938791482,-7.008554233,1.735238398,-1.769038718,0,-6.317559315,4.863322697,2,0,0,1,0,0
256,250,250,1221.631022,92.29462655,9.100002489,0,-2710492.12,3115632.269,398,398,3.520576749,268.664636,1.422042187,52.54747059,-2709569.758,3112873.215,945.8544707,32808.35518,3.280835518,3.280835518,0.002685619029,2909.14579,Retain,7.107942148,1.258624825,-5.849317323,1.068477973,-1.856180688,10.86949127,-5.60162974,4.994008987,2,0,0,1,0,0
257,250,250,1221.631022,92.29462655,9.100002489,0,-2710492.12,3115632.269,400,400,0.1380618333,1141.824703,1.196826841,52.54747059,-2709563.576,3112717.891,157.6424118,1380.618333,0.1380618333,0.1380618333,1.130143479e-4,3058.724003,Retain,7.107942148,-1.980053627,-9.087995775,2.515396956,-2.028600932,10.86949127,-6.801569908,5.044147311,2,0,0,1,0,0
258,250,250,1221.631022,92.29462655,9.100002489,0,-2710492.12,3115632.269,401,401,7.317277165,315.9766473,2.411153211,0,-2709849.117,3112747.139,2344.202148,69304.33133,6.930433133,6.930433133,0.005673098513,2955.913859,Retain,7.107942148,1.990238287,-5.117703861,1.230682387,-1.328169543,0,-5.004986931,5.009957348,2,0,0.01,0.99,0,0
259,250,250,1221.631022,92.29462655,9.100002489,0,-2710492.12,3115632.269,402,402,0.2761236666,761.2164686,1.128379167,26.2737353,-2709497.892,3112455.154,210.1898824,2761.236666,0.2761236666,0.2761236666,2.260286958e-4,3329.046612,Retain,7.107942148,-1.286906446,-8.394848594,2.109931848,-2.087492449,10.17636312,-6.704748708,5.128835409,2,0,0,1,0,0
260,250,250,1221.631022,92.29462655,9.100002489,0,-2710492.12,3115632.269,403,403,0.4832164165,652.4712589,1.279461712,26.2737353,-2709469.741,3112344.429,302.2094481,3295.979851,0.3295979851,0.3295979851,2.698015843e-4,3443.131145,Retain,7.107942148,-0.7272906584,-7.835232806,1.955781168,-1.961835235,10.17636312,-6.669624556,5.162530712,2,0,0,1,0,0
261,250,250,1221.631022,92.29462655,9.100002489,0,-2710492.12,3115632.269,405,405,7.386308081,305.909422,2.345317426,108.3293858,-2709685.368,3111260.19,2098.715909,66394.80522,6.639480522,6.639480522,0.005434931174,4445.888449,Retain,7.107942148,1.999628027,-5.108314121,1.198303129,-1.355853932,11.59294096,-5.041569339,5.418129098,2,0,0.002,0.998,0,0
262,116,116,3.846880084,261.2542418,1.445482183,31.40667936,-2713099.486,3121321.756,160,160,1.587711083,562.6382594,1.999908227,58.74985814,-2713135.662,3121341.959,702.4308641,11054.03481,1.105403481,1.105403481,0.287350647,41.43520473,Retain,1.347262452,0.4622934086,-0.8849690435,0.7671428587,0.3246583369,0.6262533308,-0.9062144758,3.622888726,2,0.034,0.412,0.546,0.004,0.004
263,116,116,3.846880084,261.2542418,1.445482183,31.40667936,-2713099.486,3121321.756,161,161,0.6212782499,676.6368609,1.504505556,58.74985814,-2712999.597,3121267.073,393.4541781,4599.726334,0.4599726334,0.4599726334,0.1195703072,113.8773656,Retain,1.347262452,-0.4759762299,-1.823238682,0.9516406948,0.04002135381,0.6262533308,-1.989312195,4.633864627,2,0.006,0.09,0.9,0.004,0
264,119,119,0.1972759018,955.2108215,1.196826841,31.40667937,-2713346.31,3120945.681,172,172,0.1380618333,1141.824703,1.196826841,52.5474706,-2713333.857,3120928.434,113.6404431,524.3162217,0.05243162217,0.05243162217,0.2657781397,21.27319964,Retain,-1.623152013,-1.980053627,-0.3569016135,0.1784508068,0,0.5146835643,-1.013754929,4.441436004,3,0.05,0.122,0.004,0.824,0
265,120,120,0.6904656562,545.8347552,1.279461712,129.4930564,-2712828.1,3120914.274,173,173,0.5522473332,666.06441,1.396297981,153.2008866,-2712828.088,3120898.876,335.01525349999997,4535.384354,0.4535384354,0.4535384354,0.6568587899,15.39857302,Retain,-0.370389045,-0.5937592657,-0.2233702207,0.1990700939,0.08738498352,0.1681215886,0.6479382357,3.491899248,3,0.34,0.172,0.01,0.472,0.006
266,124,124,1.08501746,463.1325196,1.360876479,0,-2713336.317,3120808.634,177,177,1.587711083,397.1564184,1.411699925,0,-2713321.862,3120805.061,493.6769997,10450.90262,1.045090262,1.045090262,0.9632013317,14.8894854,Retain,0.08159607874,0.4622934085,0.3806973298,-0.1536830284,0.03666563655,0,3.23902625,3.232289349,4,0.008,0,0,0.038,0.954
267,127,127,0.4931897544,636.8072143,1.261566261,183.1308366,-2712507.752,3120650.458,180,180,0.3451545833,761.2164685,1.261566261,183.9161471,-2712527.253,3120655.187,240.9682542,2826.430841,0.2826430841,0.2826430841,0.5730919621,20.06666201,Retain,-0.7068612816,-1.063762895,-0.3569016132,0.1784508066,0,0.004279056778,0.2938812885,3.924905248,1,0.062,0.808,0.004,0.124,0.002
268,130,130,0.5918277053,636.8072144,1.381976598,0,-2712262.78,3120500.753,184,184,0.20709275,1014.955291,1.302940032,0,-2712234.739,3120525.57,187.0233508,1520.258909,0.1520258909,0.1520258909,0.256875252,37.44522057,Retain,-0.5245397248,-1.574588519,-1.050048794,0.466132879,-0.05889151783,0,-1.059732744,4.457540591,1,0.002,0.576,0.422,0,0
269,130,130,0.5918277053,636.8072144,1.381976598,0,-2712262.78,3120500.753,187,187,0.20709275,1014.955291,1.302940032,0,-2712287.287,3120473.022,177.1741462,1637.204143,0.1637204143,0.1637204143,0.2766352654,37.007857,Retain,-0.5245397248,-1.574588519,-1.050048794,0.466132879,-0.05889151787,0,-0.9589867854,4.445792068,2,0.002,0.448,0.55,0,0
270,141,141,3.649604183,395.8531332,2.133300512,62.81335874,-2714619.129,3120208.897,189,189,0.2761236666,761.2164685,1.128379167,26.27373529,-2714752.639,3120258.453,181.6102897,1878.107722,0.1878107722,0.1878107722,0.05146058664,142.4097482,Retain,1.294618719,-1.286906446,-2.581525165,0.6538745033,-0.636888079,-0.8715758476,-2.895914882,4.883771058,2,0,0.08,0.92,0,0
271,141,141,3.649604183,395.8531332,2.133300512,62.81335874,-2714619.129,3120208.897,190,190,1.03546375,608.9731749,1.748077489,26.27373529,-2714620.394,3120254.074,612.2559426,8849.800716,0.8849800716,0.8849800716,0.2424865896,45.1949213,Retain,1.294618719,0.03484939373,-1.259769325,0.4307309521,-0.1991537104,-0.8715758476,-1.136298611,3.73606243,2,0.01,0.076,0.914,0,0
272,193,193,313.4714079,134.0541304,6.69536465,0,-2713222.057,3119651.069,244,244,267.6328638,149.8086576,6.91355944,0,-2713171.738,3119607.394,42879.98205,2439537.96,243.953796,243.953796,0.7782330058,66.62963884,Retain,5.747708153,5.58961613,-0.1580920228,0.1111151873,0.03206917587,0,1.252183754,1.897675381,1,0.234,0.508,0.23,0.024,0.004
274,193,193,313.4714079,134.0541304,6.69536465,0,-2713222.057,3119651.069,162,162,0.1380618333,1141.824703,1.196826841,37.15667279,-2713307.583,3121191.171,157.6424118,1380.618333,0.1380618333,0.1380618333,4.404287912e-4,1542.474376,Retain,5.747708153,-1.980053627,-7.72776178,2.142139202,-1.721741688,10.52292556,-6.543373853,5.039654658,2,0,0,1,0,0
275,193,193,313.4714079,134.0541304,6.69536465,0,-2713222.057,3119651.069,163,163,0.1380618333,1141.824703,1.196826841,26.2737353,-2713373.268,3121125.487,157.6424118,1090.947266,0.1090947266,0.1090947266,3.480212989e-4,1482.150613,Retain,5.747708153,-1.980053627,-7.72776178,2.142139202,-1.721741688,10.17636312,-6.609769232,4.99976097,2,0,0,1,0,0
276,193,193,313.4714079,134.0541304,6.69536465,0,-2713222.057,3119651.069,164,164,0.20709275,1014.955291,1.302940032,78.82120589,-2713189.351,3121086.076,194.0325402,974.7730924,0.09747730924,0.09747730924,3.109607664e-4,1435.379159,Retain,5.747708153,-1.574588519,-7.322296672,2.024356166,-1.63679217,11.27495004,-6.637683803,4.967695879,2,0,0,1,0,0
277,193,193,313.4714079,134.0541304,6.69536465,0,-2713222.057,3119651.069,169,169,1.380618333,456.7298811,1.513879513,26.2737353,-2713452.089,3121033.528,630.5696471,11239.16518,1.123916518,1.123916518,0.00358538766,1401.466229,Retain,5.747708153,0.3225314662,-5.425176687,1.22584847,-1.486739874,10.17636312,-5.382291892,4.943785854,2,0,0.012,0.988,0,0
278,193,193,313.4714079,134.0541304,6.69536465,0,-2713222.057,3119651.069,170,170,0.3451545833,913.4597623,1.513879513,52.5474706,-2713210.37,3120975.726,275.657289,2930.964155,0.2930964155,0.2930964155,9.350020708e-4,1324.708369,Retain,5.747708153,-1.063762895,-6.811471048,1.91899565,-1.486739874,10.86949127,-6.247711878,4.887459237,2,0,0,1,0,0
279,193,193,313.4714079,134.0541304,6.69536465,0,-2713222.057,3119651.069,185,185,0.4141854999,761.2164686,1.381976598,0,-2713211.246,3120499.296,299.4264714,3869.778001,0.3869778001,0.3869778001,0.001234491537,848.2953084,Retain,5.747708153,-0.8814413381,-6.629149491,1.736674094,-1.577900652,0,-6.103507058,4.441740861,2,0,0,1,0,0
280,193,193,313.4714079,134.0541304,6.69536465,0,-2713222.057,3119651.069,191,191,0.4141854999,888.0858801,1.612306031,26.2737353,-2713311.962,3120219.043,367.8322942,4141.854999,0.4141854999,0.4141854999,0.001321286374,575.0448167,Retain,5.747708153,-0.8814413382,-6.629149491,1.890824774,-1.423749972,10.17636312,-6.065312437,4.052960585,2,0,0,1,0,0
281,193,193,313.4714079,134.0541304,6.69536465,0,-2713222.057,3119651.069,194,194,0.2761236666,761.2164686,1.128379167,58.74985815,-2713780.51,3119969.442,79.41134785,252.1913916,0.02521913916,0.02521913916,8.045116244e-5,642.8308155,Retain,5.747708153,-1.286906446,-7.034614599,1.736674094,-1.780633206,10.98106104,-6.831295708,4.164393994,2,0,0,1,0,0
282,193,193,313.4714079,134.0541304,6.69536465,0,-2713222.057,3119651.069,195,195,0.1380618333,1141.824703,1.196826841,26.2737353,-2713622.868,3119903.758,92.89067874,529.9833859,0.05299833859,0.05299833859,1.690691312e-4,473.8152778,Retain,5.747708153,-1.980053627,-7.72776178,2.142139202,-1.721741688,10.17636312,-6.752378047,3.859330513,2,0,0.002,0.998,0,0
283,193,193,313.4714079,134.0541304,6.69536465,0,-2713222.057,3119651.069,197,197,0.3451545832,761.2164686,1.261566261,26.2737353,-2713699.062,3119856.465,89.677236,466.0073097,0.04660073097,0.04660073097,1.48660228e-4,519.3467329,Retain,5.747708153,-1.063762895,-6.811471048,1.736674094,-1.66906143,10.17636312,-6.770010012,3.951084531,2,0,0,1,0,0
284,193,193,313.4714079,134.0541304,6.69536465,0,-2713222.057,3119651.069,198,198,0.8974019164,702.6613557,1.877736436,26.2737353,-2712106.065,3119792.6,613.2135676,8746.014645,0.8746014645,0.8746014645,0.002790051795,1124.930573,Retain,5.747708153,-0.10825145,-5.855959603,1.656631386,-1.271348416,10.17636312,-5.573583938,4.723988355,2,0,0,1,0,0
285,193,193,313.4714079,134.0541304,6.69536465,0,-2713222.057,3119651.069,201,201,0.7593400832,553.6119771,1.360876479,78.82120589,-2713552.407,3119722.23,420.3797648,7381.217353,0.7381217353,0.7381217353,0.002354670048,337.9271345,Retain,5.747708153,-0.2753055345,-6.023013688,1.418220362,-1.593286481,11.27495004,-5.696046271,3.521344119,2,0,0.002,0.998,0,0
286,193,193,313.4714079,134.0541304,6.69536465,0,-2713222.057,3119651.069,226,226,1.725772916,395.8325637,1.466892917,26.27373529,-2714226.639,3118915.865,658.4335663,14228.24937,1.422824937,1.422824937,0.004538930508,1244.87304,Retain,5.747708153,0.5456750175,-5.202033136,1.082747626,-1.518268942,10.17636312,-5.192408639,4.825300498,2,0,0,1,0,0
287,193,193,313.4714079,134.0541304,6.69536465,0,-2713222.057,3119651.069,227,227,0.8283709998,507.4776457,1.302940032,37.15667279,-2714023.543,3118846.24,400.345674,8020.524799,0.8020524799,0.8020524799,0.002558614469,1135.838634,Retain,5.747708153,-0.1882941576,-5.936002311,1.331208986,-1.63679217,10.52292556,-5.636824174,4.733638288,2,0,0,1,0,0
289,165,165,1.183655411,477.6054108,1.465807536,0,-2714107.922,3119056.046,219,219,0.2761236666,951.5205856,1.410473959,26.2737353,-2714154.911,3119036.725,249.5184269,1008.902559,0.1008902559,0.1008902559,0.08523617181,50.80632025,Retain,0.1686074558,-1.286906446,-1.455513902,0.6892764303,-0.0384805206,10.17636312,-2.362668786,4.416101659,1,0,0.73,0.264,0.006,0
290,167,167,1.380931312,591.3209847,1.960218114,31.40667937,-2713860.034,3118993.98,224,224,1.380618333,532.851528,1.766192765,74.31334558,-2713898.742,3118982.863,711.2229883,5110.776707,0.5110776707,0.5110776707,0.3700963734,40.27330959,Retain,0.3227581356,0.3225314662,-2.266694722e-4,-0.1041161651,-0.1042294998,0.8612515807,-0.5306913241,4.106699662,3,0.012,0.094,0.092,0.708,0.094
291,168,168,2.564586723,367.3887775,1.659700209,62.81335873,-2710371.131,3118990.011,221,221,1.311587416,440.7042713,1.423773641,0,-2710408.484,3119057.467,521.4544068,9724.864337,0.9724864337,0.9724864337,0.3791981082,77.1073031,Retain,0.941797344,0.2712381719,-0.6705591722,0.1819534372,-0.1533261489,-11.04793897,-0.4919290859,4.446677238,2,0.028,0.174,0.772,0.02,0.006
292,168,168,2.564586723,367.3887775,1.659700209,62.81335873,-2710371.131,3118990.011,225,225,1.44964925,471.2292425,1.600511388,0,-2710335.523,3118912.863,486.4120763,8342.745976,0.8342745976,0.8342745976,0.3253056682,84.96934797,Retain,0.941797344,0.3713216303,-0.5704757137,0.2489240634,-0.03631379347,-11.04793897,-0.7279062273,4.543768619,2,0.008,0.178,0.794,0.018,0.002
294,187,187,2.26867287,332.2472423,1.411699925,88.83150382,-2714943.271,3118390.816,238,238,1.656742,444.04294,1.612306031,78.82120589,-2714952.976,3118366.744,699.5596674,14246.14841,1.424614841,1.424614841,0.6279507547,25.95397222,Retain,0.8191950219,0.504853023,-0.3143419989,0.2900418721,0.1328708726,-0.1195578592,0.5223425263,3.419130631,0,0.574,0.206,0.1,0.11,0.01
297,228,228,0.2959138526,849.0762859,1.302940032,0,-2711299.641,3115376.23,322,322,0.4141854999,761.2164686,1.381976598,26.2737353,-2711293.264,3115332.128,189.5266301,730.5376358,0.07305376358,0.07305376358,0.2468751055,44.5605709,Retain,-1.217686905,-0.8814413381,0.3362455673,-0.1092312659,0.05889151777,10.17636312,-1.112632985,4.978080244,3,0.002,0.026,0.016,0.598,0.358
298,235,235,1.775483116,318.4036072,1.196826841,31.40667937,-2710880.886,3115025.522,337,337,0.2761236666,951.5205858,1.410473959,74.31334558,-2710877.263,3114970.864,239.6380409,1850.878848,0.1850878848,0.1850878848,0.1042464911,54.7776591,Retain,0.5740725639,-1.286906446,-1.86097901,1.094741539,0.1642520335,0.8612515806,-2.142475896,4.288629347,2,0.006,0.412,0.55,0.028,0.004
300,242,242,3.748242134,284.887438,1.555901813,31.40667936,-2709572.55,3114224.651,376,376,0.7593400831,622.8134743,1.530986039,52.5474706,-2709611.346,3114219.077,472.9272354,7351.105068,0.7351105068,0.7351105068,0.1961214032,39.19521937,Retain,1.321286966,-0.2753055346,-1.5965925,0.7821529269,-0.01614332326,0.5146835644,-1.406871656,3.580301758,2,0.006,0.208,0.784,0.002,0
301,243,243,2.071396969,424.5381429,1.723627649,31.40667936,-2709497.496,3114024.247,382,382,2.139958416,417.44128920000003,1.722634489,52.5474706,-2709493.23,3114013.356,839.5414996,15495.39651,1.549539651,1.549539651,0.7480650374,11.69675491,Retain,0.7282232437,0.7607863971,0.03256315335,-0.01685794562,-5.763689494e-4,0.5146835644,1.085693421,2.667650256,3,0.1,0.002,0,0.788,0.11
302,244,244,2.663224674,353.7817858,1.62867504,62.81335874,-2709209.353,3113784.958,383,383,1.44964925,398.7324359,1.354278867,0,-2709191.99,3113823.265,562.5107413,13378.74208,1.337874208,1.337874208,0.5023512364,42.05787242,Retain,0.979537672,0.3713216304,-0.6082160416,0.1196103067,-0.1844977142,-11.04793897,0.009386242106,3.821666468,2,0.06,0.256,0.648,0.026,0.01
303,244,244,2.663224674,353.7817858,1.62867504,62.81335874,-2709209.353,3113784.958,384,384,0.6212782498,592.0572534,1.316442362,0,-2709283.323,3113668.125,327.53234200000003,4916.62194,0.491662194,0.491662194,0.1846116097,138.2809267,Retain,0.979537672,-0.4759762301,-1.455513902,0.5149230433,-0.2128339077,-11.04793897,-1.48123384,5.011890655,2,0.002,0.042,0.948,0.004,0.004
304,245,245,0.7891036071,477.6054108,1.196826841,439.6935111,-2708529.311,3113529.779,386,386,1.2425565,422.8980381,1.329807601,420.3797648,-2708525.763,3113525.079,376.8801524,7437.617799,0.7437617799,0.7437617799,0.9425400837,5.888257744,Retain,-0.2368576523,0.2171709505,0.4540286028,-0.1216537858,0.1053605157,-0.04491930957,2.78129752,2.463923739,4,0.014,0,0,0.014,0.972
306,251,251,1.183655411,530.6726787,1.62867504,0,-2710176.853,3108647.349,406,406,0.2761236666,761.2164686,1.128379167,26.2737353,-2710128.461,3108645.462,148.6352623,1143.966873,0.1143966873,0.1143966873,0.09664695169,48.4281708,Retain,0.1686074557,-1.286906446,-1.455513902,0.3607723634,-0.3669845876,10.17636312,-2.225861384,4.36816355,1,0,0.654,0.338,0.008,0
307,251,251,1.183655411,530.6726787,1.62867504,0,-2710176.853,3108647.349,407,407,0.4832164165,761.2164686,1.49270533,26.2737353,-2710231.68,3108583.531,238.9656233,1884.513989,0.1884513989,0.1884513989,0.1592113695,84.13458629,Retain,0.1686074557,-0.7272906584,-0.8958981141,0.3607723635,-0.0871766936,10.17636312,-1.659034948,4.920490835,1,0.008,0.81,0.162,0.02,0
309,253,253,7.299208366,215.1375724,1.639642672,99.31664054,-2709949.72,3108275.208,408,408,4.003793166,288.7372812,1.629797877,131.3686765,-2709886.109,3108256.792,1161.519539,36171.44298,3.617144298,3.617144298,0.4955529582,66.22347455,Retain,1.987765899,1.387242203,-0.600523696,0.2942395178,-0.006022330169,0.2796921026,-0.01775312816,3.771532094,2,0.05,0.464,0.478,0.004,0.004
310,254,254,1.282293361,538.8368737,1.7212584,31.40667937,-2710151.284,3108025.456,409,409,0.966432833,543.726049,1.507860088,74.31334558,-2710119.078,3108033.66,507.3382807,7092.729239,0.7092729239,0.7092729239,0.5531284379,33.23498819,Retain,0.2486501634,-0.03414347781,-0.2827936412,0.009032654677,-0.1323641659,0.8612515807,0.2128899977,3.951673132,1,0.076,0.57,0.16,0.194,0
311,255,255,0.7891036071,477.6054108,1.196826841,31.40667937,-2710162.458,3107907.983,410,410,0.2761236666,761.2164687,1.128379167,52.54747059,-2710181.009,3107909.798,206.9092202,2675.041416,0.2675041416,0.2675041416,0.3389974893,18.6393225,Retain,-0.2368576524,-1.286906446,-1.050048794,0.4661328792,-0.05889151783,0.5146835642,-0.6663311154,3.61612088,1,0.014,0.776,0.21,0,0
312,256,256,0.7891036071,557.2063126,1.396297981,31.40667937,-2710311.64,3107888.354,411,411,0.2761236666,951.5205857,1.410473959,74.31334558,-2710318.946,3107870.387,257.9059422,2493.567826,0.2493567826,0.2493567826,0.3160000542,19.39550496,Retain,-0.2368576524,-1.286906446,-1.050048794,0.5351257506,0.01010135366,0.8612515807,-0.7705168144,3.655886662,1,0.024,0.78,0.188,0.008,0
313,257,257,1.183655411,424.5381429,1.302940032,188.4400762,-2709836.614,3107778.431,412,412,1.173525583,492.5518326,1.505196806,183.9161471,-2709835.586,3107785.384,502.5068699,9125.872522,0.9125872522,0.9125872522,0.7709906481,7.028798244,Retain,0.1686074558,0.1600125366,-0.008594919163,0.1485978436,0.144300384,-0.02429999632,1.210852468,2.438219221,3,0.182,0.004,0,0.772,0.042
314,258,258,11.14608845,214.1475588,2.016830677,31.40667937,-2710209.394,3107550.871,413,413,4.417978665,297.350183,1.763092449,26.2737353,-2710194.556,3107688.113,1212.205205,38694.36223,3.869436223,3.869436223,0.3471564253,138.0417993,Retain,2.411088625,1.485682276,-0.9254063487,0.3282452072,-0.1344579672,-0.1784445864,-0.6302162636,4.294384407,2,0.014,0.106,0.88,0,0
315,258,258,11.14608845,214.1475588,2.016830677,31.40667937,-2710209.394,3107550.871,414,414,2.968329416,354.0541714,1.720762098,26.2737353,-2710152.596,3107380.351,1022.776737,27956.10926,2.795610926,2.795610926,0.2508154262,179.7302165,Retain,2.411088625,1.087999308,-1.323089316,0.5027846236,-0.1587600347,-0.1784445864,-1.091622891,4.558283124,2,0.004,0.018,0.976,0.002,0
316,259,259,3.945518035,254.7228857,1.427299293,222.0787595,-2710488.302,3106774.202,415,415,4.279916832,245.5536995,1.433042975,222.9400368,-2710486.547,3106781.298,993.3408915,37112.06926,3.711206926,3.711206926,0.9406133474,7.310342088,Retain,1.37258026,1.453933578,0.08135331758,-0.03666057295,0.00401608585,0.003870732712,2.746826633,1.875501666,4,0.138,0.002,0.002,0.116,0.742
317,260,260,16.37389985,184.1370258,2.101901001,44.41575191,-2711205.169,3106283.302,417,417,16.49838908,187.9153625,2.153169031,37.15667279,-2711217.612,3106255.267,2996.478761,139308.2729,13.93082729,13.93082729,0.850794705,30.67256456,Retain,2.795688594,2.803262745,0.007574150211,0.0203114761,0.0240985512,-0.1784464083,1.735342549,2.59792184,0,0.442,0.064,0.074,0.278,0.142
318,262,262,0.6904656562,545.8347551,1.279461712,323.3515547,-2711737.839,3105551.921,421,421,0.3451545832,761.2164686,1.261566261,242.2318706,-2711723.277,3105542.534,256.448508,3011.475792,0.3011475792,0.3011475792,0.4361514239,17.32577506,Retain,-0.3703890449,-1.063762895,-0.69337385,0.3326014865,-0.01408543851,-0.2888436898,-0.2562780453,3.609812462,1,0.016,0.926,0.026,0.032,0
319,263,263,0.6904656562,545.8347552,1.279461712,31.40667937,-2712877.453,3105502.568,423,423,0.2761236666,761.2164686,1.128379167,52.54747059,-2712860.93,3105492.614,191.8954704,2280.574129,0.2280574129,0.2280574129,0.3302950854,19.29002543,Retain,-0.370389045,-1.286906446,-0.9165174013,0.3326014865,-0.1256572141,0.5146835643,-0.7053197957,3.717199449,1,0.002,0.97,0.026,0.002,0
321,266,266,93.50877744,157.8583285,4.306146067,31.40667936,-2713241.555,3105591.393,428,428,69.85928765,157.9599391,3.724380998,26.2737353,-2713169.724,3105564.503,12141.61933,604128.4481,60.41284481,60.41284481,0.6460660321,76.69880106,Retain,4.538055308,4.246483042,-0.2915722658,6.43475657e-4,-0.1451426572,-0.1784445861,0.600516582,2.643236403,2,0.118,0.028,0.848,0.004,0.002
322,266,266,93.50877744,157.8583285,4.306146067,31.40667936,-2713241.555,3105591.393,418,418,0.3451545832,761.2164687,1.261566261,105.0949412,-2713835.685,3105684.412,262.737353,3451.545832,0.3451545832,0.3451545832,0.003691146357,601.3681359,Retain,4.538055308,-1.063762895,-5.601818203,1.573219795,-1.227689307,1.20782123,-5.359383527,4.702546238,2,0,0.004,0.996,0,0
323,266,266,93.50877744,157.8583285,4.306146067,31.40667936,-2713241.555,3105591.393,425,425,0.2761236665,761.2164687,1.128379167,26.2737353,-2714411.08,3105203.603,163.7565247,1541.258918,0.1541258918,0.1541258918,0.001648250528,1232.140443,Retain,4.538055308,-1.286906446,-5.824961755,1.573219795,-1.339261082,-0.1784445861,-5.933207574,5.419846234,2,0,0,1,0,0
324,264,264,1.183655411,371.470875,1.140072528,94.2200381,-2713377.717,3105179.528,426,426,0.4832164166,652.4712588,1.279461712,108.3293858,-2713380.774,3105137.919,247.465322,2849.665883,0.2849665883,0.2849665883,0.240751308,41.72135768,Retain,0.1686074558,-0.7272906582,-0.895898114,0.5632966275,0.1153475705,0.1395421943,-1.145736061,4.219098356,1,0.038,0.858,0.094,0.01,0
325,266,266,93.50877744,157.8583285,4.306146067,31.40667936,-2713241.555,3105591.393,427,427,0.2761236666,761.2164685,1.128379167,37.15667278,-2714253.438,3104835.771,129.6684329,645.6374157,0.06456374157,0.06456374157,6.904564827e-4,1262.882158,Retain,4.538055308,-1.286906446,-5.824961754,1.573219795,-1.339261082,0.1681178564,-6.383066174,5.444489895,2,0,0,1,0,0
326,268,268,16.6698137,154.4916911,1.779367148,113.2383928,-2714614.936,3104557.527,429,429,0.2070927499,1014.955292,1.302940032,26.2737353,-2714546.828,3104682.507,71.47359128,248.6299425,0.02486299425,0.02486299425,0.001491498027,142.3332422,Retain,2.813599521,-1.574588519,-4.38818804,1.882459527,-0.3116344925,-1.460896256,-5.994379513,4.123743292,2,0,0.104,0.896,0,0
327,268,268,16.6698137,154.4916911,1.779367148,113.2383928,-2714614.936,3104557.527,430,430,0.3451545832,761.2164686,1.261566261,0,-2714618.643,3104607.189,262.737353,3451.545832,0.3451545832,0.3451545832,0.02070536537,49.8004724,Retain,2.813599521,-1.063762895,-3.877362416,1.594777455,-0.343903753,-11.63725938,-3.810293692,3.073609732,2,0.002,0.106,0.892,0,0
328,267,267,0.4931897545,636.8072143,1.261566261,129.4930564,-2713939.896,3104607.926,431,431,0.4141854999,761.2164686,1.381976598,108.3293858,-2713942.532,3104608.065,282.7714437,3714.731031,0.3714731031,0.3714731031,0.7532052314,2.63917155,Retain,-0.7068612815,-0.8814413382,-0.1745800567,0.1784508068,0.09116077841,-0.178449298,1.113063663,1.89663948,0,0.592,0.056,0.01,0.312,0.03
329,268,268,16.6698137,154.4916911,1.779367148,113.2383928,-2714614.936,3104557.527,432,432,3.865731332,434.9808392,2.41257614,0,-2714795.803,3104596.492,1636.777453,36965.83073,3.696583073,3.696583073,0.2217531125,185.0167974,Retain,2.813599521,1.352150883,-1.461448638,1.035161667,0.3044373482,-11.63725938,-1.252263885,4.386017205,2,0.004,0.062,0.918,0.004,0.012
330,268,268,16.6698137,154.4916911,1.779367148,113.2383928,-2714614.936,3104557.527,433,433,4.279916832,294.6644395,1.71965157,37.15667279,-2714418.284,3104576,1167.638331,40455.79095,4.045579095,4.045579095,0.2426889207,197.5170294,Retain,2.813599521,1.453933578,-1.359665943,0.6456969002,-0.03413607144,-1.114333813,-1.1352012,4.451395051,2,0.008,0.042,0.944,0.006,0
331,272,272,3.057776478,308.1325231,1.519971608,62.81335874,-2716455.065,3102223.247,436,436,0.2761236666,761.2164686,1.128379167,58.74985815,-2716407.884,3102182.123,210.1898824,2761.236666,0.2761236666,0.2761236666,0.09030210959,62.58764318,Retain,1.117688011,-1.286906446,-2.404594457,0.9043878101,-0.2979094183,-0.06687792993,-2.300037325,4.15010478,2,0,0.258,0.74,0.002,0
333,274,274,18.54393477,145.6527139,1.769353439,31.40667937,-2715986.977,3102343.07,439,439,21.19249141,166.1286756,2.157400021,26.27373529,-2715949.121,3102339.98,2538.586699,167529.0584,16.75290584,16.75290584,0.9034169957,37.98231857,Retain,2.920142769,3.05364694,0.1335041714,0.1315375256,0.1982896113,-0.1784445867,2.226587191,2.749440637,4,0.354,0.018,0.008,0.038,0.582
335,274,274,18.54393477,145.6527139,1.769353439,31.40667937,-2715986.977,3102343.07,437,437,0.4141854999,634.3470571,1.151647165,26.27373529,-2716171.42,3102142.713,258.8703696,4040.254902,0.4040254902,0.4040254902,0.02178747366,272.3279084,Retain,2.920142769,-0.8814413381,-3.801584107,1.471371097,-0.4294209565,-0.1784445867,-3.76053772,4.719304116,2,0,0.014,0.986,0,0
336,275,275,0.1972759018,955.2108214,1.196826841,31.40667936,-2716345.648,3102054.563,438,438,0.4141854999,761.2164686,1.381976598,26.2737353,-2716337.821,3102063.892,185.7911228,1719.350763,0.1719350763,0.1719350763,0.8715462697,12.17722792,Retain,-1.623152013,-0.8814413381,0.7417106751,-0.2270143013,0.1438410363,-0.1784445862,1.908092161,3.88359071,4,0.002,0.002,0,0.096,0.9
337,277,277,0.5918277053,636.8072144,1.381976598,31.40667936,-2716256.662,3102007.453,440,440,0.6212782499,676.636861,1.504505556,26.2737353,-2716225.428,3101996.748,325.217993,3374.981438,0.3374981438,0.3374981438,0.5702641846,33.01856497,Retain,-0.5245397248,-0.47597623,0.0485634948,0.06066777096,0.08494951836,-0.1784445862,0.2823568278,4.331735069,3,0.006,0.012,0.004,0.91,0.068
338,278,278,0.1972759018,955.2108215,1.196826841,378.1865,-2716958.078,3101913.233,441,441,0.2761236666,761.2164687,1.128379167,427.7054233,-2716985.906,3101919.386,122.5182401,937.5660333,0.09375660333,0.09375660333,0.47525624,28.50007855,Retain,-1.623152013,-1.286906446,0.336245567,-0.2270143013,-0.05889151783,0.123046929,-0.09885791691,4.73388288,3,0,0.004,0.002,0.838,0.156
339,279,279,1.183655411,530.6726786,1.62867504,94.2200381,-2716337.796,3101764.051,442,442,2.070927499,431.3559989,1.751109716,83.08484618,-2716375.48,3101707.445,512.4400393,7763.025447,0.7763025447,0.7763025447,0.655851811,68.00275234,Retain,0.1686074558,0.7279965743,0.5593891185,-0.2072116741,0.07248288515,-0.1257691265,0.6434845808,4.7076241,4,0,0,0,0.022,0.978
341,281,281,1.08501746,521.0240845,1.530986039,31.40667936,-2716599.757,3101562.049,443,443,0.8283709998,570.9123514,1.465807536,83.08484618,-2716598.369,3101531.848,439.2339872,6589.847996,0.6589847996,0.6589847996,0.6073494889,30.23278082,Retain,0.08159607878,-0.1882941575,-0.2698902363,0.09143942962,-0.04350568852,0.9728219359,0.4352860461,3.940526773,1,0.146,0.718,0.014,0.122,0
342,283,283,10.06107099,199.7826555,1.787618976,31.40667936,-2715887.788,3101372.546,446,446,10.07851383,198.1248343,1.774321162,26.2737353,-2715881.15,3101352.341,1960.317893,86037.68192,8.603768192,8.603768192,0.8551543071,21.26691482,Retain,2.308673619,2.310405814,0.001732195047,-0.008332744803,-0.007466647285,-0.1784445861,1.769901461,2.475227724,3,0.254,0.014,0.04,0.508,0.184
343,284,284,2.170034919,318.4036072,1.323141857,31.40667936,-2715563.336,3101239.417,447,447,1.794803833,380.6082343,1.438406848,37.15667279,-2715562.072,3101228.185,644.0301011,16458.40465,1.645840465,1.645840465,0.7584396226,11.30332976,Retain,0.7747432593,0.5848957307,-0.1898475287,0.1784508067,0.08352704233,0.1681178566,1.141330164,2.61017913,0,0.926,0.012,0.01,0.05,0.002
344,286,286,2.071396969,485.186449,1.96986017,31.40667938,-2715389.988,3101102.642,445,445,0.3451545832,913.4597624,1.513879513,26.2737353,-2715412.109,3101233.642,276.4444372,2444.34795,0.244434795,0.244434795,0.1180048048,132.8545838,Retain,0.7282232437,-1.063762895,-1.791986139,0.632706079,-0.2632869903,-0.1784445867,-2.00415589,5.097516023,2,0,0.202,0.798,0,0
345,285,285,1.380931312,409.3760664,1.357074079,31.40667936,-2716022.608,3101096.659,448,448,1.518680166,415.2089829,1.44342748,26.2737353,-2716000.641,3101086.986,505.1318599,10395.91055,1.039591055,1.039591055,0.7528188013,24.00221345,Retain,0.3227581356,0.417841646,0.09508351034,0.01414775541,0.06168951058,-0.1784445863,1.110992903,3.58917359,3,0.03,0.004,0.002,0.494,0.47
346,286,286,2.071396969,485.186449,1.96986017,31.40667938,-2715389.988,3101102.642,449,449,1.311587416,480.7682959,1.553207608,26.2737353,-2715376.986,3101047.513,614.4265031,11386.82247,1.138682247,1.138682247,0.5497170575,56.64130205,Retain,0.7282232437,0.2712381718,-0.4569850719,-0.009147807222,-0.2376403432,-0.1784445867,0.1991266604,4.245009413,2,0.024,0.246,0.682,0.042,0.006
347,287,287,0.1972759018,955.2108213,1.196826841,44.4157519,-2715466.261,3100735.483,450,450,0.4832164165,652.4712588,1.279461712,37.15667279,-2715475.166,3100697.657,128.7973199,1036.168555,0.1036168555,0.1036168555,0.5252382808,38.85950009,Retain,-1.623152013,-0.7272906583,0.8958613548,-0.381164981,0.06676569635,-0.1784464082,0.1008369766,5.043919262,4,0,0.002,0,0.062,0.936
348,288,288,2.761862625,318.4036072,1.49270533,157.0333968,-2715741.069,3100699.589,453,453,2.623174833,340.5442096,1.555901813,131.3686765,-2715768.326,3100683.138,795.5823633,19213.24136,1.921324136,1.921324136,0.6956624556,31.83674953,Retain,1.015905316,0.9643853523,-0.05151996383,0.06722517159,0.04146518967,-0.1784495626,0.8248831441,3.525064963,3,0.146,0.03,0.02,0.756,0.048
349,289,289,3.156414428,298.5033817,1.496033551,44.4157519,-2715272.914,3100670.706,451,451,1.44964925,507.4776457,1.723627649,37.15667279,-2715328.784,3100693.904,506.8955022,9193.089446,0.9193089446,0.9193089446,0.2912510272,60.49505131,Retain,1.149436709,0.3713216303,-0.7781150785,0.5306714003,0.1416138611,-0.1784464082,-0.8872982329,4.100224684,2,0.02,0.244,0.724,0.012,0
350,289,289,3.156414428,298.5033817,1.496033551,44.4157519,-2715272.914,3100670.706,452,452,0.4832164165,652.4712588,1.279461712,58.74985815,-2715178.649,3100630.096,283.2451658,4150.169782,0.4150169782,0.4150169782,0.131483678,102.6405079,Retain,1.149436709,-0.7272906584,-1.876727367,0.7819858286,-0.156377855,0.2796890663,-1.881477653,4.628888999,2,0,0.162,0.838,0,0
351,291,291,0.9863795088,445.7650501,1.248886881,129.4930564,-2715095.662,3100408.853,455,455,0.1380618333,1141.824703,1.196826841,52.5474706,-2715120.471,3100434.92,157.6424118,1380.618333,0.1380618333,0.1380618333,0.1399682699,35.98552307,Retain,-0.01371410108,-1.980053627,-1.966339526,0.9405908588,-0.04257890419,-0.9018989903,-1.809596528,4.162366503,1,0.016,0.57,0.404,0.01,0
352,291,291,0.9863795088,445.7650501,1.248886881,129.4930564,-2715095.662,3100408.853,456,456,0.1380618333,1141.824703,1.196826841,52.5474706,-2715094.197,3100356.099,126.36126,558.7456322,0.05587456322,0.05587456322,0.05664611108,52.77472966,Retain,-0.01371410108,-1.980053627,-1.966339526,0.9405908587,-0.04257890418,-0.9018989903,-2.796178191,4.545273413,1,0.01,0.54,0.448,0.002,0
353,292,292,0.5918277053,530.6726786,1.151647165,NA,-2713409.123,3090010.102,457,457,0.4141854998,634.3470572,1.151647165,10453.28221,-2713412.678,3089977.973,213.8795865,2858.178975,0.2858178975,0.2858178975,0.4829410568,32.3243532,Retain,-0.5245397248,-0.8814413383,-0.3569016135,0.1784508068,0,16.16242667,-0.06812590986,4.310486656,1,0.072,0.578,0.022,0.324,0.004
