OBJECTID,FID_Haiphong_1996_vect,ID_1996,AREA_1996,ED_1996,SHAPE_1996,ENN_1996,POINT_X_1996,POINT_Y_1996,FID_RasterT_Majori13,ID_2007,AREA_2007,ED_2007,SHAPE_2007,ENN_2007,POINT_X_2007,POINT_Y_2007,Shape_Length,Shape_Area,OVERLAP_96_07,MAX_OVERLAP_96_07,RETENTION_96_07,CENTROID_96_07,EVENT TYPE,log_area_parent,log_area_child,log_change_area,log_change_ED,log_change_shape_index,log_change_ENN,logit_retention_ratio,log_centroid_shift,Predicted_Typology,Prob_0,Prob_1,Prob_2,Prob_3,Prob_4
1,3,3,1.88359377,364.6310944,1.411699925,103.1813916,-2112672.697,3940988.07,1,1,1.027209973,493.3332539,1.410473959,160.2505829,-2112668.179,3941006.398,504.8242747,9062.532712,0.9062532712,0.9062532712,0.481129894,18.87652839,Retain,0.6331815321,0.02684636274,-0.6063351694,0.3022987748,-8.688099486e-4,0.4402467592,-0.07536541672,3.193746417,1,0.244,0.614,0.134,0.008,0
2,6,6,1.064639957,537.5971264,1.564780364,103.1813916,-2112957.435,3940932.271,3,3,0.7704074798,591.9999046,1.465807536,160.2505829,-2112983.318,3940959.945,402.8757289,4316.08824,0.431608824,0.431608824,0.4054035555,37.89223525,Retain,0.06263667367,-0.2608357096,-0.3234723833,0.09639702979,-0.06533916185,0.4402467592,-0.38221668600000003,4.175819213,0,0.576,0.346,0.01,0.066,0.002
3,5,5,0.7370584318,465.9175096,1.128379167,114.4694763,-2115550.609,3940914.66,4,4,1.15561122,438.5184479,1.329807601,473.3499502,-2115548.775,3940917.716,343.408429,6740.687891,0.6740687891,0.6740687891,0.9145391464,3.563379749,Retain,-0.3050881066,0.1446293985,0.4497175051,-0.06060671905,0.1642520335,1.419520139,2.359821371,1.995899051,4,0.022,0,0,0.042,0.936
4,8,8,0.6551630506,611.5167313,1.396297981,506.2929424,-2114960.376,3940624.91,5,5,0.7704074797,591.9999047,1.465807536,473.3499502,-2114993.454,3940649.557,327.2197254,3598.264296,0.3598264296,0.3598264296,0.54921661,41.25119659,Retain,-0.4228711422,-0.2608357097,0.1620354325,-0.03243584201,0.04858187423,-0.06728033454,0.1971091978,4.503504876,3,0.004,0.002,0.004,0.686,0.304
5,9,9,0.491372288,582.3968869,1.151647165,314.7910599,-2111801.734,3940299.387,6,6,0.5778056098,613.9258271,1.316442362,253.3784192,-2111805.813,3940285.677,249.3798773,3334.309667,0.3334309667,0.3334309667,0.6785709632,14.30369646,Retain,-0.7105532145,-0.5485177822,0.1620354324,0.05272196641,0.1337396826,-0.2170242477,0.7455785913,3.588229457,3,0.004,0.01,0.004,0.644,0.338
7,14,14,2.702547584,402.3833037,1.866043204,57.23473816,-2114278.437,3940011.913,9,9,3.466833659,496.9875743,2.61040024,573.3299149,-2114298.306,3940067.49,1120.660337,18932.57428,1.893257428,1.893257428,0.7005454556,59.02253578,Retain,0.9941948776,1.243241687,0.2490468095,0.2111598982,0.3356833029,2.304284567,0.8479892193,4.15320378,4,0.11,0.006,0.008,0.218,0.658
8,12,12,5.241304405,316.6783073,2.04518724,85.85210725,-2111203.452,3940164.349,7,7,4.879247371,363.5087134,2.265094429,25.33784193,-2111175.663,3940150.579,1625.574106,38333.2084,3.83332084,3.83332084,0.7313677176,31.01265561,Retain,1.6565704,1.584990981,-0.07157941871,0.1379168124,0.102127103,-1.220299308,0.9992236207,3.178507354,0,0.62,0.106,0.056,0.168,0.05
9,13,13,1.146535338,549.1170649,1.658646097,85.85210725,-2110734.714,3940015.257,8,8,1.284012466,513.066584,1.640036139,25.33784193,-2110751.055,3940016.955,539.55211,7303.745163,0.7303745163,0.7303745163,0.637027479,16.42810558,Retain,0.1367446458,0.2499899141,0.1132452683,-0.06790602149,-0.01128338733,-1.220299308,0.5613029799,3.303047113,3,0.052,0.004,0.006,0.51,0.428
10,15,15,0.7370584319,543.5704279,1.316442362,805.8724303,-2113308.915,3939951.209,10,10,0.5136049865,789.3332062,1.595769122,766.8622494,-2113344.383,3939948.543,338.0489473,3218.052683,0.3218052683,0.3218052683,0.4366075394,35.56779543,Retain,-0.3050881065,-0.6663008178,-0.3612127113,0.3730292661,0.1924229104,-0.04961820318,-0.2544273817,4.296377717,1,0.088,0.476,0.046,0.378,0.012
11,16,16,1.064639957,483.8374138,1.408302327,40.47107148,-2110326.838,3939752.355,11,11,1.15561122,526.2221375,1.595769122,0,-2110339.033,3939746.544,502.3995751,7633.858812,0.7633858812,0.7633858812,0.7170366621,13.50839501,Retain,0.06263667362,0.1446293984,0.08199272475,0.08397450987,0.1249708722,-10.60836742,0.9276754911,3.144431976,3,0.104,0.01,0.014,0.544,0.328
13,34,34,7.206793556,309.7292535,2.345569656,0,-2109246.333,3935683.21,32,32,1.797617453,451.0475464,1.705948949,25.33784192,-2109181.737,3935781.373,748.8138997,15573.76569,1.557376569,1.557376569,0.2160984016,117.5095935,Retain,1.975024131,0.5864621507,-1.38856198,0.3758742182,-0.3184067717,10.14009375,-1.285207643,4.351381364,2,0,0.036,0.964,0,0
14,34,34,7.206793556,309.7292535,2.345569656,0,-2109246.333,3935683.21,34,34,2.953228672,497.6231083,2.412371259,25.33784192,-2109249.016,3935658.461,1422.966074,24605.44374,2.460544374,2.460544374,0.3414201273,24.8943326,Retain,1.975024131,1.082899037,-0.8921250936,0.4741444397,0.02808189285,10.14009375,-0.6555646502,2.799533218,2,0.048,0.258,0.694,0,0
15,35,35,2.538756821,315.6215387,1.418640168,461.4412112,-2108935.381,3934996.404,36,36,2.311222439,328.8888359,1.410473959,506.7568384,-2108928.56,3934983.03,645.4349323,18022.5029,1.80225029,1.80225029,0.7098948096,15.01285032,Retain,0.9316745207,0.837776579,-0.09389794162,0.0411759753,-0.005772995515,0.09367642644,0.8928397907,2.815500812,3,0.254,0.022,0.016,0.692,0.016
16,36,36,0.5732676693,698.8762644,1.49270533,57.23473816,-2108960.438,3934087.374,37,37,0.642006233,552.5332444,1.248886881,76.01352576,-2108960.936,3934063.829,341.8653574,4243.649156,0.4243649156,0.4243649156,0.7402561462,23.54965799,Retain,-0.5564025348,-0.4431572666,0.1132452681,-0.234960106,-0.178337472,0.2837459541,1.04480772,4.009719971,3,0.046,0.012,0.01,0.752,0.18
17,37,37,29.07286037,183.0858946,2.78479888,57.23473816,-2109044.228,3933217.959,38,38,4.494043632,281.9047165,1.685838828,0,-2109060.478,3933757.242,1147.660316,39612.07541,3.961207541,3.961207541,0.1362510427,539.5277304,Retain,3.369805106,1.502752883,-1.867052223,0.431613717,-0.5019123946,-10.95493378,-1.840627564,5.178158427,2,0.002,0.006,0.992,0,0
18,37,37,29.07286037,183.0858946,2.78479888,57.23473816,-2109044.228,3933217.959,39,39,0.2568024933,789.3332062,1.128379167,35.83311968,-2108707.558,3933012.309,202.7027354,2312.412049,0.2312412049,0.2312412049,0.007953851184,394.510957,Retain,3.369805106,-1.359447998,-4.729253104,1.461233134,-0.9033934179,-0.4682779932,-4.708693397,4.865111839,2,0,0,1,0,0
19,40,40,0.1637907626,1048.314397,1.196826841,589.2676954,-2106965.398,3932372.376,41,41,0.1284012466,1183.999809,1.196826841,162.2413497,-2106971.915,3932378.863,135.8566269,971.2092604,0.09712092604,0.09712092604,0.5929572857,9.195596991,Retain,-1.809165503,-2.052595179,-0.2434296756,0.1217148378,0,-1.289791065,0.3754355463,3.695781218,3,0.202,0.236,0.022,0.528,0.012
21,42,42,0.7370584319,465.9175096,1.128379167,208.3375917,-2106078.26,3931928.807,45,45,0.4494043631,676.5713196,1.279461712,233.60336,-2106059.753,3931935.451,273.4298518,3718.091196,0.3718091196,0.3718091196,0.5044499913,19.66308803,Retain,-0.3050881065,-0.7998322105,-0.494744104,0.3730292662,0.1256572141,0.1144643145,0.0177649037,3.703703026,1,0.096,0.784,0.032,0.086,0.002
22,43,43,0.1637907626,1048.314397,1.196826841,114.4694763,-2106636.298,3931757.102,46,46,0.1284012466,1183.999809,1.196826841,202.7027354,-2106655.192,3931758.086,120.7980142,888.3742613,0.08883742613,0.08883742613,0.5423836162,18.91962503,Retain,-1.809165503,-2.052595179,-0.2434296757,0.1217148379,0,0.5714285402,0.1696014505,4.417200293,3,0.05,0.292,0.004,0.654,0
23,44,44,0.2456861439,931.8350192,1.302940032,171.7042145,-2106393.051,3931757.102,47,47,0.1926018699,1052.444275,1.302940032,202.7027354,-2106389.145,3931758.086,202.7027353,1926.018699,0.1926018699,0.1926018699,0.7839346037,4.027580217,Retain,-1.403700395,-1.647130071,-0.2434296758,0.1217148379,0,0.165966344,1.285401733,2.667629151,0,0.682,0.036,0,0.254,0.028
24,46,46,0.9827445758,465.9175096,1.302940032,326.2882096,-2107103.715,3931671.25,49,49,0.4494043633,676.5713195,1.279461712,204.2802123,-2107105.844,3931671.213,304.0541031,4278.239093,0.4278239093,0.4278239093,0.4353358135,2.128956098,Retain,-0.0174060341,-0.7998322102,-0.7824261761,0.3730292659,-0.01818382211,-0.4682865977,-0.2595884308,1.337169328,1,0.14,0.602,0.232,0.026,0
25,48,48,0.4913722879,582.396887,1.151647165,208.3375917,-2105949.482,3931642.633,50,50,0.3852037398,657.7776718,1.151647165,233.60336,-2105945.733,3931631.397,239.8062205,3499.223664,0.3499223664,0.3499223664,0.7121328878,11.84507406,Retain,-0.7105532146,-0.9539828903,-0.2434296756,0.1217148378,0,0.1144643145,0.9037010185,3.39963806,3,0.3,0.114,0.002,0.578,0.006
26,50,50,0.6551630507,611.5167312,1.396297981,103.1813916,-2106482.48,3931485.237,53,53,0.9630093497,526.2221374,1.456731241,91.35688825,-2106475.294,3931462.478,400.6431672,4812.602802,0.4812602802,0.4812602802,0.7345656623,23.86723277,Retain,-0.422871142,-0.0376921583,0.3851789837,-0.1502188776,0.04237061424,-0.1217135834,1.015511986,3.956348916,4,0,0,0.004,0.062,0.934
27,53,53,0.245686144,931.8350191,1.302940032,127.9807652,-2106393.051,3931299.224,54,54,0.4494043631,676.5713196,1.279461712,91.35688825,-2106371.047,3931291.146,211.2890569,2092.321379,0.2092321379,0.2092321379,0.8516236793,23.44032284,Retain,-1.403700395,-0.7998322105,0.6038681846,-0.3201179144,-0.01818382206,-0.3371031634,1.741849513,4.428715539,4,0.002,0,0,0.046,0.952
30,17,17,0.4094769066,698.8762644,1.261566261,40.47107148,-2110193.437,3939615.432,12,12,0.6420062332,631.4665649,1.427299293,0,-2110205.024,3939620.418,286.1736908,3588.514565,0.3588514565,0.3588514565,0.876365555,12.6140849,Retain,-0.8928747715,-0.4431572664,0.4497175051,-0.1014287136,0.123430039,-10.60836742,1.951538717,3.553695641,4,0.012,0,0.002,0.044,0.942
31,18,18,0.4094769066,698.8762644,1.261566261,40.47107148,-2110078.968,3939529.58,13,13,0.3210031165,789.3332063,1.261566261,0,-2110083.402,3939526.668,253.3784192,3084.845512,0.3084845512,0.3084845512,0.7533625125,5.304983644,Retain,-0.8928747714,-1.136304447,-0.2434296757,0.1217148379,0,-10.60836742,1.113907105,2.687637502,0,0.818,0.01,0.014,0.148,0.01
33,20,20,0.6551630506,698.8762644,1.595769122,103.1813916,-2109866.484,3939322.819,14,14,1.605015583,694.6132215,2.482434168,0,-2109915.159,3939354.371,438.6852704,5290.389522,0.5290389522,0.5290389522,0.8074920461,58.00672323,Retain,-0.4228711422,0.4731334654,0.8960046076,-0.006118533709,0.4418837701,-11.54425349,1.429852224,4.844376675,4,0,0,0.01,0.012,0.978
34,21,21,0.3275815253,698.8762643,1.128379167,90.49606694,-2109726.974,3939154.692,15,15,0.2568024932,789.3332062,1.128379167,50.67568384,-2109746.409,3939144.067,155.7000409,1495.755055,0.1495755055,0.1495755055,0.4566054369,22.14986688,Retain,-1.116018323,-1.359447998,-0.2434296757,0.1217148378,0,-0.5798515207,-0.1736669623,4.228250737,3,0.07,0.122,0.006,0.79,0.012
35,22,22,0.491372288,582.3968869,1.151647165,90.49606694,-2109641.122,3938997.297,16,16,0.5778056098,877.0368958,1.880631945,35.83311968,-2109615.497,3938970.925,286.1736908,2285.852993,0.2285852993,0.2285852993,0.4651977837,36.77127155,Retain,-0.7105532146,-0.5485177821,0.1620354325,0.4093969103,0.4904146265,-0.9264169375,-0.1391551209,4.532385621,3,0.044,0.13,0.038,0.52,0.268
36,23,23,0.6551630506,698.8762643,1.595769122,28.61736908,-2109501.612,3938807.707,17,17,0.5136049865,789.3332062,1.595769122,35.83311968,-2109508.867,3938802.006,374.6298584,3767.156557,0.3767156557,0.3767156557,0.5749952708,9.226335169,Retain,-0.4228711421,-0.6663008178,-0.2434296756,0.1217148378,0,0.2248517159,0.3016490025,3.005970807,0,0.65,0.11,0.004,0.234,0.002
37,24,24,5.323199786,333.3102184,2.169352263,28.61736908,-2109434.417,3938483.505,19,19,0.1284012466,1183.999809,1.196826841,71.66623936,-2109493.031,3938649.979,91.34223249,515.2012905,0.05152012905,0.05152012905,0.009678413571,176.4913111,Retain,1.672074586,-2.052595179,-3.724669765,1.267580011,-0.5947548712,0.9179849433,-4.530814708,4.909604962,2,0,0.006,0.994,0,0
38,24,24,5.323199786,333.3102184,2.169352263,28.61736908,-2109434.417,3938483.505,22,22,4.686645502,270.3195912,1.650834902,25.33784191,-2109421.356,3938417.426,1195.02934,37254.44393,3.725444393,3.725444393,0.6998505678,67.35724421,Retain,1.672074586,1.544717082,-0.1273575044,-0.209468713,-0.2731474652,-0.1217103153,0.8446881002,3.946352954,2,0.124,0.07,0.392,0.354,0.06
39,25,25,0.4094769066,698.8762644,1.261566261,57.23473816,-2109632.537,3938270.416,23,23,0.7062068565,574.0605136,1.360876479,25.33784191,-2109634.692,3938265.304,286.1736908,3616.684347,0.3616684347,0.3616684347,0.8832450107,5.547091956,Retain,-0.8928747714,-0.3478470866,0.5450276848,-0.1967388934,0.07577494906,-0.8148400244,2.016128081,2.732256406,4,0.024,0,0,0.026,0.95
40,26,26,0.5732676693,599.036798,1.279461712,57.23473816,-2109778.077,3938236.892,24,24,0.1284012466,1183.999809,1.196826841,50.67568383,-2109771.747,3938219.236,144.5221037,1093.853286,0.1093853286,0.1093853286,0.1908102174,18.75709449,Retain,-0.5564025347,-2.052595179,-1.496192644,0.6813306257,-0.0667656963,-0.1217125765,-1.440762088,3.782191575,1,0.006,0.72,0.248,0.026,0
41,27,27,0.491372288,698.8762643,1.381976598,40.47107147,-2109316.792,3938219.858,25,25,0.3210031165,789.3332062,1.261566261,35.83311969,-2109308.064,3938229.371,245.1660348,2594.807187,0.2594807187,0.2594807187,0.5280735708,12.90952165,Retain,-0.7105532144,-1.136304447,-0.4257512326,0.1217148379,-0.09116077835,-0.1217116397,0.1121876617,3.485684161,0,0.634,0.268,0.01,0.088,0
42,28,28,2.293070677,349.4381322,1.49270533,80.94214296,-2109358.015,3937101.396,27,27,1.669216206,455.384542,1.659700209,113.3142739,-2109401.425,3937092.676,676.8308856,12961.73402,1.296173402,1.296173402,0.5652566295,44.27722807,Retain,0.8298918264,0.5123541785,-0.3175376478,0.2648156815,0.1060468576,0.3364269986,0.2619939142,3.94791212,1,0.264,0.534,0.096,0.104,0.002
43,29,29,2.293070677,349.4381322,1.49270533,63.9903826,-2109070.819,3937085.043,29,29,2.118620569,382.7070091,1.571404803,107.499359,-2109062.671,3937077.497,719.294185,18597.97292,1.859797292,1.859797292,0.8110510115,11.10531141,Retain,0.8298918263,0.750765202,-0.07912662433,0.09094317914,0.05137986697,0.51874576,1.452807606,2.564932572,0,0.486,0.044,0.002,0.456,0.012
44,30,30,0.245686144,931.8350191,1.302940032,63.9903826,-2109226.17,3936965.464,28,28,0.1284012466,1183.999809,1.196826841,107.499359,-2109239.652,3936977.681,130.8710824,747.9658645,0.07479658645,0.07479658645,0.3044395798,18.19445575,Retain,-1.403700395,-2.052595179,-0.6488947836,0.2394978734,-0.08494951839,0.51874576,-0.8244025534,4.175387019,1,0.128,0.69,0.02,0.162,0
45,31,31,0.8189538132,628.9886379,1.605711705,400.6431672,-2109123.148,3936373.084,30,30,0.7062068564,645.8180778,1.530986039,462.3722263,-2109132.542,3936404.125,387.2150543,4658.875587,0.4658875587,0.4658875587,0.5688813596,32.43119246,Retain,-0.1997275909,-0.3478470867,-0.1481194958,0.02640465802,-0.0476550899,0.1432987443,0.276728017,4.151380262,3,0.07,0.154,0.012,0.756,0.008
47,116,116,1.146535338,599.036798,1.809432105,28.61736908,-2103435.241,3929067.07,113,113,0.5136049865,887.9998569,1.795240262,25.33784192,-2103491.129,3929069.107,455.5098633,3506.141536,0.3506141536,0.3506141536,0.305803181,55.92531336,Retain,0.1367446458,-0.6663008177,-0.8030454635,0.3936485532,-0.007874178512,-0.1217103149,-0.8179885605,4.528027611,1,0.044,0.75,0.168,0.036,0.002
48,116,116,1.146535338,599.036798,1.809432105,28.61736908,-2103435.241,3929067.07,117,117,0.4494043631,676.5713196,1.279461712,0,-2103341.365,3929046.937,254.3239801,2375.115624,0.2375115624,0.2375115624,0.2071559022,96.01116387,Retain,0.1367446458,-0.7998322105,-0.9365768562,0.1217148378,-0.3465735903,-10.26180407,-1.338599763,5.06846751,2,0.02,0.268,0.66,0.048,0.004
50,121,121,0.4094769066,698.8762643,1.261566261,28.61736908,-2103285.204,3928986.941,120,120,0.2568024932,789.3332062,1.128379167,0,-2103285.259,3928983.592,202.7027353,2373.028206,0.2373028206,0.2373028206,0.5795267494,3.349328363,Retain,-0.8928747714,-1.359447998,-0.466573227,0.1217148378,-0.1115717757,-10.26180407,0.3201795669,2.227860689,0,0.328,0.326,0.126,0.21,0.01
51,122,122,0.1637907626,1048.314397,1.196826841,85.85210725,-2103144.979,3928952.6,123,123,0.1284012466,1183.999809,1.196826841,76.01352576,-2103158.57,3928945.585,120.654261,805.7852326,0.08057852326,0.08057852326,0.4919601201,15.29443174,Retain,-1.809165503,-2.052595179,-0.2434296756,0.1217148378,0,-0.1217133302,-0.03209808449,4.204501899,3,0.09,0.274,0.006,0.622,0.008
53,131,131,6.633525887,345.1240812,2.50750926,28.61736909,-2105764.175,3929003.829,116,116,2.889028049,385.8962341,1.850297183,25.33784192,-2105665.046,3929120.135,1061.795099,20665.84143,2.066584143,2.066584143,0.3115363049,152.8193416,Retain,1.892136471,1.06092013,-0.8312163405,0.1116645019,-0.3039436683,-0.1217103154,-0.7911934039,4.655559701,2,0.026,0.096,0.862,0.01,0.006
54,123,123,1.22843072,372.7340077,1.165384993,200.3215836,-2102844.497,3928981.218,121,121,0.9630093496,578.8443512,1.602404365,104.4705986,-2102953.334,3928999.639,204.1514359,1742.291556,0.1742291556,0.1742291556,0.1418306729,110.3847967,Retain,0.2057375173,-0.03769215839,-0.2434296757,0.440168569,0.3184537311,-0.6510137348,-1.794306201,5.173477656,1,0.062,0.348,0.222,0.262,0.106
55,135,135,2.129279914,483.8374138,1.991640251,57.23473816,-2103703.018,3928763.285,137,137,0.9630093496,684.0887787,1.893750613,25.33784192,-2103813.131,3928796.937,533.2467349,4618.087676,0.4618087676,0.4618087676,0.2168849499,115.1404169,Retain,0.7557838542,-0.03769215842,-0.7934760126,0.3463387743,-0.05039923197,-0.814840024,-1.280588586,4.9406341,2,0.028,0.316,0.636,0.01,0.01
56,135,135,2.129279914,483.8374138,1.991640251,57.23473816,-2103703.018,3928763.285,142,142,0.6420062331,631.4665649,1.427299293,50.67568384,-2103601.982,3928720.079,389.0419107,5775.685824,0.5775685824,0.5775685824,0.2712506601,109.886328,Retain,0.7557838542,-0.4431572664,-1.198941121,0.2662960666,-0.3331744937,-0.1217125764,-0.9859779186,4.893928566,2,0.004,0.096,0.894,0.006,0
58,137,137,24.81430054,205.2804869,2.884654179,28.61736908,-2104605.457,3928896.027,130,130,0.6420062331,552.5332443,1.248886881,25.33784192,-2104007.388,3928882.241,350.2850954,6307.443442,0.6307443442,0.6307443442,0.02541858245,598.2277845,Retain,3.211420122,-0.4431572665,-3.654577388,0.9901363297,-0.8371523644,-0.1217103149,-3.608965976,5.360628146,2,0,0,1,0,0
59,136,136,0.9008491946,571.8078526,1.530986039,326.2882096,-2102446.455,3928744.474,140,140,0.5136049865,789.3332061,1.595769122,409.3453638,-2102471.281,3928765.053,328.7168106,2776.701287,0.2776701287,0.2776701287,0.3082315335,32.24649671,Retain,-0.104417411,-0.6663008177,-0.5618834066,0.3223855332,0.04144382988,0.2267775188,-0.8066055447,4.098014067,1,0.036,0.848,0.03,0.086,0
60,145,145,0.3275815253,873.5953304,1.410473959,85.85210725,-2103431.153,3928637.809,157,157,0.9630093497,789.3332062,2.185096861,50.67568384,-2103373.942,3928599.302,283.7794293,2580.733969,0.2580733969,0.2580733969,0.7878142598,68.963386,Retain,-1.116018323,-0.03769215833,1.078326164,-0.1014287135,0.4377343687,-0.5271718606,1.308367075,5.363964331,4,0,0,0.026,0.028,0.946
61,168,168,0.7370584318,543.5704278,1.316442362,447.0175952,-2102822.239,3928307.119,170,170,0.2568024932,986.6665078,1.410473959,453.2570955,-2102803.84,3928312.139,253.3784192,2249.447672,0.2249447672,0.2249447672,0.3051925838,19.07107376,Retain,-0.3050881066,-1.359447998,-1.054359892,0.5961728174,0.06899287151,0.01386151665,-0.8208586586,3.673134154,1,0.022,0.762,0.202,0.014,0
63,182,182,0.245686144,931.8350191,1.302940032,85.85210725,-2104199.052,3927989.149,187,187,1.476614336,549.1013609,1.882266567,71.66623937,-2104268.478,3927967.324,225.3758892,2243.710209,0.2243710209,0.2243710209,0.9132424699,72.77496411,Retain,-1.403700395,0.3897518564,1.793452252,-0.5288727283,0.3678533975,-0.18060405,2.343518149,5.561600878,4,0,0,0.02,0.002,0.978
64,183,183,0.5732676693,599.036798,1.279461712,114.4694763,-2103854.281,3927991.874,188,188,0.6420062331,631.466565,1.427299293,76.01352576,-2103880.699,3927965.011,260.8191015,2977.527289,0.2977527289,0.2977527289,0.5193956417,37.67651091,Retain,-0.5564025347,-0.4431572665,0.1132452683,0.05272196637,0.1093446005,-0.4093924907,0.07746642795,4.479629599,3,0.002,0.01,0.006,0.73,0.252
65,184,184,0.2456861439,931.8350192,1.302940032,114.4694763,-2103388.227,3927979.61,185,185,0.3852037399,789.3332062,1.381976598,101.3513677,-2103395.057,3927974.301,228.9389527,2259.502541,0.2259502541,0.2259502541,0.9196703178,8.650012125,Retain,-1.403700395,-0.9539828902,0.449717505,-0.1659672347,0.05889151783,-0.1217137071,2.426590966,3.431891463,4,0.008,0.004,0,0.25,0.738
67,206,206,10.89208572,199.6789327,1.859014768,0,-2103076.018,3927625.658,200,200,10.72150409,203.2414842,1.877306931,35.83311968,-2103090.067,3927619.673,2071.995173,96749.54525,9.674954525,9.674954525,0.8882554524,15.27085178,Retain,2.388036444,2.372251453,-0.01578499145,0.01768410962,0.009791613887,10.48665578,2.065259924,2.104358102,0,0.402,0.092,0.054,0.242,0.21
69,209,209,0.4094769066,698.8762644,1.261566261,0,-2103382.504,3927447.327,206,206,0.3210031166,789.3332062,1.261566261,0,-2103394.212,3927435.45,223.2615263,2307.320017,0.2307320017,0.2307320017,0.5634798886,16.67768953,Retain,-0.8928747715,-1.136304447,-0.2434296756,0.1217148378,0,0,0.2547820823,3.832934157,3,0.078,0.234,0.006,0.682,0
70,213,213,0.4913722879,582.3968869,1.151647165,0,-2103302.375,3927392.954,210,210,0.5136049865,591.9999047,1.196826841,0,-2103310.597,3927387.308,267.3781558,4124.654029,0.4124654029,0.4124654029,0.8394152722,9.973928738,Retain,-0.7105532146,-0.6663008178,0.04425239679,0.01635432218,0.03848052058,0,1.648866506,3.227716369,3,0.066,0.006,0.006,0.732,0.19
71,224,224,0.9827445759,582.3968869,1.62867504,117.9924355,-2102815.88,3927195.017,222,222,0.7704074797,591.9999047,1.465807536,0,-2102784.837,3927203.609,425.0826337,4341.404679,0.4341404679,0.4341404679,0.4417632806,32.20964511,Retain,-0.01740603403,-0.2608357097,-0.2434296757,0.01635432219,-0.1053605156,-11.67838427,-0.2335375809,4.053364951,3,0.066,0.272,0.312,0.336,0.014
72,224,224,0.9827445759,582.3968869,1.62867504,117.9924355,-2102815.88,3927195.017,226,226,0.3210031166,789.3332062,1.261566261,0,-2102851.982,3927141.531,199.7676207,1822.745803,0.1822745803,0.1822745803,0.1854750306,64.53007772,Retain,-0.01740603403,-1.136304447,-1.118898413,0.3040363946,-0.2554128119,-11.67838427,-1.475534694,4.748214893,2,0,0.232,0.758,0.008,0.002
74,233,233,1.801698389,476.5065439,1.804284351,0,-2103341.399,3927020.928,229,229,0.2568024932,789.3332062,1.128379167,50.67568384,-2103386.611,3927083.254,183.8767622,2091.015401,0.2091015401,0.2091015401,0.1160580158,76.99809907,Retain,0.5887297695,-1.359447998,-1.948177768,0.5047070901,-0.4693817939,10.8332212,-2.022852415,4.62179378,2,0,0.376,0.624,0,0
76,237,237,5.56888593,287.7725794,1.915705026,0,-2102969.488,3926926.238,241,241,6.548463577,301.803873,2.178660627,50.67568384,-2103073.366,3926927.004,1518.18659,43297.66973,4.329766973,4.329766973,0.7774924873,103.8808173,Retain,1.717195021,1.879230454,0.1620354324,0.04760686568,0.1286245819,10.8332212,1.247914313,4.357021313,4,0.028,0.004,0.016,0.032,0.92
78,238,238,0.9008491946,508.2736468,1.360876479,461.4412112,-2102019.796,3926853.126,243,243,0.3852037399,789.3332062,1.381976598,484.0787902,-2101993.03,3926829.876,270.5251753,2624.166741,0.2624166741,0.2624166741,0.2912992271,35.45484647,Retain,-0.104417411,-0.9539828902,-0.8495654792,0.440168569,0.01538582936,0.04789292213,-0.8870654067,4.192861809,1,0.012,0.86,0.106,0.022,0
79,244,244,0.6551630505,524.1571983,1.196826841,90.49606695,-2105502.335,3926781.257,247,247,0.9630093497,526.2221374,1.456731241,50.67568383,-2105542.861,3926763.153,290.0775291,4125.587352,0.4125587352,0.4125587352,0.6297039109,44.38625658,Retain,-0.4228711422,-0.03769215827,0.3851789839,0.003931802072,0.1965212941,-0.5798515209,0.5298366866,4.576752928,4,0,0,0,0.064,0.936
81,256,256,0.3275815253,873.5953305,1.410473959,28.61736908,-2108009.932,3926405.654,260,260,0.2568024933,986.6665077,1.410473959,56.65713693,-2107991.764,3926367.46,157.0503096,1015.978075,0.1015978075,0.1015978075,0.3101451077,42.29543876,Retain,-1.116018323,-1.359447998,-0.2434296755,0.1217148377,0,0.6829868251,-0.7976704173,4.875076997,3,0.016,0.09,0.006,0.886,0.002
82,259,259,8.189538132,293.528031,2.369596251,90.49606694,-2105363.97,3926444.574,265,265,8.859686017,268.8308746,2.257269318,35.83311968,-2105376.549,3926429.06,2298.566084,68790.82136,6.879082136,6.879082136,0.8399841388,19.97278417,Retain,2.102857502,2.181511326,0.07865382353,-0.08789067793,-0.04856376617,-0.9264169374,1.653069923,2.515356814,4,0.086,0.002,0.01,0.062,0.84
83,260,260,0.9827445758,524.1571983,1.465807536,28.61736908,-2103955.805,3926319.802,263,263,1.15561122,526.2221375,1.595769122,0,-2103972.197,3926311.857,493.3211176,7704.966724,0.7704966724,0.7704966724,0.7840253626,18.21555397,Retain,-0.01740603406,0.1446293985,0.1620354325,0.003931802151,0.08494951841,-10.26180407,1.285935558,3.483398699,3,0.116,0.002,0.016,0.466,0.4
84,267,267,0.3275815253,873.5953304,1.410473959,0,-2107909.771,3926241.104,270,270,0.3852037399,920.8887405,1.612306031,50.67568384,-2107892.524,3926247.105,266.4965279,928.0410798,0.09280410798,0.09280410798,0.2833007994,18.26167437,Retain,-1.116018323,-0.9539828901,0.1620354325,0.05272196631,0.1337396826,10.8332212,-0.9260177103,4.035233429,3,0.01,0.034,0.004,0.906,0.046
86,274,274,90.90387327,176.2931117,4.741563877,28.61736908,-2103773.608,3926599.144,273,273,94.63171876,169.2193305,4.643691976,0,-2103774.861,3926607.181,16387.10113,804280.5938,80.42805938,80.42805938,0.8847594331,8.134333553,Retain,4.50980261,4.549992713,0.0401901028,-0.0409523302,-0.0208572788,-10.26180407,2.030783497,0.4136803797,4,0.278,0.082,0.154,0.072,0.414
87,274,274,90.90387327,176.2931117,4.741563877,28.61736908,-2103773.608,3926599.144,272,272,0.1284012466,1183.999809,1.196826841,76.01352576,-2104653.503,3926209.098,142.1921077,1159.41434,0.115941434,0.115941434,0.001275428977,962.4714217,Retain,4.50980261,-2.052595179,-6.562397789,1.904505637,-1.376693258,0.9768756631,-6.085311216,5.186969051,2,0,0,1,0,0
88,274,274,90.90387327,176.2931117,4.741563877,28.61736908,-2103773.608,3926599.144,275,275,0.7062068564,574.0605136,1.360876479,91.35688825,-2104880.392,3926218.312,411.964525,5512.449107,0.5512449107,0.5512449107,0.006064042057,1170.471707,Retain,4.50980261,-0.3478470866,-4.857649697,1.180586798,-1.248238051,1.160735844,-4.947660954,5.382626607,2,0,0.004,0.996,0,0
89,272,272,0.245686144,931.8350191,1.302940032,28.61736909,-2103559.931,3926205.333,276,276,0.4494043631,676.5713196,1.279461712,25.33784192,-2103569.405,3926194.62,228.9389527,1954.724961,0.1954724961,0.1954724961,0.795618723,14.30129972,Retain,-1.403700395,-0.7998322104,0.6038681847,-0.3201179144,-0.01818382209,-0.1217103153,1.355508034,3.934635484,4,0.008,0,0,0.09,0.902
90,271,271,0.3275815253,698.8762643,1.128379167,90.49606694,-2105663.308,3926219.641,277,277,1.219811843,456.9823826,1.423773641,35.83311968,-2105633.011,3926198.43,228.9389527,2615.950702,0.2615950702,0.2615950702,0.7985647847,36.98452862,Retain,-1.116018323,0.1986966197,1.314714942,-0.4248288685,0.2325286027,-0.9264169374,1.373647649,4.740900822,4,0,0,0.004,0.002,0.994
91,54,54,0.4913722879,582.396887,1.151647165,28.61736908,-2105534.53,3930912.89,56,56,0.2568024932,789.3332062,1.128379167,76.01352575,-2105540.327,3930909.268,202.018129,2550.678484,0.2550678484,0.2550678484,0.5190928643,6.836015554,Retain,-0.7105532146,-1.359447998,-0.6488947837,0.3040363946,-0.02041099726,0.9768756631,0.07625594995,2.849992864,1,0.17,0.72,0.09,0.02,0
92,56,56,0.737058432,698.8762643,1.692568751,0,-2105410.521,3930834.987,57,57,0.5136049865,591.9999047,1.196826841,76.01352575,-2105388.3,3930833.255,273.0555822,2544.595373,0.2544595373,0.2544595373,0.3452365867,22.28817968,Retain,-0.3050881064,-0.6663008178,-0.3612127114,-0.1659672346,-0.3465735902,11.23867973,-0.6386777554,3.829010341,1,0.002,0.764,0.112,0.106,0.016
93,57,57,1.556012245,514.9614579,1.812075543,28.61736908,-2105576.703,3930760.013,58,58,0.3852037399,789.3332062,1.381976598,25.33784192,-2105565.665,3930782.579,283.5184748,3413.544555,0.3413544555,0.3413544555,0.2193777437,25.1206474,Retain,0.4421262953,-0.9539828902,-1.396109186,0.4270964873,-0.2709581054,-0.121710315,-1.266028485,3.575031716,2,0.01,0.446,0.538,0.006,0
94,57,57,1.556012245,514.9614579,1.812075543,28.61736908,-2105576.703,3930760.013,59,59,0.4494043631,902.095093,1.705948949,25.33784192,-2105657.967,3930719.234,342.7238226,3091.524337,0.3091524337,0.3091524337,0.1986825198,90.92224037,Retain,0.4421262953,-0.7998322106,-1.241958506,0.5606278802,-0.0603513728,-0.121710315,-1.390775686,4.861317433,2,0.002,0.324,0.662,0.01,0.002
95,60,60,3.275815253,314.494319,1.605711705,40.47107147,-2106380.888,3930649.61,61,61,3.081629919,345.3332777,1.710108792,35.83311969,-2106381.755,3930660.113,984.3119067,26920.67181,2.692067181,2.692067181,0.8218006734,10.53820562,Retain,1.18656677,1.125458651,-0.06110811884,0.09354396085,0.06298990143,-0.1217116396,1.524215234,2.33418373,0,0.572,0.04,0.02,0.352,0.016
96,62,62,5.650781311,364.6310944,2.445135995,85.85210725,-2105636.972,3930561.809,64,64,5.778056098,368.3554962,2.497773763,91.35688825,-2105596.352,3930555.664,2004.501839,43917.10539,4.391710539,4.391710539,0.7771864274,41.08147101,Retain,1.731793821,1.754067311,0.02227349009,0.01016235192,0.02129909696,0.06214685038,1.246152679,3.422049567,4,0.186,0.008,0.022,0.388,0.396
99,71,71,17.85319313,150.6751579,1.795951792,28.61736908,-2105513.657,3930131.294,72,72,20.03059447,199.8632157,2.523334688,35.83311969,-2105601.154,3930159.853,2785.880494,142347.9309,14.23479309,14.23479309,0.7973247689,92.03973022,Retain,2.882182379,2.997260828,0.1150784494,0.2825069636,0.3400461883,0.2248517162,1.365988772,3.653504952,4,0.224,0.022,0.032,0.09,0.632
100,69,69,1.719803008,332.7982211,1.231162606,230.7206056,-2106010.123,3929820.66,70,70,1.733416829,496.9875743,1.845831712,197.8948716,-2105989.37,3929825.841,615.5257256,12031.12982,1.203112982,1.203112982,0.699564413,21.38964934,Retain,0.5422097539,0.5500945065,0.007884752604,0.4010286606,0.4049710369,-0.1534708217,0.8433299629,3.364213946,3,0.318,0.08,0.026,0.452,0.124
101,76,76,0.4094769066,698.8762644,1.261566261,85.85210725,-2106467.456,3929616.523,76,76,0.7062068564,574.0605136,1.360876479,56.65713693,-2106465.159,3929592.852,263.4743175,3026.771624,0.3026771624,0.3026771624,0.7391800551,23.78228603,Retain,-0.8928747715,-0.3478470866,0.5450276848,-0.1967388934,0.07577494906,-0.4156021682,1.03923644,4.187785395,4,0,0,0,0.03,0.97
102,81,81,1.064639957,537.5971264,1.564780364,0,-2106320.407,3929533.753,81,81,1.15561122,570.0739822,1.728749882,35.83311968,-2106308.909,3929567.77,542.5743203,7823.937938,0.7823937938,0.7823937938,0.7348905031,35.90793272,Retain,0.06263667359,0.1446293985,0.08199272493,0.05865670176,0.09965306422,10.48665578,1.017173468,4.122032693,3,0.012,0.014,0,0.768,0.206
103,82,82,0.5732676692,698.8762644,1.49270533,143.0868454,-2105514.089,3929484.066,82,82,0.5136049865,887.999857,1.795240262,101.3513677,-2105552.996,3929493.516,270.4003661,1017.006149,0.1017006149,0.1017006149,0.1774051118,40.03893252,Retain,-0.5564025348,-0.6663008178,-0.109898283,0.2394978735,0.184548732,-0.3448555112,-1.529621895,4.540443479,3,0.024,0.204,0.046,0.656,0.07
104,83,83,1.146535339,449.2775985,1.357074079,114.4694763,-2106078.26,3929424.787,86,86,0.9630093497,473.5999237,1.311058117,152.0270515,-2106074.956,3929421.937,418.5235794,7657.499048,0.7657499048,0.7657499048,0.6678816422,4.36321024,Retain,0.1367446458,-0.03769215833,-0.1744368042,0.05272196637,-0.03449643572,0.2837481121,0.6971092714,1.977429863,3,0.26,0.116,0.024,0.578,0.022
106,91,91,11.13777186,215.8294346,2.031912022,0,-2104752.813,3929514.637,97,97,12.19811843,232.6455766,2.292114403,192.967255,-2104703.112,3929485.148,2379.362879,99225.41611,9.922541611,9.922541611,0.8908910809,57.79068484,Retain,2.410342202,2.501281713,0.0909395108,0.07502772384,0.1204974792,12.17028097,2.091873969,3.424038746,4,0.052,0.008,0.006,0.018,0.916
109,104,104,5.56888593,359.7157243,2.394631282,28.61736908,-2105220.58,3929350.718,104,104,5.136049865,365.0666079,2.333897583,0,-2105234.69,3929354.475,1839.239478,42458.70738,4.245870738,4.245870738,0.7624273133,14.60087845,Retain,1.717195021,1.636284275,-0.08091074614,0.01476575948,-0.02568961358,-10.26180407,1.163143888,2.394917614,0,0.56,0.02,0.146,0.214,0.06
110,115,115,4.176664448,383.6967726,2.212065625,0,-2106554.655,3929221.379,115,115,4.237241138,394.6666031,2.291748922,0,-2106606.82,3929221.23,1079.10422,25534.05728,2.553405728,2.553405728,0.6113504593,52.16568443,Retain,1.429512949,1.443912383,0.01439943364,0.02818877983,0.03538849665,0,0.452057043,3.81205253,3,0.07,0.04,0.052,0.59,0.248
111,115,115,4.176664448,383.6967726,2.212065625,0,-2106554.655,3929221.379,90,90,0.6420062331,631.466565,1.427299293,35.83311968,-2106422.084,3929381.396,405.4054707,5718.304006,0.5718304006,0.5718304006,0.1369107832,207.7990465,Retain,1.429512949,-0.4431572665,-1.872670215,0.4981924091,-0.4381426986,10.48665578,-1.835069046,5.194184771,2,0,0.026,0.974,0,0
112,98,98,0.1637907626,1048.314397,1.196826841,28.61736908,-2107323.115,3929210.156,99,99,0.2568024932,789.3332062,1.128379167,35.83311968,-2107339.314,3929211.633,132.7473209,1080.4857260000001,0.1080485726,0.1080485726,0.659674397,16.2660452,Retain,-1.809165503,-1.359447998,0.4497175049,-0.2837502703,-0.05889151784,0.224851716,0.6604242579,4.266088989,3,0,0.002,0,0.814,0.184
113,115,115,4.176664448,383.6967726,2.212065625,0,-2106554.655,3929221.379,103,103,0.1284012466,1183.999809,1.196826841,0,-2106705.868,3929173.626,76.68138475,329.4641693,0.03294641693,0.03294641693,0.007888212554,158.5744152,Retain,1.429512949,-2.052595179,-3.482108128,1.126801069,-0.6142529954,0,-4.716117266,4.923838754,2,0,0,1,0,0
115,106,106,0.5732676692,599.036798,1.279461712,40.47107148,-2107803.478,3929136.569,110,110,0.5136049865,690.6665554,1.396297981,50.67568384,-2107789.061,3929119.783,289.3131024,2843.763666,0.2843763666,0.2843763666,0.4960621048,22.12754152,Retain,-0.5564025348,-0.6663008177,-0.1098982829,0.142334125,0.08738498349,0.2248537768,-0.0157204642,3.947434457,3,0.018,0.058,0.002,0.908,0.014
117,112,112,2.866338346,439.2936519,2.098039799,40.47107147,-2106312.104,3929139.022,112,112,2.953228672,428.9854381,2.079630396,91.35688825,-2106286.692,3929148.288,1192.294636,21558.8249,2.15588249,2.15588249,0.7521381741,27.04908096,Retain,1.053035378,1.082899037,0.02986365942,-0.02374512572,-0.008813296001,0.814172488,1.107350883,3.343537252,3,0.154,0.002,0,0.726,0.118
118,126,126,0.3275815253,873.5953304,1.410473959,57.23473816,-2108753.984,3928866.748,129,129,0.834608103,546.4614504,1.408302327,25.33784192,-2108780.648,3928889.062,255.62926,2503.804616,0.2503804616,0.2503804616,0.7643302271,34.76917015,Retain,-1.116018323,-0.180793002,0.9352253207,-0.4691534936,-0.001540833301,-0.8148400242,1.173641604,4.679133944,4,0,0.002,0,0.02,0.978
121,164,164,3.603396778,476.5065439,2.551643399,28.61736908,-2107967.006,3928500.576,148,148,0.5136049865,789.3332062,1.595769122,0,-2107861.907,3928606.692,201.1060628,1383.286069,0.1383286069,0.1383286069,0.03838839167,149.3531595,Retain,1.28187695,-0.6663008178,-1.948177768,0.50470709,-0.4693817939,-10.26180407,-3.196178871,4.937746863,2,0.002,0.056,0.94,0.002,0
122,164,164,3.603396778,476.5065439,2.551643399,28.61736908,-2107967.006,3928500.576,155,155,1.15561122,526.2221375,1.595769122,25.33784191,-2108022.028,3928604.932,435.4587631,6027.880998,0.6027880998,0.6027880998,0.1672832988,117.9732537,Retain,1.28187695,0.1446293984,-1.137247552,0.09924198194,-0.4693817939,-0.1217103153,-1.600244796,4.70189288,2,0.01,0.048,0.936,0.006,0
123,164,164,3.603396778,476.5065439,2.551643399,28.61736908,-2107967.006,3928500.576,158,158,0.1926018699,1052.444275,1.302940032,25.33784192,-2107917.862,3928523.288,233.1037455,1003.962466,0.1003962466,0.1003962466,0.02786155752,54.13894077,Retain,1.28187695,-1.647130071,-2.929007021,0.7923891625,-0.6721143479,-0.1217103151,-3.518015836,3.922998658,2,0,0.118,0.882,0,0
124,158,158,4.749932117,313.2893599,1.926124763,63.99038261,-2110225.805,3928662.973,167,167,4.686645502,378.4474276,2.311168863,126.6892096,-2110209.953,3928621.747,1459.472714,37835.96816,3.783596816,3.783596816,0.7965580819,44.168312,Retain,1.558130327,1.544717082,-0.01341324504,0.1889499307,0.1822433082,0.6829963845,1.361270746,3.581330029,3,0.404,0.044,0.022,0.422,0.108
126,166,166,2.047384533,447.2808092,1.805406667,28.61736909,-2108197.09,3928355.069,169,169,0.8988087263,563.809433,1.507860088,0,-2108276.814,3928342.907,432.0695585,6223.330809,0.6223330809,0.6223330809,0.3039649225,80.64706147,Retain,0.7165631411,-0.1066850299,-0.8232481709,0.2315297038,-0.1800943816,-10.26180407,-0.826638974,4.60417814,2,0.006,0.05,0.94,0.004,0
127,166,166,2.047384533,447.2808092,1.805406667,28.61736909,-2108197.09,3928355.069,172,172,0.8988087263,676.5713196,1.809432105,0,-2108153.745,3928350.146,596.1893375,7787.866064,0.7787866064,0.7787866064,0.3803812102,43.62362085,Retain,0.7165631411,-0.1066850299,-0.8232481709,0.4138512607,0.002227175227,-10.26180407,-0.4869176019,3.989705062,2,0.064,0.256,0.664,0.008,0.008
128,173,173,0.3275815253,873.5953305,1.410473959,28.61736909,-2108188.791,3928215.703,177,177,0.1926018699,1052.444275,1.302940032,50.67568384,-2108179.686,3928202.342,196.9150506,988.3322905,0.09883322905,0.09883322905,0.3017057478,16.16818064,Retain,-1.116018323,-1.647130071,-0.531111748,0.1862533588,-0.07930251515,0.5714171325,-0.8373104111,3.913481105,0,0.574,0.202,0.01,0.214,0
129,176,176,2.45686144,372.7340077,1.648103262,28.61736908,-2110460.533,3928081.678,179,179,0.1926018699,1052.444275,1.302940032,25.33784191,-2110333.402,3928100.991,110.3914467,739.5172676,0.07395172676,0.07395172676,0.03010008036,128.5888342,Retain,0.8988846978,-1.647130071,-2.546014769,1.03800557,-0.2350018146,-0.1217103153,-3.441012991,4.979550353,2,0,0.098,0.9,0.002,0
130,176,176,2.45686144,372.7340077,1.648103262,28.61736908,-2110460.533,3928081.678,182,182,1.926018699,368.3554962,1.442090354,25.33784191,-2110478.673,3928075.653,708.7752999,18078.28881,1.807828881,1.807828881,0.7358285866,19.11450724,Retain,0.8988846978,0.6554550222,-0.2434296756,-0.01181655483,-0.1335313926,-0.1217103153,1.021978823,3.073422497,3,0.232,0.164,0.252,0.332,0.02
131,180,180,2.784442965,431.6588691,2.031912022,28.61736908,-2110095.633,3928037.686,184,184,2.375423063,469.3332577,2.040548316,80.12529146,-2110050.121,3928038.902,1039.265366,19153.00888,1.915300888,1.915300888,0.6878578274,45.52867755,Retain,1.024047841,0.8651755532,-0.1588722876,0.08367746546,0.00424132163,1.029555246,0.7883775904,3.87870539,3,0.378,0.14,0.012,0.454,0.016
132,204,204,1.637907626,454.2695718,1.640036139,191.9711478,-2109799.949,3927671.973,198,198,1.027209973,542.6665792,1.551521355,197.8948716,-2109811.337,3927673.942,551.357996,8989.761588,0.8989761588,0.8989761588,0.5488564461,11.55787341,Retain,0.4934195897,0.02684636286,-0.4665732268,0.1778043044,-0.055482309,0.03039069347,0.1956575104,2.773108551,1,0.322,0.518,0.13,0.03,0
136,278,278,770.6355382,131.3085266,10.28282661,0,-2106755.378,3927661.99,274,274,814.1281042,140.3632505,11.2978254,0,-2106771.245,3927845.686,102549.8308,6593203.353,659.3203353,659.3203353,0.8555540233,184.3797353,Retain,6.647215549,6.70211773,0.05490218102,0.0666839899,0.09413508041,0,1.773112667,2.465760002,4,0.162,0.262,0.07,0.038,0.468
137,278,278,770.6355382,131.3085266,10.28282661,0,-2106755.378,3927661.99,118,118,12.32651968,365.88883,3.623801963,0,-2107933.962,3929394.144,4174.883159,87750.48598,8.775048598,8.775048598,0.01138676866,2095.093438,Retain,6.647215549,2.511753013,-4.135462536,1.024779825,-1.042951443,0,-4.380685332,4.896111078,2,0,0,1,0,0
138,278,278,770.6355382,131.3085266,10.28282661,0,-2106755.378,3927661.99,102,102,0.5136049865,690.6665554,1.396297981,0,-2107668.706,3929202.131,342.1829695,3108.100152,0.3108100152,0.3108100152,4.033164833e-4,1790.586847,Retain,6.647215549,-0.6663008177,-7.313516367,1.660107435,-1.996650749,0,-6.569513433,4.73905642,2,0,0,1,0,0
139,278,278,770.6355382,131.3085266,10.28282661,0,-2106755.378,3927661.99,111,111,0.5136049865,789.3332061,1.595769122,0,-2108162.794,3929097.612,405.4054707,5001.639132,0.5001639132,0.5001639132,6.490278328e-4,2010.430318,Retain,6.647215549,-0.6663008177,-7.313516366,1.793638827,-1.863119356,0,-6.407920268,4.854861732,2,0,0,1,0,0
140,278,278,770.6355382,131.3085266,10.28282661,0,-2106755.378,3927661.99,135,135,0.3210031166,789.3332062,1.261566261,0,-2108051.308,3928823.964,201.9313658,2223.640211,0.2223640211,0.2223640211,2.885462844e-4,1740.578908,Retain,6.647215549,-1.136304447,-7.783519996,1.793638827,-2.098121171,0,-6.654951808,4.710730786,2,0,0,1,0,0
141,278,278,770.6355382,131.3085266,10.28282661,0,-2106755.378,3927661.99,168,168,0.2568024932,986.6665079,1.410473959,25.33784193,-2108479.517,3928312.139,224.6045197,1548.766705,0.1548766705,0.1548766705,2.009726554e-4,1842.647096,Retain,6.647215549,-1.359447998,-8.006663547,2.016782379,-1.986549395,10.14009375,-6.725422213,4.767716167,2,0,0,1,0,0
142,278,278,770.6355382,131.3085266,10.28282661,0,-2106755.378,3927661.99,280,280,1.091410596,510.7450158,1.505196806,25.33784192,-2106611.224,3926021.3,557.4325222,8356.518219,0.8356518219,0.8356518219,0.001084367098,1647.010634,Retain,6.647215549,0.08747098461,-6.559744564,1.358320756,-1.921551526,10.14009375,-6.173205649,4.655474962,2,0,0,1,0,0
143,278,278,770.6355382,131.3085266,10.28282661,0,-2106755.378,3927661.99,282,282,26.19385431,222.4836243,3.212127847,0,-2106988.373,3926043.036,5562.232495,229272.832,22.9272832,22.9272832,0.02975113664,1635.634012,Retain,6.647215549,3.265524815,-3.381690734,0.5273037811,-1.163541586,0,-3.452655774,4.648543563,2,0,0.002,0.998,0,0
144,59,59,19.49110075,240.7893012,2.998820269,28.61736909,-2108111.175,3931077.38,60,60,18.42557889,308.0324707,3.729942509,0,-2108051.378,3931084.382,4512.537066,143814.3267,14.38143267,14.38143267,0.7378460997,60.20547673,Retain,2.96995799,2.913739856,-0.05621813355,0.2462829198,0.218173853,-10.26180407,1.032350611,3.185165881,0,0.476,0.076,0.292,0.076,0.08
146,59,59,19.49110075,240.7893012,2.998820269,28.61736909,-2108111.175,3931077.38,55,55,0.834608103,546.4614505,1.408302327,0,-2108229.062,3931052.524,386.753689,5359.049561,0.5359049561,0.5359049561,0.02749485331,120.478922,Retain,2.96995799,-0.180793002,-3.150750992,0.8195414841,-0.7558340118,-10.26180407,-3.531179626,3.878869064,2,0,0.014,0.986,0,0
147,68,68,0.1637907626,1048.314397,1.196826841,90.49606694,-2109254.788,3929854.047,69,69,0.1284012466,1183.999809,1.196826841,25.33784192,-2109252.321,3929845.079,138.995706,1102.676376,0.1102676376,0.1102676376,0.6732225666,9.301499233,Retain,-1.809165503,-2.052595179,-0.2434296756,0.1217148378,0,-1.272978969,0.7212254524,3.707230793,3,0.286,0.188,0.014,0.502,0.01
149,70,70,1.392221482,452.2140534,1.505196806,57.23473816,-2107876.104,3929814.488,71,71,1.284012466,394.6666031,1.261566261,25.33784192,-2107928.419,3929799.471,424.2546066,6684.534653,0.6684534653,0.6684534653,0.4801344281,54.42791384,Retain,0.3309006602,0.2499899141,-0.08091074612,-0.1361142715,-0.1765696445,-0.814840024,-0.07934528155,4.40381013,3,0.02,0.056,0.296,0.562,0.066
150,74,74,0.2456861439,931.8350192,1.302940032,286.1736908,-2112679.333,3929601.261,74,74,0.2568024932,789.3332062,1.128379167,76.01352575,-2112660.261,3929591.7,177.6349875,1130.565049,0.1130565049,0.1130565049,0.4601663858,21.33384759,Retain,-1.403700395,-1.359447998,0.04425239689,-0.1659672347,-0.1438410362,-1.325677981,-0.1593527778,4.334556914,3,0.008,0.06,0.034,0.86,0.038
152,84,84,1.310326101,393.1178987,1.269426563,0,-2108153.019,3929378.284,89,89,0.8988087263,507.4284897,1.357074079,0,-2108157.364,3929370.899,454.855695,8894.935763,0.8894935763,0.8894935763,0.6788337465,8.568132647,Retain,0.2702760384,-0.1066850299,-0.3769610683,0.2552462304,0.06676569629,0,0.7467805501,2.585393443,0,0.57,0.206,0.094,0.12,0.01
153,87,87,0.9008491945,571.8078527,1.530986039,90.49606694,-2112350.667,3929340.235,91,91,0.7704074797,657.7776718,1.62867504,76.01352576,-2112356.207,3929338.322,482.8889956,7372.478823,0.7372478823,0.7372478823,0.8183921202,5.861333741,Retain,-0.104417411,-0.2608357097,-0.1564182986,0.1400639765,0.06185482714,-0.1743929903,1.501221628,2.393121422,0,0.792,0.016,0.004,0.166,0.022
154,89,89,0.2456861439,931.8350192,1.302940032,85.85210725,-2107394.659,3929324.626,95,95,0.5136049864,690.6665555,1.396297981,35.83311968,-2107374.154,3929306.65,183.1994312,1780.957173,0.1780957173,0.1780957173,0.724891174,27.269083,Retain,-1.403700395,-0.6663008179,0.7373995773,-0.2994986272,0.06920116143,-0.8737372774,0.9666050206,4.580005381,4,0,0,0,0.044,0.956
156,90,90,1.064639957,430.0777012,1.251824291,28.61736908,-2106870.741,3929355.445,92,92,0.9630093497,420.97771,1.165384993,50.67568384,-2106870.564,3929350.991,403.8392363,8946.493409,0.8946493409,0.8946493409,0.8403304187,4.457328898,Retain,0.06263667357,-0.03769215834,-0.1003288319,-0.02138600587,-0.07155042182,0.5714171327,1.655634505,2.035820615,3,0.278,0.02,0.006,0.624,0.072
157,94,94,0.245686144,931.8350191,1.302940032,171.7042145,-2111830.351,3929267.391,96,96,0.3210031165,789.3332063,1.261566261,154.1240754,-2111826.646,3929280.045,203.9281949,1894.514184,0.1894514184,0.1894514184,0.77111153,13.18489137,Retain,-1.403700395,-1.136304447,0.2673959478,-0.1659672344,-0.03226926053,-0.1080146864,1.21153473,3.853362563,3,0.012,0.002,0,0.676,0.31
159,96,96,21.37469453,257.0579363,3.352556016,0,-2108678.712,3929644.79,84,84,1.669216206,576.8204199,2.102286932,56.65713693,-2109028.179,3929491.323,384.6462689,5656.944283,0.5656944283,0.5656944283,0.02646561464,381.6787195,Retain,3.062207724,0.5123541786,-2.549853545,0.8082294948,-0.4666972777,10.94479089,-3.569024958,4.985842907,2,0,0.044,0.956,0,0
160,102,102,3.030129109,472.2136921,2.318804905,57.23473817,-2109219.209,3929312.251,108,108,4.879247371,342.7367869,2.135660461,25.33784192,-2109206.646,3929263.975,1450.63238,24829.7046,2.48297046,2.48297046,0.819427282,49.88338868,Retain,1.108605229,1.584990981,0.476385752,-0.3204688532,-0.08227597723,-0.8148400244,1.508169057,3.92777043,4,0.036,0,0.01,0.026,0.928
161,100,100,1.310326101,436.7976652,1.410473959,90.49606694,-2112091.484,3929238.774,101,101,0.8988087263,563.809433,1.507860088,136.4484546,-2112068.441,3929229.731,464.4366271,7296.45556,0.729645556,0.729645556,0.5568427244,24.75378375,Retain,0.2702760384,-0.1066850299,-0.3769610683,0.2552462304,0.06676569631,0.4106368094,0.2278983427,3.646245677,1,0.166,0.614,0.084,0.136,0
162,160,160,140.6962651,136.6836,4.573542944,57.23473817,-2109611.056,3930847.576,163,163,161.5287682,142.1176242,5.09527874,0,-2109521.974,3931161.025,18574.93854,1285581.467,128.5581467,128.5581467,0.9137282117,325.8614487,Retain,4.946603419,5.084683258,0.1380798396,0.03898628806,0.1080262079,-10.95493378,2.349599732,3.885538589,4,0.102,0.036,0.082,0.03,0.75
163,160,160,140.6962651,136.6836,4.573542944,57.23473817,-2109611.056,3930847.576,43,43,0.5136049864,789.3332064,1.595769122,35.83311968,-2109141.468,3932166.659,405.4054707,4583.924326,0.4583924326,0.4583924326,0.003258028436,1400.174998,Retain,4.946603419,-0.666300818,-5.612904237,1.753519781,-1.052932338,-0.4682779932,-5.456688453,5.343416454,2,0,0,1,0,0
164,120,120,0.1637907626,1048.314397,1.196826841,117.9924355,-2111429.708,3928966.909,125,125,1.027209973,641.3332301,1.833616147,25.33784192,-2111425.041,3929010.514,171.7042145,491.3626848,0.04913626848,0.04913626848,0.2999941369,43.85373144,Retain,-1.809165503,0.02684636273,1.836011866,-0.4913896351,0.426616298,-1.538290519,-0.8454254649,5.257830308,4,0.002,0,0.114,0.044,0.84
165,160,160,140.6962651,136.6836,4.573542944,57.23473817,-2109611.056,3930847.576,128,128,0.3852037398,789.3332062,1.381976598,25.33784192,-2111676.308,3928907.579,264.1284858,3346.22291,0.334622291,0.334622291,0.002378331015,2833.524197,Retain,4.946603419,-0.9539828903,-5.900586309,1.75351978,-1.196773374,-0.8148400243,-5.688994192,6.048340102,2,0,0,1,0,0
166,125,125,0.1637907626,1048.314397,1.196826841,117.9924355,-2111286.621,3928881.057,133,133,1.348213089,488.6348419,1.600511388,25.33784192,-2111367.428,3928851.473,167.5132022,1489.984084,0.1489984084,0.1489984084,0.9096874938,86.05188971,Retain,-1.809165503,0.2987800783,2.107945582,-0.7633233506,0.2906494402,-1.538290519,2.299912045,5.931909798,4,0,0,0.05,0.004,0.946
167,142,142,0.3275815253,698.8762643,1.128379167,28.61736908,-2111901.894,3928623.5,147,147,0.3210031166,789.3332062,1.261566261,25.33784192,-2111922.93,3928636.464,157.9584896,1476.553559,0.1476553559,0.1476553559,0.450743844,24.70905712,Retain,-1.116018323,-1.136304447,-0.02028612427,0.1217148378,0.1115717756,-0.1217103151,-0.1972686055,4.337584436,3,0.036,0.088,0.004,0.846,0.026
168,154,154,0.4094769066,838.6515172,1.513879513,28.61736908,-2111979.161,3928546.234,164,164,2.311222439,438.5184479,1.880631945,25.33784192,-2111896.607,3928473.316,256.400297,2509.842773,0.2509842773,0.2509842773,0.6129387843,110.1463145,Retain,-0.8928747714,0.837776579,1.73065135,-0.6483933839,0.2169322913,-0.1217103151,0.4587321237,5.720621021,4,0.002,0,0.078,0.006,0.914
169,175,175,0.4913722879,582.396887,1.151647165,174.0726604,-2112116.525,3928079.77,181,181,0.3852037398,789.3332063,1.381976598,76.01352576,-2112060.599,3928075.653,149.6891151,1333.312412,0.1333312412,0.1333312412,0.2713446494,56.07723492,Retain,-0.7105532147,-0.9539828903,-0.2434296756,0.3040363946,0.1823215568,-0.8285540947,-0.9855039426,4.954389318,3,0.038,0.28,0.058,0.57,0.054
170,188,188,9.745550377,276.0267599,2.430801193,28.61736908,-2111377.523,3928106.103,189,189,8.089278537,332.0211106,2.663886155,50.67568384,-2111380.097,3928110.241,2695.907474,68002.36684,6.800236684,6.800236684,0.6977786191,4.872819827,Retain,2.276810809,2.090539547,-0.1862712618,0.1847007358,0.09156510492,0.5714171327,0.8348708122,1.017837527,0,0.798,0.082,0.06,0.046,0.014
173,196,196,0.491372288,698.8762643,1.381976598,0,-2111663.416,3927745.901,193,193,1.990219323,356.4730609,1.418640168,0,-2111657.782,3927780.862,343.408429,4771.414736,0.4771414736,0.4771414736,0.9710386306,35.41205474,Retain,-0.7105532146,0.688244845,1.39879806,-0.673215037,0.02618399275,0,3.479486681,4.49472208,4,0.004,0,0.002,0.022,0.972
174,197,197,0.4094769066,698.8762644,1.261566261,28.61736908,-2111509.836,3927710.606,194,194,0.3852037398,657.7776718,1.151647165,0,-2111558.065,3927691.362,152.0011646,624.8855604,0.06248855604,0.06248855604,0.1526058125,51.92615797,Retain,-0.8928747714,-0.9539828903,-0.06110811885,-0.06060671898,-0.0911607784,-10.26180407,-1.70895571,4.968644257,3,0.016,0.074,0.09,0.812,0.008
175,202,202,6.469735124,265.3960498,1.904288623,0,-2112053.856,3927697.783,203,203,7.126269187,312.8888385,2.356222239,0,-2112061.169,3927680.748,1672.38433,48481.61408,4.848161408,4.848161408,0.7493601075,18.53862319,Retain,1.867135169,1.963787842,0.09665267322,0.1646247412,0.2129510778,0,1.092554167,2.558707594,4,0.254,0.002,0.006,0.188,0.55
176,201,201,0.9008491945,571.8078527,1.530986039,28.61736908,-2111408.895,3927703.842,196,196,1.605015583,442.0265955,1.579730834,50.67568384,-2111399.957,3927741.531,477.5246302,7423.390441,0.7423390441,0.7423390441,0.8240436342,38.73429959,Retain,-0.1044174111,0.4731334655,0.5775508765,-0.257432962,0.03134247623,0.5714171327,1.539533093,4.281324967,4,0.014,0.002,0,0.034,0.95
177,211,211,0.4094769066,698.8762643,1.261566261,90.49606694,-2110903.148,3927401.539,208,208,0.5778056098,877.0368958,1.880631945,25.33784192,-2110938.695,3927439.391,159.6681446,1066.062972,0.1066062972,0.1066062972,0.2603475202,51.9271821,Retain,-0.8928747714,-0.5485177822,0.3443569892,0.2270753535,0.3992538481,-1.272978969,-1.041680511,4.968663979,4,0.012,0.036,0.046,0.28,0.626
179,214,214,3.357710634,357.9610134,1.850343803,28.61736908,-2112091.397,3927448.443,205,205,0.3210031166,789.3332062,1.261566261,0,-2112221.916,3927440.518,216.4229059,2358.916557,0.2358916557,0.2358916557,0.0702537179,130.7596064,Retain,1.211259383,-1.136304447,-2.34756383,0.7907644667,-0.3830174481,-10.26180407,-2.569739719,4.840103471,2,0,0.092,0.908,0,0
180,214,214,3.357710634,357.9610134,1.850343803,28.61736908,-2112091.397,3927448.443,211,211,1.219811843,581.6139414,1.812075543,0,-2112050.152,3927407.978,633.1497345,9387.074306,0.9387074306,0.9387074306,0.2795676974,57.78004816,Retain,1.211259383,0.1986966197,-1.012562763,0.4853828172,-0.02089856434,-10.26180407,-0.94442350370000006,4.023396087,2,0.012,0.096,0.89,0.002,0
182,215,215,1.474116864,388.2645913,1.329807601,143.0868454,-2111755.628,3927434.29,212,212,4.879247372,290.8069707,1.812075543,0,-2111783.772,3927416.98,572.3473817,13934.94651,1.393494651,1.393494651,0.9453081263,33.04098714,Retain,0.3880590741,1.584990981,1.196931907,-0.2890273274,0.309438626,-11.87121402,2.832733989,3.876114496,4,0.006,0,0.042,0.004,0.948
183,216,216,0.1637907626,1048.314397,1.196826841,57.23473816,-2111043.373,3927321.41,213,213,0.4494043632,676.5713196,1.279461712,25.33784192,-2111025.97,3927323.963,155.6768781,1302.332874,0.1302332874,0.1302332874,0.7951198545,17.58937757,Retain,-1.809165503,-0.7998322104,1.009333293,-0.4379009501,0.0667656963,-0.8148400243,1.352455564,4.344299718,4,0.004,0,0,0.048,0.948
184,218,218,0.245686144,931.8350191,1.302940032,57.23473816,-2111086.299,3927235.558,216,216,0.1926018699,1052.444275,1.302940032,56.65713693,-2111101.984,3927222.612,158.5602189,915.5462662,0.09155462662,0.09155462662,0.3726487182,20.33708707,Retain,-1.403700395,-1.647130071,-0.2434296757,0.1217148378,0,-0.01014288402,-0.5197832763,4.286710479,3,0.056,0.112,0,0.832,0
185,221,221,5.732676693,279.5505057,1.888139488,191.9711478,-2109956.731,3927334.901,217,217,4.494043632,281.9047165,1.685838828,25.33784192,-2109992.548,3927355.817,1211.908199,40961.71701,4.096171701,4.096171701,0.714530388,41.47703414,Retain,1.746182558,1.502752883,-0.2434296757,0.008386152522,-0.1133286853,-2.025011826,0.9153916048,3.424437653,2,0.228,0.104,0.522,0.114,0.032
186,221,221,5.732676693,279.5505057,1.888139488,191.9711478,-2109956.731,3927334.901,218,218,0.6420062331,552.5332443,1.248886881,25.33784192,-2109797.085,3927247.95,338.6765636,5137.189552,0.5137189552,0.5137189552,0.08961240669,181.7893332,Retain,1.746182558,-0.4431572665,-2.189339825,0.6813306258,-0.4133392866,-2.025011826,-2.308377123,4.902127671,2,0,0.01,0.99,0,0
187,226,226,11.21966724,178.545031,1.6870689189999999,85.85210725,-2110590.404,3927251.642,228,228,9.30909038,223.1907687,1.920989182,101.3513677,-2110588.237,3927244.805,2036.036994,86925.03558,8.692503558,8.692503558,0.7747559149,7.172843232,Retain,2.417668242,2.230991383,-0.1866768591,0.2231860265,0.1298475969,0.1659654534,1.232223489,1.333972349,0,0.728,0.098,0.06,0.08,0.034
188,229,229,0.1637907626,1048.314397,1.196826841,57.23473816,-2110900.286,3927035.236,230,230,0.3210031165,789.3332063,1.261566261,25.33784192,-2110929.686,3927055.382,118.5170679,717.5558408,0.07175558408,0.07175558408,0.4380929848,35.64010862,Retain,-1.809165503,-1.136304447,0.6728610562,-0.2837502703,0.05268025784,-0.814840024,-0.2484032539,5.050447403,3,0,0.002,0.01,0.52,0.468
189,228,228,0.4094769066,838.6515173,1.513879513,57.23473816,-2111017.618,3927052.407,234,234,0.5778056097,613.9258271,1.316442362,25.33784192,-2111034.416,3927036.801,292.7068582,3270.92375,0.327092375,0.327092375,0.7988054264,22.92867961,Retain,-0.8928747715,-0.5485177822,0.3443569893,-0.3119211473,-0.1397426526,-0.814840024,1.375138012,4.151234453,4,0.024,0.004,0.006,0.08,0.886
190,227,227,1.310326101,480.4774317,1.551521355,28.61736908,-2112347.252,3927087.105,236,236,1.990219323,509.2472298,2.026628811,249.5488021,-2112236.465,3927057.507,542.6044259,5884.512915,0.5884512915,0.5884512915,0.4490876668,114.6725458,Retain,0.2702760384,0.688244845,0.4179688066,0.05815335637,0.2671377596,2.165609715,-0.2039468382,5.179316283,4,0.006,0.022,0.05,0.094,0.828
192,230,230,0.4094769066,698.8762644,1.261566261,230.7206056,-2109506.621,3927052.407,231,231,0.3210031165,789.3332063,1.261566261,249.5488021,-2109500.632,3927060.45,239.7453443,2744.373961,0.2744373961,0.2744373961,0.6702145876,10.02757405,Retain,-0.8928747714,-1.136304447,-0.2434296757,0.1217148379,0,0.07844668949,0.7076190243,3.324240752,3,0.372,0.084,0,0.532,0.012
193,234,234,0.5732676693,599.036798,1.279461712,85.85210725,-2110485.335,3926920.767,238,238,0.5778056098,613.9258271,1.316442362,104.4705986,-2110496.691,3926907.297,302.2314653,4281.118189,0.4281118189,0.4281118189,0.7467921913,17.618496,Retain,-0.5564025348,-0.5485177821,0.007884752617,0.0245510894,0.0284934657,0.1962774697,1.078973043,3.719572227,3,0.024,0,0,0.94,0.036
194,242,242,0.9008491945,571.8078527,1.530986039,90.49606694,-2110167.942,3926798.493,240,240,0.3210031166,789.3332062,1.261566261,25.33784192,-2110184.754,3926857.747,158.5861058,1450.204748,0.1450204748,0.1450204748,0.1609819664,61.59326466,Retain,-0.104417411,-1.136304447,-1.031887036,0.3223855332,-0.1935579847,-1.272978969,-1.645938349,4.745142408,2,0,0.388,0.606,0.002,0.004
195,242,242,0.9008491945,571.8078527,1.530986039,90.49606694,-2110167.942,3926798.493,244,244,0.2568024933,789.3332061,1.128379167,25.33784192,-2110177.152,3926779.2,202.7027354,2346.685104,0.2346685104,0.2346685104,0.2604969975,21.37870779,Retain,-0.104417411,-1.359447998,-1.255030587,0.3223855331,-0.3051297604,-1.272978969,-1.040906887,3.687015886,2,0.006,0.394,0.596,0.002,0.002
196,246,246,1.22843072,559.1010114,1.748077489,63.9903826,-2111137.811,3926689.92,246,246,0.2568024932,789.3332062,1.128379167,0,-2111241.342,3926728.524,158.5861058,1450.204748,0.1450204748,0.1450204748,0.118053442,110.4943227,Retain,0.2057375174,-1.359447998,-1.565185516,0.3448583892,-0.4377343687,-11.06650371,-2.003692191,5.174469376,2,0.002,0.138,0.854,0.004,0.002
197,246,246,1.22843072,559.1010114,1.748077489,63.9903826,-2111137.811,3926689.92,249,249,0.5136049865,789.3332062,1.595769122,0,-2111146.325,3926674.681,403.5523949,4291.703668,0.4291703668,0.4291703668,0.34936473,17.45618673,Retain,0.2057375174,-0.6663008178,-0.8720383351,0.3448583892,-0.09116077837,-11.06650371,-0.6205103059,3.329247595,1,0.212,0.396,0.368,0.02,0.004
199,249,249,0.8189538132,489.213385,1.248886881,63.9903826,-2110885.978,3926591.667,251,251,0.4494043631,789.3332063,1.49270533,136.4484546,-2110863.084,3926581.927,323.277176,3742.711674,0.3742711674,0.3742711674,0.4570113251,24.87966075,Retain,-0.1997275908,-0.7998322105,-0.6001046197,0.4783897819,0.178337472,0.7572058225,-0.1720345172,3.886319563,1,0.042,0.874,0.042,0.038,0.004
200,252,252,1.474116864,543.5704278,1.861730642,114.4694763,-2109216.631,3926539.202,252,252,0.5136049865,690.6665554,1.396297981,35.83311969,-2109239.652,3926570.163,354.7297869,4214.455259,0.4214455259,0.4214455259,0.2858969572,38.58153449,Retain,0.3880590741,-0.6663008178,-1.054359892,0.2394978735,-0.2876820725,-1.161416438,-0.9133035311,4.031135106,2,0.024,0.18,0.792,0.002,0.002
201,252,252,1.474116864,543.5704278,1.861730642,114.4694763,-2109216.631,3926539.202,255,255,0.5136049864,690.6665556,1.396297981,35.83311969,-2109144.635,3926440.306,275.5107199,2426.694871,0.2426694871,0.2426694871,0.1646202503,122.3264793,Retain,0.3880590741,-0.666300818,-1.054359892,0.2394978737,-0.2876820724,-1.161416438,-1.619385237,5.185037111,2,0.012,0.09,0.892,0,0.006
202,255,255,13.67652868,251.0932686,2.619498044,28.61736908,-2109807.771,3926567.42,257,257,13.16112778,300.3316589,3.073567362,35.83311969,-2109803.327,3926555.794,3680.760234,113741.2643,11.37412643,11.37412643,0.831653024,12.44595339,Retain,2.615681129,2.57726762,-0.03841350893,0.1790629356,0.1598561811,0.2248517162,1.592667295,1.786000264,0,0.668,0.098,0.016,0.152,0.066
203,257,257,0.7370584319,543.5704278,1.316442362,57.23473817,-2110126.028,3926380.217,258,258,0.5778056098,613.925827,1.316442362,104.4705986,-2110150.407,3926363.941,297.4691618,3163.233639,0.3163233639,0.3163233639,0.4291699954,29.31310738,Retain,-0.3050881065,-0.5485177821,-0.2434296756,0.1217148378,0,0.6017367538,-0.2846612836,4.102977877,3,0.124,0.39,0.018,0.468,0
204,258,258,0.3275815253,698.8762643,1.128379167,28.61736908,-2109669.74,3926362.728,259,259,0.2568024932,789.3332062,1.128379167,35.83311969,-2109645.058,3926348.457,137.9139997,1161.674729,0.1161674729,0.1161674729,0.3546215643,28.51085766,Retain,-1.116018323,-1.359447998,-0.2434296756,0.1217148378,0,0.2248517162,-0.597518002,4.480694163,3,0.028,0.11,0,0.862,0
205,261,261,0.3275815253,873.5953305,1.410473959,63.9903826,-2109777.055,3926269.722,264,264,1.219811843,498.5262355,1.553207608,50.67568384,-2109803.086,3926287.779,286.1736908,3189.658207,0.3189658207,0.3189658207,0.9736990522,31.68110009,Retain,-1.116018323,0.1986966197,1.314714943,-0.5609610429,0.09639642832,-0.2332825075,3.575207338,4.58612596,4,0,0,0,0.006,0.994
206,266,266,0.3275815253,698.8762643,1.128379167,143.0868454,-2109011.54,3926248.259,267,267,0.3210031165,789.3332062,1.261566261,76.01352575,-2109044.551,3926249.639,158.4426851,1446.570776,0.1446570776,0.1446570776,0.4415910741,33.03974568,Retain,-1.116018323,-1.136304447,-0.02028612443,0.1217148379,0.1115717756,-0.6325342949,-0.2342344762,4.628115622,3,0.038,0.088,0.004,0.824,0.046
207,268,268,0.1637907627,1048.314396,1.196826841,57.23473816,-2109426.492,3926219.641,268,268,0.1284012466,1183.999809,1.196826841,76.01352575,-2109429.686,3926221.767,148.918078,1205.237788,0.1205237788,0.1205237788,0.735839902,3.83703976,Retain,-1.809165503,-2.052595179,-0.2434296762,0.1217148382,0,0.283745954,1.022036852,2.821909451,0,0.502,0.132,0,0.356,0.01
208,269,269,0.7370584319,698.8762643,1.692568751,114.4694763,-2109232.53,3926249.849,269,269,1.091410596,510.7450158,1.505196806,76.01352575,-2109256.793,3926241.889,380.9660042,5235.890434,0.5235890434,0.5235890434,0.7103765736,25.5352926,Retain,-0.3050881064,0.0874709846,0.392559091,-0.3136032334,-0.1173236879,-0.4093924908,0.8951735671,3.965009676,4,0.026,0.002,0.002,0.074,0.896
209,284,284,3.930978304,276.6385213,1.547241288,103.1813916,-2109498.631,3923663.156,292,292,2.568024932,315.7332825,1.427299293,160.2505829,-2109496.198,3923658.211,810.8109414,24350.26817,2.435026817,2.435026817,0.6194454992,5.511577262,Retain,1.368888327,0.9431370946,-0.4257512325,0.1321861377,-0.08068947851,0.4402467591,0.4861840671,1.594953036,0,0.48,0.312,0.144,0.056,0.008
210,287,287,0.9008491945,635.3420585,1.701095599,103.1813916,-2109442.101,3923356.604,294,294,0.7704074797,657.7776718,1.62867504,147.7437373,-2109446.578,3923335.365,470.5726947,3926.882854,0.3926882854,0.3926882854,0.4359090154,21.70551372,Retain,-0.104417411,-0.2608357097,-0.1564182986,0.03470346084,-0.04350568848,0.3589878226,-0.2572617824,3.702186035,3,0.072,0.262,0.008,0.65,0.008
211,288,288,0.3275815253,873.5953305,1.410473959,80.94214295,-2109083.083,3923272.052,297,297,0.3210031165,789.3332062,1.261566261,101.3513677,-2109120.564,3923280.044,163.628308,1243.128184,0.1243128184,0.1243128184,0.3794866586,38.32349454,Retain,-1.116018323,-1.136304447,-0.0202861243,-0.1014287135,-0.1115717757,0.2248562647,-0.4907062634,4.77646334,3,0.002,0.038,0.008,0.94,0.012
212,291,291,0.7370584319,465.9175096,1.128379167,0,-2109598.196,3923114.657,300,300,0.3210031165,789.3332062,1.261566261,0,-2109591.848,3923122.949,253.3784192,3210.031165,0.3210031165,0.3210031165,0.4355192243,10.44310967,Retain,-0.3050881065,-1.136304447,-0.8312163406,0.5271799459,0.1115717756,0,-0.2588438834,3.070947148,1,0.098,0.792,0.082,0.028,0
214,293,293,0.4913722879,582.396887,1.151647165,0,-2109512.344,3923043.113,302,302,0.7062068564,645.8180777,1.530986039,0,-2109519.52,3923037.261,286.1736908,4103.519674,0.4103519674,0.4103519674,0.8351141843,9.259958618,Retain,-0.7105532146,-0.3478470866,0.362706128,0.103365699,0.2847187631,0,1.617465493,3.153449116,4,0.032,0.006,0.004,0.098,0.86
215,292,292,0.491372288,582.3968869,1.151647165,143.0868454,-2109297.714,3923114.657,299,299,0.1284012466,1183.999809,1.196826841,136.4484546,-2109290.328,3923143.22,143.8146671,1179.970417,0.1179970417,0.1179970417,0.2401377624,29.5021438,Retain,-0.7105532145,-2.052595179,-1.342041965,0.7095015029,0.03848052061,-0.0475044952,-1.149083915,4.312138377,1,0.006,0.812,0.168,0.014,0
216,296,296,0.5732676693,599.0367979,1.279461712,259.1412987,-2109925.252,3922992.011,301,301,0.3210031165,947.1998475,1.513879513,249.5488021,-2109900.97,3923001.328,202.2182073,1913.741803,0.1913741803,0.1913741803,0.3338304086,26.00775643,Retain,-0.5564025346,-1.136304447,-0.5799019124,0.4581870746,0.1682361184,-0.03771882383,-0.6894201128,4.108999477,1,0.01,0.86,0.06,0.066,0.004
217,298,298,0.4094769066,838.6515172,1.513879513,1671.852076,-2111658.647,3922742.631,307,307,0.3210031165,947.1998474,1.513879513,1691.383982,-2111654.349,3922737.814,304.054103,2478.484099,0.2478484099,0.2478484099,0.6052805566,6.455711713,Retain,-0.8928747714,-1.136304447,-0.2434296757,0.1217148378,0,0.01161507163,0.4266373596,2.883922494,0,0.476,0.102,0,0.416,0.006
218,301,301,2.45686144,349.4381322,1.545096808,0,-2108565.109,3922640.562,313,313,2.118620569,406.6261971,1.669617604,107.499359,-2108540.558,3922636.463,772.227985,17002.18965,1.700218965,1.700218965,0.692028837,24.89079915,Retain,0.8988846978,0.750765202,-0.1481194958,0.1515678009,0.07750805304,11.58524947,0.8078236612,3.337460992,0,0.652,0.06,0.02,0.256,0.012
219,270,270,0.1637907626,1048.314397,1.196826841,57.23473817,-2107780.993,3926205.333,271,271,0.1284012466,1183.999809,1.196826841,50.67568384,-2107795.395,3926209.098,125.5298797,918.1011669,0.09181011669,0.09181011669,0.5605329337,14.88633677,Retain,-1.809165503,-2.052595179,-0.2434296758,0.1217148379,0,-0.1217125764,0.2428347472,4.177458665,3,0.132,0.234,0.008,0.616,0.01
220,307,307,1.22843072,559.1010115,1.748077489,57.23473816,-2108329.493,3922443.103,319,319,0.834608103,607.1793894,1.564780364,71.66623937,-2108353.802,3922437.658,532.9930557,5288.939304,0.5288939304,0.5288939304,0.43054437,24.91187434,Retain,0.2057375173,-0.180793002,-0.3865305192,0.08249412464,-0.110771135,0.2248552342,-0.2790650597,3.684880896,1,0.06,0.866,0.046,0.028,0
221,281,281,14.98685478,206.2257829,2.252129081,0,-2105744.234,3925807.661,288,288,29.01868174,204.3185512,3.104857753,25.33784192,-2106068.05,3925741.694,3182.462184,129886.6816,12.98866816,12.98866816,0.8666707155,330.4666318,Retain,2.7071734690000002,3.36793982,0.6607663513,-0.009291300934,0.3210918747,10.14009375,1.86551815,5.019286926,4,0.024,0.006,0.016,0.004,0.95
223,283,283,1.392221482,534.4347904,1.778868953,143.0868454,-2106185.996,3925348.495,289,289,2.054419946,443.9999285,1.795240262,101.3513677,-2106196.736,3925349.987,744.0515961,13055.94792,1.305594792,1.305594792,0.9377780823,10.84335316,Retain,0.3309006602,0.7199935434,0.3890928832,-0.1853853205,0.009161121063,-0.3448555113,2.697928077,2.790559112,4,0.044,0,0,0.02,0.936
224,294,294,0.6551630505,524.1571983,1.196826841,57.23473817,-2103327.415,3923025.228,304,304,0.9630093497,526.2221375,1.456731241,50.67568384,-2103324.955,3923014.841,343.408429,5319.450497,0.5319450497,0.5319450497,0.8119277321,10.67369733,Retain,-0.4228711422,-0.03769215833,0.3851789839,0.003931802094,0.196521294,-0.1217125765,1.458512903,3.15167672,4,0.012,0,0,0.028,0.96
225,302,302,4.012873685,399.3578654,2.256758334,57.23473817,-2103516.129,3922743.799,310,310,4.365642385,406.2744444,2.394631282,50.67568384,-2103490.943,3922744.521,1609.449335,29449.7201,2.94497201,2.94497201,0.7338810641,25.19634735,Retain,1.389507614,1.473765346,0.08425773146,0.01717098204,0.05929984777,-0.1217125765,1.012014656,3.104349861,4,0.048,0.002,0.002,0.196,0.752
227,310,310,22.19364834,232.0991284,3.084486883,28.61736908,-2104431.23,3922587.612,305,305,2.118620569,478.3837613,1.9642560040000001,182.7137765,-2104396.669,3922869.878,990.870961,20355.00211,2.035500211,2.035500211,0.09171543948,284.3743793,Retain,3.099806137,0.750765202,-2.349040935,0.7232487004,-0.4512717671,1.853877551,-2.283123081,4.672756998,2,0,0.074,0.926,0,0
228,310,310,22.19364834,232.0991284,3.084486883,28.61736908,-2104431.23,3922587.612,311,311,0.834608103,546.4614505,1.408302327,35.83311968,-2104724.644,3922609.176,448.0356861,7821.957991,0.7821957991,0.7821957991,0.03524412873,294.205366,Retain,3.099806137,-0.1807930021,-3.280599139,0.8562992083,-0.7840003613,0.224851716,-3.282633679,4.706743321,2,0,0.014,0.986,0,0
229,310,310,22.19364834,232.0991284,3.084486883,28.61736908,-2104431.23,3922587.612,312,312,0.1284012466,1183.99981,1.196826841,35.83311969,-2104615.496,3922573.118,152.0270515,1284.012466,0.1284012466,0.1284012466,0.005785495229,184.8354858,Retain,3.099806137,-2.052595179,-5.152401316,1.629489097,-0.9467115615,0.2248517162,-4.988171017,4.241933448,2,0,0.002,0.998,0,0
230,306,306,0.7370584319,543.5704278,1.316442362,28.61736908,-2103865.183,3922472.356,317,317,0.1926018699,1052.444275,1.302940032,76.01352577,-2103846.915,3922450.652,173.8185774,1560.087585,0.1560087585,0.1560087585,0.2116640306,28.36885469,Retain,-0.3050881065,-1.647130071,-1.342041965,0.6607113387,-0.01030964358,0.9768756633,-1.311478448,4.070236123,1,0.008,0.87,0.108,0.014,0
231,310,310,22.19364834,232.0991284,3.084486883,28.61736908,-2104431.23,3922587.612,320,320,0.5136049865,591.9999047,1.196826841,76.01352575,-2103969.381,3922421.091,302.0527227,4511.012059,0.4511012059,0.4511012059,0.02032568954,490.9513022,Retain,3.099806137,-0.6663008178,-3.766106955,0.9363419159,-0.9467115615,0.9768756631,-3.828327979,5.218808853,2,0,0.006,0.994,0,0
232,310,310,22.19364834,232.0991284,3.084486883,28.61736908,-2104431.23,3922587.612,322,322,0.3852037398,920.8887406,1.612306031,50.67568384,-2104585.935,3922357.746,338.8507549,2822.64561,0.282264561,0.282264561,0.0127182587,277.0771643,Retain,3.099806137,-0.9539828903,-4.053789027,1.378174668,-0.6487198454,0.5714171328,-4.277240123,4.646761522,2,0,0,1,0,0
233,310,310,22.19364834,232.0991284,3.084486883,28.61736908,-2104431.23,3922587.612,329,329,6.676864824,265.6409829,1.936316911,50.67568384,-2104357.489,3922397.215,1837.245373,54310.05252,5.431005252,5.431005252,0.2447098904,204.177791,Retain,3.099806137,1.89864854,-1.201157597,0.1349811507,-0.465597648,0.5714171328,-1.124273513,4.341457911,2,0.004,0.044,0.944,0.002,0.006
235,317,317,11.95672567,224.9807152,2.194555122,28.61736908,-2106031.217,3922301.218,327,327,6.548463578,294.06531210000003,2.122797534,126.6892096,-2106009.077,3922323.466,1886.824799,58678.59222,5.867859222,5.867859222,0.4907580371,31.38706279,Retain,2.481293938,1.879230454,-0.6020634841,0.2677872043,-0.03324453776,1.487696025,-0.03689824922,2.778145629,1,0.104,0.59,0.286,0.012,0.008
236,319,319,6.715421268,221.5949131,1.619912234,0,-2107986.55,3922135.733,330,330,0.1284012466,1183.999809,1.196826841,0,-2108061.443,3922218.388,152.0270515,1284.012466,0.1284012466,0.1284012466,0.01912035619,111.5383231,Retain,1.904406563,-2.052595179,-3.957001742,1.675802655,-0.302698216,0,-3.88773669,4.334538863,2,0,0.062,0.938,0,0
237,319,319,6.715421268,221.5949131,1.619912234,0,-2107986.55,3922135.733,332,332,2.311222439,394.6666031,1.692568751,0,-2107950.238,3922154.34,908.364178,21518.31599,2.151831599,2.151831599,0.3204313644,40.80142674,Retain,1.904406563,0.837776579,-1.066629984,0.5771903665,0.04387537428,0,-0.7501446424,3.32890322,2,0.026,0.212,0.762,0,0
238,317,317,11.95672567,224.9807152,2.194555122,28.61736908,-2106031.217,3922301.218,334,334,0.7704074798,591.9999046,1.465807536,126.6892096,-2106216.003,3922070.584,396.11138,6371.612442,0.6371612442,0.6371612442,0.0532889406,295.529472,Retain,2.481293938,-0.2608357096,-2.742129648,0.9674917853,-0.4035730384,1.487696025,-2.859729132,5.020489926,2,0,0.054,0.946,0,0
239,321,321,24.81430054,212.2000539,2.981889713,0,-2105100.169,3922160.178,336,336,14.44514024,231.5377405,2.482434168,50.67568385,-2104943.424,3922249.075,2981.312187,131110.2032,13.11102032,13.11102032,0.5283655002,180.199064,Retain,3.211420122,2.670358043,-0.5410620789,0.08721340611,-0.1833176334,10.8332212,0.113356758,4.160722583,2,0.058,0.206,0.71,0.01,0.016
240,321,321,24.81430054,212.2000539,2.981889713,0,-2105100.169,3922160.178,337,337,5.457052981,334.3058285,2.203018284,101.3513677,-2105462.078,3921974.698,1689.035064,46983.11677,4.698311677,4.698311677,0.1893388721,406.6706972,Retain,3.211420122,1.696908897,-1.514511225,0.4545267482,-0.3027288641,11.52635851,-1.450276902,4.974661101,2,0.004,0.022,0.974,0,0
242,321,321,24.81430054,212.2000539,2.981889713,0,-2105100.169,3922160.178,338,338,0.2568024933,986.6665076,1.410473959,101.3513677,-2105819.044,3921876.327,57.20885125,180.6131738,0.01806131738,0.01806131738,7.278592178e-4,772.8853715,Retain,3.211420122,-1.359447998,-4.57086812,1.536802617,-0.7486314425,11.52635851,-6.361144187,5.616786923,2,0,0,1,0,0
243,329,329,1.310326101,480.4774317,1.551521355,40.47107147,-2107784.57,3921063.149,352,352,0.834608103,546.4614505,1.408302327,56.65713694,-2107794.421,3921046.026,428.737344,6523.849841,0.6523849841,0.6523849841,0.4978798664,19.75450621,Retain,0.2702760384,-0.180793002,-0.4510690405,0.1286835072,-0.09685101307,0.3364234694,-0.008463657904,3.420659171,1,0.116,0.796,0.06,0.028,0
245,336,336,70.18434179,174.5151932,4.124282696,0,-2108177.479,3921289.223,347,347,25.87285119,303.5896947,4.356164172,0,-2108152.86,3921565.672,7926.372569,241398.3093,24.13983093,24.13983093,0.3439489538,277.5430522,Retain,4.251125235,3.253194202,-0.9979310323,0.5536652964,0.05469978023,0,-0.6443652653,4.072781993,2,0.028,0.202,0.766,0.004,0
246,336,336,70.18434179,174.5151932,4.124282696,0,-2108177.479,3921289.223,344,344,0.2568024932,789.3332062,1.128379167,76.01352576,-2107694.044,3921534.267,202.7027353,2033.314832,0.2033314832,0.2033314832,0.002897106078,541.9925489,Retain,4.251125235,-1.359447998,-5.610573233,1.509176741,-1.296109875,11.23867973,-5.545622125,4.742056425,2,0,0,1,0,0
247,336,336,70.18434179,174.5151932,4.124282696,0,-2108177.479,3921289.223,346,346,0.5778056098,701.6295167,1.504505556,0,-2107549.055,3921366.755,398.448984,4688.566955,0.4688566955,0.4688566955,0.00668036037,633.1885457,Retain,4.251125235,-0.5485177822,-4.799643017,1.391393706,-1.008427803,0,-4.863392255,4.897572143,2,0,0,1,0,0
248,336,336,70.18434179,174.5151932,4.124282696,0,-2108177.479,3921289.223,348,348,0.4494043632,676.5713195,1.279461712,50.67568384,-2108571.819,3921224.783,304.054103,4336.161208,0.4336161208,0.4336161208,0.006178245884,399.570645,Retain,4.251125235,-0.7998322103,-5.050957445,1.355026061,-1.170452661,10.8332212,-4.931508532,4.437195411,2,0,0,1,0,0
249,336,336,70.18434179,174.5151932,4.124282696,0,-2108177.479,3921289.223,354,354,4.429843008,354.6279622,2.105533774,0,-2108335.385,3921134.186,1527.854951,42482.71494,4.248271494,4.248271494,0.06053018929,221.2934904,Retain,4.251125235,1.488364145,-2.76276109,0.7090574413,-0.6723231035,0,-2.726851612,3.846296676,2,0.002,0.034,0.964,0,0
250,336,336,70.18434179,174.5151932,4.124282696,0,-2108177.479,3921289.223,356,356,0.5136049864,591.9999047,1.196826841,0,-2108175.463,3920951.496,304.054103,4492.689915,0.4492689915,0.4492689915,0.006401270997,337.7324594,Retain,4.251125235,-0.6663008179,-4.917426053,1.221494669,-1.237218357,0,-4.900687627,4.269059328,2,0,0.01,0.99,0,0
251,336,336,70.18434179,174.5151932,4.124282696,0,-2108177.479,3921289.223,361,361,3.338432412,485.7435115,2.503648582,0,-2108390.347,3920881.817,1586.88644,31647.57197,3.164757197,3.164757197,0.0450920692,459.6653103,Retain,4.251125235,1.205501359,-3.045623876,1.023668926,-0.4991430122,0,-3.032020701,4.577303139,2,0,0.012,0.988,0,0
252,333,333,0.6551630506,698.8762643,1.595769122,0,-2109007.963,3920571.288,371,371,0.5136049864,789.3332062,1.595769122,25.33784192,-2108983.107,3920571.429,345.0568753,3057.741733,0.3057741733,0.3057741733,0.4667146186,24.85658729,Retain,-0.4228711421,-0.6663008179,-0.2434296758,0.1217148379,0,10.14009375,-0.1330717977,3.996963543,3,0.124,0.338,0.016,0.52,0.002
253,336,336,70.18434179,174.5151932,4.124282696,0,-2108177.479,3921289.223,376,376,9.11648851,333.521073,2.840744286,25.33784192,-2108112.475,3920665.821,2998.475163,81242.06505,8.124206505,8.124206505,0.1157552568,626.7815813,Retain,4.251125235,2.210084698,-2.041040537,0.647694246,-0.3728260223,10.14009375,-2.025784231,4.887402046,2,0,0.054,0.946,0,0
254,336,336,70.18434179,174.5151932,4.124282696,0,-2108177.479,3921289.223,377,377,0.2568024933,986.6665077,1.410473959,35.83311968,-2108118.453,3920273.709,94.31266897,554.0421222,0.05540421222,0.05540421222,7.894098713e-4,1017.227698,Retain,4.251125235,-1.359447998,-5.610573233,1.732320293,-1.072966324,10.48665578,-6.326079962,5.371639571,2,0,0,1,0,0
255,350,350,32.18488486,248.9635547,3.98434397,0,-2108998.833,3920032.865,375,375,0.4494043632,789.3332062,1.49270533,25.33784192,-2108998.943,3920388.634,354.7297869,4494.043632,0.4494043632,0.4494043632,0.01396321177,355.7694252,Retain,3.471496928,-0.7998322104,-4.271329138,1.153882027,-0.9817825422,10.14009375,-4.189112671,4.710902129,2,0,0,1,0,0
256,350,350,32.18488486,248.9635547,3.98434397,0,-2108998.833,3920032.865,380,380,1.348213089,526.2221375,1.723627649,0,-2109283.692,3920013.393,709.4595737,11940.47891,1.194047891,1.194047891,0.03709964774,285.5233075,Retain,3.471496928,0.2987800782,-3.17271685,0.748416919,-0.8379415059,0,-3.230782884,4.490943645,2,0,0.002,0.998,0,0
257,350,350,32.18488486,248.9635547,3.98434397,0,-2108998.833,3920032.865,384,384,0.5778056098,613.9258271,1.316442362,35.83311968,-2108556.938,3919714.165,337.7264515,4766.940374,0.4766940374,0.4766940374,0.0148111152,544.831022,Retain,3.471496928,-0.5485177821,-4.02001471,0.9025675988,-1.107439756,10.48665578,-4.133134717,5.13709401,2,0,0,1,0,0
258,349,349,0.7370584319,543.5704278,1.316442362,57.23473817,-2109213.451,3919648.775,385,385,0.1284012466,1183.999809,1.196826841,35.83311968,-2109226.983,3919684.604,121.9056075,902.4062723,0.09024062723,0.09024062723,0.1224334779,38.29888582,Retain,-0.3050881065,-2.052595179,-1.747507072,0.7784943741,-0.09525916203,-0.4682779933,-1.962589257,4.370355911,1,0,0.532,0.458,0.01,0
259,350,350,32.18488486,248.9635547,3.98434397,0,-2108998.833,3920032.865,386,386,19.51698949,275.2280258,3.430000135,0,-2108951.768,3920007.912,5482.101029,168962.1273,16.89621273,16.89621273,0.5249735333,53.27124638,Retain,3.471496928,2.971285342,-0.5002115861,0.1002934198,-0.1498123733,0,0.09977743974,2.812031969,2,0.09,0.262,0.632,0.014,0.002
260,353,353,0.81895381330000006,489.213385,1.248886881,0,-2108791.186,3919477.389,390,390,0.5778056099,526.2221374,1.128379167,152.0270515,-2108796.24,3919469.232,291.8556684,5314.433085,0.5314433085,0.5314433085,0.6489295243,9.595507793,Retain,-0.1997275907,-0.548517782,-0.3487901913,0.07292467364,-0.101470422,11.93182033,0.6130325623,2.933627999,1,0.21,0.448,0.1,0.236,0.006
261,362,362,7.043002793,243.7940457,1.825143822,28.61736908,-2108987.914,3919178.438,396,396,0.3210031166,789.3332061,1.261566261,76.01352575,-2108664.483,3919175.314,237.4381785,2806.139867,0.2806139867,0.2806139867,0.03984294696,323.4458439,Retain,1.952034612,-1.136304447,-3.088339059,1.174864752,-0.3693047773,0.9768756631,-3.158403673,5.375382422,2,0,0.146,0.854,0,0
262,362,362,7.043002793,243.7940457,1.825143822,28.61736908,-2108987.914,3919178.438,399,399,5.713855475,274.9362853,1.853923264,50.67568384,-2109001.505,3919179.128,1545.443638,49971.54104,4.997154104,4.997154104,0.7095203921,13.60855781,Retain,1.952034612,1.74289401,-0.2091406021,0.1202155871,0.01564528605,0.5714171327,0.8910276006,2.207119963,0,0.742,0.078,0.054,0.11,0.016
263,371,371,0.8189538132,628.9886379,1.605711705,28.61736908,-2109014.402,3918968,406,406,0.7704074797,657.7776718,1.62867504,50.67568384,-2109011.612,3918962.476,469.3426839,6024.611665,0.6024611665,0.6024611665,0.7356473061,6.188997007,Retain,-0.1997275909,-0.2608357097,-0.06110811881,0.04475379667,0.01419973727,0.5714171327,1.021049363,2.495163342,3,0.172,0.016,0.002,0.768,0.042
264,375,375,0.4913722879,698.8762644,1.381976598,85.85210725,-2108949.536,3918760.047,410,410,0.1926018699,1052.444275,1.302940032,76.01352575,-2108956.713,3918793.557,165.2508674,1451.543944,0.1451543944,0.1451543944,0.2954061473,34.26953038,Retain,-0.7105532146,-1.647130071,-0.9365768563,0.4093969103,-0.05889151782,-0.1217133303,-0.8673091596,4.461927363,1,0.026,0.784,0.15,0.04,0
265,379,379,0.4094769066,838.6515172,1.513879513,0,-2109689.772,3918673.241,418,418,0.4494043631,902.0950928,1.705948949,35.83311968,-2109704.783,3918662.041,335.537152,2124.230487,0.2124230487,0.2124230487,0.518766859,18.72884722,Retain,-0.8928747715,-0.7998322105,0.09304256099,0.07292467366,0.1194459541,10.48665578,0.07495267096,3.948920688,3,0.008,0.024,0.004,0.868,0.096
268,382,382,1.474116864,504.7439687,1.728749882,28.61736909,-2109469.418,3918583.573,419,419,1.412413713,574.0605136,1.924569974,101.3513677,-2109327.183,3918619.263,465.9983103,5034.375837,0.5034375837,0.5034375837,0.3415180954,146.6441751,Retain,0.388059074,0.3453000939,-0.04275898016,0.1286835071,0.107304017,1.264554446,-0.655130044,5.3663513,3,0.046,0.2,0.128,0.528,0.098
269,383,383,0.1637907627,1048.314397,1.196826841,85.85210725,-2109812.826,3918507.26,420,420,0.2568024932,986.6665077,1.410473959,76.01352575,-2109797.085,3918506.394,165.1451602,1450.204748,0.1450204748,0.1450204748,0.8854008153,15.7653248,Retain,-1.809165503,-1.359447998,0.4497175049,-0.060606719,0.1642520335,-0.1217133302,2.037040332,4.234824018,4,0.002,0.002,0,0.474,0.522
270,384,384,0.4094769066,698.8762643,1.261566261,223.5087976,-2111280.897,3918495.813,423,423,0.6420062331,789.3332062,1.784124116,250.8318378,-2111297.085,3918488.658,281.1622593,3149.001166,0.3149001166,0.3149001166,0.7690302226,17.69864907,Retain,-0.8928747714,-0.4431572665,0.4497175049,0.1217148379,0.3465735903,0.1153314821,1.199822671,3.892347141,4,0.016,0,0,0.112,0.872
271,387,387,2.129279914,510.7172701,2.102286932,85.85210725,-2110397.281,3918499.556,424,424,2.889028049,561.3036133,2.691341357,50.67568384,-2110486.556,3918517.093,1105.340437,17187.1424,1.71871424,1.71871424,0.8071809761,90.98073332,Retain,0.7557838542,1.06092013,0.3051362761,0.09444580973,0.2470139478,-0.5271718607,1.427861157,4.705131769,4,0.02,0.012,0.008,0.078,0.882
272,385,385,0.9008491946,571.8078526,1.530986039,85.85210725,-2110022.253,3918489.049,421,421,0.1926018699,1052.444275,1.302940032,76.01352575,-2109961.781,3918481.057,195.6591529,1814.639664,0.1814639664,0.1814639664,0.2014365639,60.99858008,Retain,-0.104417411,-1.647130071,-1.54271266,0.6100676057,-0.1612887241,-0.1217133302,-1.373639301,4.735440629,1,0.002,0.73,0.262,0.006,0
273,388,388,0.8189538132,698.8762644,1.784124116,103.1813916,-2108662.408,3918484.367,422,422,0.2568024932,986.6665078,1.410473959,25.33784192,-2108732.895,3918481.057,194.2035095,758.4896619,0.07584896619,0.07584896619,0.09261690338,70.5650213,Retain,-0.1997275908,-1.359447998,-1.159720407,0.3448583891,-0.2350018146,-1.404159742,-2.272455243,4.928777482,2,0,0.306,0.682,0.008,0.004
274,385,385,0.9008491946,571.8078526,1.530986039,85.85210725,-2110022.253,3918489.049,425,425,0.3210031166,789.3332062,1.261566261,50.67568384,-2110144.213,3918465.854,110.1917009,135.3449521,0.01353449521,0.01353449521,0.01502415197,124.1459684,Retain,-0.104417411,-1.136304447,-1.031887036,0.3223855333,-0.1935579847,-0.5271718606,-4.119534777,5.446039741,2,0,0.364,0.622,0.012,0.002
275,388,388,0.8189538132,698.8762644,1.784124116,103.1813916,-2108662.408,3918484.367,426,426,0.5778056098,526.2221375,1.128379167,25.33784192,-2108618.875,3918455.719,265.2220186,3786.273092,0.3786273092,0.3786273092,0.4623304796,52.11343028,Retain,-0.1997275908,-0.5485177821,-0.3487901912,-0.2837502703,-0.4581453659,-1.404159742,-0.1506616698,4.625670622,2,0.01,0.288,0.494,0.194,0.014
276,392,392,6.060258218,302.216763,2.098742621,0,-2108945.411,3918279.868,428,428,1.15561122,438.5184479,1.329807601,101.3513677,-2109211.499,3918286.8,506.7568384,11556.1122,1.15561122,1.15561122,0.1906867955,266.1787215,Retain,1.801752409,0.1446293984,-1.657123011,0.3722573633,-0.4563041421,11.52635851,-1.441558078,5.255660464,2,0.002,0.016,0.982,0,0
277,392,392,6.060258218,302.216763,2.098742621,0,-2108945.411,3918279.868,429,429,2.568024932,434.1332634,1.962536528,50.67568384,-2108869.72,3918277.087,1064.189361,24013.70978,2.401370978,2.401370978,0.3962489538,75.7419634,Retain,1.801752409,0.9431370946,-0.8586153148,0.3622070275,-0.06710062989,10.8332212,-0.4202537078,3.998834286,2,0.024,0.276,0.698,0.002,0
278,393,393,3.849082922,297.394155,1.645910176,57.23473816,-2110675.305,3918288.672,430,430,3.402633036,372.326984,1.937434984,136.4484546,-2110675.543,3918281.222,1267.141224,26136.12477,2.613612477,2.613612477,0.6790221281,7.453901898,Retain,1.347834918,1.224549554,-0.1232853638,0.2247140773,0.1630713954,0.8687757538,0.7476425166,1.907319273,0,0.756,0.076,0.038,0.106,0.024
282,395,395,0.1637907626,1048.314397,1.196826841,114.4694763,-2109183.244,3918106.617,432,432,0.1926018699,1052.444275,1.302940032,91.35688825,-2109176.308,3918100.989,157.1681759,1221.924445,0.1221924445,0.1221924445,0.7460276915,8.932677864,Retain,-1.809165503,-1.647130071,0.1620354324,0.003931802166,0.08494951837,-0.2255323101,1.07494731,3.66677586,3,0.052,0.016,0,0.786,0.146
283,399,399,0.3275815253,873.5953305,1.410473959,121.4132144,-2109054.466,3917970.685,434,434,0.3210031166,947.1998473,1.513879513,91.35688825,-2109064.821,3917979.367,261.2119827,1778.037367,0.1778037367,0.1778037367,0.5427770584,13.51355837,Retain,-1.116018323,-1.136304447,-0.02028612414,0.08089284315,0.07074978108,-0.2844233283,0.171183506,3.734141606,3,0.012,0.02,0.002,0.95,0.016
284,403,403,13.02136563,320.8677189,3.26624954,0,-2109735.343,3917970.37,437,437,17.84777328,300.9687765,3.586811314,25.33784192,-2109864.075,3918123.957,2743.779638,65607.07666,6.560707666,6.560707666,0.5038417515,200.4018891,Retain,2.566591518,2.881878754,0.3152872359,-0.06402242071,0.09362119723,10.14009375,0.01533663406,4.589398969,4,0.012,0.034,0.082,0.086,0.786
285,405,405,26.37031279,184.4859704,2.672489783,0,-2108113.115,3917823.999,439,439,25.55184808,228.0736651,3.252230871,25.33784192,-2108099.449,3917832.65,5064.094317,217122.6586,21.71226586,21.71226586,0.8233601942,16.17349086,Retain,3.272238862,3.240709646,-0.03152921589,0.2120952499,0.196330642,10.14009375,1.534849626,1.719680875,0,0.58,0.13,0.08,0.1,0.11
286,405,405,26.37031279,184.4859704,2.672489783,0,-2108113.115,3917823.999,435,435,0.1284012466,1183.999809,1.196826841,50.67568384,-2108808.909,3917948.962,152.0270515,1284.012466,0.1284012466,0.1284012466,0.004869159029,706.9269369,Retain,3.272238862,-2.052595179,-5.324834041,1.859080235,-0.8033367853,10.8332212,-5.134167258,5.497174245,2,0,0,1,0,0
287,403,403,13.02136563,320.8677189,3.26624954,0,-2109735.343,3917970.37,436,436,0.5136049865,690.6665554,1.396297981,25.33784192,-2109721.071,3917822.273,405.0266498,3507.226056,0.3507226056,0.3507226056,0.02693439502,148.7831609,Retain,2.566591518,-0.6663008177,-3.232892336,0.7666282062,-0.8498179619,10.14009375,-3.551619932,4.291565855,2,0,0.026,0.974,0,0
288,404,404,0.4913722879,698.8762644,1.381976598,57.23473816,-2107342.193,3917677.357,438,438,0.2568024932,789.3332062,1.128379167,50.67568384,-2107364.652,3917657.577,179.0395221,1989.578267,0.1989578267,0.1989578267,0.4049024164,29.92710243,Retain,-0.7105532146,-1.359447998,-0.6488947837,0.1217148378,-0.2027325541,-0.1217125764,-0.3842916076,4.32643947,1,0.082,0.74,0.058,0.12,0
289,328,328,0.1637907627,1048.314396,1.196826841,40.47107147,-2109941.605,3921125.75,349,349,0.3852037399,920.8887405,1.612306031,35.83311969,-2109966.004,3921149.976,158.9223295,1279.017401,0.1279017401,0.1279017401,0.780884941,34.38366972,Retain,-1.809165503,-0.9539828901,0.8551826128,-0.1295995902,0.2979917161,-0.1217116397,1.26755719,5.014558512,4,0.002,0.002,0,0.138,0.858
290,345,345,5.732676693,219.6468259,1.483538169,28.61736908,-2109971.857,3919911.964,382,382,3.595234905,267.8094807,1.432467083,91.35688825,-2109960.876,3919893.641,962.8379929,34725.11004,3.472511004,3.472511004,0.6057398996,21.36176308,Retain,1.746182558,1.279609331,-0.466573227,0.1982549149,-0.03503169855,1.160735844,0.4285561675,2.760923027,1,0.37,0.39,0.224,0.01,0.006
291,360,360,214.6477944,177.5854987,7.339488297,0,-2109630.427,3920866.113,335,335,7.447272304,292.597654,2.252498574,25.33784191,-2108525.824,3922243.289,1276.2239,54686.94363,5.468694363,5.468694363,0.02547752413,1765.43535,Retain,5.36899852,2.007847832,-3.361150688,0.4993462952,-1.181229049,10.14009375,-3.606676973,5.364018846,2,0,0,1,0,0
292,360,360,214.6477944,177.5854987,7.339488297,0,-2109630.427,3920866.113,393,393,50.78269304,201.574346,4.052174986,0,-2110142.477,3920072.119,10210.84421,488600.9978,48.86009978,48.86009978,0.2276291723,944.7864148,Retain,5.36899852,3.927555608,-1.441442911,0.1267061002,-0.5940153554,0,-1.218657303,4.738825627,2,0.006,0.024,0.966,0.004,0
293,360,360,214.6477944,177.5854987,7.339488297,0,-2109630.427,3920866.113,357,357,8.5386829,320.4811514,2.641757828,25.33784191,-2109772.795,3921116.764,2731.724624,77456.84396,7.745684396,7.745684396,0.03608555315,288.2603606,Retain,5.36899852,2.144606769,-3.224391751,0.5903712889,-1.021824586,10.14009375,-3.25881195,3.551733254,2,0.002,0.048,0.95,0,0
294,360,360,214.6477944,177.5854987,7.339488297,0,-2109630.427,3920866.113,351,351,52.83711298,148.6593523,3.048293951,25.33784191,-2109123.816,3921510.391,9044.214835,476876.7048,47.68767048,47.68767048,0.2221670649,819.6032029,Retain,5.36899852,3.967213841,-1.401784678,-0.1777947131,-0.8786870523,10.14009375,-1.249875901,4.596687228,2,0.016,0.068,0.886,0.012,0.018
295,360,360,214.6477944,177.5854987,7.339488297,0,-2109630.427,3920866.113,314,314,0.5778056097,701.6295167,1.504505556,126.6892096,-2108810.317,3922529.481,405.4054707,5640.833929,0.5640833929,0.5640833929,0.002627948702,1854.554543,Retain,5.36899852,-0.5485177822,-5.917516302,1.373953335,-1.584804816,11.74950009,-5.617458611,5.41326603,2,0,0,1,0,0
296,360,360,214.6477944,177.5854987,7.339488297,0,-2109630.427,3920866.113,331,331,0.5136049865,690.6665555,1.396297981,25.33784191,-2109277.659,3922136.04,340.6475057,4265.492734,0.4265492734,0.4265492734,0.00198720548,1318.013637,Retain,5.36899852,-0.6663008178,-6.035299337,1.358204978,-1.659444691,10.14009375,-5.812429258,5.071747503,2,0,0,1,0,0
297,360,360,214.6477944,177.5854987,7.339488297,0,-2109630.427,3920866.113,333,333,0.1284012466,1183.999809,1.196826841,50.67568384,-2109138.301,3922079.03,152.0270515,1234.936959,0.1234936959,0.1234936959,5.75331772e-4,1308.952118,Retain,5.36899852,-2.052595179,-7.421593699,1.897201479,-1.81359537,10.8332212,-6.453713958,5.064848633,2,0,0,1,0,0
298,360,360,214.6477944,177.5854987,7.339488297,0,-2109630.427,3920866.113,339,339,0.2568024932,986.6665078,1.410473959,50.67568383,-2109550.041,3921825.652,253.3784192,2568.024932,0.2568024932,0.2568024932,0.001196390086,962.8997226,Retain,5.36899852,-1.359447998,-6.728446518,1.714879922,-1.649343337,10.8332212,-6.120743727,4.757815998,2,0,0,1,0,0
299,360,360,214.6477944,177.5854987,7.339488297,0,-2109630.427,3920866.113,342,342,1.027209973,493.3332539,1.410473959,50.67568383,-2109382.178,3921784.478,542.6610835,8028.191957,0.8028191957,0.8028191957,0.003740169787,951.3259601,Retain,5.36899852,0.02684636279,-5.342152157,1.0217327410000001,-1.649343337,10.8332212,-5.348938393,4.745723493,2,0,0,1,0,0
300,360,360,214.6477944,177.5854987,7.339488297,0,-2109630.427,3920866.113,343,343,0.5136049865,690.6665554,1.396297981,56.65713694,-2109645.058,3921698.963,354.7297869,5136.049865,0.5136049865,0.5136049865,0.002392780172,832.9776453,Retain,5.36899852,-0.6663008178,-6.035299337,1.358204978,-1.659444691,10.94479089,-5.684711833,4.612873689,2,0,0,1,0,0
301,360,360,214.6477944,177.5854987,7.339488297,0,-2109630.427,3920866.113,345,345,0.7062068564,645.8180778,1.530986039,76.01352576,-2109703.795,3921493.956,456.0811545,6289.130679,0.6289130679,0.6289130679,0.002929976846,632.1152362,Retain,5.36899852,-0.3478470867,-5.716845606,1.291065675,-1.567357128,11.23867973,-5.537189903,4.336938978,2,0,0,1,0,0
302,360,360,214.6477944,177.5854987,7.339488297,0,-2109630.427,3920866.113,359,359,0.5778056098,613.925827,1.316442362,25.33784192,-2109457.839,3920882.521,354.7297869,5760.68798,0.576068798,0.576068798,0.002683786244,173.3663586,Retain,5.36899852,-0.5485177821,-5.917516302,1.240421942,-1.718336209,10.14009375,-5.60212898,3.043278487,2,0,0,1,0,0
303,360,360,214.6477944,177.5854987,7.339488297,0,-2109630.427,3920866.113,362,362,0.5778056098,613.925827,1.316442362,50.67568384,-2109815.384,3920823.399,375.867477,5475.603558,0.5475603558,0.5475603558,0.002550971266,189.8250437,Retain,5.36899852,-0.5485177821,-5.917516302,1.240421942,-1.718336208,10.8332212,-5.638981942,3.133973777,2,0,0,1,0,0
304,360,360,214.6477944,177.5854987,7.339488297,0,-2109630.427,3920866.113,363,363,0.6420062331,552.5332444,1.248886881,25.33784192,-2109639.99,3920756.395,410.0194698,4762.741809,0.4762741809,0.4762741809,0.002218863614,110.1345071,Retain,5.36899852,-0.4431572665,-5.812155786,1.135061427,-1.771016466,10.14009375,-5.73750729,2.589577174,2,0.002,0.008,0.99,0,0
305,360,360,214.6477944,177.5854987,7.339488297,0,-2109630.427,3920866.113,365,365,6.484262954,281.3464893,2.021002625,0,-2109112.838,3920766.731,1853.862612,61244.07885,6.124407885,6.124407885,0.02853235879,527.0447253,Retain,5.36899852,1.869378157,-3.499620362,0.4601347922,-1.289675389,0,-3.494350231,4.155152993,2,0,0.008,0.992,0,0
306,360,360,214.6477944,177.5854987,7.339488297,0,-2109630.427,3920866.113,366,366,1.990219323,458.3225068,1.82396593,0,-2108694.889,3920681.362,871.7826019,18866.07814,1.886607814,1.886607814,0.008789318422,953.6067443,Retain,5.36899852,0.688244845,-4.680753674,0.948120924,-1.392255913,0,-4.618643631,4.748118101,2,0,0.004,0.996,0,0
307,360,360,214.6477944,177.5854987,7.339488297,0,-2109630.427,3920866.113,367,367,1.027209973,542.6665792,1.551521355,50.67568384,-2110379.855,3920710.787,523.9529767,7507.032706,0.7507032706,0.7507032706,0.003497372393,765.3550039,Retain,5.36899852,0.0268463628,-5.342152157,1.117042921,-1.554033157,10.8332212,-5.401761469,4.528206773,2,0,0,1,0,0
308,360,360,214.6477944,177.5854987,7.339488297,0,-2109630.427,3920866.113,368,368,0.1926018699,1052.444275,1.302940032,0,-2109733.74,3920609.435,202.7027353,1926.018699,0.1926018699,0.1926018699,8.972925644e-4,276.6896187,Retain,5.36899852,-1.647130071,-7.01612859,1.779418443,-1.728645852,0,-6.267430077,3.510765665,2,0,0.004,0.996,0,0
309,360,360,214.6477944,177.5854987,7.339488297,0,-2109630.427,3920866.113,369,369,2.182821193,487.5293332,2.031912022,50.67568384,-2110140.636,3920698.118,1013.513677,20506.28867,2.050628867,2.050628867,0.009553458829,537.1549315,Retain,5.36899852,0.7806181651,-4.588380354,1.009898284,-1.284291893,10.8332212,-4.542711372,4.174154111,2,0,0,1,0,0
310,360,360,214.6477944,177.5854987,7.339488297,0,-2109630.427,3920866.113,370,370,0.5778056098,613.9258271,1.316442362,71.66623937,-2109888.583,3920578.467,354.7297869,4884.14655,0.488414655,0.488414655,0.00227542359,386.503022,Retain,5.36899852,-0.5485177821,-5.917516302,1.240421942,-1.718336208,11.17978901,-5.72003184,3.845007957,2,0,0.002,0.998,0,0
311,360,360,214.6477944,177.5854987,7.339488297,0,-2109630.427,3920866.113,373,373,0.5778056098,701.6295166,1.504505556,50.67568384,-2110386.893,3920510.899,326.3042701,4149.830925,0.4149830925,0.4149830925,0.001933321018,835.7139927,Retain,5.36899852,-0.548517782,-5.917516302,1.373953335,-1.584804816,10.8332212,-5.830686288,4.61615332,2,0,0,1,0,0
312,360,360,214.6477944,177.5854987,7.339488297,0,-2109630.427,3920866.113,381,381,0.2568024933,789.3332062,1.128379167,25.33784192,-2110253.166,3919912.645,202.7027354,1002.474808,0.1002474808,0.1002474808,4.67032429e-4,1138.817727,Retain,5.36899852,-1.359447998,-6.728446518,1.491736371,-1.872486888,10.14009375,-6.5250465,4.925612483,2,0,0,1,0,0
313,360,360,214.6477944,177.5854987,7.339488297,0,-2109630.427,3920866.113,397,397,1.605015583,473.5999237,1.692568751,76.01352576,-2110737.119,3919174.3,749.2421028,12047.54606,1.204754606,1.204754606,0.005612704334,2021.632568,Retain,5.36899852,0.4731334654,-4.895865054,0.9809107468,-1.46702178,11.23867973,-5.014139205,5.499526844,2,0,0,1,0,0
314,361,361,0.7370584318,465.9175096,1.128379167,103.1813916,-2109769.9,3919079.608,401,401,0.3852037398,657.7776718,1.151647165,104.4705986,-2109759.078,3919051.158,219.8494915,2791.394168,0.2791394168,0.2791394168,0.3787208785,30.43859436,Retain,-0.3050881066,-0.9539828903,-0.6488947837,0.3448583891,0.02041099726,0.01241703592,-0.4939522879,4.140653203,1,0.008,0.92,0.026,0.046,0
315,372,372,17.77129775,280.1946313,3.332072554,0,-2109579.865,3919281.908,402,402,6.997867941,362.0794524,2.701978065,50.67568384,-2109557.538,3919243.981,2570.029544,63018.78706,6.301878706,6.301878706,0.3546099331,44.01037498,Retain,2.87758467,1.945605523,-0.9319791469,0.2563791959,-0.2096103776,10.8332212,-0.5975687035,2.918020731,2,0.024,0.172,0.798,0.004,0.002
316,368,368,0.3275815253,698.8762643,1.128379167,127.9807652,-2109955.913,3918950.83,404,404,0.3210031165,789.3332062,1.261566261,104.4705986,-2109931.375,3918972.611,153.5884022,1288.640705,0.1288640705,0.1288640705,0.3933801529,32.81038135,Retain,-1.116018323,-1.136304447,-0.02028612449,0.1217148379,0.1115717756,-0.2029725441,-0.4322341355,4.621149552,3,0.038,0.082,0.004,0.836,0.04
317,372,372,17.77129775,280.1946313,3.332072554,0,-2109579.865,3919281.908,408,408,1.733416829,380.0493215,1.411518368,50.67568384,-2109291.736,3918921.184,658.7838899,15247.33137,1.524733137,1.524733137,0.08579751233,461.6707133,Retain,2.87758467,0.5500945066,-2.327490163,0.3048165641,-0.8589285174,10.8332212,-2.355567377,5.268426669,2,0.002,0.004,0.994,0,0
318,374,374,2.948233728,349.4381322,1.692568751,40.47107148,-2109520.293,3918793.434,412,412,3.145830542,354.3945007,1.773167263,71.66623936,-2109537.243,3918797.521,1000.880096,24221.29398,2.422129398,2.422129398,0.8215527063,17.43521068,Retain,1.081206255,1.146077939,0.06487168401,0.01408417364,0.04652001565,0.5714215874,1.522531025,2.890310933,4,0.282,0.004,0,0.356,0.358
320,376,376,9.090387327,321.1053106,2.731075777,40.47107147,-2111093.518,3918880.833,400,400,0.9630093497,578.8443512,1.602404365,25.33784192,-2111336.781,3919133.084,557.4325222,7101.396604,0.7101396604,0.7101396604,0.07811984626,350.4386616,Retain,2.207217517,-0.03769215829,-2.244909676,0.589264478,-0.5331903598,-0.468273671,-2.456535638,5.327944726,2,0,0,1,0,0
321,376,376,9.090387327,321.1053106,2.731075777,40.47107147,-2111093.518,3918880.833,407,407,0.8988087263,563.809433,1.507860088,25.33784192,-2111264.87,3918940.757,506.7568384,6831.360622,0.6831360622,0.6831360622,0.07514927996,181.5278193,Retain,2.207217517,-0.1066850299,-2.313902547,0.5629471698,-0.5940041039,-0.468273671,-2.498017388,4.670170609,2,0,0.012,0.988,0,0
322,376,376,9.090387327,321.1053106,2.731075777,40.47107147,-2111093.518,3918880.833,409,409,0.1284012466,1183.999809,1.196826841,25.33784192,-2111165.328,3918835.786,152.0270515,1284.012466,0.1284012466,0.1284012466,0.01412494781,84.76975795,Retain,2.207217517,-2.052595179,-4.259812697,1.304884515,-0.8250218336,-0.4682736707,-4.178197884,3.908706832,2,0,0.008,0.992,0,0
323,378,378,1.146535338,549.1170649,1.658646096,0,-2109829.179,3918705.538,411,411,0.3852037399,789.3332062,1.381976598,25.33784192,-2109843.538,3918751.327,260.6711296,3201.599643,0.3201599643,0.3201599643,0.2792412528,47.98749186,Retain,0.1367446457,-0.9539828901,-1.090727536,0.3628768945,-0.1824868734,10.14009375,-0.9460400883,4.374953849,1,0,0.638,0.352,0.01,0
324,378,378,1.146535338,549.1170649,1.658646096,0,-2109829.179,3918705.538,415,415,0.1926018699,1052.444275,1.302940032,25.33784192,-2109885.767,3918683.759,146.2016532,1129.506663,0.1129506663,0.1129506663,0.09851477103,60.63433499,Retain,0.1367446457,-1.647130071,-1.783874717,0.650558967,-0.2413783912,10.14009375,-2.204846238,4.608870429,1,0,0.784,0.214,0.002,0
325,376,376,9.090387327,321.1053106,2.731075777,40.47107147,-2111093.518,3918880.833,416,416,2.311222439,526.2221375,2.256758334,56.65713693,-2110954.883,3918745.696,1170.738178,20183.27494,2.0183274940000002,2.0183274940000002,0.2220287674,193.6014338,Retain,2.207217517,0.837776579,-1.369440938,0.4939542983,-0.1907661709,0.3364234693,-1.250673351,4.73456293,2,0.002,0.044,0.952,0.002,0
326,377,377,1.637907626,419.3257586,1.513879513,57.23473817,-2110521.106,3918723.322,417,417,2.118620569,454.4645733,1.866043204,104.4705986,-2110490.036,3918706.026,673.4496214,13803.98827,1.380398827,1.380398827,0.8427818545,35.55941437,Retain,0.4934195897,0.750765202,0.2573456123,0.08047187925,0.2091446854,0.6017367539,1.673919247,3.896888211,4,0.03,0.002,0,0.142,0.826
327,99,99,1.22843072,419.3257586,1.311058117,90.49606694,-2112614.467,3929234.958,98,98,0.4494043631,902.0950929,1.705948949,104.4705986,-2112611.395,3929238.78,393.5128216,4343.3766,0.43433766,0.43433766,0.3535711481,4.903490599,Retain,0.2057375173,-0.7998322105,-1.005569728,0.7660718543,0.2632869904,0.1435978096,-0.6020998807,2.059647418,1,0.138,0.622,0.212,0.024,0.004
328,124,124,0.1637907627,1048.314396,1.196826841,166.8665025,-2114048.197,3928866.748,127,127,0.1284012466,1183.999809,1.196826841,162.2413497,-2114053.842,3928869.572,144.9274766,1166.869092,0.1166869092,0.1166869092,0.712414469,6.312139057,Retain,-1.809165503,-2.052595179,-0.2434296758,0.1217148379,0,-0.02810889591,0.9050710444,3.319580721,0,0.476,0.172,0,0.346,0.006
329,132,132,0.6551630507,524.1571982,1.196826841,114.4694763,-2112273.92,3928766.587,136,136,0.5136049865,591.9999047,1.196826841,101.3513677,-2112280.193,3928755.552,288.5417329,4349.9499,0.43499499,0.43499499,0.6639492101,12.69411341,Retain,-0.422871142,-0.6663008178,-0.2434296758,0.1217148379,0,-0.1217137071,0.6794770312,3.325017662,0,0.626,0.062,0.006,0.304,0.002
330,134,134,0.491372288,698.8762643,1.381976598,217.9433898,-2112793.802,3928728.431,141,141,0.3210031166,789.3332061,1.261566261,216.4866162,-2112718.538,3928707.41,53.06961282,30.32849688,0.003032849688,0.003032849688,0.006172203362,78.14474989,Retain,-0.7105532145,-1.136304447,-0.4257512324,0.1217148378,-0.09116077844,-0.006706591656,-4.932356743,5.286217222,1,0.072,0.538,0.146,0.24,0.004
332,140,140,0.8189538132,559.1010115,1.427299293,114.4694763,-2113641.83,3928632.086,151,151,2.182821193,510.7450158,2.128669737,152.0270515,-2113724.45,3928661.652,451.3234022,7521.724541,0.7521724541,0.7521724541,0.9184552804,87.75113658,Retain,-0.1997275908,0.7806181652,0.980345756,-0.09045968213,0.3997131959,0.2837481122,2.410441205,5.146744949,4,0.004,0,0.026,0.026,0.944
333,141,141,0.7370584319,621.2233461,1.504505556,143.0868454,-2113337.532,3928618.731,146,146,0.6420062331,710.3998856,1.605711705,129.1981504,-2113339.315,3928623.795,440.5950038,5540.316898,0.5540316898,0.5540316898,0.7516794678,5.36858353,Retain,-0.3050881065,-0.4431572665,-0.13806916,0.1341373578,0.06510277781,-0.10210373,1.104900117,2.405659347,0,0.618,0.01,0,0.338,0.034
334,146,146,0.5732676693,599.036798,1.279461712,114.4694763,-2114749.323,3928609.192,149,149,0.7062068564,717.575642,1.701095599,50.67568383,-2114716.081,3928595.462,273.0555822,3339.278588,0.3339278588,0.3339278588,0.5824990257,35.96484773,Retain,-0.5564025348,-0.3478470867,0.2085554481,0.1805553378,0.2848330619,-0.8148510213,0.3323635639,4.433136024,3,0.008,0.018,0.004,0.782,0.188
335,148,148,2.538756821,383.2547256,1.722634489,114.4694763,-2114470.534,3928669.196,150,150,1.797617453,563.809433,2.132436186,50.67568383,-2114472.822,3928662.344,974.1943401,15627.81228,1.562781228,1.562781228,0.6155694846,7.223225833,Retain,0.9316745206,0.5864621508,-0.3452123699,0.3860164616,0.2134102766,-0.8148510213,0.4698100929,2.08396776,0,0.546,0.2,0.162,0.072,0.02
336,149,149,0.7370584319,621.2233461,1.504505556,28.61736908,-2112230.994,3928599.653,152,152,0.7062068564,574.0605136,1.360876479,0,-2112256.007,3928590.856,361.860465,4831.434206,0.4831434206,0.4831434206,0.6555021959,26.51502691,Retain,-0.3050881065,-0.3478470867,-0.04275898024,-0.07895585759,-0.1003353477,-10.26180407,0.6419397512,4.002658335,3,0.06,0.05,0.166,0.686,0.038
337,153,153,0.3275815253,698.8762643,1.128379167,28.61736908,-2112359.772,3928537.648,161,161,0.7704074797,526.2221375,1.302940032,0,-2112360.43,3928506.396,202.1052247,2334.470416,0.2334470416,0.2334470416,0.7126379957,31.25912359,Retain,-1.116018323,-0.2608357096,0.855182613,-0.2837502703,0.1438410362,-10.26180407,0.9061591747,4.572717383,4,0,0,0,0.024,0.976
339,162,162,1.556012245,367.8296128,1.294339674,114.4694763,-2112589.464,3928432.969,171,171,0.9630093497,631.4665649,1.748077489,126.6892096,-2112564.822,3928391.531,378.0001189,6283.543053,0.6283543053,0.6283543053,0.4038234964,48.21141214,Retain,0.4421262953,-0.03769215827,-0.47981845359999997,0.5404251726,0.3005159458,0.1014278709,-0.3887615597,4.226918296,1,0.084,0.744,0.134,0.034,0.004
340,170,170,0.4913722879,698.8762644,1.381976598,154.1092489,-2113962.345,3928246.705,175,175,0.7704074797,591.9999047,1.465807536,0,-2113990.498,3928221.345,280.8138766,2410.527427,0.2410527427,0.2410527427,0.4905704872,37.89053984,Retain,-0.7105532146,-0.2608357097,0.4497175049,-0.1659672347,0.0588915178,-11.94542353,-0.03764721171,4.562369414,4,0.002,0,0.018,0.124,0.856
341,171,171,0.3275815252,873.5953306,1.410473959,465.8570172,-2115142.811,3928215.703,176,176,0.1926018699,1052.444275,1.302940032,486.7240491,-2115147.592,3928202.342,193.8368477,1265.355903,0.1265355903,0.1265355903,0.3862720592,14.19058658,Retain,-1.116018323,-1.647130071,-0.5311117477,0.1862533587,-0.07930251512,0.04381847918,-0.4620523558,3.783023399,0,0.6,0.224,0.008,0.168,0
342,174,174,0.1637907626,1048.314397,1.196826841,127.9807652,-2113590.319,3928094.079,180,180,0.3852037398,657.7776719,1.151647165,104.4705986,-2113585.092,3928071.43,148.4639881,972.8334887,0.09728334887,0.09728334887,0.593948934,23.24456275,Retain,-1.809165503,-0.9539828903,0.855182613,-0.4660718271,-0.03848052058,-0.2029725441,0.3795369298,4.623061959,4,0,0.002,0.002,0.278,0.718
343,177,177,0.8189538132,628.9886379,1.605711705,127.9807652,-2113810.673,3928011.089,183,183,0.5778056098,789.3332063,1.692568751,104.4705986,-2113790.61,3928013.716,438.1699717,4334.717068,0.4334717068,0.4334717068,0.5292993326,20.23384302,Retain,-0.1997275908,-0.5485177822,-0.3487901914,0.2270753536,0.05268025786,-0.2029725441,0.1170970204,3.679634759,3,0.156,0.356,0.094,0.388,0.006
344,199,199,1.064639957,430.0777012,1.251824291,114.4694763,-2113248.011,3927669.221,195,195,0.7704074797,591.9999047,1.465807536,76.01352576,-2113240.92,3927668.136,330.2903203,5732.920141,0.5732920141,0.5732920141,0.5384844052,7.174050144,Retain,0.06263667357,-0.2608357097,-0.3234723832,0.3195405811,0.1578043895,-0.4093924906,0.1539336036,2.511656356,0,0.736,0.134,0.032,0.094,0.004
345,200,200,1.474116864,582.396887,1.994711402,114.4694763,-2112962.327,3927717.284,197,197,1.926018699,526.2221375,2.060129077,76.01352576,-2112927.997,3927730.214,839.4410877,10688.7321,1.06887321,1.06887321,0.7250939438,36.68353559,Retain,0.3880590741,0.6554550222,0.2673959482,-0.1014287135,0.03226926057,-0.4093924906,0.967618974,3.980690698,4,0.002,0,0.002,0.096,0.9
