OBJECTID,FID_RasterT_Majori14,ID_2015,AREA_2015,ED_2015,SHAPE_2015,ENN_2015,POINT_X_2015,POINT_Y_2015,FID_RasterT_RasterC1,ID_2020,AREA_2020,ED_2020,SHAPE_2020,ENN_2020,POINT_X_2020,POINT_Y_2020,Shape_Length,Shape_Area,OVERLAP_15_20,MAX_OVERLAP_15_20,RETENTION_15_20,CENTROID_15_20,EVENT TYPE,log_area_parent,log_area_child,log_change_area,log_change_ED,log_change_shape_index,log_change_ENN,logit_retention_ratio,log_centroid_shift,Predicted_Typology,Prob_0,Prob_1,Prob_2,Prob_3,Prob_4
1,36,36,0.1938228188,1049.124205,1.302940032,101.6721053,-2109651.106,3935643.849,33,33,0.834608103,728.6152673,1.877736436,101.3513677,-2109723.995,3935652.317,185.1172633,1243.288646,0.1243288646,0.1243288646,0.6414562814,73.37896084,Retain,-1.640810842,-0.180793002,1.46001784,-0.3645651659,0.3654437543,-0.003159583174,0.5804629906,5.688421249,4,0,0,0.012,0.028,0.96
2,37,37,6.654583447,328.4879185,2.390423815,101.6721053,-2109264.16,3935693.451,34,34,6.548463578,348.235238,2.513839185,101.3513677,-2109241.143,3935686.942,2093.495386,50881.861,5.0881861,5.0881861,0.7646137644,23.91992248,Retain,1.895305857,1.879230454,-0.01607540354,0.05837816332,0.05034046154,-0.003159583174,1.17521076,2.799465508,3,0.22,0.066,0.042,0.572,0.1
3,38,38,2.584304251,334.4083403,1.516505499,506.4505869,-2108957.194,3934989.97,39,39,1.605015583,378.879939,1.354055,509.2843196,-2108905.7,3934972.951,562.1488699,12593.41349,1.259341349,1.259341349,0.4873038261,54.23409246,Retain,0.9494563232,0.4731334655,-0.4763228577,0.1248565492,-0.1133048797,0.00557967336,-0.05069418254,4.090964943,1,0.06,0.71,0.21,0.02,0
4,39,39,0.7106836691,572.2495662,1.360876479,50.83605267,-2108994.859,3934070.242,40,40,0.642006233,552.5332444,1.248886881,76.01352575,-2108960.936,3934063.829,313.9022534,2256.618361,0.2256618361,0.2256618361,0.3175278199,34.52373226,Retain,-0.341527858,-0.4431572666,-0.1016294086,-0.03506159834,-0.08587630266,0.4022989785,-0.7634761355,4.284804816,3,0.022,0.074,0.04,0.842,0.022
5,40,40,11.62936913,244.7956478,2.354923687,0,-2109054.206,3933562.819,41,41,4.494043632,281.9047165,1.685838828,0,-2109060.478,3933757.242,1127.439465,36034.53433,3.603453433,3.603453433,0.3098580321,194.5239516,Retain,2.45353372,1.502752883,-0.9507808374,0.1411453573,-0.3342450614,0,-0.7990089359,4.616158523,2,0.014,0.116,0.858,0.008,0.004
6,40,40,11.62936913,244.7956478,2.354923687,0,-2109054.206,3933562.819,42,42,5.649654851,295.9999523,1.984712786,0,-2109010.748,3933414.835,1658.207081,49633.10781,4.963310781,4.963310781,0.4267910603,154.2327889,Retain,2.45353372,1.731594455,-0.721939265,0.1899355215,-0.1710341111,0,-0.2943584372,4.384067644,2,0.012,0.144,0.84,0.002,0.002
7,42,42,12.59848322,225.9652133,2.262537494,25.41802634,-2109109.767,3932971.828,43,43,0.3852037398,657.7776719,1.151647165,50.67568384,-2109049.618,3933062.985,253.3784192,3852.037398,0.3852037398,0.3852037398,0.03057540602,109.2128937,Retain,2.533576428,-0.9539828903,-3.487559318,1.068485925,-0.6752937336,0.6899679579,-3.425355174,3.998885016,2,0,0.006,0.994,0,0
8,42,42,12.59848322,225.9652133,2.262537494,25.41802634,-2109109.767,3932971.828,45,45,9.244889757,306.9629135,2.632884723,50.67568384,-2109075.836,3932949.492,2669.265055,77106.89133,7.710689133,7.710689133,0.6120331309,40.62281272,Retain,2.533576428,2.22407094,-0.3095054876,0.3063458733,0.1515931295,0.6899679579,0.4549248112,3.009931144,0,0.51,0.25,0.174,0.03,0.036
9,43,43,2.325873826,524.5621024,2.256758334,589.5667238,-2107563.298,3932652.289,46,46,0.4494043632,789.3332061,1.49270533,50.67568384,-2107540.207,3932720.924,304.054103,3545.767242,0.3545767242,0.3545767242,0.1524488217,72.41535497,Retain,0.8440958076,-0.7998322103,-1.643928018,0.4086247223,-0.4133392866,-2.453923677,-1.710163297,4.43274921,2,0.002,0.07,0.928,0,0
10,50,50,0.5814684566,611.9891194,1.316442362,209.6024148,-2106084.11,3931935.641,51,51,0.4494043631,676.5713196,1.279461712,229.4439171,-2106059.753,3931935.451,284.4454251,3186.956445,0.3186956445,0.3186956445,0.5480875892,24.35744612,Retain,-0.5421985535,-0.7998322105,-0.257633657,0.1003233628,-0.02849346567,0.09044574418,0.1925592187,4.036342872,1,0.116,0.514,0.01,0.36,0
11,176,176,146.7884815,130.2170008,4.450499382,50.83605267,-2109634.235,3930856.992,47,47,0.834608103,485.7435115,1.251824291,50.67568384,-2109332.233,3932600.082,404.7088957,8319.60647,0.831960647,0.831960647,0.005667751575,1769.057904,Retain,4.988992649,-0.180793002,-5.169785651,1.316478435,-1.268414391,-0.003159552049,-5.005793892,5.55607161,2,0,0,1,0,0
12,176,176,146.7884815,130.2170008,4.450499382,50.83605267,-2109634.235,3930856.992,48,48,0.3210031166,789.3332062,1.261566261,50.67568384,-2109216.848,3932538.491,253.3784192,3210.031166,0.3210031166,0.3210031166,0.00218684132,1732.527194,Retain,4.988992649,-1.136304447,-6.125297096,1.801986251,-1.260662297,-0.003159552049,-5.747537488,5.535205623,2,0,0,1,0,0
13,52,52,0.1292152125,1180.264731,1.196826841,76.254079,-2106689.906,3931754.891,53,53,0.5136049865,789.3332062,1.595769122,113.3142739,-2106642.524,3931764.42,146.038305,1127.701232,0.1127701232,0.1127701232,0.8727310119,48.33136743,Retain,-2.04627595,-0.6663008177,1.379975133,-0.4023054939,0.2876820724,0.3960899448,1.918643033,5.473604387,4,0,0,0.008,0.036,0.956
14,53,53,0.3876456377,786.8431536,1.381976598,198.5211319,-2106401.835,3931771.836,54,54,0.1926018699,1052.444275,1.302940032,152.0270515,-2106389.145,3931758.086,186.0357961,1341.214353,0.1341214353,0.1341214353,0.3459897964,18.71135854,Retain,-0.9476636616,-1.647130071,-0.6994664093,0.2908416868,-0.05889151783,-0.2668355366,-0.635355439,3.975380964,1,0.09,0.72,0.058,0.132,0
15,56,56,0.452253244,674.4369888,1.279461712,193.5779214,-2107141.984,3931667.743,55,55,0.3852037399,657.7776718,1.151647165,182.7137765,-2107098.605,3931669.403,174.5945093,1892.012977,0.1892012977,0.1892012977,0.4183525496,43.41097605,Retain,-0.7935129818,-0.9539828902,-0.1604699084,-0.02501126273,-0.1052462169,-0.05775895314,-0.3288703136,4.739856783,3,0.006,0.108,0.032,0.848,0.006
16,60,60,0.5168608502,590.1323652,1.196826841,209.6024148,-2105978.201,3931640.51,60,60,0.5136049865,591.9999047,1.196826841,229.4439171,-2105955.235,3931634.564,239.2773812,2674.09636,0.267409636,0.267409636,0.5173725886,23.72407303,Retain,-0.6599815893,-0.6663008178,-0.006319228571,0.003159614272,0,0.09044574418,0.06937946756,4.06888816,3,0.006,0.01,0.002,0.962,0.02
17,62,62,1.0337217,590.1323652,1.692568751,127.0901317,-2106511.98,3931462.584,62,62,1.284012466,434.1332634,1.387722887,91.35688825,-2106487.963,3931462.9,447.4877566,7101.422636,0.7101422636,0.7101422636,0.6869762561,24.0193637,Retain,0.03316559133,0.2499899141,0.2168243228,-0.3069953141,-0.1985831527,-0.3301197703,0.7842857251,3.734684106,4,0.056,0.018,0.014,0.242,0.67
19,75,75,22.80648502,191.6954992,2.582475215,50.83605267,-2108122.064,3931128.729,64,64,4.494043632,439.7713577,2.629908572,25.33784192,-2107674.498,3931406.614,937.8318743,18154.04549,1.815404549,1.815404549,0.07960036578,526.8167126,Retain,3.127044926,1.502752883,-1.624292043,0.8303467791,0.01820075732,-0.6962869999,-2.436390668,5.275697072,2,0.004,0.014,0.978,0.004,0
20,75,75,22.80648502,191.6954992,2.582475215,50.83605267,-2108122.064,3931128.729,66,66,0.834608103,789.3332062,2.034214473,50.67568384,-2108123.813,3931305.903,650.2292421,8134.416577,0.8134416577,0.8134416577,0.03566712087,177.182354,Retain,3.127044926,-0.180793002,-3.307837928,1.415280375,-0.2386385891,-0.003159552049,-3.27059253,4.186027574,2,0,0.054,0.946,0,0
22,21,21,0.7752912754,721.2728908,1.791542544,50.83605267,-2109858.687,3939284.981,17,17,1.412413713,681.6968599,2.285426844,0,-2109939.898,3939380.169,346.1760066,3690.344886,0.3690344886,0.3690344886,0.4759946362,125.1241548,Retain,-0.254516481,0.3453000939,0.5998165749,-0.05643248285,0.2434758046,-10.83638075,-0.09590323317,5.528937658,4,0,0.002,0.058,0.034,0.906
24,22,22,0.2584304251,983.5539421,1.410473959,50.83605267,-2109752.778,3939138.828,18,18,0.2568024933,986.6665077,1.410473959,56.65713693,-2109771.747,3939182.073,91.03353023,511.290366,0.0511290366,0.0511290366,0.1978444936,47.22303999,Retain,-1.35312877,-1.359447998,-0.006319228488,0.00315961416,0,0.1084101403,-1.396025272,5.103832413,3,0.002,0.014,0.004,0.974,0.006
25,23,23,0.2584304251,983.5539421,1.410473959,104.8012074,-2109644.752,3938992.674,20,20,0.7062068564,645.8180778,1.530986039,56.65713693,-2109623.175,3938972.46,216.5050069,1960.551153,0.1960551153,0.1960551153,0.7586379012,29.5658088,Retain,-1.35312877,-0.3478470866,1.005281683,-0.4206546326,0.08198620903,-0.6150392221,1.14240899,4.635581736,4,0.002,0,0,0.028,0.97
26,26,26,0.5168608502,688.4877594,1.396297981,50.83605267,-2109530.371,3938808.393,21,21,0.5136049865,789.3332062,1.595769122,56.65713693,-2109508.867,3938802.006,318.9789564,2836.034578,0.2836034578,0.2836034578,0.548703694,22.4323094,Retain,-0.6599815892,-0.6663008178,-0.006319228608,0.1366910069,0.1335313926,0.1084101403,0.1950418858,4.012902619,3,0.036,0.086,0.004,0.85,0.024
27,27,27,0.5168608503,786.8431536,1.595769122,50.83605267,-2109520.839,3938659.062,23,23,0.1284012466,1183.999809,1.196826841,71.66623936,-2109493.031,3938649.979,152.0270515,473.8688439,0.04738688439,0.04738688439,0.09168209271,29.25408454,Retain,-0.6599815891,-2.052595179,-1.39261359,0.4086247224,-0.2876820725,0.3434082585,-2.283519487,4.278409126,1,0,0.848,0.148,0.004,0
28,29,29,0.3876456376,786.8431536,1.381976598,25.41802634,-2109663.815,3938274.615,24,24,0.4494043632,676.5713196,1.279461712,25.33784191,-2109625.149,3938280.77,200.4138914,2015.304482,0.2015304482,0.2015304482,0.5198831836,39.15265764,Retain,-0.9476636617,-0.7998322104,0.1478314514,-0.1509910656,-0.0770753399,-0.003159490169,0.07941569862,4.713690618,3,0.002,0,0.034,0.848,0.116
30,30,30,4.587140046,277.0574484,1.673924624,25.41802634,-2109449.91,3938424.438,25,25,4.943447995,256.277015,1.607384254,25.33784191,-2109425.408,3938421.609,1166.823679,36047.59171,3.604759171,3.604759171,0.7858402261,24.66444261,Retain,1.523256746,1.598063062,0.07480631621,-0.0779659305,-0.0405627724,-0.003159490169,1.296644325,3.016139749,4,0.122,0,0.004,0.112,0.762
31,31,31,0.7752912753,590.1323652,1.465807536,71.89303515,-2109335.499,3938217.424,27,27,0.3210031165,789.3332062,1.261566261,35.83311969,-2109308.064,3938229.371,218.2690641,2623.351221,0.2623351221,0.2623351221,0.3383697591,29.92279276,Retain,-0.2545164811,-1.136304447,-0.8817879659,0.2908416868,-0.1500522962,-0.6962927975,-0.6691268809,4.098277092,1,0.016,0.64,0.334,0.01,0
32,32,32,2.196658614,370.2791311,1.548123445,127.0901317,-2109414.868,3937101.648,29,29,2.182821193,371.4509206,1.548123445,71.66623936,-2109387.953,3937087.23,697.9786692,15329.10277,1.532910277,1.532910277,0.6978372822,30.5331405,Retain,0.7869373938,0.7806181652,-0.006319228618,0.003159614323,0,-0.5728706708,0.8351482448,3.597741664,3,0.026,0.01,0.016,0.874,0.074
33,34,34,2.455089039,352.0087792,1.555901813,127.0901317,-2109080.538,3937082.643,31,31,2.439623686,332.3508237,1.464378176,80.12529145,-2109069.622,3937073.032,777.6260123,19928.27719,1.992827719,1.992827719,0.8117130122,14.54470006,Retain,0.8981630289,0.8918438003,-0.006319228585,-0.05746500754,-0.06062462184,-0.4613003683,1.457113731,2.80057885,3,0.16,0.008,0.016,0.726,0.09
34,35,35,0.9691140941,577.0183127,1.602404365,394.5938813,-2109157.996,3936387.75,32,32,0.9630093496,631.466565,1.748077489,393.3490844,-2109127.321,3936384.776,501.2095807,4431.618273,0.4431618273,0.4431618273,0.4572855043,30.81913445,Retain,-0.03137292983,-0.03769215838,-0.006319228555,0.09017099127,0.087011377,-0.003159606282,-0.1709319232,4.0162196,3,0.03,0.138,0.004,0.8,0.028
35,2,2,0.8398988816,484.2111715,1.251824291,228.762237,-2112656.299,3941003.142,1,1,1.091410596,510.7450158,1.505196806,136.4484546,-2112674.42,3941007.889,405.1389651,8231.104213,0.8231104213,0.8231104213,0.9800113315,18.73263925,Retain,-0.1744737734,0.08747098456,0.261944758,0.05334935883,0.1843217378,-0.5167333192,3.844601316,3.589922628,4,0.024,0,0,0.138,0.838
36,3,3,0.5168608502,688.4877594,1.396297981,228.762237,-2112990.399,3940975.28,2,2,0.7704074798,591.9999046,1.465807536,136.4484546,-2112983.318,3940959.945,354.4632813,4275.1373,0.42751373,0.42751373,0.8271350593,16.89055778,Retain,-0.6599815892,-0.2608357096,0.3991458796,-0.1509910656,0.04858187419,-0.5167333192,1.560897461,3.729169695,4,0.002,0,0.002,0.032,0.964
37,4,4,1.0337217,442.5992739,1.269426563,152.508158,-2115565.563,3940932.387,3,3,1.027209973,493.3332539,1.410473959,473.3499502,-2115545.608,3940920.883,431.9302447,7134.885145,0.7134885145,0.7134885145,0.6902133467,23.03407969,Retain,0.03316559139,0.02684636284,-0.006319228543,0.1085201299,0.1053605157,1.132612433,0.7993418525,3.692800405,3,0.102,0.066,0.004,0.798,0.03
38,6,6,4.974785684,357.6559789,2.250337956,273.7605218,-2112057.566,3940837.379,4,4,5.521253605,348.7751376,2.311848841,216.4866163,-2112056.572,3940833.747,1777.924661,47434.20627,4.743420627,4.743420627,0.9534924575,3.765308343,Retain,1.604382291,1.708604937,0.1042226458,-0.02514416185,0.02696716104,-0.2347240229,3.000291253,1.0962691,4,0.118,0.004,0.002,0.09,0.786
39,7,7,0.6460760629,629.4745228,1.427299293,477.5613575,-2115027.019,3940663.909,5,5,0.834608103,546.4614505,1.408302327,473.3499502,-2114994.266,3940653.617,333.8381583,4731.611727,0.4731611727,0.4731611727,0.7323614044,34.33168674,Retain,-0.4368380378,-0.180793002,0.2560450358,-0.1414216144,-0.01339909654,-0.008857663036,1.004271663,4.326881828,4,0.004,0,0.01,0.432,0.554
40,8,8,0.3876456376,917.9836793,1.612306031,254.1802634,-2111828.584,3940291.111,8,8,0.5136049864,591.9999047,1.196826841,253.3784192,-2111798.774,3940284.27,250.1273623,2532.795878,0.2532795878,0.2532795878,0.6533791772,30.58455368,Retain,-0.9476636617,-0.6663008179,0.2813628439,-0.438673138,-0.2979917161,-0.00315960182,0.6325746689,4.466724569,4,0.002,0.028,0.022,0.36,0.588
41,12,12,5.03939329,342.9829131,2.171984288,50.83605267,-2111215.618,3940162.392,10,10,4.558244255,377.9905495,2.276537488,25.33784193,-2111174.429,3940153.476,1584.856935,38213.82357,3.821382357,3.821382357,0.7583020688,42.14366731,Retain,1.617285696,1.516937518,-0.1003481783,0.09718856395,0.04701447482,-0.6962869994,1.140582092,3.504830255,0,0.602,0.078,0.048,0.24,0.032
42,15,15,1.098329307,555.4186966,1.642032879,50.83605267,-2110793.422,3940044.158,12,12,1.15561122,570.0739823,1.728749882,25.33784193,-2110748.662,3940021.038,518.5285472,6646.430397,0.6646430397,0.6646430397,0.6051400392,50.37922018,Retain,0.09379021324,0.1446293984,0.05083918519,0.02604390818,0.05146350076,-0.6962869994,0.4260505327,4.445068478,3,0.022,0.006,0.028,0.768,0.176
43,17,17,0.6460760628,708.1588382,1.605711705,744.1015964,-2113364.68,3939954.746,11,11,0.1284012466,1183.999809,1.196826841,25.33784192,-2113293.707,3939967.547,91.57942072,518.2062095,0.05182062095,0.05182062095,0.08020823542,72.11790686,Retain,-0.4368380379,-2.052595179,-1.615757141,0.5139852381,-0.2938933324,-3.379840452,-2.42821725,5.069100203,2,0,0.392,0.606,0.002,0
44,17,17,0.6460760628,708.1588382,1.605711705,744.1015964,-2113364.68,3939954.746,14,14,0.2568024932,789.3332062,1.128379167,25.33784192,-2113369.721,3939929.54,202.7027353,1105.659623,0.1105659623,0.1105659623,0.1711345903,25.70551009,Retain,-0.4368380379,-1.359447998,-0.9226099605,0.10852013,-0.3527848503,-3.379840452,-1.572986858,4.037528233,2,0.012,0.462,0.468,0.054,0.004
45,16,16,3.81184877,426.7623884,2.350439279,50.83605267,-2114312.945,3940042.46,13,13,3.659435529,443.1344316,2.391319549,610.2160398,-2114291.885,3940050.672,1522.034572,26666.21329,2.666621329,2.666621329,0.6995611551,22.60455453,Retain,1.338114313,1.297308908,-0.04080540466,0.03764579035,0.01724308803,2.485189225,0.8433145044,3.021503438,3,0.192,0.032,0.036,0.704,0.036
46,18,18,1.938228188,472.1058922,1.85411617,56.83643474,-2110323.837,3939711.58,15,15,1.733416829,584.6912638,2.17156672,35.83311968,-2110281.788,3939695.399,824.0884262,11059.88724,1.105988724,1.105988724,0.5706184291,45.05424741,Retain,0.6617742508,0.5500945066,-0.1116797442,0.2138806456,0.1580407735,-0.4612946678,0.2837994973,4.049367274,3,0.112,0.346,0.07,0.442,0.03
47,19,19,1.0337217,737.6654565,2.115710938,50.83605267,-2110059.383,3939477.205,16,16,0.3210031165,789.3332063,1.261566261,0,-2110083.402,3939526.668,213.2976302,1982.777329,0.1982777329,0.1982777329,0.1918095874,54.98648652,Retain,0.03316559136,-1.136304447,-1.169470038,0.06769813548,-0.5170368838,-10.83638075,-1.434331149,4.562887789,2,0.002,0.26,0.718,0.018,0.002
48,128,128,0.2584304252,983.5539418,1.410473959,101.6721053,-2103519.007,3929079.644,139,139,0.1284012466,1183.999809,1.196826841,154.1240754,-2103475.293,3929059.606,75.59937208,26.9652708,0.00269652708,0.00269652708,0.01043424774,48.08788783,Retain,-1.35312877,-2.052595179,-0.6994664095,0.1854811713,-0.1642520334,0.4160016337,-4.461663207,5.121980456,1,0.102,0.494,0.176,0.226,0.002
49,127,127,1.421367338,500.7183705,1.683998727,0,-2105744.818,3929141.456,143,143,2.182821193,394.6666031,1.644881161,25.33784192,-2105683.412,3929108.791,545.2559103,10153.94376,1.015394376,1.015394376,0.7143785767,69.55353297,Retain,0.3516193225,0.7806181652,0.4289988427,-0.2380024426,-0.0235030212,10.14009375,0.9146496181,4.638666374,4,0.022,0.008,0.012,0.09,0.868
52,136,136,0.3230380314,786.8431536,1.261566261,0,-2103306.767,3928989.41,148,148,0.2568024932,789.3332062,1.128379167,154.1240754,-2103285.259,3928983.592,154.7647411,1336.159483,0.1336159483,0.1336159483,0.4136229648,22.28029863,Retain,-1.129985218,-1.359447998,-0.2294627799,0.003159614285,-0.1115717757,11.94551973,-0.3482973335,4.241105253,3,0.016,0.18,0.032,0.764,0.008
53,138,138,1.356759732,636.9682672,2.09297643,50.83605267,-2102843.917,3928986.747,149,149,1.348213089,526.2221375,1.723627649,50.67568384,-2102975.776,3929008.327,349.9073025,4235.905247,0.4235905247,0.4235905247,0.312207471,133.6133228,Retain,0.3050993069,0.2987800782,-0.006319228658,-0.1909964001,-0.1941560144,-0.003159551976,-0.7880742889,5.314772751,3,0.008,0.062,0.2,0.644,0.086
54,138,138,1.356759732,636.9682672,2.09297643,50.83605267,-2102843.917,3928986.747,153,153,0.3852037399,657.7776718,1.151647165,50.67568384,-2102803.84,3928970.923,152.1874204,1288.075867,0.1288075867,0.1288075867,0.09493765449,43.08702741,Retain,0.3050993069,-0.9539828902,-1.259082197,0.03214715121,-0.5973939473,-0.003159551976,-2.24540957,4.183060462,2,0.004,0.42,0.55,0.026,0
55,301,301,811.9237881,142.9428598,11.48987139,0,-2106733.614,3927768.666,156,156,0.7062068564,717.575642,1.701095599,56.65713694,-2105076.184,3928936.372,506.7568384,7062.068564,0.7062068564,0.7062068564,8.697945137e-4,2027.463498,Retain,6.699406479,-0.3478470866,-7.047253565,1.613433398,-1.910193385,10.94479089,-6.282056937,4.837202979,2,0,0,1,0,0
56,148,148,3.036557495,385.0509049,1.892796703,25.41802634,-2103965.04,3928824.787,160,160,0.834608103,485.7435115,1.251824291,25.33784191,-2104013.235,3928873.47,405.4054707,5470.012332,0.5470012332,0.5470012332,0.1801386057,68.50398497,Retain,1.110724471,-0.180793002,-1.291517473,0.2323051843,-0.4134535521,-0.003159490022,-1.511091754,4.243909223,2,0.002,0.118,0.88,0,0
57,148,148,3.036557495,385.0509049,1.892796703,25.41802634,-2103965.04,3928824.787,168,168,0.4494043632,789.3332062,1.49270533,50.67568384,-2103793.826,3928797.178,228.1568321,2574.889307,0.2574889307,0.2574889307,0.08479632976,173.4253208,Retain,1.110724471,-0.7998322104,-1.910556681,0.7178130001,-0.2374653405,0.6899679581,-2.368262458,5.172755553,2,0,0.132,0.866,0.002,0
58,301,301,811.9237881,142.9428598,11.48987139,0,-2106733.614,3927768.666,172,172,4.943447995,379.2899822,2.378928696,0,-2105825.46,3928893.922,1521.874203,29544.56826,2.954456826,2.954456826,0.003638835159,1446.009742,Retain,6.699406479,1.598063062,-5.101343416,0.9758560682,-1.57481564,0,-5.370649665,4.499225535,2,0,0.002,0.998,0,0
60,155,155,0.3230380314,944.2117842,1.513879513,80.37885685,-2102467.972,3928719.979,171,171,0.3852037399,789.3332061,1.381976598,56.65713693,-2102466.003,3928734.437,228.4661504,1933.453811,0.1933453811,0.1933453811,0.5985220386,14.59155719,Retain,-1.129985218,-0.9539828901,0.1760023281,-0.1791619424,-0.09116077838,-0.3497279958,0.3984923942,3.817869169,3,0.016,0.01,0.008,0.81,0.156
62,301,301,811.9237881,142.9428598,11.48987139,0,-2106733.614,3927768.666,175,175,20.80100195,209.5143695,2.695572455,25.33784191,-2104596.493,3928883.961,4171.40983,185441.0638,18.54410638,18.54410638,0.0228397131,2410.63652,Retain,6.699406479,3.035001156,-3.664405322,0.3823473578,-1.449855303,10.14009375,-3.714320741,5.010308226,2,0,0.002,0.998,0,0
64,152,152,0.5168608502,590.1323652,1.196826841,50.83605267,-2103614.325,3928717.437,173,173,0.5778056098,701.6295166,1.504505556,76.01352575,-2103604.798,3928723.175,305.016316,3541.210036,0.3541210036,0.3541210036,0.6851379892,11.12196327,Retain,-0.6599815892,-0.5485177821,0.1114638071,0.173058651,0.2287905546,0.4022989784,0.7757733143,3.311367472,3,0.096,0.03,0.004,0.634,0.236
65,154,154,0.2584304251,983.553942,1.410473959,0,-2103932.05,3928692.019,179,179,0.7062068565,717.575642,1.701095599,50.67568384,-2103924.464,3928689.904,203.3442107,1590.480455,0.1590480455,0.1590480455,0.6154385478,7.875570825,Retain,-1.35312877,-0.3478470866,1.005281683,-0.3152941169,0.1873467247,10.8332212,0.469258049,3.312821963,4,0.006,0.008,0.014,0.084,0.888
67,201,201,1.485974944,513.1585784,1.764624906,56.83643474,-2104284.587,3927966.5,232,232,1.669216206,546.4614505,1.991640251,56.65713693,-2104270.512,3927975.926,731.6948744,10589.54708,1.058954708,1.058954708,0.7126329501,16.94005966,Retain,0.396071085,0.5123541785,0.1162830935,0.062878849,0.1210203958,-0.003159558783,0.9061346073,3.204069641,4,0.036,0.008,0.002,0.45,0.504
68,200,200,0.3876456376,786.8431537,1.381976598,50.83605267,-2103927.814,3927959.132,233,233,0.3210031166,947.1998474,1.513879513,101.3513677,-2103900.969,3927952.342,232.2771198,1774.728461,0.1774728461,0.1774728461,0.4578223741,27.69043384,Retain,-0.9476636617,-1.136304447,-0.1886407853,0.185481171,0.0911607784,0.689977762,-0.1687732354,4.367319892,3,0.05,0.322,0.002,0.622,0.004
69,214,214,10.2726094,207.8453613,1.879212064,80.37885685,-2103105.565,3927629.817,259,259,9.50169225,213.333299,1.855043924,91.35688825,-2103082.043,3927625.792,2034.095002,86152.14655,8.615214655,8.615214655,0.8386588373,23.86356731,Retain,2.329481071,2.251469914,-0.07801115707,0.0260613786,-0.01294419993,0.1280210229,1.6432956,2.580019227,0,0.648,0.02,0.08,0.18,0.072
70,218,218,3.230380314,361.9478506,1.83513449,0,-2105955.325,3927529.907,265,265,0.3852037398,920.8887406,1.612306031,0,-2105882.388,3927454.876,337.7866577,3136.418571,0.3136418571,0.3136418571,0.0970913102,104.6395877,Retain,1.172599875,-0.9539828903,-2.126582765,0.9338390837,-0.1294522987,0,-2.220829567,4.636596509,2,0,0.146,0.854,0,0
71,64,64,0.2584304251,786.8431536,1.128379167,136.8802609,-2106359.472,3931310.076,65,65,0.4494043631,676.5713196,1.279461712,91.35688825,-2106371.047,3931291.146,161.7042812,1525.899426,0.1525899426,0.1525899426,0.5904488318,22.18826759,Retain,-1.35312877,-0.7998322105,0.5532965594,-0.1509910655,0.1256572141,-0.4043292101,0.3650746043,4.348538058,4,0.002,0.006,0.004,0.262,0.726
72,71,71,0.8398988816,544.7375679,1.408302327,0,-2105410.206,3930816.379,77,77,3.017429296,487.0353825,2.386569755,76.01352575,-2105476.983,3930812.499,457.524474,6239.308579,0.6239308579,0.6239308579,0.7428642561,66.88914044,Retain,-0.1744737734,1.104405242,1.278879016,-0.1119673773,0.5274721305,11.23867973,1.058372981,4.862653408,4,0.006,0.002,0.044,0.016,0.932
75,77,77,3.424203133,415.6907226,2.169927182,56.83643474,-2106419.66,3930670.069,80,80,0.2568024932,789.3332062,1.128379167,0,-2106477.828,3930605.214,202.7027353,2568.024932,0.2568024932,0.2568024932,0.07499627892,87.11850432,Retain,1.230868783,-1.359447998,-2.590316781,0.6412470177,-0.6539113728,-10.94795045,-2.500193876,4.424211341,2,0,0.092,0.908,0,0
76,77,77,3.424203133,415.6907226,2.169927182,56.83643474,-2106419.66,3930670.069,81,81,2.182821192,371.4509206,1.548123445,0,-2106384.674,3930664.087,810.8109414,14685.56306,1.468556306,1.468556306,0.4288753468,35.49371068,Retain,1.230868783,0.7806181651,-0.4502506176,-0.1125247846,-0.3376500934,-10.94795045,-0.2858616175,3.526314242,2,0.038,0.294,0.612,0.042,0.014
77,80,80,5.297823715,364.6346322,2.367564035,76.25407901,-2105615.22,3930560.244,83,83,6.355861708,326.8955703,2.324830652,76.01352575,-2105597.274,3930554.666,1954.497828,47358.03774,4.735803774,4.735803774,0.8939149412,18.79277359,Retain,1.667296116,1.849377491,0.1820813743,-0.1092550816,-0.01821439445,-0.003159572823,2.123105215,2.672242508,4,0.054,0.002,0,0.04,0.904
78,85,85,22.80648502,169.4053249,2.2821874,56.83643474,-2105628.578,3930163.06,84,84,0.8988087264,507.4284897,1.357074079,126.6892096,-2106148.436,3930416.99,491.7874372,6249.415711,0.6249415711,0.6249415711,0.02740192409,578.5609988,Retain,3.127044926,-0.1066850298,-3.233729956,1.097061579,-0.5198033993,0.801549641,-3.534541673,5.369388192,2,0,0.02,0.98,0,0
79,85,85,22.80648502,169.4053249,2.2821874,56.83643474,-2105628.578,3930163.06,85,85,0.1284012466,1183.999809,1.196826841,35.83311968,-2105907.726,3930301.16,152.0270515,1284.012466,0.1284012466,0.1284012466,0.005630032271,311.4409776,Retain,3.127044926,-2.052595179,-5.179640105,1.944359439,-0.6454606135,-0.4612946678,-5.011504823,4.750055533,2,0,0,1,0,0
80,85,85,22.80648502,169.4053249,2.2821874,56.83643474,-2105628.578,3930163.06,89,89,16.56376081,143.7932585,1.650870734,35.83311968,-2105517.052,3930131.259,2283.933887,152801.4973,15.28014973,15.28014973,0.6699914397,115.9710179,Retain,3.127044926,2.807217225,-0.3198277006,-0.1639176523,-0.3238315026,-0.4612946678,0.7066121426,3.762191417,2,0.03,0.054,0.874,0.024,0.018
81,83,83,1.873620582,406.9878381,1.571510633,239.7931809,-2106012.823,3929844.157,91,91,1.669216206,485.7435115,1.77034689,204.2802123,-2105988.612,3929821.69,663.9822116,11263.27523,1.126327523,1.126327523,0.601150272,33.0285296,Retain,0.6278726991,0.5123541785,-0.1155185206,0.1768974274,0.1191381671,-0.1602834392,0.4094182391,3.755830591,3,0.26,0.188,0.056,0.472,0.024
82,86,86,0.3230380314,786.8431536,1.261566261,215.6791054,-2104470.912,3929706.198,93,93,0.6420062331,552.5332443,1.248886881,192.967255,-2104450.8,3929700.653,249.2202489,2704.770665,0.2704770665,0.2704770665,0.8372917126,20.86264546,Retain,-1.129985219,-0.4431572665,0.686827952,-0.3535153297,-0.0101013537,-0.1112706228,1.633280037,4.175365745,4,0,0,0.002,0.052,0.946
83,90,90,0.8398988816,544.7375679,1.408302327,50.83605267,-2106487.54,3929594.359,97,97,0.7062068564,574.0605136,1.360876479,56.65713693,-2106465.159,3929592.852,337.5817411,4905.591986,0.4905591986,0.4905591986,0.5840693556,22.43158721,Retain,-0.1744737734,-0.3478470866,-0.1733733132,0.05243066327,-0.03425599333,0.1084101403,0.3388105092,3.770116517,3,0.056,0.242,0.016,0.684,0.002
84,96,96,0.6460760627,708.1588383,1.605711705,152.508158,-2105543.553,3929505.396,98,98,0.1284012466,1183.999809,1.196826841,56.65713694,-2105527.658,3929541.025,140.6522837,995.8003984,0.09958003984,0.09958003984,0.1541305205,39.01367063,Retain,-0.4368380379,-2.052595179,-1.615757141,0.5139852381,-0.2938933324,-0.9901890344,-1.697279755,4.454721707,1,0.002,0.616,0.372,0.01,0
85,95,95,0.9691140942,629.4745229,1.748077489,0,-2106353.541,3929540.134,102,102,1.15561122,570.0739822,1.728749882,35.83311968,-2106308.909,3929567.77,372.8734363,2604.130871,0.2604130871,0.2604130871,0.2687125166,52.49593162,Retain,-0.03137292977,0.1446293985,0.1760023283,-0.09911923489,-0.01111807074,10.48665578,-0.9988165354,4.54880613,3,0.016,0.042,0.034,0.624,0.284
86,97,97,1.356759732,524.5621024,1.723627649,50.83605267,-2106139.787,3929434.588,105,105,1.091410596,557.1763809,1.642032879,101.3513677,-2106089.562,3929422.533,534.7826341,7428.314507,0.7428314507,0.7428314507,0.547504052,51.65159094,Retain,0.3050993069,0.08747098458,-0.2176283223,0.06031802816,-0.04849613299,0.6899777621,0.1902083324,4.364355647,1,0.07,0.526,0.098,0.292,0.014
87,101,101,0.6460760628,708.1588383,1.605711705,0,-2106445.893,3929398.64,108,108,0.6420062331,631.466565,1.427299293,35.83311968,-2106422.084,3929381.396,329.9951039,3506.939831,0.3506939831,0.3506939831,0.5428060307,29.39734867,Retain,-0.4368380379,-0.4431572665,-0.006319228562,-0.1146234214,-0.1177830357,10.48665578,0.1713000137,4.171722467,3,0.006,0.068,0.026,0.856,0.044
88,109,109,12.21083759,228.9755209,2.257131445,179.7325879,-2104723.102,3929483.542,113,113,11.68451344,195.1648037,1.881923145,182.7137765,-2104783.951,3929527.103,2262.068626,98465.61498,9.846561498,9.846561498,0.8063788768,74.83415026,Retain,2.502323884,2.458264328,-0.04405955656,-0.1597707532,-0.1818005315,0.01645065146,1.422738336,3.636490699,0,0.386,0.026,0.326,0.146,0.116
89,301,301,811.9237881,142.9428598,11.48987139,0,-2106733.614,3927768.666,125,125,4.815046748,431.5021527,2.671027065,50.67568384,-2105214.145,3929337.477,1954.967515,37076.56056,3.707656056,3.707656056,0.004566507486,2184.022357,Retain,6.699406479,1.571745754,-5.127660725,1.104827531,-1.459002832,10.8332212,-5.187414561,4.911585735,2,0,0,1,0,0
90,111,111,1.098329307,509.1338053,1.505196806,35.94651758,-2107403.854,3929275.886,120,120,0.2568024932,789.3332062,1.128379167,50.67568384,-2107339.314,3929211.633,100.9367802,507.7828099,0.05077828099,0.05077828099,0.04623229179,91.07034835,Retain,0.09379021318,-1.359447998,-1.453238212,0.4384776855,-0.2881414202,0.3434058901,-3.006390267,5.037113083,1,0,0.73,0.264,0.006,0
91,301,301,811.9237881,142.9428598,11.48987139,0,-2106733.614,3927768.666,141,141,6.869466694,354.0934009,2.618028754,25.33784192,-2107087.238,3929236.142,1317.56778,29414.46601,2.941446601,2.941446601,0.003622811209,1509.481765,Retain,6.699406479,1.927086475,-4.772320004,0.9071157538,-1.479044248,10.14009375,-5.374126015,4.542184035,2,0,0,1,0,0
92,301,301,811.9237881,142.9428598,11.48987139,0,-2106733.614,3927768.666,122,122,0.3210031166,789.3332062,1.261566261,0,-2107661.105,3929188.829,225.3698405,2500.354227,0.2500354227,0.2500354227,3.079543011e-4,1696.202139,Retain,6.699406479,-1.136304447,-7.835710926,1.708743577,-2.209111886,0,-6.639982771,4.658809288,2,0,0,1,0,0
96,129,129,4.328709621,305.3421193,1.792094926,25.41802634,-2106620.291,3929183.877,142,142,4.622444878,394.6666031,2.393653682,0,-2106616.834,3929209.169,1259.399309,30534.8619,3.05348619,3.05348619,0.705403332,25.52791953,Retain,1.465269489,1.53092376,0.06565427103,0.2566085151,0.2894356506,-10.14325324,0.8711904492,3.079542108,4,0.26,0.042,0.088,0.21,0.4
97,129,129,4.328709621,305.3421193,1.792094926,25.41802634,-2106620.291,3929183.877,123,123,0.1284012466,1183.999809,1.196826841,0,-2106705.868,3929173.626,152.0270515,1061.599278,0.1061599278,0.1061599278,0.02452461289,86.18875572,Retain,1.465269489,-2.052595179,-3.517864667,1.355220804,-0.40371153,-10.14325324,-3.644306347,4.296281526,2,0,0.028,0.972,0,0
98,301,301,811.9237881,142.9428598,11.48987139,0,-2106733.614,3927768.666,135,135,0.4494043632,789.3332062,1.49270533,0,-2108170.033,3929097.612,354.7297869,3500.752966,0.3500752966,0.3500752966,4.311676806e-4,1956.885391,Retain,6.699406479,-0.7998322103,-7.499238689,1.708743577,-2.040875767,0,-6.549833279,4.801771617,2,0,0,1,0,0
99,122,122,0.6460760628,629.4745229,1.427299293,35.94651757,-2107818.467,3929131.751,132,132,0.5136049865,690.6665554,1.396297981,50.67568384,-2107789.061,3929119.783,301.7150896,2653.60469,0.265360469,0.265360469,0.4107263591,31.74770456,Retain,-0.4368380379,-0.6663008177,-0.2294627798,0.09277177293,-0.02195961699,0.3434058904,-0.3602272758,4.248635885,3,0.096,0.378,0.012,0.51,0.004
100,301,301,811.9237881,142.9428598,11.48987139,0,-2106733.614,3927768.666,146,146,5.071849241,379.6792638,2.412098922,0,-2108040.916,3929205.058,2050.220113,36991.26597,3.699126597,3.699126597,0.00455600224,1942.230701,Retain,6.699406479,1.6237054930000001,-5.075700986,0.9768818847,-1.560968608,0,-5.189314111,4.794254656,2,0,0,1,0,0
101,301,301,811.9237881,142.9428598,11.48987139,0,-2106733.614,3927768.666,151,151,2.760626802,403.8448962,1.892838308,25.33784192,-2108508.096,3929085.827,1085.20823,21404.18651,2.140418651,2.140418651,0.002636230989,2209.909753,Retain,6.699406479,1.015457756,-5.683948722,1.038585915,-1.803388446,10.14009375,-5.615170005,4.923369114,2,0,0,1,0,0
102,123,123,1.615190157,440.632166,1.579730834,50.83605267,-2106281.693,3929188.687,138,138,3.017429296,419.8580884,2.05738772,71.66623937,-2106289.95,3929146.132,733.4096296,12335.46693,1.233546693,1.233546693,0.7637160786,43.34910209,Retain,0.479452694,1.104405242,0.6249525483,-0.0482936673,0.2641826068,0.3434082587,1.170247221,4.101947654,4,0.02,0,0.002,0.02,0.958
104,301,301,811.9237881,142.9428598,11.48987139,0,-2106733.614,3927768.666,165,165,0.2568024932,789.3332063,1.128379167,25.33784193,-2108504.855,3928806.227,146.9617679,1348.574758,0.1348574758,0.1348574758,1.660962245e-4,2052.761336,Retain,6.699406479,-1.359447998,-8.058854477,1.708743577,-2.320683661,10.14009375,-6.754927225,4.849603349,2,0,0,1,0,0
105,301,301,811.9237881,142.9428598,11.48987139,0,-2106733.614,3927768.666,166,166,0.3210031165,789.3332062,1.261566261,0,-2108051.308,3928823.964,253.3784192,2546.156481,0.2546156481,0.2546156481,3.135955022e-4,1688.185585,Retain,6.699406479,-1.136304447,-7.835710926,1.708743577,-2.209111886,0,-6.635673412,4.654071909,2,0,0,1,0,0
106,163,163,0.452253244,786.8431536,1.49270533,25.41802633,-2107875.476,3928613.949,185,185,0.5136049865,789.3332062,1.595769122,0,-2107861.907,3928606.692,329.2425618,2923.395484,0.2923395484,0.2923395484,0.6464067474,15.38735295,Retain,-0.7935129818,-0.6663008178,0.127212164,0.003159614321,0.06676569631,-10.14325324,0.6020033986,3.702732355,3,0.022,0.006,0.008,0.754,0.21
107,301,301,811.9237881,142.9428598,11.48987139,0,-2106733.614,3927768.666,192,192,0.2568024932,789.3332062,1.128379167,25.33784192,-2108454.179,3928552.849,148.8861939,1046.336578,0.1046336578,0.1046336578,1.2887128e-4,1890.84341,Retain,6.699406479,-1.359447998,-8.058854477,1.708743577,-2.320683661,10.14009375,-6.787407762,4.76744049,2,0,0,1,0,0
108,168,168,0.9045064879,674.4369888,1.809432105,25.41802633,-2108049.771,3928619.396,194,194,1.15561122,526.2221375,1.595769122,25.33784191,-2108022.028,3928604.932,506.5026198,6566.098836,0.6566098836,0.6566098836,0.725931646,31.2863406,Retain,-0.1003658013,0.1446293984,0.2449951997,-0.248154814,-0.1256572142,-0.003159489875,0.9718128243,4.065761406,4,0.07,0.004,0.014,0.388,0.524
109,172,172,0.1938228188,1049.124205,1.302940032,25.41802633,-2107931.153,3928535.274,196,196,0.1926018699,1052.444275,1.302940032,25.33784192,-2107917.862,3928523.288,152.4143082,809.4504489,0.08094504489,0.08094504489,0.4176239175,17.89795416,Retain,-1.640810842,-1.647130071,-0.006319228623,0.003159614305,0,-0.003159489728,-0.3318591148,4.277512649,3,0.016,0.026,0.002,0.944,0.012
110,182,182,2.132051007,453.0309066,1.866043204,35.94651758,-2108237.71,3928355.037,208,208,0.8988087263,563.809433,1.507860088,0,-2108276.814,3928342.907,529.4732455,7730.789819,0.7730789819,0.7730789819,0.3625987274,40.94275928,Retain,0.7570844306,-0.1066850299,-0.8637694605,0.21875596,-0.2131287702,-10.48981531,-0.5629161773,3.906022128,2,0.01,0.092,0.888,0.004,0.006
111,182,182,2.132051007,453.0309066,1.866043204,35.94651758,-2108237.71,3928355.037,210,210,0.834608103,728.6152673,1.877736436,0,-2108154.998,3928351.121,507.3044639,5161.340311,0.5161340311,0.5161340311,0.242083341,82.80481581,Retain,0.7570844306,-0.180793002,-0.9378774326,0.475185489,0.006246772664,-10.48981531,-1.138487616,4.610321026,2,0.044,0.194,0.756,0.004,0.002
112,189,189,0.3230380314,786.8431536,1.261566261,25.41802634,-2108192.111,3928201.451,218,218,0.1926018699,1052.444275,1.302940032,50.67568384,-2108179.686,3928202.342,174.6496089,1417.175394,0.1417175394,0.1417175394,0.4387023373,12.45748826,Retain,-1.129985218,-1.647130071,-0.5171448523,0.2908416867,0.03226926056,0.6899679579,-0.2459333666,3.65975973,1,0.302,0.502,0.034,0.162,0
113,301,301,811.9237881,142.9428598,11.48987139,0,-2106733.614,3927768.666,238,238,0.3210031166,789.3332061,1.261566261,25.33784191,-2108573.267,3927840.855,81.1343428,385.8783429,0.03858783429,0.03858783429,4.75264241e-5,1841.069367,Retain,6.699406479,-1.136304447,-7.835710926,1.708743577,-2.209111885,10.14009375,-6.862275701,4.740764106,2,0,0,1,0,0
114,301,301,811.9237881,142.9428598,11.48987139,0,-2106733.614,3927768.666,258,258,0.1284012467,1183.999809,1.196826841,25.33784192,-2108542.862,3927539.335,152.0270515,1284.012467,0.1284012467,0.1284012467,1.581444571e-4,1823.724604,Retain,6.699406479,-2.052595179,-8.752001657,2.114208685,-2.261792143,10.14009375,-6.761777662,4.731298427,2,0,0,1,0,0
115,218,218,3.230380314,361.9478506,1.83513449,0,-2105955.325,3927529.907,263,263,2.503824309,404.7862596,1.806852728,0,-2105977.243,3927563.698,1011.313061,19830.09658,1.983009658,1.983009658,0.6138625998,40.27735408,Retain,1.172599875,0.9178192867,-0.2547805879,0.1118590313,-0.0155312627,0,0.4626191587,3.681879211,1,0.274,0.498,0.068,0.154,0.006
116,301,301,811.9237881,142.9428598,11.48987139,0,-2106733.614,3927768.666,345,345,593.3421606,147.3273946,10.12351151,0,-2106504.898,3927695.431,95146.48193,5428372.537,542.8372537,542.8372537,0.6685815364,240.1544954,Retain,6.699406479,6.385771232,-0.3136352468,0.03021231541,-0.126605308,0,0.7002583369,2.703948315,2,0.082,0.154,0.754,0.006,0.004
117,75,75,22.80648502,191.6954992,2.582475215,50.83605267,-2108122.064,3931128.729,68,68,1.15561122,526.2221375,1.595769122,76.01352576,-2108120.564,3931103.525,580.8569238,8790.515742,0.8790515742,0.8790515742,0.03854393053,25.24876149,Retain,3.127044926,0.1446293984,-2.982415528,1.009815267,-0.4813924969,0.4022989784,-3.192076204,2.23765919,2,0.004,0.098,0.898,0,0
118,75,75,22.80648502,191.6954992,2.582475215,50.83605267,-2108122.064,3931128.729,76,76,5.778056098,385.8962341,2.61671537,126.6892096,-2108217.13,3930802.005,2152.925705,47361.16764,4.736116764,4.736116764,0.2076653531,340.2738608,Retain,3.127044926,1.754067311,-1.372977615,0.6996603385,0.01317153096,0.91311934,-1.335513346,4.838596185,2,0.004,0.072,0.92,0.002,0.002
121,114,114,45.35453961,247.7098817,4.705965958,0,-2108747.535,3929714.895,86,86,0.3852037398,657.7776719,1.151647165,50.67568384,-2108998.943,3930149.133,236.9656985,3228.243016,0.3228243016,0.3228243016,0.007117794698,501.7649894,Retain,3.814510273,-0.9539828903,-4.768493163,0.97660876,-1.407637822,10.8332212,-4.807560165,4.883243661,2,0,0.002,0.998,0,0
122,114,114,45.35453961,247.7098817,4.705965958,0,-2108747.535,3929714.895,87,87,0.1284012466,1183.999809,1.196826841,50.67568384,-2108884.923,3930111.126,152.0270515,935.2055918,0.09352055918,0.09352055918,0.002061988943,419.3735513,Retain,3.814510273,-2.052595179,-5.867105452,1.564395425,-1.369157301,10.8332212,-5.78762804,4.703874244,2,0,0,1,0,0
123,114,114,45.35453961,247.7098817,4.705965958,0,-2108747.535,3929714.895,88,88,7.575673551,274.2598428,2.129452302,50.67568384,-2108434.424,3930035.327,2120.54262,65219.37459,6.521937459,6.521937459,0.1437990004,448.0124547,Retain,3.814510273,2.024942265,-1.789568008,0.101817759,-0.792966245,10.8332212,-1.778325853,4.769933071,2,0.01,0.02,0.956,0.01,0.004
124,301,301,811.9237881,142.9428598,11.48987139,0,-2106733.614,3927768.666,96,96,0.1284012466,1183.999809,1.196826841,0,-2107846.071,3929553.694,152.0270515,902.1677506,0.09021677506,0.09021677506,1.111148317e-4,2103.303302,Retain,6.699406479,-2.052595179,-8.752001658,2.114208685,-2.261792143,0,-6.803279905,4.873926568,2,0,0,1,0,0
125,84,84,1.421367338,393.4215768,1.323141857,35.94651757,-2107935.389,3929793.081,90,90,1.284012466,355.1999428,1.135409635,50.67568384,-2107922.085,3929807.072,437.7440079,10327.6856,1.03276856,1.03276856,0.7266021475,19.30684777,Retain,0.3516193225,0.2499899142,-0.1016294084,-0.1022009014,-0.1530156056,0.3434058905,0.9751753287,3.357066915,3,0.09,0.058,0.086,0.734,0.032
126,88,88,0.2584304251,983.553942,1.410473959,50.83605267,-2112682.206,3929588.004,94,94,0.4494043632,676.5713196,1.279461712,76.01352575,-2112680.169,3929589.89,233.9186907,2280.056072,0.2280056072,0.2280056072,0.8822707586,2.775894256,Retain,-1.35312877,-0.7998322104,0.5532965593,-0.3741346168,-0.09748633717,0.4022989784,2.00678617,2.270262457,4,0.04,0.002,0.002,0.124,0.832
127,114,114,45.35453961,247.7098817,4.705965958,0,-2108747.535,3929714.895,99,99,0.1284012466,1183.999809,1.196826841,136.4484546,-2108935.598,3929503.018,38.23343388,90.82522566,0.009082522566,0.009082522566,2.002560856e-4,283.3014294,Retain,3.814510273,-2.052595179,-5.867105452,1.564395425,-1.369157301,11.82370953,-6.726019765,4.311624788,2,0,0,1,0,0
128,301,301,811.9237881,142.9428598,11.48987139,0,-2106733.614,3927768.666,106,106,0.2568024932,789.3332062,1.128379167,0,-2108099.449,3929363.66,202.7027353,1261.119678,0.1261119678,0.1261119678,1.553248835e-4,2099.883928,Retain,6.699406479,-1.359447998,-8.058854477,1.708743577,-2.320683661,0,-6.764218009,4.87229953,2,0,0,1,0,0
129,102,102,0.9045064879,618.2339064,1.658646096,25.41802634,-2112463.429,3929325.654,109,109,0.7704074797,657.7776718,1.62867504,50.67568384,-2112356.207,3929338.322,278.6712796,2861.374844,0.2861374844,0.2861374844,0.3163465252,107.9681537,Retain,-0.1003658012,-0.2608357097,-0.1604699084,0.06200011433,-0.01823483988,0.6899679579,-0.768918518,5.304393416,3,0.052,0.156,0.08,0.698,0.014
130,301,301,811.9237881,142.9428598,11.48987139,0,-2106733.614,3927768.666,110,110,5.649654851,394.6666031,2.646283714,0,-2107830.523,3929521.157,2191.452107,40755.5498,4.07555498,4.07555498,0.005019627506,2067.470922,Retain,6.699406479,1.731594455,-4.967812024,1.015596397,-1.468309615,0,-5.10870217,4.85674355,2,0,0,1,0,0
131,111,111,1.098329307,509.1338053,1.505196806,35.94651758,-2107403.854,3929275.886,112,112,0.1284012466,1183.999809,1.196826841,50.67568384,-2107364.652,3929300.315,129.1057277,993.6240268,0.09936240268,0.09936240268,0.09046685914,46.19048027,Retain,0.09379021318,-2.052595179,-2.146385392,0.8439427937,-0.2292499024,0.3434058902,-2.298053586,4.358265208,1,0,0.688,0.31,0.002,0
132,105,105,0.4522532439,674.4369888,1.279461712,136.8802609,-2111862.474,3929289.342,115,115,0.3852037399,657.7776718,1.151647165,136.4484546,-2111836.781,3929287.646,202.2321807,2278.216203,0.2278216203,0.2278216203,0.5037478966,25.74932386,Retain,-0.7935129819,-0.9539828902,-0.1604699083,-0.02501126269,-0.1052462169,-0.003159591182,0.01496194214,4.217568638,3,0.008,0.134,0.016,0.83,0.012
133,114,114,45.35453961,247.7098817,4.705965958,0,-2108747.535,3929714.895,118,118,12.77592404,329.2193775,3.319530152,25.33784192,-2108689.032,3929584.888,4230.441648,105634.5616,10.56345616,10.56345616,0.232908464,142.5637824,Retain,3.814510273,2.547562465,-1.266947808,0.2844660999,-0.3490078041,10.14009375,-1.188979054,3.624906316,2,0.002,0.042,0.956,0,0
134,112,112,0.7752912753,590.1323652,1.465807536,25.41802634,-2112635.606,3929230.034,119,119,0.5136049865,690.6665555,1.396297981,35.83311968,-2112641.258,3929227.469,354.7297869,4770.437674,0.4770437674,0.4770437674,0.6153090878,6.20623261,Retain,-0.2545164812,-0.6663008178,-0.4117843367,0.1573102941,-0.04858187421,0.3434025412,0.4687123004,2.525338346,1,0.364,0.47,0.054,0.11,0.002
135,116,116,1.098329307,462.8489139,1.368360733,136.8802609,-2112088.246,3929222.059,121,121,0.4494043631,789.3332062,1.49270533,136.4484546,-2112039.484,3929217.062,251.6249139,2215.347893,0.2215347893,0.2215347893,0.2017016099,49.0179275,Retain,0.09379021319,-0.7998322105,-0.8936224236,0.5337878654,0.08697665355,-0.003159591182,-1.371999335,4.417676335,1,0.012,0.906,0.074,0.008,0
136,114,114,45.35453961,247.7098817,4.705965958,0,-2108747.535,3929714.895,127,127,3.466833659,453.1357295,2.380070807,76.01352576,-2109235.429,3929299.846,1352.709658,24552.67195,2.455267195,2.455267195,0.05413498221,640.5517938,Retain,3.814510273,1.243241687,-2.571268586,0.6039334747,-0.6817008183,11.23867973,-2.843372146,5.12744135,2,0,0,1,0,0
137,176,176,146.7884815,130.2170008,4.450499382,50.83605267,-2109634.235,3930856.992,202,202,132.6384878,150.5311148,4.890532247,101.3513677,-2109671.708,3930708.38,19164.98114,1177026.952,117.7026952,117.7026952,0.8018523937,153.2635445,Retain,4.988992649,4.88762729,-0.1013653587,0.1449675104,0.09428483098,0.689977762,1.394124588,3.110034096,2,0.304,0.266,0.398,0.012,0.02
138,115,115,0.9045064879,505.8277416,1.357074079,25.41802634,-2114369.781,3929211.273,126,126,0.7704074796,591.9999047,1.465807536,380.0676288,-2114383.234,3929186.295,343.7097527,5485.110692,0.5485110692,0.5485110692,0.6064202706,28.3703849,Retain,-0.1003658013,-0.2608357098,-0.1604699085,0.1573102942,0.07707533993,2.704853876,0.4313997026,3.967928907,3,0.15,0.17,0.022,0.648,0.01
140,301,301,811.9237881,142.9428598,11.48987139,0,-2106733.614,3927768.666,140,140,0.3210031165,789.3332063,1.261566261,76.01352576,-2109130.7,3929031.734,195.9226966,2184.802893,0.2184802893,0.2184802893,2.690896516e-4,2709.494822,Retain,6.699406479,-1.136304447,-7.835710926,1.708743577,-2.209111885,11.23867973,-6.670186089,5.127179557,2,0,0,1,0,0
142,143,143,1.356759732,449.6246592,1.477395127,25.41802633,-2111411.002,3928871.761,150,150,0.2568024932,789.3332062,1.128379167,50.67568384,-2111393.369,3928958.254,79.49665854,351.5340856,0.03515340856,0.03515340856,0.02590982599,88.27280607,Retain,0.3050993069,-1.359447998,-1.664547305,0.5627754022,-0.2694982504,0.6899679581,-3.590038455,4.900258706,2,0,0.452,0.548,0,0
143,143,143,1.356759732,449.6246592,1.477395127,25.41802633,-2111411.002,3928871.761,159,159,0.3852037399,789.3332061,1.381976598,50.67568384,-2111351.139,3928861.126,256.1152412,2602.470182,0.2602470182,0.2602470182,0.1918151107,60.80009467,Retain,0.3050993069,-0.9539828902,-1.259082197,0.5627754022,-0.06676569635,0.6899679581,-1.434295677,4.527423083,1,0,0.654,0.346,0,0
144,301,301,811.9237881,142.9428598,11.48987139,0,-2106733.614,3927768.666,163,163,0.7704074797,591.9999046,1.465807536,76.01352576,-2109119.298,3928865.349,472.9304339,3612.967886,0.3612967886,0.3612967886,4.449885493e-4,2625.68113,Retain,6.699406479,-0.2608357097,-6.960242188,1.421061505,-2.059059589,11.23867973,-6.540208739,5.095757704,2,0,0,1,0,0
145,301,301,811.9237881,142.9428598,11.48987139,0,-2106733.614,3927768.666,205,205,0.5136049864,690.6665555,1.396297981,25.33784192,-2109182.642,3928413.491,140.7566854,1235.224278,0.1235224278,0.1235224278,1.521354954e-4,2532.49679,Retain,6.699406479,-0.6663008179,-7.365707297,1.575212185,-2.107641463,10.14009375,-6.766985611,5.059623067,2,0,0,1,0,0
146,181,181,5.297823715,355.0389839,2.305259718,25.41802634,-2110221.152,3928608.635,203,203,3.980438645,381.9354224,2.149564463,113.3142739,-2110220.063,3928650.113,1480.350095,30585.10034,3.058510034,3.058510034,0.5773144216,41.49243284,Retain,1.667296116,1.381392026,-0.2859040908,0.07302394553,-0.06992809987,1.494676006,0.311126083,3.464252055,1,0.22,0.466,0.222,0.074,0.018
147,301,301,811.9237881,142.9428598,11.48987139,0,-2106733.614,3927768.666,217,217,0.1284012466,1183.999809,1.196826841,80.12529146,-2109201.646,3928198.119,152.0270515,1196.73771,0.119673771,0.119673771,1.473953255e-4,2505.11713,Retain,6.699406479,-2.052595179,-8.752001658,2.114208686,-2.261792143,11.29135931,-6.771113081,5.048752874,2,0,0,1,0,0
148,301,301,811.9237881,142.9428598,11.48987139,0,-2106733.614,3927768.666,223,223,28.89028049,289.4221756,4.388365084,0,-2108661.218,3928600.202,8292.408484,247709.5557,24.77095557,24.77095557,0.0305089664,2099.311759,Retain,6.699406479,3.363505223,-3.335901255,0.7054414685,-0.9625091592,0,-3.427530011,4.872027016,2,0,0.008,0.992,0,0
149,194,194,2.584304251,393.4215768,1.784124116,35.94651757,-2110495.62,3928092.153,224,224,1.605015583,473.5999237,1.692568751,71.66623936,-2110492.862,3928091.193,760.1352576,14360.49717,1.436049717,1.436049717,0.5556813663,2.920475412,Retain,0.9494563232,0.4731334655,-0.4763228578,0.1854811711,-0.05268025783,0.6899737011,0.2232029662,1.169725548,1,0.368,0.498,0.112,0.022,0
150,301,301,811.9237881,142.9428598,11.48987139,0,-2106733.614,3927768.666,228,228,0.1284012466,1183.999809,1.196826841,25.33784192,-2108948.267,3927995.416,152.0270515,1284.012466,0.1284012466,0.1284012466,1.58144457e-4,2226.231385,Retain,6.699406479,-2.052595179,-8.752001658,2.114208686,-2.261792143,10.14009375,-6.761777662,4.930727626,2,0,0,1,0,0
151,301,301,811.9237881,142.9428598,11.48987139,0,-2106733.614,3927768.666,234,234,1.34821309,488.6348419,1.600511388,25.33784192,-2108836.057,3927970.682,658.7838899,12960.49529,1.296049529,1.296049529,0.001596269931,2112.126301,Retain,6.699406479,0.2987800783,-6.4006264,1.229170497,-1.971142703,10.14009375,-5.953083058,4.878112622,2,0,0.012,0.988,0,0
152,195,195,2.196658613,370.2791311,1.548123445,25.41802634,-2109998.735,3928105.161,226,226,2.760626802,422.2014824,1.978876412,71.66623936,-2110064.311,3928039.905,588.4388067,13634.22152,1.363422152,1.363422152,0.6206800382,92.51259928,Retain,0.7869373937,1.015457756,0.2285203626,0.1312255168,0.2454856981,1.036535768,0.4914126491,4.706251899,4,0.038,0.052,0,0.286,0.624
154,301,301,811.9237881,142.9428598,11.48987139,0,-2106733.614,3927768.666,243,243,0.8988087263,507.4284897,1.357074079,25.33784192,-2108760.043,3927827.101,456.0811545,8988.087263,0.8988087263,0.8988087263,0.001107011199,2027.271961,Retain,6.699406479,-0.1066850298,-6.806091509,1.266910825,-2.136134929,10.14009375,-6.162377812,4.837108504,2,0,0,1,0,0
157,211,211,14.21367338,261.0888646,2.776748739,25.41802633,-2111433.488,3928003.652,236,236,12.71172342,318.9225076,3.207616623,0,-2111437.39,3928059.529,2632.789881,71484.94009,7.148494009,7.148494009,0.5029307919,56.01239114,Retain,2.654204415,2.542524671,-0.1116797443,0.2000873235,0.1442474514,-10.14325324,0.01169990145,3.270853525,2,0.158,0.206,0.5,0.072,0.064
158,211,211,14.21367338,261.0888646,2.776748739,25.41802633,-2111433.488,3928003.652,248,248,0.5778056098,613.925827,1.316442362,0,-2111538.358,3927715.292,354.7297869,4557.570862,0.4557570862,0.4557570862,0.0320646939,306.8375237,Retain,2.654204415,-0.548517782,-3.202722198,0.8550132911,-0.7463478076,-10.14325324,-3.377731782,4.971584363,2,0,0.048,0.952,0,0
159,211,211,14.21367338,261.0888646,2.776748739,25.41802633,-2111433.488,3928003.652,255,255,0.7062068564,717.575642,1.701095599,0,-2111475.141,3927634.928,438.0154435,3840.328437,0.3840328437,0.3840328437,0.02701854991,371.0697976,Retain,2.654204415,-0.3478470867,-3.002051502,1.01101754,-0.4900082114,-10.14325324,-3.548525471,5.161655609,2,0,0.04,0.96,0,0
160,207,207,0.1938228188,1049.124205,1.302940032,35.94651758,-2111201.606,3927713.425,252,252,1.284012466,434.1332634,1.387722887,25.33784192,-2111235.007,3927692.629,184.3162867,1623.147636,0.1623147636,0.1623147636,0.8374388764,39.34621741,Retain,-1.640810842,0.2499899141,1.890800756,-0.882359459,0.0630409192,-0.3497215576,1.634354917,5.065195623,4,0,0,0.014,0.01,0.976
161,217,217,1.74440537,553.7044414,2.062988384,136.8802609,-2109809.263,3927630.581,253,253,0.7062068564,717.575642,1.701095599,197.8948716,-2109798.237,3927671.783,468.6004754,4449.483258,0.4449483258,0.4449483258,0.2550716327,42.65197278,Retain,0.5564137352,-0.3478470866,-0.9042608218,0.2592473213,-0.1928830896,0.3686271504,-1.069172353,4.047255049,1,0.006,0.512,0.478,0.004,0
162,134,134,0.1292152126,1180.26473,1.196826841,113.6728695,-2112103.946,3928958.908,147,147,0.1284012466,1183.999809,1.196826841,184.4622735,-2112102.828,3928970.923,126.0027527,663.3108759,0.06633108759,0.06633108759,0.5133380682,12.06695836,Retain,-2.04627595,-2.052595179,-0.006319228525,0.003159614226,0,0.4841168297,0.05325836629,4.086056789,3,0.016,0.082,0,0.896,0.006
163,216,216,0.3230380314,786.8431536,1.261566261,91.64599728,-2111389.699,3927515.164,261,261,0.1284012466,1183.999809,1.196826841,0,-2111355.362,3927488.659,86.50358522,50.79062416,0.005079062416,0.005079062416,0.01572280017,43.37669479,Retain,-1.129985218,-2.052595179,-0.9226099605,0.4086247225,-0.05268025778,-11.42569949,-4.076149955,4.907302916,1,0.03,0.502,0.322,0.144,0.002
164,225,225,4.328709621,293.5981916,1.723168198,25.41802634,-2110015.684,3927359.09,262,262,0.834608103,485.7435115,1.251824291,50.67568384,-2110088.47,3927475.991,405.4054707,6022.548479,0.6022548479,0.6022548479,0.1391303415,137.7081408,Retain,1.465269489,-0.180793002,-1.646062491,0.503468593,-0.3195626522,0.6899679579,-1.816531051,4.764873984,2,0.002,0.058,0.94,0,0
165,149,149,0.6460760628,550.7902075,1.248886881,25.41802634,-2112302.206,3928760.647,170,170,0.1284012466,1183.999809,1.196826841,101.3513677,-2112254.855,3928742.883,98.15454286,601.5059122,0.06015059122,0.06015059122,0.09310140816,50.57364809,Retain,-0.4368380378,-2.052595179,-1.615757141,0.7652996665,-0.04257890413,1.383105272,-2.266759678,4.714234387,1,0,0.81,0.19,0,0
166,160,160,0.1938228188,1049.124205,1.302940032,228.762237,-2113311.302,3928628.474,178,178,0.1284012466,1183.999809,1.196826841,160.2505829,-2113344.383,3928641.531,85.40920164,374.3458073,0.03743458073,0.03743458073,0.1931381504,35.56446669,Retain,-1.640810842,-2.052595179,-0.4117843366,0.1209426499,-0.08494951842,-0.3559425957,-1.425821045,4.964145494,3,0.074,0.314,0.026,0.578,0.008
167,165,165,2.519696645,464.035706,2.077880637,127.0901317,-2113740.801,3928659.106,169,169,0.1926018699,1052.444275,1.302940032,113.3142739,-2113863.808,3928742.883,189.5630429,1114.103491,0.1114103491,0.1114103491,0.04421577863,148.8263698,Retain,0.9241385153,-1.647130071,-2.571268586,0.818909117,-0.466725176,-0.1147304334,-3.052131781,5.113082728,2,0,0.164,0.834,0.002,0
168,165,165,2.519696645,464.035706,2.077880637,127.0901317,-2113740.801,3928659.106,184,184,1.027209973,493.3332539,1.410473959,113.3142739,-2113657.938,3928633.613,469.5067212,8377.165074,0.8377165074,0.8377165074,0.3324672075,86.69569151,Retain,0.9241385153,0.02684636279,-0.8972921525,0.06122341524,-0.387422661,-0.1147304334,-0.6955409169,4.572711408,2,0.026,0.294,0.644,0.034,0.002
169,164,164,0.7752912753,590.1323652,1.465807536,50.83605267,-2114747.42,3928598.819,186,186,0.7062068564,717.575642,1.701095599,76.01352575,-2114716.081,3928595.462,413.4895639,4327.644065,0.4327644065,0.4327644065,0.5581958939,31.51844391,Retain,-0.2545164811,-0.3478470867,-0.09333060555,0.1955315069,0.1488662042,0.4022989783,0.2333723744,4.150227806,3,0.104,0.148,0.014,0.714,0.02
170,166,166,2.002835795,533.0227815,2.127960252,50.83605267,-2114504.309,3928659.631,187,187,1.34821309,563.809433,1.846743909,76.01352575,-2114488.809,3928663.249,811.9335233,8558.413781,0.8558413781,0.8558413781,0.4273148005,15.91746212,Retain,0.6945640736,0.2987800783,-0.3957839953,0.05615214443,-0.1417398532,0.4022989783,-0.2922223724,2.992562481,1,0.086,0.596,0.276,0.042,0
171,171,171,0.452253244,674.4369888,1.279461712,50.83605267,-2111996.827,3928537.695,199,199,0.3852037399,789.3332062,1.381976598,208.9411971,-2111950.801,3928502.173,76.2399799,331.4552213,0.03314552213,0.03314552213,0.07328973882,58.13912938,Retain,-0.7935129817,-0.9539828902,-0.1604699085,0.1573102941,0.07707533989,1.413432173,-2.524746628,5.031977554,3,0.02,0.272,0.026,0.67,0.012
172,174,174,1.809012976,449.6246592,1.705948949,76.25407901,-2112338.155,3928569.468,188,188,0.5136049865,690.6665554,1.396297981,50.67568384,-2112242.187,3928590.856,277.0182892,2517.361718,0.2517361718,0.2517361718,0.1391566424,98.32256871,Retain,0.5927813793,-0.6663008178,-1.259082197,0.4292440096,-0.2002970889,-0.4086181032,-1.816312863,4.864238015,2,0.016,0.154,0.82,0.008,0.002
173,174,174,1.809012976,449.6246592,1.705948949,76.25407901,-2112338.155,3928569.468,198,198,0.5778056098,613.925827,1.316442362,50.67568384,-2112366.06,3928500.765,331.2115355,3447.752909,0.3447752909,0.3447752909,0.1905875168,74.15332317,Retain,0.5927813793,-0.5485177821,-1.141299161,0.3114609739,-0.2591886068,-0.4086181032,-1.442198646,4.582122623,2,0.008,0.162,0.82,0.01,0
174,184,184,1.809012976,421.523118,1.59932714,107.8395527,-2112597.782,3928384.279,200,200,0.8988087263,563.809433,1.507860088,152.0270515,-2112638.543,3928447.878,384.1711332,4740.49406,0.474049406,0.474049406,0.2620486488,75.53975146,Retain,0.5927813793,-0.1066850299,-0.6994664092,0.2908416868,-0.05889151782,0.3434112808,-1.032893097,4.600646518,1,0.024,0.546,0.42,0.008,0.002
175,186,186,0.8398988817,544.7375679,1.408302327,0,-2114026.917,3928239.382,215,215,0.3210031165,789.3332063,1.261566261,217.9643578,-2114036.106,3928220.923,231.4638562,2377.129566,0.2377129566,0.2377129566,0.2830256854,20.61981857,Retain,-0.1744737734,-1.136304447,-0.9618306737,0.3708843945,-0.1100309424,12.29209142,-0.9273691194,3.685903005,1,0.004,0.858,0.126,0.012,0
176,187,187,0.1938228189,1049.124205,1.302940032,468.6852476,-2115158.345,3928213.313,216,216,0.1926018699,1052.444275,1.302940032,486.7240491,-2115147.592,3928202.342,159.6300382,946.5213919,0.09465213919,0.09465213919,0.4883436313,15.361568,Retain,-1.640810842,-1.647130071,-0.00631922872,0.003159614385,0,0.03776581985,-0.04654080903,4.124704265,3,0.018,0.026,0,0.944,0.012
177,192,192,0.3876456377,655.702628,1.151647165,129.6070123,-2113616.318,3928081.986,221,221,0.2568024932,789.3332062,1.128379167,154.1240754,-2113572.423,3928071.43,119.5386974,786.69795,0.078669795,0.078669795,0.202942552,45.14655467,Retain,-0.9476636616,-1.359447998,-0.4117843367,0.1854811711,-0.02041099726,0.1732498456,-1.364342238,4.856132892,1,0.06,0.662,0.01,0.268,0
178,193,193,0.8398988817,605.2639643,1.564780363,0,-2112110.789,3928073.188,222,222,0.4494043632,676.5713196,1.279461712,76.01352576,-2112104.638,3928091.338,223.975823,3069.812418,0.3069812418,0.3069812418,0.3654978575,19.16435259,Retain,-0.1744737733,-0.7998322103,-0.625358437,0.1113731989,-0.2013060195,11.23867973,-0.5504227865,3.612705926,1,0.02,0.77,0.106,0.104,0
179,197,197,0.4522532439,674.4369888,1.279461712,129.6070123,-2113823.294,3928011.179,225,225,0.4494043631,789.3332063,1.49270533,154.1240754,-2113791.415,3928011.705,190.2045182,1670.882435,0.1670882435,0.1670882435,0.3694572582,31.88339147,Retain,-0.7935129818,-0.7998322105,-0.006319228672,0.1573102942,0.1541506798,0.1732498456,-0.533427547,4.431238028,3,0.024,0.176,0.004,0.754,0.042
180,208,208,0.5814684566,611.9891194,1.316442362,127.0901317,-2113291.532,3927676.71,250,250,0.7704074797,591.9999047,1.465807536,76.01352576,-2113240.92,3927668.136,276.3768139,3365.524486,0.3365524486,0.3365524486,0.5787974306,51.33368729,Retain,-0.5421985535,-0.2608357097,0.2813628438,-0.03320802981,0.1074733921,-0.5139799509,0.3171935636,4.781830909,4,0,0.004,0.002,0.408,0.586
181,210,210,1.744405369,553.7044414,2.062988384,76.25407901,-2112963.922,3927731.312,246,246,1.091410596,510.7450158,1.505196806,50.67568384,-2112866.69,3927769.611,449.8373219,6246.167326,0.6246167326,0.6246167326,0.3580685679,104.503725,Retain,0.5564137351,0.08747098461,-0.4689427505,-0.08076057015,-0.3152319454,-0.4086181032,-0.5825247137,4.943390361,2,0.016,0.314,0.608,0.054,0.008
182,210,210,1.744405369,553.7044414,2.062988384,76.25407901,-2112963.922,3927731.312,251,251,0.5778056097,613.9258271,1.316442362,50.67568384,-2113027.66,3927661.801,301.9411099,2818.573951,0.2818573951,0.2818573951,0.1615779222,94.30862722,Retain,0.5564137351,-0.5485177822,-1.104931517,0.1032430729,-0.4492226858,-0.4086181032,-1.641556244,4.840741351,2,0.01,0.194,0.774,0.02,0.002
183,221,221,25.13235884,228.5688338,3.232426857,0,-2111994.4,3927574.834,264,264,9.373291003,340.6026849,2.941637716,35.83311968,-2112059.095,3927600.424,3361.213638,80365.80015,8.036580015,8.036580015,0.3197702239,69.57160912,Retain,3.224156213,2.237864262,-0.9862919505,0.3988792439,-0.09426673135,10.48665578,-0.7531746056,3.202657779,2,0.02,0.234,0.738,0.008,0
184,219,219,0.710683669,643.7807621,1.530986039,80.37885685,-2103349.746,3927410.719,269,269,0.6420062331,631.466565,1.427299293,91.35688825,-2103373.942,3927427.849,370.0578083,4266.905732,0.4266905732,0.4266905732,0.6003945099,29.64522214,Retain,-0.3415278581,-0.4431572665,-0.1016294084,-0.01931324158,-0.07012794576,0.1280210229,0.406274014,4.132463574,3,0.026,0.038,0.016,0.896,0.024
185,235,235,0.5168608502,786.8431536,1.595769122,127.0901317,-2102816.834,3927205.064,282,282,0.9630093497,526.2221375,1.456731241,25.33784192,-2102781.036,3927192.207,361.3163284,3395.53856,0.339553856,0.339553856,0.6569541025,38.03698249,Retain,-0.6599815892,-0.03769215834,0.6222894309,-0.4023054939,-0.09116077841,-1.612565929,0.6483601044,4.540940937,4,0.014,0.004,0.008,0.058,0.916
186,252,252,6.525368234,311.6210509,2.245558472,35.94651757,-2103084.951,3926930.499,296,296,1.219811843,456.9823826,1.423773641,25.33784192,-2103337.935,3926958.565,519.037852,10878.94612,1.087894612,1.087894612,0.166717735,254.5370199,Retain,1.875697386,0.1986966197,-1.677000766,0.3828569707,-0.4556434125,-0.3497215572,-1.604289375,5.173966465,2,0,0.008,0.992,0,0
187,252,252,6.525368234,311.6210509,2.245558472,35.94651757,-2103084.951,3926930.499,299,299,4.365642385,348.235238,2.052541099,25.33784192,-2102974.871,3926918.558,1462.44562,37172.33293,3.717233293,3.717233293,0.5696587777,110.7254095,Retain,1.875697386,1.473765346,-0.4019320403,0.1110903535,-0.08987566662,-0.3497215572,0.279891968,4.341578629,2,0.172,0.33,0.466,0.024,0.008
188,253,253,0.5168608502,688.4877594,1.396297981,384.6445351,-2102009.812,3926833.326,304,304,0.5136049865,887.999857,1.795240262,484.0787902,-2102021.535,3926839.377,331.2001161,3016.094017,0.3016094017,0.3016094017,0.583540815,13.19243251,Retain,-0.6599815893,-0.6663008178,-0.006319228507,0.2544740425,0.2513144283,0.2299275267,0.3366398282,3.482074906,3,0.156,0.15,0.004,0.632,0.058
189,291,291,9.561925729,191.3942806,1.669539531,50.83605267,-2105398.396,3926439.947,321,321,1.861818076,381.0574099,1.466743257,0,-2105362.526,3926577.808,658.9442587,14139.1875,1.41391875,1.41391875,0.1478696646,142.4504966,Retain,2.257789143,0.6215534706,-1.636235672,0.6886144492,-0.129503387,-10.83638075,-1.745841144,4.402471939,2,0,0.018,0.982,0,0
190,291,291,9.561925729,191.3942806,1.669539531,50.83605267,-2105398.396,3926439.947,331,331,3.723636152,381.0574099,2.074288207,0,-2105381.311,3926417.043,1430.570105,36046.67991,3.604667991,3.604667991,0.3769813835,28.57418722,Retain,2.257789143,1.314700651,-0.9430884918,0.6886144493,0.2170702033,-10.83638075,-0.5013352575,2.796009133,2,0.094,0.198,0.686,0.008,0.014
191,297,297,99.10806803,160.5488312,4.508755877,25.41802633,-2103802.127,3926606.133,340,340,2.182821193,394.6666031,1.644881161,25.33784192,-2104760.816,3926370.813,767.8215421,12528.04187,1.252804187,1.252804187,0.01264078911,987.1478318,Retain,4.596210851,0.7806181652,-3.815592686,0.8994432251,-1.008353118,-0.003159489728,-4.282981702,5.169080338,2,0,0,1,0,0
192,286,286,1.162936913,480.8485938,1.462788361,25.41802633,-2103984.298,3926318.258,333,333,1.15561122,438.5184479,1.329807601,0,-2103967.974,3926313.265,496.0795131,9355.353351,0.9355353351,0.9355353351,0.8044592312,17.07124852,Retain,0.1509486271,0.1446293985,-0.006319228619,-0.09215056548,-0.09531017978,-10.14325324,1.410542704,3.334344881,3,0.19,0.018,0.128,0.59,0.074
193,294,294,0.3876456377,655.702628,1.151647165,50.83605267,-2104694.591,3926226.47,343,343,0.2568024932,789.3332062,1.128379167,50.67568384,-2104678.841,3926221.767,187.5350828,2197.397727,0.2197397727,0.2197397727,0.5668573338,16.43744342,Retain,-0.9476636616,-1.359447998,-0.4117843368,0.1854811711,-0.02041099727,-0.003159552049,0.2684970104,3.845819476,1,0.156,0.632,0.014,0.198,0
195,297,297,99.10806803,160.5488312,4.508755877,25.41802633,-2103802.127,3926606.133,344,344,85.51523025,201.481449,5.255957784,0,-2103726.18,3926610.699,18002.17437,776819.9488,77.68199488,77.68199488,0.7838110098,76.08410072,Retain,4.596210851,4.4486944919999996,-0.1475163594,0.2270991722,0.1533409925,-10.14325324,1.28467504,2.606111978,2,0.31,0.08,0.574,0.018,0.018
196,296,296,0.2584304251,983.5539421,1.410473959,25.41802634,-2103582.552,3926194.698,346,346,0.3210031165,789.3332062,1.261566261,35.83311968,-2103556.374,3926193.896,194.7516803,1308.290252,0.1308290252,0.1308290252,0.5062446698,26.19033812,Retain,-1.35312877,-1.136304447,0.2168243229,-0.2199839371,-0.1115717756,0.3434025412,0.02493011262,4.514358078,3,0,0.008,0.002,0.908,0.082
197,299,299,0.9045064879,618.2339064,1.658646097,25.41802634,-2104916.091,3926195.606,351,351,1.540814959,460.4443703,1.612306031,25.33784192,-2104922.717,3926189.039,508.3605267,7686.10441,0.768610441,0.768610441,0.849756692,9.328723738,Retain,-0.1003658013,0.4323114709,0.5326772722,-0.2946748297,-0.02833619356,-0.003159489875,1.727236328,2.855753248,4,0.044,0,0,0.06,0.896
198,320,320,1.292152126,393.4215768,1.261566261,25.41802633,-2103356.332,3923019.986,376,376,0.8988087263,563.809433,1.507860088,50.67568384,-2103330.506,3923018.34,448.3389027,7154.704175,0.7154704175,0.7154704175,0.5537044775,25.87878533,Retain,0.2563091427,-0.1066850299,-0.3629941726,0.3598345583,0.178337472,0.689967958,0.2152159986,3.697672546,1,0.36,0.45,0.096,0.078,0.016
199,328,328,4.199494408,326.8425407,1.889435842,25.41802633,-2103472.571,3922791.713,383,383,3.017429296,419.8580884,2.05738772,50.67568384,-2103481.763,3922798.733,1266.720308,26662.18794,2.666218794,2.666218794,0.634890426,11.56594255,Retain,1.434964139,1.104405242,-0.3305588968,0.2504382413,0.08515879295,0.6899679581,0.5520935911,2.303034123,0,0.776,0.116,0.082,0.024,0.002
200,336,336,0.3876456377,786.8431536,1.381976598,25.41802634,-2103885.451,3922451.893,392,392,1.476614336,480.4636907,1.646983246,56.65713693,-2103914.85,3922456.895,290.366785,2845.979049,0.2845979049,0.2845979049,0.7341702763,29.8215296,Retain,-0.9476636617,0.3897518565,1.337415518,-0.493277272,0.175430487,0.8015376503,1.013491425,4.441460909,4,0,0,0,0.002,0.998
202,329,329,0.1938228189,1049.124205,1.302940032,25.41802633,-2103677.87,3922604.401,397,397,3.916238022,336.4371043,1.878163923,50.67568384,-2103630.643,3922450.375,14.01947512,1.665593251,1.665593251e-4,1.665593251e-4,8.593380599e-4,161.1041097,Retain,-1.640810842,1.365131505,3.005942347,-1.137299784,0.3656713892,0.6899679581,-6.287675388,6.474827371,4,0,0.012,0.364,0.068,0.556
204,343,343,7.30065951,215.8596262,1.645309236,0,-2104399.472,3922422.876,400,400,0.1926018699,1052.444275,1.302940032,25.33784192,-2104463.469,3922281.733,202.7027353,937.3869441,0.09373869441,0.09373869441,0.01283975705,154.9744296,Retain,1.987964688,-1.647130071,-3.635094759,1.584242301,-0.2333050784,10.14009375,-4.268299478,4.621649185,2,0.002,0.138,0.858,0.002,0
206,353,353,12.59848322,230.0003064,2.30293995,101.6721053,-2104951.9,3922225.477,412,412,41.79460578,219.4613062,4.002332304,0,-2104718.794,3922442.634,3337.482937,113752.6957,11.37526957,11.37526957,0.9029078636,318.5835637,Retain,2.533576428,3.732767283,1.1991908550000001,-0.04690470593,0.5526907216,-11.5295181,2.22082023,5.069464675,4,0.022,0.002,0.048,0.008,0.92
207,301,301,811.9237881,142.9428598,11.48987139,0,-2106733.614,3927768.666,273,273,0.7704074798,723.5554389,1.791542544,25.33784192,-2107204.179,3927410.534,557.4325222,7521.116944,0.7521116944,0.7521116944,9.263328719e-4,591.3460304,Retain,6.699406479,-0.2608357096,-6.960242188,1.6217322,-1.858388894,10.14009375,-6.252210814,3.60506474,2,0,0,1,0,0
208,248,248,23.12952305,173.6329864,2.355649337,0,-2105928.288,3927186.249,275,275,2.953228672,291.7100979,1.414148669,25.33784191,-2106287.243,3927388.961,778.0851475,19994.25534,1.999425534,1.999425534,0.08644473689,412.2380887,Retain,3.141109856,1.082899037,-2.058210818,0.5188166958,-0.5102887135,10.14009375,-2.34743088,5.023413509,2,0.002,0.006,0.992,0,0
209,248,248,23.12952305,173.6329864,2.355649337,0,-2105928.288,3927186.249,289,289,0.834608103,485.7435115,1.251824291,0,-2105570.538,3927070.585,379.4931063,6572.324661,0.6572324661,0.6572324661,0.02841530561,375.9835052,Retain,3.141109856,-0.180793002,-3.321902858,1.028736932,-0.6322144963,0,-3.498442023,4.931357948,2,0,0.002,0.998,0,0
210,248,248,23.12952305,173.6329864,2.355649337,0,-2105928.288,3927186.249,295,295,15.27974835,195.6750385,2.157687754,0,-2105898.89,3927164.378,3069.54495,141143.6584,14.11436584,14.11436584,0.6102315991,36.64207724,Retain,3.141109856,2.726528314,-0.4145815413,0.1195115185,-0.08777925221,0,0.4473608774,2.603034537,2,0.25,0.33,0.412,0.008,0
212,301,301,811.9237881,142.9428598,11.48987139,0,-2106733.614,3927768.666,298,298,0.3210031166,789.3332062,1.261566261,25.33784192,-2107645.902,3926872.95,163.4577865,1014.193796,0.1014193796,0.1014193796,1.249124377e-4,1278.506083,Retain,6.699406479,-1.136304447,-7.835710926,1.708743577,-2.209111886,10.14009375,-6.790924784,4.376110039,2,0,0,1,0,0
213,256,256,3.682633558,427.9322414,2.316590813,0,-2107954.787,3926845.644,302,302,0.1284012466,1183.999809,1.196826841,25.33784192,-2107706.713,3926829.876,88.09672169,474.0841708,0.04740841708,0.04740841708,0.01287350922,248.575198,Retain,1.303628137,-2.052595179,-3.356223316,1.017688786,-0.6604228722,10.14009375,-4.265829506,5.436300305,2,0,0.064,0.936,0,0
214,301,301,811.9237881,142.9428598,11.48987139,0,-2106733.614,3927768.666,310,310,0.2568024932,789.3332062,1.128379167,50.67568384,-2107719.382,3926728.524,202.7027353,2008.708772,0.2008708772,0.2008708772,2.474011479e-4,1433.050655,Retain,6.699406479,-1.359447998,-8.058854477,1.708743577,-2.320683661,10.8332212,-6.687445289,4.490223177,2,0,0,1,0,0
215,301,301,811.9237881,142.9428598,11.48987139,0,-2106733.614,3927768.666,320,320,0.9630093497,526.2221375,1.456731241,25.33784192,-2107701.645,3926607.747,506.7568384,9630.093497,0.9630093497,0.9630093497,0.001186083428,1511.561526,Retain,6.699406479,-0.03769215833,-6.737098637,1.303278469,-2.065270849,10.14009375,-6.125457625,4.543560884,2,0,0,1,0,0
216,259,259,0.3876456377,786.8431535,1.381976598,50.83605267,-2105520.677,3926785.667,308,308,0.6420062331,552.5332443,1.248886881,25.33784192,-2105522.591,3926784.267,291.7616701,3598.701304,0.3598701304,0.3598701304,0.9283482009,2.370982221,Retain,-0.9476636615,-0.4431572664,0.5045063951,-0.3535153296,-0.101262132,-0.6962869998,2.548805327,1.909922759,4,0.046,0,0.006,0.044,0.904
217,301,301,811.9237881,142.9428598,11.48987139,0,-2106733.614,3927768.666,327,327,1.990219323,585.6343143,2.330623133,0,-2107525.261,3926466.564,1165.540728,19902.19323,1.990219323,1.990219323,0.002451239084,1523.869059,Retain,6.699406479,0.6882448451,-6.011161634,1.410250589,-1.595330228,0,-5.667569664,4.551670173,2,0,0,1,0,0
218,301,301,811.9237881,142.9428598,11.48987139,0,-2106733.614,3927768.666,348,348,0.1284012466,1183.999809,1.196826841,25.33784192,-2107161.949,3926133.085,152.0270515,1284.012466,0.1284012466,0.1284012466,1.58144457e-4,1690.738666,Retain,6.699406479,-2.052595179,-8.752001658,2.114208686,-2.261792143,10.14009375,-6.761777662,4.655583088,2,0,0,1,0,0
219,298,298,0.452253244,786.8431536,1.49270533,71.89303515,-2105664.107,3926188.343,347,347,0.8988087263,507.4284897,1.357074079,71.66623937,-2105641.679,3926212.718,343.3550191,2875.099191,0.2875099191,0.2875099191,0.63572771,33.12359389,Retain,-0.7935129818,-0.1066850299,0.6868279519,-0.4386731379,-0.09525916194,-0.003159570263,0.555699032,4.469397458,4,0.006,0,0.002,0.088,0.904
220,301,301,811.9237881,142.9428598,11.48987139,0,-2106733.614,3927768.666,350,350,0.3852037399,789.3332061,1.381976598,25.33784192,-2107077.49,3926137.308,304.054103,3426.605943,0.3426605943,0.3426605943,4.220354168e-4,1667.207372,Retain,6.699406479,-0.9539828901,-7.653389369,1.708743577,-2.117951107,10.14009375,-6.556243839,4.641567577,2,0,0,1,0,0
221,301,301,811.9237881,142.9428598,11.48987139,0,-2106733.614,3927768.666,353,353,0.9630093496,578.8443512,1.602404365,0,-2106623.942,3926009.774,386.9744743,4342.470293,0.4342470293,0.4342470293,5.348371801e-4,1762.307803,Retain,6.699406479,-0.03769215837,-6.737098637,1.398588649,-1.969960669,0,-6.47979603,4.697041752,2,0,0,1,0,0
222,305,305,29.97792931,193.3192231,2.985870202,25.41802634,-2106093.459,3925747.581,354,354,0.8988087263,676.5713196,1.809432105,0,-2105491.462,3926020.874,555.1428108,7836.198582,0.7836198582,0.7836198582,0.02613989279,661.1278155,Retain,3.400461421,-0.1066850299,-3.507146451,1.252695038,-0.5008781873,-10.14325324,-3.581289277,5.366082933,2,0,0.006,0.994,0,0
223,301,301,811.9237881,142.9428598,11.48987139,0,-2106733.614,3927768.666,356,356,15.53655084,192.4407404,2.139781322,0,-2106857.581,3926084.503,3568.111821,130410.4891,13.04104891,13.04104891,0.01606191259,1688.719135,Retain,6.699406479,2.743195367,-3.956211112,0.2973432951,-1.680762261,0,-4.055730139,4.654387908,2,0,0.028,0.972,0,0
224,301,301,811.9237881,142.9428598,11.48987139,0,-2106733.614,3927768.666,357,357,6.355861708,326.8955702,2.324830652,50.67568384,-2107324.342,3925937.804,2020.027092,55360.74828,5.536074828,5.536074828,0.006818466103,1923.802083,Retain,6.699406479,1.849377491,-4.850028988,0.827195794,-1.5978187,10.8332212,-4.845431435,4.784720982,2,0,0,1,0,0
225,301,301,811.9237881,142.9428598,11.48987139,0,-2106733.614,3927768.666,359,359,0.1284012466,1183.999809,1.196826841,50.67568384,-2107009.922,3925727.679,80.51483874,378.029895,0.0378029895,0.0378029895,4.655977575e-5,2059.60504,Retain,6.699406479,-2.052595179,-8.752001658,2.114208685,-2.261792143,10.8332212,-6.863199884,4.852931705,2,0,0,1,0,0
226,305,305,29.97792931,193.3192231,2.985870202,25.41802634,-2106093.459,3925747.581,362,362,25.6160487,223.5454945,3.191663223,0,-2106163.391,3925719.297,5953.259283,230428.0618,23.04280618,23.04280618,0.7686590339,75.43504169,Retain,3.400461421,3.243219057,-0.1572423639,0.14527212,0.06665093799,-10.14325324,1.197741629,3.1954194,0,0.456,0.108,0.382,0.022,0.032
227,301,301,811.9237881,142.9428598,11.48987139,0,-2106733.614,3927768.666,267,267,0.642006233,552.5332444,1.248886881,25.33784192,-2108489.652,3927445.585,435.543392,5012.01605,0.501201605,0.501201605,6.17301294e-4,1785.511983,Retain,6.699406479,-0.4431572665,-7.142563745,1.352068634,-2.219213239,10.14009375,-6.427379012,4.710122742,2,0,0,1,0,0
228,306,306,2.002835795,431.4946326,1.722634489,101.6721053,-2106204.094,3925352.828,363,363,2.054419946,443.9999285,1.795240262,101.3513677,-2106196.736,3925349.987,809.1028514,16840.54434,1.684054434,1.684054434,0.8408349991,7.887379879,Retain,0.6945640736,0.7199935433,0.02542946973,0.02856932983,0.0412840647,-0.0031595831,1.659379493,2.290473681,3,0.1,0.012,0.002,0.754,0.132
229,221,221,25.13235884,228.5688338,3.232426857,0,-2111994.4,3927574.834,270,270,0.1284012466,1183.999809,1.196826841,50.67568384,-2111748.099,3927349.301,152.0270515,1075.412976,0.1075412976,0.1075412976,0.004278997379,333.960363,Retain,3.224156213,-2.052595179,-5.276751392,1.644816247,-0.9935594485,10.8332212,-5.240734705,4.771312143,2,0,0,1,0,0
230,225,225,4.328709621,293.5981916,1.723168198,25.41802634,-2110015.684,3927359.09,279,279,3.017429295,335.8864707,1.645910176,25.33784192,-2109957.468,3927319.651,925.3231053,22491.12974,2.249112974,2.249112974,0.5195804688,70.31771026,Retain,1.465269489,1.104405242,-0.3608642463,0.1345610807,-0.04587104248,-0.003159490022,0.07820537878,4.092768111,1,0.186,0.568,0.206,0.032,0.008
231,222,222,1.679797763,453.9479732,1.659700209,50.83605267,-2111004.127,3927397.655,272,272,2.118620569,334.8686329,1.374979203,56.65713694,-2111005.239,3927392.299,626.3342859,14122.68345,1.412268345,1.412268345,0.8407371267,5.4700264,Retain,0.5186734072,0.750765202,0.2320917948,-0.30424428060000003,-0.1881983832,0.1084101404,1.658652339,2.01249448,4,0.126,0.012,0.018,0.206,0.638
232,226,226,0.9045064879,618.2339064,1.658646097,50.83605267,-2111165.294,3927223.22,280,280,0.9630093496,526.2221375,1.456731241,56.65713694,-2111171.24,3927225.99,491.2570287,5992.146511,0.5992146511,0.5992146511,0.6624768967,6.559863646,Retain,-0.1003658012,-0.03769215838,0.06267364286,-0.161143437,-0.1298066155,0.1084101404,0.6729016907,2.503670091,3,0.118,0.018,0.03,0.678,0.156
233,228,228,0.6460760627,550.7902075,1.248886881,25.41802634,-2109816.323,3927255.9,281,281,0.5778056098,613.925827,1.316442362,25.33784192,-2109798.492,3927253.581,300.9132454,3639.963648,0.3639963648,0.3639963648,0.5633955285,17.98115381,Retain,-0.4368380379,-0.5485177821,-0.1116797442,0.1085201299,0.0526802578,-0.003159490022,0.2544398282,3.680163773,3,0.08,0.092,0.004,0.812,0.012
234,239,239,11.95240716,225.4199305,2.198442287,101.6721053,-2110618.777,3927260.847,285,285,10.59310285,248.7595559,2.283949175,80.12529146,-2110615.958,3927247.643,2528.160731,87830.45037,8.783045037,8.783045037,0.734834826,13.50138832,Retain,2.480932694,2.360203114,-0.1207295798,0.0985217705,0.03815698062,-0.238158784,1.016888601,1.934765178,0,0.662,0.096,0.106,0.104,0.032
236,238,238,0.1292152126,1180.26473,1.196826841,50.83605267,-2110947.426,3927065.265,288,288,0.2568024932,789.3332063,1.128379167,25.33784192,-2110937.288,3927057.916,137.6498237,1103.317359,0.1103317359,0.1103317359,0.853860267,12.52131239,Retain,-2.04627595,-1.359447998,0.6868279517,-0.4023054936,-0.0588915178,-0.6962869996,1.759555326,4.123014963,4,0.008,0,0,0.38,0.612
237,240,240,0.3230380314,786.8431536,1.261566261,250.338527,-2109518.932,3927067.807,286,286,0.2568024932,789.3332062,1.128379167,249.5488021,-2109518.369,3927083.254,166.8853858,1609.184991,0.1609184991,0.1609184991,0.4981410343,15.45734591,Retain,-1.129985218,-1.359447998,-0.2294627799,0.003159614285,-0.1115717757,-0.003159601659,-0.007421054691,3.875506598,3,0.016,0.2,0.03,0.746,0.008
238,244,244,1.098329307,462.8489139,1.368360733,25.41802634,-2112192.909,3927039.1,292,292,1.605015583,473.5999237,1.692568751,304.054103,-2112217.862,3927058.423,468.3841394,7803.563576,0.7803563576,0.7803563576,0.7104939773,31.56050954,Retain,0.09379021323,0.4731334654,0.3793432522,0.02296224164,0.2126338677,2.481710983,0.8957426446,3.977408162,4,0.004,0,0,0.056,0.94
239,301,301,811.9237881,142.9428598,11.48987139,0,-2106733.614,3927768.666,301,301,0.1284012467,1183.999809,1.196826841,35.83311968,-2108188.132,3926829.876,123.8135562,569.143383,0.0569143383,0.0569143383,7.009812883e-5,1731.17047,Retain,6.699406479,-2.052595179,-8.752001657,2.114208685,-2.261792143,10.48665578,-6.840934395,4.679215312,2,0,0,1,0,0
240,243,243,0.5814684565,611.9891195,1.316442362,50.83605267,-2111057.57,3927044.083,293,293,0.4494043632,676.5713196,1.279461712,25.33784192,-2111033.21,3927023.529,192.9867556,2262.789989,0.2262789989,0.2262789989,0.3891509443,31.87365456,Retain,-0.5421985536,-0.7998322104,-0.2576336568,0.1003233627,-0.02849346568,-0.6962869996,-0.4499519101,4.305275386,3,0.106,0.362,0.058,0.46,0.014
241,247,247,0.6460760628,550.7902075,1.248886881,101.6721053,-2110520.403,3926917.841,297,297,0.4494043632,676.5713196,1.279461712,104.4705986,-2110493.875,3926918.558,261.4074127,2696.581427,0.2696581427,0.2696581427,0.4173783216,26.53692698,Retain,-0.4368380379,-0.7998322104,-0.3629941725,0.2056838784,0.02418679217,0.02715243315,-0.3328668632,4.069358878,1,0.02,0.63,0.006,0.344,0
242,256,256,3.682633558,427.9322414,2.316590813,0,-2107954.787,3926845.644,305,305,0.5778056098,613.9258271,1.316442362,56.65713693,-2107847.479,3926800.315,304.054103,3585.398974,0.3585398974,0.3585398974,0.09735964541,116.4901197,Retain,1.303628137,-0.5485177821,-1.852145919,0.3609092494,-0.5651637101,10.94479089,-2.217800831,4.678365919,2,0,0.06,0.94,0,0
244,255,255,0.7752912754,524.5621024,1.302940032,25.41802633,-2110248.43,3926785.667,309,309,0.8988087264,451.0475464,1.20628807,35.83311967,-2110207.92,3926757.482,250.5582992,3586.969584,0.3586969584,0.3586969584,0.4626608989,49.35037365,Retain,-0.2545164811,-0.1066850298,0.1478314513,-0.1509910655,-0.07707533989,0.3434025412,-0.1493351973,4.598588784,3,0.016,0.008,0.05,0.674,0.252
246,265,265,1.098329307,601.703588,1.778868953,136.8802609,-2111204.596,3926689.228,307,307,0.3852037399,920.8887406,1.612306031,56.65713693,-2111220.227,3926770.754,117.3428357,693.0499998,0.06930499998,0.06930499998,0.06310038306,83.01098192,Retain,0.09379021317,-0.9539828902,-1.047773103,0.4255742807,-0.09831227095,-0.8820782288,-2.683192585,4.944454794,2,0.006,0.46,0.516,0.016,0.002
247,301,301,811.9237881,142.9428598,11.48987139,0,-2106733.614,3927768.666,313,313,0.4494043632,789.3332061,1.49270533,35.83311968,-2108224.329,3926715.855,354.7297869,4494.043632,0.4494043632,0.4494043632,5.535055997e-4,1825.004802,Retain,6.699406479,-0.7998322103,-7.499238689,1.708743577,-2.040875767,10.48665578,-6.467687619,4.732000149,2,0,0,1,0,0
248,265,265,1.098329307,601.703588,1.778868953,136.8802609,-2111204.596,3926689.228,315,315,0.3210031166,947.1998474,1.513879513,56.65713693,-2111122.254,3926670.247,257.5585607,1861.830565,0.1861830565,0.1861830565,0.1695147852,84.50151539,Retain,0.09379021317,-1.136304447,-1.23009466,0.4537451576,-0.1613021724,-0.8820782288,-1.584391507,4.962251138,1,0.008,0.504,0.48,0.004,0.004
250,278,278,12.79230604,270.2289618,2.72647413,0,-2109814.141,3926524.426,323,323,13.28952903,308.8695155,3.176324832,25.33784192,-2109813.916,3926570.071,3575.371661,91190.53366,9.119053366,9.119053366,0.7128545342,45.64542949,Retain,2.5488439,2.586976434,0.03813253399,0.1336493012,0.1527155682,10.14009375,0.9072137657,3.118868382,0,0.386,0.058,0.05,0.25,0.256
251,268,268,0.5168608503,688.4877594,1.396297981,136.8802609,-2110887.058,3926585.5,317,317,0.3210031165,947.1998475,1.513879513,136.4484546,-2110873.943,3926589.166,259.1622491,2478.249303,0.2478249303,0.2478249303,0.4794809476,13.61743045,Retain,-0.6599815891,-1.136304447,-0.476322858,0.3190125638,0.08085113485,-0.003159591177,-0.08195823109,3.513779793,1,0.094,0.786,0.024,0.096,0
252,275,275,1.162936913,568.2756109,1.728749882,127.0901317,-2109210.527,3926507.481,319,319,1.027209973,542.6665793,1.551521355,0,-2109263.407,3926589.166,350.9747846,4024.241504,0.4024241504,0.4024241504,0.3460412563,97.30746147,Retain,0.150948627,0.02684636276,-0.1241022643,-0.04611143467,-0.1081625668,-11.75265968,-0.6351285797,5.074776577,2,0.048,0.106,0.422,0.384,0.04
253,275,275,1.162936913,568.2756109,1.728749882,127.0901317,-2109210.527,3926507.481,326,326,1.091410596,510.7450158,1.505196806,0,-2109147.989,3926429.687,309.8939001,2922.244668,0.2922244668,0.2922244668,0.251281444,99.81442007,Retain,0.150948627,0.08747098459,-0.06347764246,-0.1067360565,-0.1384748777,-11.75265968,-1.089152572,5.10021331,2,0.034,0.086,0.432,0.404,0.044
254,276,276,0.5814684565,611.9891195,1.316442362,91.64599727,-2110170.764,3926369.094,328,328,0.5136049865,690.6665554,1.396297981,56.65713693,-2110151.815,3926367.46,304.2809909,3523.0966320000002,0.3523096632,0.3523096632,0.6058964322,19.01931229,Retain,-0.5421985535,-0.6663008178,-0.1241022642,0.1209426499,0.05889151783,-0.4809085986,0.4292102267,3.788971696,3,0.106,0.056,0.012,0.804,0.022
255,283,283,1.292152126,550.7902075,1.766192765,25.41802634,-2108167.964,3926395.5,330,330,1.027209973,739.9998808,2.115710938,25.33784191,-2108146.958,3926405.467,631.2118699,5442.552358,0.5442552358,0.5442552358,0.4212005886,23.25092871,Retain,0.2563091427,0.02684636283,-0.2294627798,0.295296037,0.1805646471,-0.003159490315,-0.3172016719,3.590598456,1,0.208,0.492,0.078,0.19,0.032
256,287,287,1.098329307,509.1338053,1.505196806,25.41802633,-2109814.081,3926303.472,334,334,1.284012466,434.1332634,1.387722887,25.33784192,-2109774.281,3926293.98,510.0307341,6301.195661,0.6301195661,0.6301195661,0.5737073228,40.91601164,Retain,0.09379021319,0.2499899141,0.1561997009,-0.1593593152,-0.08125946478,-0.003159489728,0.2963917023,4.237015745,4,0.028,0.008,0.012,0.406,0.546
258,288,288,0.3876456377,786.8431536,1.381976598,0,-2108003.171,3926285.779,335,335,0.5136049865,690.6665554,1.396297981,25.33784191,-2107994.931,3926300.948,253.8595257,2811.919723,0.2811919723,0.2811919723,0.7253840751,17.26268582,Retain,-0.9476636616,-0.6663008178,0.2813628439,-0.1303717783,0.0103096436,10.14009375,0.9690705838,3.894801983,4,0.012,0.008,0.008,0.278,0.694
259,289,289,0.1292152126,1180.26473,1.196826841,50.83605267,-2107897.262,3926277.306,342,342,0.3852037399,920.8887405,1.612306031,50.67568384,-2107892.524,3926247.105,142.6212575,894.6684443,0.08946684443,0.08946684443,0.6923863115,30.57060668,Retain,-2.04627595,-0.9539828901,1.09229306,-0.248154814,0.297991716,-0.003159552049,0.8094969963,5.01557461,4,0,0.002,0.008,0.248,0.742
260,292,292,1.485974944,478.9480065,1.646983246,101.6721053,-2109174.794,3926252.441,341,341,2.182821193,441.0979682,1.838396591,50.67568384,-2109200.9,3926248.596,721.431269,13708.97632,1.370897632,1.370897632,0.9225577033,26.38747971,Retain,0.3960710851,0.7806181652,0.3845470801,-0.08232504482,0.1099484952,-0.6962968973,2.465870001,3.647256941,4,0.004,0,0.002,0.032,0.962
261,307,307,2.390481432,425.3206236,1.855043924,35.94651757,-2109563.861,3923667.15,364,364,1.733416829,380.0493215,1.411518368,91.35688825,-2109536.668,3923664.991,629.9848865,12635.48786,1.263548786,1.263548786,0.5285750261,27.27795458,Retain,0.8714947818,0.5500945065,-0.3214002753,-0.1125422551,-0.2732423928,0.9327246015,0.1141958986,3.442733062,1,0.054,0.526,0.312,0.098,0.01
262,308,308,2.26126622,337.2184944,1.430481681,35.94651757,-2109837.747,3923560.846,365,365,3.274231789,294.06531210000003,1.501044531,91.35688825,-2109803.295,3923558.561,723.4222141,18531.49908,1.853149908,1.853149908,0.8195186801,34.52769103,Retain,0.8159249307,1.186083273,0.3701583426,-0.1369291788,0.04814999246,0.9327246015,1.508783949,3.70619308,4,0.048,0,0.004,0.04,0.908
263,311,311,1.0337217,639.3100623,1.833616147,91.64599728,-2109468.414,3923319.283,368,368,0.4494043632,676.5713196,1.279461712,35.83311968,-2109451.404,3923338.683,304.2144719,3358.016128,0.3358016128,0.3358016128,0.3248472124,25.80064747,Retain,0.03316559135,-0.7998322104,-0.8329978017,0.05664829922,-0.3598506017,-0.9390437075,-0.7299904696,3.806220493,2,0.026,0.394,0.562,0.016,0.002
264,312,312,0.3230380314,944.2117843,1.513879513,179.7325879,-2109102.077,3923280.521,370,370,0.5136049865,789.3332062,1.595769122,50.67568384,-2109125.632,3923263.574,254.0198945,1404.960542,0.1404960542,0.1404960542,0.4349210946,29.01786881,Retain,-1.129985218,-0.6663008178,0.4636844006,-0.1791619425,0.05268025786,-1.266009767,-0.2612722259,4.505303819,4,0,0,0.006,0.11,0.884
266,317,317,0.9691140941,577.0183126,1.602404365,0,-2109539.267,3923041.592,374,374,1.412413713,574.0605136,1.924569974,101.3513677,-2109546.01,3923085.634,497.0787412,6119.453519,0.6119453519,0.6119453519,0.6314482016,44.55519851,Retain,-0.03137292981,0.3453000939,0.3766730237,-0.005139188536,0.1831973233,11.52635851,0.537307407,4.384802688,4,0.002,0.006,0.004,0.07,0.918
267,321,321,0.8398988816,544.7375679,1.408302327,162.7547805,-2109932.66,3922987.627,378,378,0.8988087263,563.809433,1.507860088,76.01352575,-2109921.964,3922974.904,417.4891004,5978.514285,0.5978514285,0.5978514285,0.7118135786,16.62152504,Retain,-0.1744737734,-0.1066850299,0.06778874355,0.03441215782,0.06830652959,-0.7613263477,0.9021483885,3.470360535,3,0.044,0.002,0.002,0.716,0.236
268,324,324,0.1292152126,1180.26473,1.196826841,1712.277189,-2111684.548,3922718.783,381,381,0.4494043632,676.5713196,1.279461712,1662.672199,-2111652.177,3922716.096,152.508158,492.1651294,0.04921651294,0.04921651294,0.3808879152,32.48278759,Retain,-2.04627595,-0.7998322104,1.24644374,-0.5564561735,0.06676569633,-0.02939809057,-0.4847730936,5.07624404,4,0,0.004,0.02,0.212,0.764
269,331,331,2.971949889,290.7898611,1.414148669,35.94651757,-2108592.39,3922644.186,385,385,1.091410596,464.3136507,1.368360733,162.2413497,-2108608.442,3922679.686,494.0317334,10007.37234,1.000737234,1.000737234,0.3367274926,38.96024332,Retain,1.089218266,0.08747098462,-1.001747281,0.4679594156,-0.03291422484,1.507031174,-0.6764531324,3.690323201,2,0.024,0.452,0.524,0,0
270,333,333,0.9045064879,505.8277416,1.357074079,25.41802633,-2108812.311,3922533.594,389,389,0.1926018699,1052.444275,1.302940032,113.3142739,-2108830.024,3922543.557,189.0154173,1752.615149,0.1752615149,0.1752615149,0.1937647958,20.32235473,Retain,-0.1003658012,-1.647130071,-1.54676427,0.732674439,-0.04070769579,1.494676006,-1.421822426,3.634318547,1,0.008,0.856,0.136,0,0
271,355,355,5.620861746,325.5902705,2.177549008,0,-2107995.721,3922124.088,402,402,0.3210031166,789.3332062,1.261566261,0,-2107924.618,3922236.125,237.7666752,1832.240943,0.1832240943,0.1832240943,0.03259715371,132.6940144,Retain,1.726484988,-1.136304447,-2.862789435,0.8855487944,-0.5458459229,0,-3.361206812,4.597175819,2,0,0.026,0.974,0,0
272,395,395,87.15566087,221.0626799,5.821813633,25.41802633,-2109179.205,3921454.354,403,403,4.558244255,400.2252876,2.410451458,35.83311968,-2108681.328,3922250.685,1830.175835,34478.24882,3.447824882,3.447824882,0.03955939118,939.1624397,Retain,4.467695725,1.516937518,-2.950758208,0.5935813268,-0.8817977771,0.3434025415,-3.165665445,5.183506601,2,0,0,1,0,0
273,355,355,5.620861746,325.5902705,2.177549008,0,-2107995.721,3922124.088,404,404,0.2568024933,789.3332061,1.128379167,0,-2107846.071,3922167.713,176.7344037,1910.043451,0.1910043451,0.1910043451,0.03398132772,155.8785099,Retain,1.726484988,-1.359447998,-3.085932986,0.8855487944,-0.6574176986,0,-3.319403379,4.758205785,2,0,0.018,0.982,0,0
276,352,352,11.82319195,249.3819831,2.418953458,0,-2106000.355,3922288.968,414,414,22.98382314,264.580963,3.578201524,25.33784192,-2105840.064,3922141.879,3204.704922,86350.00225,8.635000225,8.635000225,0.7303442473,217.5507447,Retain,2.470063022,3.134790627,0.664727605,0.05916151298,0.3915253155,10.14009375,0.9940365473,4.719770161,4,0.026,0.008,0.016,0.01,0.94
277,380,380,39.79828547,186.4920461,3.318849534,25.41802633,-2108195.388,3921490.671,411,411,0.1926018699,1052.444275,1.302940032,56.65713693,-2108205.024,3921969.233,157.1134389,1250.876875,0.1250876875,0.1250876875,0.003143042118,478.6588253,Retain,3.683823833,-1.647130071,-5.330953903,1.730482029,-0.9349949231,0.8015376506,-5.484179608,4.901443195,2,0,0,1,0,0
279,380,380,39.79828547,186.4920461,3.318849534,25.41802633,-2108195.388,3921490.671,415,415,11.87711531,345.5999443,3.359883495,0,-2108049.39,3921885.093,1848.711233,52879.8336,5.28798336,5.28798336,0.1328696274,420.5757841,Retain,3.683823833,2.474613466,-1.209210367,0.6168932857,0.0122881022,-10.14325324,-1.869475506,4.772080091,2,0.006,0.038,0.942,0.006,0.008
280,380,380,39.79828547,186.4920461,3.318849534,25.41802633,-2108195.388,3921490.671,422,422,1.15561122,482.3702927,1.462788362,25.33784192,-2108337.344,3921551.158,586.4478617,7080.079809,0.7080079809,0.7080079809,0.01778991161,154.3054917,Retain,3.683823833,0.1446293984,-3.539194434,0.9503234711,-0.8192737461,-0.003159489434,-3.957502709,3.769393857,2,0,0.014,0.986,0,0
281,380,380,39.79828547,186.4920461,3.318849534,25.41802633,-2108195.388,3921490.671,423,423,4.173040515,291.4461069,1.679498526,25.33784192,-2108080.543,3921576.171,1329.161903,37318.1136,3.73181136,3.73181136,0.09376814394,143.1765838,Retain,3.683823833,1.42864491,-2.255178922,0.4464665166,-0.6811229445,-0.003159489728,-2.258964729,3.694538731,2,0,0.028,0.972,0,0
285,380,380,39.79828547,186.4920461,3.318849534,25.41802633,-2108195.388,3921490.671,424,424,1.348213089,451.0475464,1.477395127,25.33784192,-2108470.468,3921456.443,506.9172072,9647.819523,0.9647819523,0.9647819523,0.02424179688,277.2013212,Retain,3.683823833,0.2987800782,-3.385043754,0.8831841682,-0.809337709,-0.003159489655,-3.655737906,4.355200668,2,0,0,1,0,0
286,380,380,39.79828547,186.4920461,3.318849534,25.41802633,-2108195.388,3921490.671,427,427,0.4494043632,789.3332062,1.49270533,35.83311968,-2107561.925,3921369.571,309.6215969,2787.436145,0.2787436145,0.2787436145,0.007003910124,644.9342243,Retain,3.683823833,-0.7998322104,-4.483656043,1.442799956,-0.7990280654,0.3434025414,-4.821803085,5.199602911,2,0,0,1,0,0
287,379,379,0.3230380314,786.8431535,1.261566261,71.89303514,-2107841.343,3921043.735,436,436,0.6420062331,631.466565,1.427299293,71.66623937,-2107770.057,3921052.848,153.7456934,834.9105524,0.08349105524,0.08349105524,0.2584558074,71.86538304,Retain,-1.129985218,-0.4431572665,0.6868279518,-0.2199839369,0.123430039,-0.003159570208,-1.051495998,5.412166156,4,0,0.002,0.034,0.132,0.832
288,380,380,39.79828547,186.4920461,3.318849534,25.41802633,-2108195.388,3921490.671,449,449,32.99912038,213.4578126,3.459061666,25.33784191,-2108216.526,3921062.263,3316.632837,131144.3457,13.11443457,13.11443457,0.3295226018,428.9292135,Retain,3.683823833,3.496480906,-0.1873429267,0.1350506238,0.04137916047,-0.003159489875,-0.7088053132,4.79174726,2,0.106,0.332,0.47,0.064,0.028
290,393,393,12.53387562,292.0242632,2.916464505,25.41802633,-2108245.778,3920827.367,448,448,0.4494043632,676.5713196,1.279461712,25.33784191,-2108332.92,3920649.252,228.4177159,1303.124224,0.1303124224,0.1303124224,0.0103968179,198.2893874,Retain,2.528435028,-0.7998322104,-3.328267239,0.8402009745,-0.8239326448,-0.003159489949,-4.464979847,4.597879988,2,0,0.004,0.996,0,0
292,400,400,2.713519464,505.8277416,2.350521254,25.41802633,-2108199.858,3920399.69,452,452,0.3852037399,920.8887405,1.612306031,35.83311967,-2108107.895,3920482.746,201.9682778,1292.068076,0.1292068076,0.1292068076,0.04761595017,123.916865,Retain,0.9982464875,-0.9539828902,-1.952229378,0.5991430464,-0.3769716424,0.3434025412,-2.976066143,4.892860666,2,0,0.23,0.77,0,0
294,414,414,23.90481432,336.0032926,4.634269527,0,-2109001.916,3919988.955,463,463,0.3210031166,789.3332062,1.261566261,56.65713693,-2108537.794,3919712.476,204.2134414,2107.203825,0.2107203825,0.2107203825,0.008814976752,540.2315682,Retain,3.174079875,-1.136304447,-4.310384322,0.8540675869,-1.301124574,10.94479089,-4.616000146,5.277324734,2,0,0.004,0.996,0,0
295,415,415,0.9045064879,505.8277416,1.357074079,25.41802633,-2109640.213,3919652.279,474,474,8.410281654,355.501215,2.908314894,0,-2109606.664,3919606.947,457.524474,8870.803033,0.8870803033,0.8870803033,0.9807340413,56.39650204,Retain,-0.1003658013,2.129454964,2.229820765,-0.3526675127,0.7622428698,-10.14325324,3.880377872,4.654972711,4,0.004,0,0.058,0.004,0.934
297,423,423,0.452253244,674.4369888,1.279461712,127.0901317,-2108837.729,3919477.984,468,468,0.3852037399,657.7776718,1.151647165,126.6892096,-2108796.24,3919481.901,170.6403881,1534.20043,0.153420043,0.153420043,0.3392348095,41.67379739,Retain,-0.7935129818,-0.9539828901,-0.1604699083,-0.02501126278,-0.1052462169,-0.003159589408,-0.6652748005,4.699018001,3,0.002,0.124,0.032,0.836,0.006
299,435,435,2.842734676,375.5387779,1.786150379,25.41802634,-2109664.971,3919310.456,481,481,3.145830542,354.3945007,1.773167263,56.65713693,-2109608.085,3919232.918,774.7393733,12721.67883,1.272167883,1.272167883,0.4475155187,96.16700285,Retain,1.044766503,1.146077939,0.1013114356,-0.05795103427,-0.007295316453,0.8015376502,-0.2102904319,4.616078383,4,0.1,0.046,0.06,0.296,0.498
300,438,438,0.3230380314,786.8431536,1.261566261,203.3442107,-2108319.202,3919228.888,478,478,0.5136049865,591.9999046,1.196826841,202.7027353,-2108276.814,3919228.523,173.8477647,1635.84973,0.163584973,0.163584973,0.5063953995,42.38888247,Retain,-1.129985218,-0.6663008177,0.4636844007,-0.2845224581,-0.0526802578,-0.003159598737,0.02553192368,4.884267265,4,0,0,0.006,0.228,0.766
301,450,450,3.488810739,364.2792378,1.919411942,25.41802634,-2109330.557,3918951.737,482,482,0.2568024932,986.6665077,1.410473959,101.3513677,-2109277.659,3919108.168,182.9319535,1086.264936,0.1086264936,0.1086264936,0.03113567967,165.1329593,Retain,1.249560916,-1.359447998,-2.609008914,0.9964113873,-0.3080930697,1.383105272,-3.407189257,5.054341504,2,0,0.182,0.818,0,0
302,441,441,5.685469353,312.9489815,2.104998409,50.83605267,-2108993.415,3919184.81,484,484,5.071849241,319.7299063,2.031241198,56.65713693,-2108976.171,3919189.554,1572.068781,40686.27358,4.068627358,4.068627358,0.7156185543,17.88450652,Retain,1.737913684,1.6237054930000001,-0.1142081906,0.02143641764,-0.03566767767,0.1084101403,0.9207170052,2.587398794,0,0.542,0.028,0.138,0.268,0.024
303,444,444,0.3876456376,786.8431536,1.381976598,50.83605267,-2109045.31,3918986.569,491,491,0.3852037399,657.7776718,1.151647165,56.65713693,-2108986.274,3918962.476,104.4657621,377.5224234,0.03775224234,0.03775224234,0.09738853911,63.763204,Retain,-0.9476636617,-0.9539828902,-0.006319228452,-0.1791619426,-0.1823215568,0.1084101403,-2.217475143,5.201388741,3,0.004,0.132,0.078,0.766,0.02
304,466,466,0.3230380314,944.2117843,1.513879513,177.9261843,-2108736.057,3918486.681,502,502,0.5778056098,877.0368958,1.880631945,0,-2108751.195,3918486.687,305.016316,2517.219462,0.2517219462,0.2517219462,0.7792331607,15.13776207,Retain,-1.129985218,-0.5485177821,0.5814674363,-0.07380142688,0.2169322913,-12.08912967,1.257966243,3.854616031,4,0.004,0,0,0.03,0.966
305,472,472,0.8398988816,544.7375679,1.408302327,76.254079,-2109232.686,3918281.382,507,507,0.7704074797,526.2221375,1.302940032,76.01352576,-2109214.314,3918291.023,371.0979598,5121.608234,0.5121608234,0.5121608234,0.6097886717,20.74794888,Retain,-0.1744737734,-0.2608357097,-0.08636193626,-0.03458071371,-0.07776168184,-0.003159572726,0.4455031308,3.692097419,3,0.03,0.026,0.01,0.912,0.022
306,473,473,1.809012976,449.6246592,1.705948949,76.254079,-2108901.274,3918270.628,511,511,2.760626802,440.5580686,2.064914517,71.66623937,-2108882.271,3918277.175,820.500458,14216.26196,1.421626196,1.421626196,0.7858573794,20.09983103,Retain,0.5927813792,1.015457756,0.422676377,-0.02037088317,0.1909673053,-0.06205029248,1.296745851,3.276735412,4,0.006,0,0.008,0.02,0.966
307,476,476,10.01417897,294.4316317,2.628374276,25.41802634,-2109949.891,3918213.478,506,506,1.540814959,361.7777195,1.266811881,35.83311969,-2109477.195,3918319.528,547.5464893,13433.92681,1.343392681,1.343392681,0.1341490585,484.4464944,Retain,2.304001986,0.4323114709,-1.871690515,0.2059831631,-0.7298620945,0.3434025415,-1.858488731,5.603373005,2,0,0.022,0.974,0.002,0.002
308,395,395,87.15566087,221.0626799,5.821813633,25.41802633,-2109179.205,3921454.354,409,409,0.6420062331,552.5332443,1.248886881,0,-2108877.321,3922066.361,354.7297869,5659.617845,0.5659617845,0.5659617845,0.006493689324,682.4129259,Retain,4.467695725,-0.4431572665,-4.910852992,0.9160673215,-1.539359174,-10.14325324,-4.888185201,4.864153483,2,0,0,1,0,0
309,483,483,23.12952305,178.0287582,2.415286029,148.2112888,-2108098.619,3917798.478,529,529,25.42344683,191.3535045,2.721752959,25.33784192,-2108095.034,3917818.818,4293.848058,206607.2836,20.66072836,20.66072836,0.8932621878,20.65344101,Retain,3.141109856,3.235671852,0.09456199627,0.07217742624,0.1194584244,-1.766307158,2.116298397,2.029740373,4,0.166,0.038,0.024,0.026,0.746
310,373,373,1.033721701,590.1323652,1.692568751,0,-2109822.678,3921435.172,421,421,0.1284012467,1183.999809,1.196826841,50.67568384,-2109847.761,3921496.26,101.5117365,644.0379334,0.06440379334,0.06440379334,0.06230283577,66.03655704,Retain,0.03316559143,-2.052595179,-2.08576077,0.6963067947,-0.3465735903,10.8332212,-2.696562791,4.746005773,1,0,0.71,0.29,0,0
311,395,395,87.15566087,221.0626799,5.821813633,25.41802633,-2109179.205,3921454.354,428,428,0.3852037399,920.8887406,1.612306031,0,-2109797.085,3921318.895,135.2557106,862.7439985,0.08627439985,0.08627439985,9.898886543e-4,632.5537798,Retain,4.467695725,-0.9539828902,-5.421678616,1.426892945,-1.283946363,-10.14325324,-6.219686706,4.788283906,2,0,0,1,0,0
312,395,395,87.15566087,221.0626799,5.821813633,25.41802633,-2109179.205,3921454.354,429,429,7.511472927,222.6324428,1.7212584,25.33784192,-2108961.477,3921439.737,1640.395588,65911.68843,6.591168843,6.591168843,0.07562525231,218.2178138,Retain,4.467695725,2.016431575,-2.45126415,0.007075892076,-1.218556183,-0.003159489728,-2.491272101,3.724015373,2,0.002,0.042,0.952,0.002,0.002
313,395,395,87.15566087,221.0626799,5.821813633,25.41802633,-2109179.205,3921454.354,438,438,0.6420062331,631.466565,1.427299293,25.33784191,-2109634.923,3920971.767,317.5356369,2817.401773,0.2817401773,0.2817401773,0.003232609041,663.7534663,Retain,4.467695725,-0.4431572665,-4.910852992,1.049598714,-1.405827782,-0.003159489875,-5.462701576,4.836429382,2,0,0,1,0,0
314,377,377,0.1938228188,1049.124205,1.302940032,71.89303514,-2110032.377,3921155.574,432,432,0.3852037399,920.8887406,1.612306031,35.83311969,-2109966.004,3921149.976,89.91976518,434.8566018,0.04348566018,0.04348566018,0.2243577946,66.60848228,Retain,-1.640810842,-0.9539828902,0.6868279522,-0.1303717784,0.2130421976,-0.6962927974,-1.237290425,5.591617308,4,0,0.006,0.024,0.264,0.706
315,395,395,87.15566087,221.0626799,5.821813633,25.41802633,-2109179.205,3921454.354,450,450,1.412413713,430.5453852,1.44342748,35.83311968,-2108746.716,3920555.305,576.6873341,11828.79728,1.182879728,1.182879728,0.01357203556,997.6652707,Retain,4.467695725,0.3453000939,-4.122395631,0.6666064618,-1.394591354,0.3434025415,-4.215999227,5.243935903,2,0,0.002,0.998,0,0
316,414,414,23.90481432,336.0032926,4.634269527,0,-2109001.916,3919988.955,453,453,0.1284012466,1183.999809,1.196826841,25.33784192,-2109138.301,3920305.381,89.91976516,381.645062,0.0381645062,0.0381645062,0.001596519667,344.5667307,Retain,3.174079875,-2.052595179,-5.226675054,1.259532695,-1.353804832,10.14009375,-5.952986623,4.827615682,2,0,0,1,0,0
317,405,405,53.04284476,220.4310905,4.528781013,0,-2109974.513,3920374.024,444,444,0.6420062331,631.4665649,1.427299293,25.33784192,-2109617.186,3920774.131,380.6527032,4059.16167,0.405916167,0.405916167,0.007652609298,536.4403324,Retain,3.971099979,-0.4431572664,-4.414257245,1.052459863,-1.154668759,10.14009375,-4.743219514,4.871772157,2,0,0,1,0,0
318,405,405,53.04284476,220.4310905,4.528781013,0,-2109974.513,3920374.024,454,454,0.5136049865,690.6665554,1.396297981,25.33784191,-2110607.896,3920178.692,319.2217556,3870.816493,0.3870816493,0.3870816493,0.007297528085,662.8187319,Retain,3.971099979,-0.6663008178,-4.637400796,1.142072022,-1.176628376,10.14009375,-4.785480188,5.083318009,2,0,0,1,0,0
320,406,406,0.1292152126,1180.26473,1.196826841,0,-2110286.557,3919897.382,458,458,1.284012466,473.5999237,1.513879513,0,-2110277.237,3919907.577,152.508158,1292.152126,0.1292152126,0.1292152126,1,13.81334298,Retain,-2.04627595,0.2499899141,2.296265864,-0.9131311176,0.2350018146,0,6.908754779,4.221210317,4,0,0,0.008,0.03,0.962
321,409,409,4.199494408,278.4214236,1.609519421,80.37885684,-2109994.836,3919902.661,459,459,6.484262954,234.4554078,1.684168854,25.33784192,-2109965.795,3919915.53,1077.670894,38179.53957,3.817953957,3.817953957,0.9091460985,31.76495484,Retain,1.434964139,1.869378157,0.4344140184,-0.1718704669,0.04533654225,-1.154425136,2.293405847,3.313277987,4,0.016,0,0.012,0.016,0.956
325,395,395,87.15566087,221.0626799,5.821813633,25.41802633,-2109179.205,3921454.354,460,460,152.2196779,244.3570533,8.504628483,0,-2109560.81,3920878.854,17036.50763,439974.4566,43.99744566,43.99744566,0.5048145492,690.5228524,Retain,4.467695725,5.025324727,0.5576290013,0.100184208,0.3789987086,-10.14325324,0.01922034909,4.875967596,4,0.02,0.064,0.168,0.03,0.718
326,414,414,23.90481432,336.0032926,4.634269527,0,-2109001.916,3919988.955,461,461,0.4494043632,789.3332062,1.49270533,0,-2109179.927,3919776.906,232.9429067,1369.388112,0.1369388112,0.1369388112,0.005728503445,276.8624408,Retain,3.174079875,-0.7998322104,-3.973912085,0.8540675869,-1.132888456,0,-4.996662813,4.608849397,2,0,0,1,0,0
327,414,414,23.90481432,336.0032926,4.634269527,0,-2109001.916,3919988.955,464,464,0.3210031165,947.1998475,1.513879513,71.66623937,-2108664.483,3919656.733,184.1567854,896.4812339,0.08964812339,0.08964812339,0.003750212078,473.5323139,Retain,3.174079875,-1.136304447,-4.310384322,1.036389144,-1.118803017,11.17978901,-5.346812013,5.145547272,2,0,0.004,0.996,0,0
339,426,426,17.18562327,207.0639878,2.4214878,0,-2110666.489,3919605.839,466,466,12.13391781,384.2256877,3.775565325,25.33784191,-2110467.331,3919694.324,2707.711179,63620.75905,6.362075905,6.362075905,0.370197566,217.9303396,Retain,2.844073178,2.496004656,-0.3480685223,0.618202243,0.4441679819,10.14009375,-0.5302582699,4.534508411,2,0.184,0.372,0.396,0.02,0.028
340,426,426,17.18562327,207.0639878,2.4214878,0,-2110666.489,3919605.839,465,465,0.1284012467,1183.999809,1.196826841,0,-2110759.923,3919545.246,152.0270515,1284.012467,0.1284012467,0.1284012467,0.007471433805,111.3610464,Retain,2.844073178,-2.052595179,-4.896668357,1.743625789,-0.7047083893,0,-4.76456304,3.863114927,2,0,0.002,0.998,0,0
341,426,426,17.18562327,207.0639878,2.4214878,0,-2110666.489,3919605.839,473,473,3.081629919,443.9999285,2.198711304,0,-2110852.3,3919492.459,1363.742584,29780.54849,2.978054849,2.978054849,0.1732875673,217.6711189,Retain,2.844073178,1.125458651,-1.718614526,0.7627965361,-0.09651072711,0,-1.55795917,4.533318243,2,0.006,0.028,0.966,0,0
343,434,434,0.3230380314,786.8431536,1.261566261,80.37885685,-2110301.808,3919294.974,480,480,1.926018699,578.8443512,2.266141985,50.67568384,-2110356.207,3919274.131,219.644997,1592.583485,0.1592583485,0.1592583485,0.4930018544,58.25531596,Retain,-1.129985218,0.6554550222,1.785440241,-0.306995314,0.5857248063,-0.4612976881,-0.0279385261,5.202210067,4,0,0,0.112,0.024,0.864
344,440,440,3.488810739,422.5639158,2.226517852,50.83605267,-2110749.73,3919170.614,487,487,2.632225556,385.0405884,1.762232194,50.67568384,-2110705.23,3919074.333,701.9896251,9098.456743,0.9098456743,0.9098456743,0.2607896336,106.0676171,Retain,1.249560916,0.9678297072,-0.2817312085,-0.09299196227,-0.2338575665,-0.003159552012,-1.039393169,4.611670701,2,0.05,0.326,0.522,0.084,0.018
345,451,451,3.488810739,378.8504073,1.996188419,0,-2111275.036,3918977.626,489,489,1.990219323,458.3225068,1.82396593,0,-2111310.408,3919054.019,909.9065935,16015.46619,1.601546619,1.601546619,0.459052307,84.18491694,Retain,1.249560916,0.688244845,-0.5613160707,0.1904316763,-0.09022635908,0,-0.1638292955,4.380612135,1,0.044,0.606,0.334,0.01,0.006
347,451,451,3.488810739,378.8504073,1.996188419,0,-2111275.036,3918977.626,492,492,1.605015583,505.1732519,1.805406667,0,-2111142.524,3918892.543,446.6867799,6952.668329,0.6952668329,0.6952668329,0.1992847663,157.474799,Retain,1.249560916,0.4731334655,-0.7764274502,0.2877600202,-0.100453705,0,-1.387013289,5.006856274,2,0.012,0.308,0.664,0.008,0.008
348,457,457,5.814684565,279.7664546,1.903065724,0,-2111005.605,3918816.268,494,494,3.980438645,318.2795186,1.791303719,25.33784191,-2110965.078,3918790.424,1185.059443,35073.08046,3.507308046,3.507308046,0.6031811367,48.06650725,Retain,1.760386539,1.381392026,-0.3789945139,0.1289748216,-0.06052243529,10.14009375,0.4178772639,3.564778097,1,0.28,0.388,0.288,0.04,0.004
349,458,458,1.938228188,419.6496819,1.648103262,101.6721053,-2110509.388,3918705.276,495,495,2.632225556,385.0405884,1.762232194,56.65713693,-2110559.383,3918740.615,664.810519,12310.6696,1.23106696,1.23106696,0.635150684,61.22346719,Retain,0.6617742508,0.9678297072,0.3060554564,-0.08607151941,0.06695620881,-0.5847272048,0.5532139162,4.356024718,4,0.004,0.004,0.01,0.082,0.9
350,462,462,1.809012976,533.9292828,2.025814377,71.89303514,-2109766.395,3918669.146,497,497,0.5778056098,613.9258271,1.316442362,197.8948716,-2109933.628,3918689.39,140.6303125,656.9427684,0.06569427684,0.06569427684,0.03631498376,168.4533325,Retain,0.5927813794,-0.5485177822,-1.141299162,0.1396107171,-0.4310388637,1.012547691,-3.252406685,5.402638943,2,0.002,0.342,0.62,0.034,0.002
351,469,469,3.101165101,475.3844053,2.361578808,76.25407901,-2110499.433,3918508.392,499,499,2.054419946,493.3332539,1.994711402,101.3513677,-2110605.52,3918532.524,1002.184324,11977.46128,1.197746128,1.197746128,0.3862245602,108.7975079,Retain,1.13177788,0.7199935434,-0.4117843367,0.03706116594,-0.1688310024,0.2845192108,-0.4622522788,4.695973623,1,0.074,0.484,0.36,0.072,0.01
352,470,470,0.1292152126,1180.26473,1.196826841,76.25407901,-2110146.758,3918461.263,501,501,0.2568024932,789.3332062,1.128379167,152.0270515,-2110151.815,3918493.726,102.5669318,255.2055464,0.02552055464,0.02552055464,0.1975042577,32.85387661,Retain,-2.04627595,-1.359447998,0.6868279519,-0.4023054938,-0.05889151782,0.68998103,-1.398161337,5.087603103,3,0,0.022,0.004,0.496,0.478
353,468,468,0.8398988817,726.3167571,1.877736436,227.345739,-2111299.367,3918488.636,503,503,0.7704074797,789.3332062,1.954410048,239.0367226,-2111279.349,3918483.168,549.9625736,5764.834409,0.5764834409,0.5764834409,0.6863724354,20.75229898,Retain,-0.1744737734,-0.2608357097,-0.08636193632,0.08320232203,0.04002135386,0.05014503812,0.7814866593,3.692307051,3,0.09,0.026,0.002,0.874,0.008
354,471,471,0.4522532439,674.4369888,1.279461712,71.89303514,-2110482.639,3918286.968,508,508,0.6420062331,552.5332443,1.248886881,50.67568384,-2110438.132,3918296.09,211.3732042,1083.551146,0.1083551146,0.1083551146,0.2395894691,45.43180098,Retain,-0.7935129819,-0.4431572665,0.3503557154,-0.1993646499,-0.02418679216,-0.3497273809,-1.152080641,4.785355767,4,0.002,0.018,0.016,0.282,0.682
355,474,474,3.682633558,289.8895829,1.569303454,71.89303514,-2110722.677,3918287.796,510,510,3.852037399,263.1110687,1.456731241,50.67568384,-2110680.953,3918292.29,919.7101961,27647.20413,2.764720413,2.764720413,0.750745457,41.96473269,Retain,1.303628137,1.348602203,0.04497406581,-0.09692384428,-0.07443681137,-0.3497273809,1.099919207,3.657404271,3,0.118,0.036,0.044,0.458,0.344
356,476,476,10.01417897,294.4316317,2.628374276,25.41802634,-2109949.891,3918213.478,521,521,18.1687764,267.7596742,3.219608601,25.33784192,-2109879.679,3918138.503,2569.178137,66702.36403,6.670236403,6.670236403,0.6660792083,102.7179956,Retain,2.304001986,2.899704538,0.5957025521,-0.09495698551,0.2028942906,-0.003159489802,0.6890147309,4.052361011,4,0.022,0.018,0.03,0.032,0.898
358,482,482,0.2584304251,786.8431536,1.128379167,76.25407901,-2109816.323,3917762.267,526,526,0.3210031166,789.3332062,1.261566261,35.83311969,-2109789.483,3917756.394,157.8677161,1494.44217,0.149444217,0.149444217,0.5782764045,27.47496744,Retain,-1.35312877,-1.136304447,0.2168243228,0.003159614233,0.1115717757,-0.7551835198,0.3150612193,4.562241039,3,0,0.002,0,0.83,0.168
