City,Interval,Patch_ID_2007,Area_ha_2007,ED_m_per_ha_2007,Shape_Index_2007,ENN_m_2007,Patch_ID_2015,Area_ha_2015,ED_m_per_ha_2015,Shape_Index_2015,ENN_m_2015,Parent_ID,Child_ID,R1_parent,R2_child,Centroid_Shift_m,Event_Type,log_area_parent,log_area_child,log_change_area,log_change_ED,log_change_shape_index,log_change_ENN,logit_retention_ratio,log_centroid_shift,Predicted_Typology,Prob_0,Prob_1,Prob_2,Prob_3,Prob_4
Kuching,2007_2015,155,0.53633046,675.8756666,1.396297981,25.89233621,162,0.53633046,675.8756666,1.396297981,25.89233621,155,162,1,1,0,Retained,-0.623004778,-0.623004778,0,0,0,0,6.908754779,-6.023887947,3,0.144,0.016,0.004,0.628,0.208
NA,NA,157,0.603371767,600.7783704,1.316442362,103.5693449,164,0.603371767,600.7783704,1.316442362,103.5693449,157,164,1,1,0,Retained,-0.5052217432,-0.5052217432,0,0,0,0,6.908754779,-6.082779464,3,0.144,0.016,0,0.64,0.2
NA,NA,160,1.206743534,429.1274074,1.329807601,25.89233622,168,1.206743534,429.1274074,1.329807601,25.89233622,160,168,1,1,1.49e-9,Retained,0.1879254374,0.1879254374,0,0,0,0,6.908754779,-6.429351564,3,0.11,0.022,0,0.722,0.146
NA,NA,168,4.22360237,269.7372275,1.563786537,103.5693449,173,4.22360237,269.7372275,1.563786537,103.5693449,168,173,1,1,9.6e-10,Retained,1.440688406,1.440688406,0,0,0,0,6.908754779,-7.055733579,3,0.174,0.038,0.014,0.644,0.13
NA,NA,170,0.938578305,662.0822856,1.809432105,0,175,0.469289152,662.0822856,1.279461712,25.8923362,170,175,0.5,1,46.23631467,Retained,-0.0633889901,-0.7565361717,-0.6931471816,0,-0.3465735899,10.16174093,0,4.437846587,1,0.008,0.574,0.3,0.112,0.006
NA,NA,171,1.072660919,675.8756666,1.974663542,25.89233622,178,1.072660919,675.8756666,1.974663542,25.89233621,171,178,1,1,1.65e-9,Retained,0.07014240159,0.07014240159,0,0,0,0,6.908754779,-6.37045989,3,0.118,0.012,0.002,0.714,0.154
NA,NA,178,0.26816523,965.5366666,1.410473959,0,186,0.26816523,965.5366666,1.410473959,0,178,186,1,1,0,Retained,-1.316151959,-1.316151959,0,0,0,0,6.908754779,-5.677314357,3,0.218,0.022,0,0.59,0.17
NA,NA,179,0.402247845,772.4293332,1.381976598,0,187,0.402247845,772.4293332,1.381976598,0,179,187,1,1,0,Retained,-0.9106868505,-0.9106868505,0,0,0,0,6.908754779,-5.880046911,3,0.19,0.018,0,0.602,0.19
NA,NA,189,7.776791666,259.696069,2.042963822,0,199,7.776791666,259.696069,2.042963822,0,189,199,1,1,2.52e-9,Retained,2.051143871,2.051143871,0,0,0,0,6.908754779,-7.360959753,3,0.28,0.07,0.018,0.396,0.236
NA,NA,181,0.469289152,882.7763809,1.705948949,25.89233622,192,0.134082615,1158.644,1.196826841,0,181,192,0.285714286,1,42.69792859,Retained,-0.7565361717,-2.009299139,-1.252762967,0.2719337155,-0.3544477689,-10.16174093,-0.9141958621,4.704806857,2,0.002,0.402,0.568,0.026,0.002
NA,NA,192,0.402247845,643.6911111,1.151647165,51.78467243,202,0.402247845,643.6911111,1.151647165,51.78467243,192,202,1,1,2.79e-9,Retained,-0.9106868505,-0.9106868505,0,0,0,0,6.908754779,-5.880044117,3,0.19,0.018,0,0.602,0.19
NA,NA,195,3.217982758,402.3069444,2.0358438,103.5693449,206,3.217982758,402.3069444,2.0358438,103.5693449,195,206,1,1,2.33e-10,Retained,1.168754691,1.168754691,0,0,0,0,6.908754779,-6.919767449,3,0.132,0.032,0.006,0.704,0.126
NA,NA,227,42.03489978,213.1264349,3.897960163,0,233,35.39781034,236.9953636,3.977618409,0,227,233,0.842105263,1,44.75444499,Retained,3.73850022,3.566649963,-0.171850257,0.1061549974,0.02022986931,0,1.668849866,2.504327946,0,0.48,0.234,0.238,0.036,0.012
NA,NA,205,0.469289152,772.4293333,1.49270533,0,218,0.201123922,1029.905778,1.302940032,25.89233622,205,218,0.428571429,1,27.57001137,Retained,-0.7565361717,-1.603834034,-0.8472978618,0.2876820727,-0.1359668573,10.16174093,-0.2870999259,4.267397937,1,0.028,0.81,0.12,0.042,0
NA,NA,208,0.26816523,772.4293332,1.128379167,289.4851194,222,0.26816523,772.4293332,1.128379167,289.4851194,208,222,1,1,0,Retained,-1.316151959,-1.316151959,0,0,0,0,6.908754779,-5.677314357,3,0.218,0.022,0,0.59,0.17
NA,NA,227,42.03489978,213.1264349,3.897960163,0,235,0.80449569,708.0602222,1.791542544,0,227,235,0.019138756,1,349.6613236,Retained,3.73850022,-0.2175396699,-3.95603989,1.200643569,-0.777376376,0,-3.886803881,4.560082732,2,0,0,1,0,0
NA,NA,219,1.474908764,421.3250909,1.44342748,25.89233622,240,1.474908764,421.3250909,1.44342748,77.67700864,219,240,1,1,7.36e-10,Retained,0.388596133,0.388596133,0,0,0,1.098586541,6.908754779,-6.529687666,3,0.124,0.014,0,0.706,0.156
NA,NA,227,42.03489978,213.1264349,3.897960163,0,248,0.603371767,600.7783703,1.316442362,51.78467243,227,248,0.012759171,0.888888896,564.1429632,Retained,3.73850022,-0.5052217432,-4.243721964,1.036340518,-1.085520463,10.8548688,-4.274220838,5.038424306,2,0,0,1,0,0
NA,NA,227,42.03489978,213.1264349,3.897960163,0,249,0.335206537,926.9151999,1.513879513,51.78467243,227,249,0.007974482,1,592.6235283,Retained,3.73850022,-1.093008409,-4.831508629,1.469976503,-0.9457778112,10.8548688,-4.706371145,5.087675858,2,0,0.002,0.998,0,0
NA,NA,231,8.916493893,185.8476591,1.56548612,57.89702387,254,8.916493893,185.8476591,1.56548612,57.89702387,231,254,1,1,1.04e-9,Retained,2.187902808,2.187902808,0,0,0,0,6.908754779,-7.429340699,3,0.292,0.072,0.022,0.39,0.224
NA,NA,229,0.469289152,662.08228570000006,1.279461712,93.35614587,251,0.402247845,772.4293333,1.381976598,109.8518791,229,251,0.857142857,1,5.303197572,Retained,-0.7565361717,-0.9106868505,-0.1541506788,0.1541506798,0.07707533979,0.1627095916,1.785949841,2.619131531,0,0.492,0.062,0.006,0.364,0.076
NA,NA,257,2.346445761,353.1105524,1.525847126,51.78467243,279,2.346445761,353.1105524,1.525847126,77.67700864,257,279,1,1,5.21e-10,Retained,0.8529017411,0.8529017411,0,0,0,0.4054586712,6.908754779,-6.761840686,3,0.128,0.018,0.002,0.73,0.122
NA,NA,266,2.212363146,327.6972929,1.374979203,0,287,2.279404454,318.0591372,1.354608015,25.89233622,266,287,1,0.970588207,1.941208985,Retained,0.7940612411,0.8239142045,0.02985296339,-0.02985296323,-0.01492648126,10.16174093,6.908754779,0.8391602998,3,0.13,0.006,0.008,0.614,0.242
NA,NA,269,0.938578305,606.9087619,1.658646096,289.4851194,291,0.938578305,606.9087619,1.658646097,289.4851194,269,291,1,1,4.66e-10,Retained,-0.0633889901,-0.0633889901,0,0,0,0,6.908754779,-6.303695375,3,0.128,0.012,0,0.696,0.164
NA,NA,271,0.26816523,772.4293333,1.128379167,77.67700865,294,0.26816523,772.4293333,1.128379167,77.67700865,271,294,1,1,0,Retained,-1.316151959,-1.316151959,0,0,0,0,6.908754779,-5.677314357,3,0.218,0.022,0,0.59,0.17
NA,NA,272,0.201123922,1029.905778,1.302940032,77.67700865,295,0.201123922,1029.905778,1.302940032,77.67700865,272,295,1,1,0,Retained,-1.603834034,-1.603834034,0,0,0,0,6.908754779,-5.533473319,3,0.236,0.028,0,0.57,0.166
NA,NA,281,0.26816523,772.4293333,1.128379167,93.35614586,303,0.26816523,772.4293333,1.128379167,93.35614586,281,303,1,1,0,Retained,-1.316151959,-1.316151959,0,0,0,0,6.908754779,-5.677314357,3,0.218,0.022,0,0.59,0.17
NA,NA,282,0.402247845,901.1675556,1.612306031,81.87875638,304,0.402247845,901.1675556,1.612306031,81.87875638,282,304,1,1,0,Retained,-0.9106868505,-0.9106868505,0,0,0,0,6.908754779,-5.880046911,3,0.19,0.018,0,0.602,0.19
NA,NA,295,0.670413075,540.7005333,1.248886881,106.7568371,315,0.53633046,579.3219999,1.196826841,132.0255276,295,315,0.8,1,11.1742756,Retained,-0.3998612267,-0.623004778,-0.2231435513,0.06899287138,-0.0425789041,0.2124398042,1.382556039,3.185999359,3,0.264,0.184,0.024,0.476,0.052
NA,NA,293,0.603371767,600.7783704,1.316442362,207.1386897,316,0.603371767,600.7783704,1.316442362,207.1386897,293,316,1,1,0,Retained,-0.5052217432,-0.5052217432,0,0,0,0,6.908754779,-6.082779464,3,0.144,0.016,0,0.64,0.2
NA,NA,296,8.849452585,222.3660202,1.866043204,57.89702387,318,8.849452585,222.3660202,1.866043204,57.89702387,296,318,1,1,7.36e-10,Retained,2.180355602,2.180355602,0,0,0,0,6.908754779,-7.425567401,3,0.29,0.072,0.022,0.39,0.226
NA,NA,299,1.139702227,454.3701961,1.368360733,340.5605114,322,1.139702227,454.3701961,1.368360733,340.5605114,299,322,1,1,3.29e-10,Retained,0.1307670239,0.1307670239,0,0,0,0,6.908754779,-6.400773519,3,0.116,0.01,0,0.724,0.15
NA,NA,300,2.212363146,561.7667878,2.357107205,81.87875638,323,2.212363146,561.7667878,2.357107205,81.87875638,300,323,1,1,2.33e-10,Retained,0.7940612411,0.7940612411,0,0,0,0,6.908754779,-6.732420724,3,0.102,0.02,0.002,0.75,0.126
NA,NA,305,3.754313218,317.2477619,1.734039101,146.4691721,328,3.754313218,317.2477619,1.734039101,146.4691721,305,328,1,1,4.66e-10,Retained,1.32290537,1.32290537,0,0,0,0,6.908754779,-6.996842556,3,0.164,0.044,0.018,0.646,0.128
NA,NA,1,0.402247845,643.6911111,1.151647165,51.78467243,1,0.402247845,643.6911111,1.151647165,51.78467243,1,1,1,1,0,Retained,-0.9106868505,-0.9106868505,0,0,0,0,6.908754779,-5.880046911,3,0.19,0.018,0,0.602,0.19
NA,NA,310,1.340826149,424.8361333,1.387722887,139.4344978,333,0.871536997,534.7587692,1.408302327,188.4990529,310,333,0.65,1,22.81234733,Retained,0.2932859531,-0.1374969628,-0.4307829159,0.2301122207,0.01472076255,0.3014961746,0.6177234187,3.55306774,1,0.292,0.458,0.072,0.168,0.01
NA,NA,313,7.374543821,224.7067151,1.721387716,51.78467243,336,7.374543821,224.7067151,1.721387716,51.78467243,313,336,1,1,5.21e-10,Retained,1.998034046,1.998034046,0,0,0,0,6.908754779,-7.334406838,3,0.276,0.07,0.016,0.402,0.236
NA,NA,318,8.648328663,305.3790387,2.533380274,57.89702387,341,8.648328663,305.3790387,2.533380274,57.89702387,318,341,1,1,1.16e-9,Retained,2.157366084,2.157366084,0,0,0,0,6.908754779,-7.414072214,3,0.286,0.072,0.02,0.39,0.232
NA,NA,6,11.6651875,257.4764444,2.480723913,245.6362691,8,11.6651875,257.4764444,2.480723913,245.6362691,6,8,1,1,1.42e-9,Retained,2.456608979,2.456608979,0,0,0,0,6.908754779,-7.563693409,0,0.398,0.096,0.032,0.266,0.208
NA,NA,21,0.402247845,772.4293333,1.381976598,146.4691721,20,0.402247845,772.4293334,1.381976598,146.4691721,21,20,1,1,9.6e-10,Retained,-0.9106868505,-0.9106868505,0,0,0,0,6.908754779,-5.880045951,3,0.19,0.018,0,0.602,0.19
NA,NA,33,32.38095151,254.2779793,4.081770876,51.78467243,32,32.78319935,251.1580041,4.056652047,51.78467243,33,32,0.962732919,0.950920224,58.46477263,Retained,3.477570334,3.489916169,0.01234583567,-0.0123458358,-0.006172918021,0,3.226224179,2.902021276,4,0.312,0.066,0.086,0.074,0.462
NA,NA,29,0.335206537,772.4293333,1.261566261,25.89233621,28,0.335206537,772.4293333,1.261566261,25.89233621,29,28,1,1,0,Retained,-1.093008409,-1.093008409,0,0,0,0,6.908754779,-5.788886132,3,0.206,0.016,0,0.604,0.174
NA,NA,30,0.469289152,662.08228570000006,1.279461712,25.89233621,29,0.469289152,662.08228570000006,1.279461712,25.89233621,30,29,1,1,0,Retained,-0.7565361717,-0.7565361717,0,0,0,0,6.908754779,-5.95712225,3,0.158,0.016,0.002,0.62,0.204
NA,NA,42,0.26816523,772.4293333,1.128379167,25.89233621,40,0.26816523,772.4293333,1.128379167,25.89233621,42,40,1,1,0,Retained,-1.316151959,-1.316151959,0,0,0,0,6.908754779,-5.677314357,3,0.218,0.022,0,0.59,0.17
NA,NA,36,0.335206537,772.4293333,1.261566261,51.78467243,47,1.273784842,731.7751579,2.329811412,25.89233621,36,47,1,0.263157904,124.3411772,Retained,-1.093008409,0.2419926591,1.335001068,-0.05406722122,0.613433312,-0.6931278706,6.908754779,5.941906406,4,0,0,0.082,0.018,0.9
NA,NA,47,0.80449569,772.4293333,1.954410048,25.89233621,47,1.273784842,731.7751579,2.329811412,25.89233621,47,47,1,0.631578922,64.37412693,Retained,-0.2175396699,0.2419926591,0.459532329,-0.05406722122,0.1756989431,0,6.908754779,4.845862109,4,0.002,0.004,0.002,0.034,0.958
NA,NA,48,0.871536997,475.3411282,1.251824291,77.67700864,48,0.871536997,475.3411282,1.251824291,77.67700864,48,48,1,1,5.21e-10,Retained,-0.1374969628,-0.1374969628,0,0,0,0,6.908754779,-6.266641334,3,0.13,0.016,0,0.684,0.17
NA,NA,56,31.84462105,170.7475368,2.718113314,77.67700864,57,30.63787751,170.7119533,2.665559231,77.67700864,56,57,0.962105263,1,6.315327036,Retained,3.460868484,3.422237071,-0.03863141332,-2.08420039e-4,-0.01952412669,0,3.209303767,0.685068575,0,0.562,0.202,0.074,0.066,0.096
NA,NA,52,0.26816523,772.4293333,1.128379167,57.89702387,52,0.26816523,772.4293333,1.128379167,57.89702387,52,52,1,1,0,Retained,-1.316151959,-1.316151959,0,0,0,0,6.908754779,-5.677314357,3,0.218,0.022,0,0.59,0.17
NA,NA,64,3.687271911,365.1484121,1.977958006,0,66,3.687271911,365.1484121,1.977958006,0,64,66,1,1,3.29e-10,Retained,1.304886865,1.304886865,0,0,0,0,6.908754779,-6.987833439,3,0.162,0.044,0.014,0.65,0.13
NA,NA,65,1.005619612,669.4387555,1.893750613,0,68,1.005619612,669.4387555,1.893750613,0,65,68,1,1,3.64e-9,Retained,0.005603880888,0.005603880888,0,0,0,0,6.908754779,-6.338188632,3,0.126,0.012,0,0.71,0.152
NA,NA,14,0.335206537,772.4293333,1.261566261,77.67700865,15,0.335206537,772.4293332,1.261566261,77.67700865,14,15,1,1,1.98e-9,Retained,-1.093008409,-1.093008409,0,0,0,0,6.908754779,-5.788884156,3,0.206,0.016,0,0.604,0.174
NA,NA,67,5.430345905,257.4764444,1.692568751,57.89702387,70,5.430345905,257.4764444,1.692568751,57.89702387,67,70,1,1,0,Retained,1.692002834,1.692002834,0,0,0,0,6.908754779,-7.181391753,3,0.262,0.048,0.014,0.512,0.164
NA,NA,91,0.26816523,772.4293333,1.128379167,337.5947611,102,0.26816523,772.4293333,1.128379167,337.5947611,91,102,1,1,0,Retained,-1.316151959,-1.316151959,0,0,0,0,6.908754779,-5.677314357,3,0.218,0.022,0,0.59,0.17
NA,NA,93,11.19589835,180.3876886,1.702673728,25.89233621,104,11.59814619,196.4560154,1.887359748,25.89233621,93,104,0.994011976,0.959537566,13.88573908,Retained,2.415547492,2.450845274,0.03529778166,0.08533020576,0.102979097,0,4.958556947,1.995525558,4,0.316,0.082,0.01,0.218,0.374
NA,NA,19,0.80449569,643.6911111,1.62867504,0,19,0.80449569,643.6911111,1.62867504,0,19,19,1,1,0,Retained,-0.2175396699,-0.2175396699,0,0,0,0,6.908754779,-6.226620501,3,0.136,0.016,0,0.672,0.176
NA,NA,22,0.603371767,600.7783703,1.316442362,0,21,0.603371767,600.7783704,1.316442362,0,22,21,1,1,1.77e-9,Retained,-0.5052217432,-0.5052217432,0,0,0,0,6.908754779,-6.082777691,3,0.144,0.016,0,0.64,0.2
NA,NA,24,6.234841594,332.2276702,2.340149379,0,23,6.234841594,323.9219785,2.2816456449999998,0,24,23,0.989247312,0.989247322,0.622548645,Retained,1.830153173,1.830153173,0,-0.02531780781,-0.02531780778,0,4.433872742,-0.8150401412,3,0.288,0.048,0.016,0.428,0.22
NA,NA,26,0.469289152,882.7763812,1.705948949,0,26,0.469289152,882.7763812,1.705948949,0,26,26,1,1,4.48e-9,Retained,-0.7565361717,-0.7565361717,0,0,0,0,6.908754779,-5.957117772,3,0.158,0.016,0.002,0.62,0.204
NA,NA,35,0.201123922,1029.905778,1.302940032,51.78467243,34,0.201123922,1029.905778,1.302940032,51.78467243,35,34,1,1,0,Retained,-1.603834034,-1.603834034,0,0,0,0,6.908754779,-5.533473319,3,0.236,0.028,0,0.57,0.166
NA,NA,38,0.737454382,631.9876364,1.530986039,0,36,0.737454382,631.9876364,1.530986039,0,38,36,1,1,0,Retained,-0.3045510476,-0.3045510476,0,0,0,0,6.908754779,-6.183114812,3,0.144,0.016,0,0.656,0.184
NA,NA,43,0.469289152,772.4293333,1.49270533,0,41,0.469289152,772.4293333,1.49270533,0,43,41,1,1,1.47e-9,Retained,-0.7565361717,-0.7565361717,0,0,0,0,6.908754779,-5.957120778,3,0.158,0.016,0.002,0.62,0.204
NA,NA,45,0.469289152,662.08228570000006,1.279461712,0,44,0.469289152,662.08228570000006,1.279461712,0,45,44,1,1,1.42e-9,Retained,-0.7565361717,-0.7565361717,0,0,0,0,6.908754779,-5.957120834,3,0.158,0.016,0.002,0.62,0.204
NA,NA,60,0.53633046,675.8756666,1.396297981,25.89233621,60,0.53633046,675.8756666,1.396297981,25.89233621,60,60,1,1,0,Retained,-0.623004778,-0.623004778,0,0,0,0,6.908754779,-6.023887947,3,0.144,0.016,0.004,0.628,0.208
NA,NA,135,4.22360237,281.9980106,1.634867743,25.89233621,142,4.357684985,273.3211487,1.609519421,25.89233621,135,142,1,0.969230771,3.267430093,Retained,1.440688406,1.47194095,0.03125254352,-0.03125254363,-0.01562627178,0,6.908754779,1.036330516,3,0.138,0.014,0.004,0.448,0.396
NA,NA,148,0.335206537,772.4293333,1.261566261,0,155,0.335206537,772.4293333,1.261566261,0,148,155,1,1,6.59e-10,Retained,-1.093008409,-1.093008409,0,0,0,0,6.908754779,-5.788885473,3,0.206,0.016,0,0.604,0.174
NA,NA,149,0.469289152,662.08228570000006,1.279461712,0,156,0.469289152,662.08228570000006,1.279461712,0,149,156,1,1,0,Retained,-0.7565361717,-0.7565361717,0,0,0,0,6.908754779,-5.95712225,3,0.158,0.016,0.002,0.62,0.204
NA,NA,151,22.92812715,212.3051384,2.867740596,25.89233621,158,23.39741631,210.2601337,2.869035721,25.89233621,151,158,1,0.979942679,10.97959113,Retained,3.132364417,3.152625602,0.02026118547,-0.009679075875,4.515166534e-4,0,6.908754779,1.402312006,4,0.348,0.088,0.04,0.076,0.448
NA,NA,153,0.938578304,496.5617143,1.357074079,25.89233622,160,0.938578304,496.5617143,1.357074079,25.89233622,153,160,1,1,1.99e-9,Retained,-0.06338899117,-0.06338899117,0,0,0,0,6.908754779,-6.303693851,3,0.128,0.012,0,0.696,0.164
NA,NA,344,3922.653941,77.33402325,13.6633021,0,367,3897.580492,80.03705564,14.09560491,0,344,367,0.986207722,0.992552102,35.97535747,Retained,8.274523729,8.268111253,-0.00641247654,0.03435571864,0.03114948036,0,4.200775187,0.01796506395,1,0.222,0.45,0.16,0.066,0.102
NA,NA,152,0.938578305,441.3881905,1.20628807,51.78467243,159,0.938578304,441.3881905,1.20628807,51.78467243,152,159,1,1,1.86e-9,Retained,-0.0633889901,-0.06338899117,-1.06544118e-9,0,0,0,6.908754779,-6.303693978,3,0.128,0.012,0,0.696,0.164
NA,NA,344,3922.653941,77.33402325,13.6633021,0,224,0.26816523,965.5366667,1.410473959,25.89233621,344,224,6.84e-5,1,3662.445166,Retained,8.274523729,-1.316151959,-9.590675688,2.524550074,-2.270787771,10.16174093,-6.842558724,4.640989633,2,0,0,1,0,0
NA,NA,344,3922.653941,77.33402325,13.6633021,0,228,0.26816523,772.4293333,1.128379167,36.61729304,344,228,6.84e-5,1,3517.489713,Retained,8.274523729,-1.316151959,-9.590675688,2.301406522,-2.493931322,10.5083032,-6.842558724,4.600606227,2,0,0,1,0,0
NA,NA,20,0.201123922,1029.905778,1.302940032,25.89233621,367,3897.580492,80.03705564,14.09560491,0,20,367,1,5.16e-5,3714.193047,Retained,-1.603834034,8.268111253,9.871945286,-2.554732876,2.381239766,-10.16174093,6.908754779,9.594198948,4,0,0.006,0.044,0.002,0.948
NA,NA,13,0.80449569,514.9528889,1.302940032,0,14,0.80449569,514.9528889,1.302940032,0,13,14,1,1,0,Retained,-0.2175396699,-0.2175396699,0,0,0,0,6.908754779,-6.226620501,3,0.136,0.016,0,0.672,0.176
NA,NA,15,0.335206537,772.4293333,1.261566261,0,16,0.335206537,772.4293333,1.261566261,0,15,16,1,1,0,Retained,-1.093008409,-1.093008409,0,0,0,0,6.908754779,-5.788886132,3,0.206,0.016,0,0.604,0.174
NA,NA,63,0.335206537,926.9152,1.513879513,36.61729303,65,0.335206537,926.9152,1.513879513,36.61729303,63,65,1,1,1.4e-9,Retained,-1.093008409,-1.093008409,0,0,0,0,6.908754779,-5.788884735,3,0.206,0.016,0,0.604,0.174
NA,NA,68,0.335206537,772.4293333,1.261566261,25.89233622,72,0.335206537,772.4293333,1.261566261,25.89233622,68,72,1,1,0,Retained,-1.093008409,-1.093008409,0,0,0,0,6.908754779,-5.788886132,3,0.206,0.016,0,0.604,0.174
NA,NA,69,0.53633046,675.8756666,1.396297981,25.89233622,73,0.53633046,675.8756666,1.396297981,25.89233622,69,73,1,1,0,Retained,-0.623004778,-0.623004778,0,0,0,0,6.908754779,-6.023887947,3,0.144,0.016,0.004,0.628,0.208
NA,NA,73,0.603371767,686.6038518,1.504505556,0,81,0.603371767,686.6038518,1.504505556,0,73,81,1,1,0,Retained,-0.5052217432,-0.5052217432,0,0,0,0,6.908754779,-6.082779464,3,0.144,0.016,0,0.64,0.2
NA,NA,76,0.134082615,1158.644,1.196826841,51.78467243,85,0.134082615,1158.644,1.196826841,51.78467243,76,85,1,1,0,Retained,-2.009299139,-2.009299139,0,0,0,0,6.908754779,-5.330740766,3,0.226,0.04,0,0.57,0.164
NA,NA,79,1.206743534,472.0401481,1.462788362,0,87,1.206743534,472.0401481,1.462788362,0,79,87,1,1,0,Retained,0.1879254374,0.1879254374,0,0,0,0,6.908754779,-6.429353055,3,0.11,0.022,0,0.722,0.146
NA,NA,82,1.407867457,478.1705396,1.600511388,0,94,1.407867457,478.1705396,1.600511388,0,82,94,1,1,0,Retained,0.3420761177,0.3420761177,0,0,0,0,6.908754779,-6.506428395,3,0.108,0.016,0,0.72,0.156
NA,NA,86,0.26816523,772.4293333,1.128379167,51.78467243,97,0.26816523,772.4293333,1.128379167,51.78467243,86,97,1,1,1.86e-9,Retained,-1.316151959,-1.316151959,0,0,0,0,6.908754779,-5.677312494,3,0.218,0.022,0,0.59,0.17
NA,NA,196,0.335206537,772.4293333,1.261566261,57.89702387,207,0.335206537,772.4293333,1.261566261,57.89702387,196,207,1,1,0,Retained,-1.093008409,-1.093008409,0,0,0,0,6.908754779,-5.788886132,3,0.206,0.016,0,0.604,0.174
NA,NA,202,0.53633046,579.322,1.196826841,25.89233621,213,0.53633046,579.322,1.196826841,25.89233621,202,213,1,1,9.6e-10,Retained,-0.623004778,-0.623004778,0,0,0,0,6.908754779,-6.023886987,3,0.144,0.016,0.004,0.628,0.208
NA,NA,211,0.335206537,772.4293332,1.261566261,51.78467243,227,0.335206537,772.4293332,1.261566261,51.78467243,211,227,1,1,0,Retained,-1.093008409,-1.093008409,0,0,0,0,6.908754779,-5.788886132,3,0.206,0.016,0,0.604,0.174
NA,NA,218,0.53633046,675.8756666,1.396297981,51.78467243,239,0.53633046,675.8756666,1.396297981,51.78467243,218,239,1,1,3.46e-9,Retained,-0.623004778,-0.623004778,0,0,0,0,6.908754779,-6.023884486,3,0.144,0.016,0.004,0.628,0.208
NA,NA,226,0.469289152,882.7763809,1.705948949,57.89702387,247,0.469289152,882.7763809,1.705948949,57.89702387,226,247,1,1,0,Retained,-0.7565361717,-0.7565361717,0,0,0,0,6.908754779,-5.95712225,3,0.158,0.016,0.002,0.62,0.204
NA,NA,252,0.670413075,540.7005333,1.248886881,0,275,0.670413075,540.7005333,1.248886881,0,252,275,1,1,2.8e-9,Retained,-0.3998612267,-0.3998612267,0,0,0,0,6.908754779,-6.135456919,3,0.148,0.016,0,0.646,0.19
NA,NA,236,0.134082615,1158.644,1.196826841,51.78467243,262,0.134082615,1158.644,1.196826841,51.78467243,236,262,1,1,0,Retained,-2.009299139,-2.009299139,0,0,0,0,6.908754779,-5.330740766,3,0.226,0.04,0,0.57,0.164
NA,NA,241,0.335206537,772.4293333,1.261566261,0,265,0.335206537,772.4293333,1.261566261,0,241,265,1,1,1.7e-9,Retained,-1.093008409,-1.093008409,0,0,0,0,6.908754779,-5.788884437,3,0.206,0.016,0,0.604,0.174
NA,NA,311,1.541950072,369.4227246,1.294058265,51.78467243,334,1.541950072,369.4227246,1.294058265,51.78467243,311,334,1,1,0,Retained,0.4330478959,0.4330478959,0,0,0,0,6.908754779,-6.551914284,3,0.102,0.014,0,0.74,0.144
NA,NA,16,0.26816523,772.4293332,1.128379167,139.4344978,17,0.134082615,1158.644,1.196826841,139.4344978,16,17,0.5,1,12.94616811,Retained,-1.316151959,-2.009299139,-0.6931471806,0.4054651083,0.05889151774,0,0,3.791318008,1,0.15,0.662,0.04,0.148,0
NA,NA,17,1.676032687,525.2519466,1.918244584,129.4616811,18,1.676032687,525.2519466,1.918244584,129.4616811,17,18,1,1,0,Retained,0.5164295049,0.5164295049,0,0,0,0,6.908754779,-6.593605088,3,0.106,0.018,0,0.736,0.14
NA,NA,23,2.748693606,395.6345366,1.850343803,115.7940477,22,2.480528376,438.4058378,1.94779612,103.5693449,23,22,0.87804878,0.972972989,9.784216289,Retained,1.011125746,0.9084715923,-0.1026541541,0.1026541539,0.05132707727,-0.1115707555,1.9670527,2.347674774,0,0.582,0.056,0.01,0.308,0.044
NA,NA,34,0.26816523,772.4293333,1.128379167,150.9769669,33,0.26816523,772.4293333,1.128379167,150.9769669,34,33,1,1,1.63e-9,Retained,-1.316151959,-1.316151959,0,0,0,0,6.908754779,-5.677312727,3,0.218,0.022,0,0.59,0.17
NA,NA,50,46.45962607,196.1725291,3.77199505,51.78467243,49,46.19146084,196.1903241,3.761434481,51.78467243,50,49,0.988455988,0.994194508,16.50190551,Retained,3.838583679,3.832794951,-0.00578872818,0,-0.00280365692,0,4.367911865,1.45660956,0,0.444,0.174,0.17,0.074,0.138
NA,NA,62,0.402247845,901.1675555,1.612306031,0,64,0.402247845,901.1675555,1.612306031,0,62,64,1,1,1.32e-9,Retained,-0.9106868505,-0.9106868505,0,0,0,0,6.908754779,-5.880045594,3,0.19,0.018,0,0.602,0.19
NA,NA,70,10.45844396,217.8646838,1.987538001,25.89233622,367,3897.580492,80.03705564,14.09560491,0,70,367,0.929487179,0.002494109,5260.251201,Retained,2.347409687,8.268111253,5.920701566,-1.001384431,1.958966353,-10.16174093,2.565831549,7.966594351,4,0.012,0.01,0.074,0.008,0.896
NA,NA,66,0.335206537,772.4293333,1.261566261,25.89233622,69,0.335206537,772.4293333,1.261566261,25.89233622,66,69,1,1,0,Retained,-1.093008409,-1.093008409,0,0,0,0,6.908754779,-5.788886132,3,0.206,0.016,0,0.604,0.174
NA,NA,75,1.072660919,579.322,1.692568751,0,84,1.072660919,579.322,1.692568751,0,75,84,1,1,0,Retained,0.07014240159,0.07014240159,0,0,0,0,6.908754779,-6.370461537,3,0.118,0.012,0.002,0.714,0.154
NA,NA,81,2.346445761,507.596419,2.193405244,0,90,2.346445761,507.596419,2.193405244,0,81,90,1,1,0,Retained,0.8529017411,0.8529017411,0,0,0,0,6.908754779,-6.761841207,3,0.108,0.02,0.002,0.744,0.126
NA,NA,78,0.603371767,600.7783704,1.316442362,0,86,0.603371767,600.7783704,1.316442362,0,78,86,1,1,0,Retained,-0.5052217432,-0.5052217432,0,0,0,0,6.908754779,-6.082779464,3,0.144,0.016,0,0.64,0.2
NA,NA,80,0.402247845,772.4293333,1.381976598,0,89,0.402247845,772.4293333,1.381976598,0,80,89,1,1,0,Retained,-0.9106868505,-0.9106868505,0,0,0,0,6.908754779,-5.880046911,3,0.19,0.018,0,0.602,0.19
NA,NA,84,2.212363147,421.3250909,1.767830404,25.89233621,95,2.212363147,421.3250909,1.767830404,25.89233622,84,95,1,1,0,Retained,0.7940612415,0.7940612415,0,0,0,0,6.908754779,-6.732420957,3,0.102,0.02,0.002,0.75,0.126
NA,NA,92,0.603371767,686.6038518,1.504505556,25.89233621,103,0.603371767,686.6038518,1.504505556,25.89233621,92,103,1,1,1.16e-9,Retained,-0.5052217432,-0.5052217432,0,0,0,0,6.908754779,-6.0827783,3,0.144,0.016,0,0.64,0.2
NA,NA,96,4.290643678,313.7994167,1.833616147,25.89233621,107,4.290643678,313.7994167,1.833616147,25.89233621,96,107,1,1,0,Retained,1.456436763,1.456436763,0,0,0,0,6.908754779,-7.063608718,3,0.17,0.038,0.014,0.648,0.13
NA,NA,98,0.670413075,695.1863999,1.605711705,0,109,0.670413075,695.1863999,1.605711705,0,98,109,1,1,0,Retained,-0.3998612267,-0.3998612267,0,0,0,0,6.908754779,-6.135459723,3,0.148,0.016,0,0.646,0.19
NA,NA,101,3.754313218,482.7683333,2.638755154,0,112,3.754313218,482.7683333,2.638755154,0,101,112,1,1,3.29e-10,Retained,1.32290537,1.32290537,0,0,0,0,6.908754779,-6.996842692,3,0.164,0.044,0.018,0.646,0.128
NA,NA,120,9.586906968,415.9234871,3.632852541,0,128,9.586906968,415.9234871,3.632852541,0,120,128,1,1,4.66e-10,Retained,2.26039831,2.26039831,0,0,0,0,6.908754779,-7.465589025,3,0.318,0.074,0.022,0.38,0.206
NA,NA,103,1.407867457,514.9528889,1.723627649,51.78467243,114,1.407867457,514.9528889,1.723627649,51.78467243,103,114,1,1,9.6e-10,Retained,0.3420761177,0.3420761177,0,0,0,0,6.908754779,-6.506427435,3,0.108,0.016,0,0.72,0.156
NA,NA,105,0.402247845,643.6911111,1.151647165,93.35614587,116,0.402247845,643.6911111,1.151647165,93.35614587,105,116,1,1,0,Retained,-0.9106868505,-0.9106868505,0,0,0,0,6.908754779,-5.880046911,3,0.19,0.018,0,0.602,0.19
NA,NA,109,0.469289152,662.08228570000006,1.279461712,0,120,0.469289152,662.08228570000006,1.279461712,0,109,120,1,1,1.86e-9,Retained,-0.7565361717,-0.7565361717,0,0,0,0,6.908754779,-5.957120388,3,0.158,0.016,0.002,0.62,0.204
NA,NA,165,0.26816523,772.4293332,1.128379167,0,172,0.26816523,772.4293332,1.128379167,0,165,172,1,1,3.03e-9,Retained,-1.316151959,-1.316151959,0,0,0,0,6.908754779,-5.67731133,3,0.218,0.022,0,0.59,0.17
NA,NA,193,0.335206537,926.9152,1.513879513,81.87875638,204,0.335206537,926.9152,1.513879513,81.87875638,193,204,1,1,0,Retained,-1.093008409,-1.093008409,0,0,0,0,6.908754779,-5.788886132,3,0.206,0.016,0,0.604,0.174
NA,NA,194,1.944197917,532.709885,2.09534751,51.78467243,205,1.944197917,532.709885,2.09534751,51.78467243,194,205,1,1,1.04e-9,Retained,0.66484951,0.66484951,0,0,0,0,6.908754779,-6.66781405,3,0.102,0.022,0.002,0.744,0.13
NA,NA,206,0.335206537,772.4293333,1.261566261,25.89233622,220,0.335206537,772.4293333,1.261566261,25.89233622,206,220,1,1,0,Retained,-1.093008409,-1.093008409,0,0,0,0,6.908754779,-5.788886132,3,0.206,0.016,0,0.604,0.174
NA,NA,209,1.743073994,564.4675897,2.102286931,0,223,1.743073994,564.4675897,2.102286932,0,209,223,1,1,1.47e-9,Retained,0.5556502177,0.5556502177,0,0,0,0,6.908754779,-6.613213972,3,0.104,0.018,0,0.742,0.136
NA,NA,214,1.072660919,531.0451666,1.551521355,0,232,1.07266092,531.0451666,1.551521355,0,214,232,1,1,9.88e-10,Retained,0.07014240159,0.07014240252,0,0,0,0,6.908754779,-6.370460549,3,0.118,0.012,0.002,0.714,0.154
NA,NA,215,1.005619612,514.9528889,1.456731241,25.89233622,234,1.005619612,514.9528889,1.456731241,25.89233622,215,234,1,1,5.21e-10,Retained,0.005603880888,0.005603880888,0,0,0,0,6.908754779,-6.338191756,3,0.126,0.012,0,0.71,0.152
NA,NA,224,2.748693606,357.9550569,1.674120584,25.89233622,244,2.949817528,351.1042424,1.701095599,25.89233622,224,244,1,0.931818187,9.021982056,Retained,1.011125746,1.081743314,0.07061756708,-0.01932427287,0.01598451055,0,6.908754779,2.266576954,4,0.18,0.002,0,0.27,0.548
NA,NA,216,0.335206537,772.4293333,1.261566261,139.4344978,236,0.335206537,772.4293333,1.261566261,139.4344978,216,236,1,1,2.79e-9,Retained,-1.093008409,-1.093008409,0,0,0,0,6.908754779,-5.788883338,3,0.206,0.016,0,0.604,0.174
NA,NA,217,2.078280532,448.5073548,1.82396593,0,238,2.078280531,448.5073548,1.82396593,0,217,238,1,1,3.17e-9,Retained,0.7315408845,0.731540884,0,0,0,0,6.908754779,-6.701157611,3,0.104,0.02,0.002,0.744,0.13
NA,NA,225,1.743073994,386.2146667,1.438406848,0,246,1.676032687,401.6632533,1.466892917,0,225,246,0.961538462,1,3.24032408,Retained,0.5556502177,0.5164295049,-0.03922071288,0.03922071298,0.01961035638,0,3.19424755,1.470521747,3,0.13,0.032,0.004,0.712,0.122
NA,NA,228,3.821354526,433.644538,2.391319549,0,250,3.821354526,433.644538,2.391319549,0,228,250,1,1,9.31e-10,Retained,1.340604948,1.340604948,0,0,0,0,6.908754779,-7.005691879,3,0.164,0.042,0.016,0.648,0.13
NA,NA,230,0.938578305,551.7352381,1.507860088,25.89233621,253,0.938578305,551.7352381,1.507860088,25.89233621,230,253,1,1,0,Retained,-0.0633889901,-0.0633889901,0,0,0,0,6.908754779,-6.303695841,3,0.128,0.012,0,0.696,0.164
NA,NA,233,0.670413075,540.7005333,1.248886881,188.4990529,257,0.737454382,491.5459394,1.19076692,183.0864652,233,257,1,0.909090936,4.846871223,Retained,-0.3998612267,-0.3045510476,0.09531017913,-0.09531017973,-0.04765508926,-0.02913429695,6.908754779,2.350835242,4,0.078,0.008,0.004,0.372,0.538
NA,NA,234,0.603371767,600.7783703,1.316442362,150.9769669,258,0.871536997,534.7587692,1.408302327,150.9769669,234,258,1,0.692307711,24.53959005,Retained,-0.5052217432,-0.1374969628,0.3677247804,-0.1164103518,0.06745203781,0,6.908754779,4.025304298,4,0,0,0,0.078,0.922
NA,NA,239,263.9416275,92.99758801,4.262071174,0,260,267.9641059,85.804009,3.962241657,0,239,260,0.977901956,0.963222444,19.78528752,Retained,5.575727971,5.590853038,0.01512506759,-0.0805078271,-0.0729452931,0,3.746683552,0.7694901058,4,0.214,0.126,0.226,0.05,0.384
NA,NA,240,4.424726293,339.4007677,2.013961174,0,264,4.290643678,350.0070417,2.04518724,0,240,264,0.96969697,1,4.456455202,Retained,1.487208422,1.456436763,-0.03077165868,0.03077165869,0.01538582915,0,3.434299441,1.323338753,3,0.212,0.062,0.008,0.61,0.108
NA,NA,239,263.9416275,92.99758801,4.262071174,0,127,0.201123922,1029.905778,1.302940032,51.78467243,239,127,7.62002e-4,1,1816.716676,Retained,5.575727971,-1.603834034,-7.179562004,2.404649042,-1.185131959,10.8548688,-6.341542586,5.289287635,2,0,0,1,0,0
NA,NA,239,263.9416275,92.99758801,4.262071174,0,129,0.26816523,772.4293333,1.128379167,25.89233622,239,129,7.62002e-4,0.75,1636.268508,Retained,5.575727971,-1.316151959,-6.891879929,2.116966969,-1.328972996,10.16174093,-6.341542586,5.184675197,2,0,0,1,0,0
NA,NA,235,0.53633046,579.322,1.196826841,81.87875638,261,0.53633046,579.322,1.196826841,81.87875638,235,261,1,1,0,Retained,-0.623004778,-0.623004778,0,0,0,0,6.908754779,-6.023887947,3,0.144,0.016,0.004,0.628,0.208
NA,NA,244,0.53633046,675.8756666,1.396297981,77.67700865,268,0.469289152,662.08228570000006,1.279461712,77.67700865,244,268,0.875,1,7.900864914,Retained,-0.623004778,-0.7565361717,-0.1335313937,-0.02061928713,-0.08738498302,0,1.939084184,2.950966129,3,0.206,0.032,0.022,0.622,0.118
NA,NA,107,0.26816523,965.5366666,1.410473959,51.78467243,118,0.402247845,772.4293333,1.381976598,93.35614586,107,118,0.75,0.5,28.94851194,Retained,-1.316151959,-0.9106868505,0.4054651081,-0.2231435513,-0.02041099727,0.5893188992,1.095952713,4.595994267,4,0.012,0.004,0,0.326,0.658
NA,NA,110,0.402247845,772.4293333,1.381976598,25.89233621,121,0.201123922,1029.905778,1.302940032,77.67700864,110,121,0.5,1,21.57694685,Retained,-0.9106868505,-1.603834034,-0.693147183,0.2876820727,-0.05889151771,1.098586542,0,4.099380182,1,0.1,0.76,0.044,0.096,0
NA,NA,112,0.737454382,561.7667879,1.360876479,77.67700864,122,0.737454382,561.7667879,1.360876479,77.67700864,112,122,1,1,0,Retained,-0.3045510476,-0.3045510476,0,0,0,0,6.908754779,-6.183114812,3,0.144,0.016,0,0.656,0.184
NA,NA,117,0.469289152,662.08228570000006,1.279461712,0,125,0.469289152,662.08228570000006,1.279461712,0,117,125,1,1,0,Retained,-0.7565361717,-0.7565361717,0,0,0,0,6.908754779,-5.95712225,3,0.158,0.016,0.002,0.62,0.204
NA,NA,118,3.016858836,497.7877926,2.439028105,0,126,3.016858836,497.7877926,2.439028105,0,118,126,1,1,8.39e-10,Retained,1.10421617,1.10421617,0,0,0,0,6.908754779,-6.887497581,3,0.136,0.026,0.006,0.718,0.114
NA,NA,123,0.335206537,926.9152,1.513879513,57.89702387,130,0.335206537,926.9152,1.513879513,57.89702387,123,130,1,1,0,Retained,-1.093008409,-1.093008409,0,0,0,0,6.908754779,-5.788886132,3,0.206,0.016,0,0.604,0.174
NA,NA,125,0.53633046,579.322,1.196826841,51.78467243,132,0.53633046,579.322,1.196826841,51.78467243,125,132,1,1,0,Retained,-0.623004778,-0.623004778,0,0,0,0,6.908754779,-6.023887947,3,0.144,0.016,0.004,0.628,0.208
NA,NA,126,1.005619612,463.4576,1.311058117,0,133,1.005619612,463.4576,1.311058117,0,126,133,1,1,0,Retained,0.005603880888,0.005603880888,0,0,0,0,6.908754779,-6.338192277,3,0.126,0.012,0,0.71,0.152
NA,NA,127,0.26816523,772.4293333,1.128379167,103.5693449,134,0.670413075,617.9434666,1.427299293,51.78467243,127,134,1,0.400000006,35.21738475,Retained,-1.316151959,-0.3998612267,0.9162907319,-0.2231435514,0.2350018148,-0.6931375257,6.908754779,4.792009163,4,0,0,0.002,0.014,0.984
NA,NA,129,2.078280531,573.0927312,2.330623133,0,136,2.078280531,573.0927312,2.330623133,0,129,136,1,1,1.63e-9,Retained,0.731540884,0.731540884,0,0,0,0,6.908754779,-6.701159148,3,0.104,0.02,0.002,0.744,0.13
NA,NA,128,0.80449569,643.6911111,1.62867504,25.89233621,135,0.80449569,643.6911111,1.62867504,25.89233621,128,135,1,1,0,Retained,-0.2175396699,-0.2175396699,0,0,0,0,6.908754779,-6.226620501,3,0.136,0.016,0,0.672,0.176
NA,NA,130,0.201123922,1029.905778,1.302940032,51.78467243,137,0.201123922,1029.905778,1.302940032,51.78467243,130,137,1,1,1.7e-9,Retained,-1.603834034,-1.603834034,0,0,0,0,6.908754779,-5.533471624,3,0.236,0.028,0,0.57,0.166
NA,NA,133,1.474908764,421.3250909,1.44342748,25.89233622,140,1.474908764,421.3250909,1.44342748,25.89233621,133,140,1,1,1.42e-9,Retained,0.388596133,0.388596133,0,0,0,0,6.908754779,-6.529686986,3,0.106,0.014,0,0.732,0.148
NA,NA,137,2.949817528,298.4386061,1.445931259,25.89233621,144,2.949817528,298.438606,1.445931259,25.89233621,137,144,1,1,9.88e-10,Retained,1.081743314,1.081743314,0,0,0,0,6.908754779,-6.876261005,3,0.116,0.022,0.006,0.746,0.11
NA,NA,136,0.469289152,772.4293333,1.49270533,36.61729304,143,0.469289152,772.4293333,1.49270533,36.61729304,136,143,1,1,3.29e-10,Retained,-0.7565361717,-0.7565361717,0,0,0,0,6.908754779,-5.957121921,3,0.158,0.016,0.002,0.62,0.204
NA,NA,138,0.402247845,901.1675555,1.612306031,25.89233621,145,0.335206537,926.9151999,1.513879513,25.89233621,138,145,0.833333333,1,12.11387522,Retained,-0.9106868505,-1.093008409,-0.1823215583,0.02817087692,-0.06298990165,0,1.604655119,3.522142423,3,0.192,0.072,0.024,0.642,0.07
NA,NA,139,0.201123922,1029.905778,1.302940032,103.5693449,146,0.201123922,1029.905778,1.302940032,103.5693449,139,146,1,1,1.19e-9,Retained,-1.603834034,-1.603834034,0,0,0,0,6.908754779,-5.533472132,3,0.236,0.028,0,0.57,0.166
NA,NA,140,0.737454382,561.7667879,1.360876479,25.89233621,147,0.737454382,561.7667879,1.360876479,25.89233622,140,147,1,1,2.15e-9,Retained,-0.3045510476,-0.3045510476,0,0,0,0,6.908754779,-6.183112666,3,0.144,0.016,0,0.656,0.184
NA,NA,147,0.26816523,772.4293333,1.128379167,106.7568371,154,0.26816523,772.4293333,1.128379167,106.7568371,147,154,1,1,0,Retained,-1.316151959,-1.316151959,0,0,0,0,6.908754779,-5.677314357,3,0.218,0.022,0,0.59,0.17
NA,NA,154,0.80449569,708.0602222,1.791542544,109.8518791,161,0.80449569,708.0602222,1.791542544,109.8518791,154,161,1,1,1.63e-9,Retained,-0.2175396699,-0.2175396699,0,0,0,0,6.908754779,-6.226618871,3,0.136,0.016,0,0.672,0.176
NA,NA,161,1.541950072,470.1743768,1.646983246,0,169,1.541950072,470.1743768,1.646983246,0,161,169,1,1,3.9e-9,Retained,0.4330478959,0.4330478959,0,0,0,0,6.908754779,-6.551910381,3,0.102,0.014,0,0.74,0.144
NA,NA,163,61.20871372,120.9829076,2.670088845,25.89233621,171,61.9461681,121.2145599,2.691268823,25.89233621,163,171,0.986856517,0.975108206,15.10646963,Retained,4.11428956,4.126265751,0.01197619101,0.001912921494,0.00790101668,0,4.246283509,1.230409462,4,0.318,0.148,0.114,0.042,0.378
NA,NA,188,0.134082615,1158.644,1.196826841,51.78467243,196,0.335206537,772.4293333,1.261566261,73.23458608,188,196,1,0.400000006,17.36910716,Retained,-2.009299139,-1.093008409,0.9162907304,-0.4054651082,0.05268025799,0.3465679345,6.908754779,4.431765262,4,0.002,0,0,0.242,0.756
NA,NA,191,0.469289152,772.4293332,1.49270533,0,198,0.134082615,1158.644,1.196826841,0,191,198,0.285714286,1,27.98729614,Retained,-0.7565361717,-2.009299139,-1.252762967,0.4054651083,-0.2209163761,0,-0.9141958621,4.282419457,1,0,0.752,0.24,0.008,0
NA,NA,198,1.139702227,590.6812549,1.778868953,25.89233621,209,0.402247845,772.4293334,1.381976598,51.78467243,198,209,0.294117647,0.833333313,40.39669106,Retained,0.1307670239,-0.9106868505,-1.041453874,0.2682639867,-0.2524629509,0.6931278706,-0.8734901687,4.205754062,1,0,0.614,0.38,0.006,0
NA,NA,203,0.335206537,926.9152,1.513879513,0,217,0.53633046,675.8756666,1.396297981,57.89702387,203,217,0.2,0.125,50.59368459,Retained,-1.093008409,-0.623004778,0.4700036307,-0.3158529495,-0.08085113495,10.96643853,-1.382556039,5.04271567,4,0,0.05,0.028,0.23,0.692
NA,NA,223,175.2459777,130.3142066,4.866434266,0,243,167.2680621,139.9350936,5.105381772,25.89233621,223,243,0.932287682,0.976753533,16.14420078,Retained,5.166190574,5.119597688,-0.04659288607,0.07123018984,0.04793374741,10.16174093,2.60878501,0.7708924962,1,0.27,0.452,0.156,0.024,0.098
NA,NA,223,175.2459777,130.3142066,4.866434266,0,184,0.53633046,579.322,1.196826841,25.89233622,223,184,0.001530222,0.5,404.2424103,Retained,5.166190574,-0.623004778,-5.789195352,1.491909946,-1.40268773,10.16174093,-5.97891787,3.991286853,2,0,0,1,0,0
NA,NA,222,0.201123922,1029.905778,1.302940032,77.67700864,242,0.201123922,1029.905778,1.302940032,77.67700864,222,242,1,1,0,Retained,-1.603834034,-1.603834034,0,0,0,0,6.908754779,-5.533473319,3,0.236,0.028,0,0.57,0.166
NA,NA,251,1.608991379,450.5837778,1.612306031,25.89233622,274,1.608991379,450.5837778,1.612306031,25.89233622,251,274,1,1,1.88e-9,Retained,0.47560751,0.47560751,0,0,0,0,6.908754779,-6.573192214,3,0.102,0.014,0,0.742,0.142
NA,NA,254,0.469289152,662.08228570000006,1.279461712,25.89233622,276,0.469289152,662.08228570000006,1.279461712,25.89233622,254,276,1,1,5.21e-10,Retained,-0.7565361717,-0.7565361717,0,0,0,0,6.908754779,-5.95712173,3,0.158,0.016,0.002,0.62,0.204
NA,NA,270,40.22478448,121.0139289,2.16509667,25.89233621,293,37.87833872,118.940446,2.065000173,0,270,293,0.941666667,1,23.49330242,Retained,3.694483335,3.634379411,-0.06010392403,-0.01728273979,-0.04733470154,-10.16174093,2.765541483,1.881881217,0,0.468,0.076,0.274,0.078,0.104
NA,NA,270,40.22478448,121.0139289,2.16509667,25.89233621,252,1.340826149,424.8361333,1.387722887,0,270,252,0.031666667,0.949999988,501.818819,Retained,3.694483335,0.2932859531,-3.401197382,1.255797872,-0.4448008187,-10.16174093,-3.390253349,4.943364404,2,0,0.02,0.98,0,0
NA,NA,276,1.072660919,579.322,1.692568751,25.89233621,288,0.134082615,1158.644,1.196826841,51.78467243,276,288,0.125,1,77.84539603,Retained,0.07014240159,-2.009299139,-2.079441541,0.6931471806,-0.3465735907,0.6931278706,-1.939084184,4.892031346,1,0,0.718,0.28,0.002,0
NA,NA,275,0.26816523,772.4293333,1.128379167,222.734298,298,0.26816523,772.4293333,1.128379167,222.734298,275,298,1,1,0,Retained,-1.316151959,-1.316151959,0,0,0,0,6.908754779,-5.677314357,3,0.218,0.022,0,0.59,0.17
NA,NA,276,1.072660919,579.322,1.692568751,25.89233621,299,0.201123922,1029.905778,1.302940032,51.78467243,276,299,0.1875,1,43.82962555,Retained,0.07014240159,-1.603834034,-1.673976435,0.5753641451,-0.2616240719,0.6931278706,-1.46224792,4.317626529,1,0,0.898,0.102,0,0
NA,NA,277,0.402247845,772.4293333,1.381976598,363.4162568,300,0.402247845,772.4293333,1.381976598,363.4162568,277,300,1,1,0,Retained,-0.9106868505,-0.9106868505,0,0,0,0,6.908754779,-5.880046911,3,0.19,0.018,0,0.602,0.19
NA,NA,2,0.737454382,561.7667878,1.360876479,51.78467243,2,0.737454382,561.7667878,1.360876479,51.78467243,2,2,1,1,0,Retained,-0.3045510476,-0.3045510476,0,0,0,0,6.908754779,-6.183114812,3,0.144,0.016,0,0.656,0.184
NA,NA,5,1.877156609,551.7352381,2.132436186,0,5,0.938578305,606.9087619,1.658646096,0,5,5,0.5,1,56.61258653,Retained,0.6297581899,-0.0633889901,-0.69314718,0.09531017979,-0.2512634107,0,0,4.293734849,1,0.046,0.518,0.39,0.044,0.002
NA,NA,4,0.402247845,643.691111,1.151647165,51.78467243,7,0.402247845,643.691111,1.151647165,77.67700864,4,7,1,1,0,Retained,-0.9106868505,-0.9106868505,0,0,0,0.4054586712,6.908754779,-5.880046911,3,0.198,0.02,0,0.6,0.182
NA,NA,7,9.855072197,162.8932608,1.442540749,93.35614586,9,9.855072197,168.1478821,1.489074322,93.35614587,7,9,0.972789116,0.972789109,2.142815408,Retained,2.287986267,2.287986267,0,0.03174869822,0.03174869862,0,3.541486906,0.1909589522,3,0.284,0.13,0.02,0.374,0.192
NA,NA,9,2.279404454,408.9331765,1.741638876,0,11,2.882776221,413.159876,1.978876412,0,9,11,0.970588235,0.767441869,44.13573871,Retained,0.8239142045,1.058753795,0.234839591,0.01028286696,0.1277026623,0,3.464102548,3.947700354,4,0.028,0.002,0,0.162,0.808
NA,NA,11,0.335206537,772.4293333,1.261566261,25.89233622,11,2.882776221,413.159876,1.978876412,0,11,11,1,0.116279073,148.1793983,Retained,-1.093008409,1.058753795,2.151762204,-0.6257058996,0.4501752017,-10.16174093,6.908754779,6.117299586,4,0.002,0,0.056,0.002,0.94
NA,NA,10,0.26816523,965.5366667,1.410473959,93.35614586,10,0.26816523,965.5366667,1.410473959,93.35614587,10,10,1,1,2.79e-9,Retained,-1.316151959,-1.316151959,0,0,0,0,6.908754779,-5.677311563,3,0.218,0.022,0,0.59,0.17
NA,NA,41,0.938578304,441.3881905,1.20628807,25.89233622,39,0.938578304,441.3881905,1.20628807,25.89233622,41,39,1,1,0,Retained,-0.06338899117,-0.06338899117,0,0,0,0,6.908754779,-6.30369584,3,0.128,0.012,0,0.696,0.164
NA,NA,46,0.134082615,1158.644,1.196826841,0,45,0.134082615,1158.644,1.196826841,0,46,45,1,1,0,Retained,-2.009299139,-2.009299139,0,0,0,0,6.908754779,-5.330740766,3,0.226,0.04,0,0.57,0.164
NA,NA,49,0.737454382,631.9876363,1.530986039,25.89233621,50,0.737454382,631.9876363,1.530986039,25.89233621,49,50,1,1,0,Retained,-0.3045510476,-0.3045510476,0,0,0,0,6.908754779,-6.183114812,3,0.144,0.016,0,0.656,0.184
NA,NA,57,0.335206537,772.4293333,1.261566261,25.89233622,56,0.26816523,772.4293333,1.128379167,25.89233622,57,56,0.8,1,8.187875639,Retained,-1.093008409,-1.316151959,-0.2231435498,0,-0.1115717757,0,1.382556039,3.221645751,3,0.216,0.128,0.05,0.562,0.044
NA,NA,59,0.335206537,926.9152001,1.513879513,25.89233622,59,0.335206537,926.9152,1.513879513,25.89233622,59,59,1,1,2.73e-9,Retained,-1.093008409,-1.093008409,0,0,0,0,6.908754779,-5.788883406,3,0.206,0.016,0,0.604,0.174
NA,NA,77,1.273784842,528.5042807,1.682641576,25.89233622,76,0.335206537,772.4293333,1.261566261,25.89233622,77,76,0.263157895,1,87.36308884,Retained,0.2419926591,-1.093008409,-1.335001068,0.3794896217,-0.2880109119,0,-1.02718284,4.921452929,2,0,0.488,0.502,0.01,0
NA,NA,71,0.469289152,772.4293333,1.49270533,0,78,0.469289152,772.4293333,1.49270533,0,71,78,1,1,0,Retained,-0.7565361717,-0.7565361717,0,0,0,0,6.908754779,-5.95712225,3,0.158,0.016,0.002,0.62,0.204
NA,NA,85,0.737454382,561.7667879,1.360876479,51.78467243,96,0.737454382,561.7667879,1.360876479,51.78467243,85,96,1,1,1.56e-9,Retained,-0.3045510476,-0.3045510476,0,0,0,0,6.908754779,-6.18311325,3,0.144,0.016,0,0.656,0.184
NA,NA,106,16.42512033,267.9856871,3.063803777,0,117,16.42512033,267.9856871,3.063803777,0,106,117,1,1,7.36e-10,Retained,2.79881189,2.79881189,0,0,0,0,6.908754779,-7.734795545,0,0.49,0.118,0.04,0.184,0.168
NA,NA,144,970.087719,61.44202921,5.398413186,0,151,945.8187657,63.01858255,5.467233994,0,144,151,0.971803732,0.996739447,31.3216658,Retained,6.877386499,6.852050971,-0.02533552827,0.02533552821,0.01266776423,0,3.506141455,0.5780136757,1,0.284,0.43,0.148,0.046,0.092
NA,NA,145,106.5286376,147.7775439,4.302656726,25.89233621,152,101.165333,157.6595326,4.473332295,25.89233621,145,152,0.934550031,0.984095454,3.310173625,Retained,4.668413847,4.616756139,-0.05165770778,0.06472978977,0.03890093559,0,2.644685306,-0.5645392844,0,0.408,0.35,0.142,0.032,0.068
NA,NA,144,970.087719,61.44202921,5.398413186,0,46,0.26816523,965.5366666,1.410473959,0,144,46,2.76434e-4,1,1353.280912,Retained,6.877386499,-1.316151959,-8.193538458,2.754589962,-1.342179267,0,-6.664408331,4.34395966,2,0,0,1,0,0
NA,NA,144,970.087719,61.44202921,5.398413186,0,67,0.134082615,1158.644,1.196826841,25.89233622,144,67,1.38217e-4,1,1200.015177,Retained,6.877386499,-2.009299139,-8.886685639,2.936911519,-1.506431301,10.16174093,-6.779153688,4.22376201,2,0,0,1,0,0
NA,NA,144,970.087719,61.44202921,5.398413186,0,75,0.134082615,1158.644,1.196826841,0,144,75,1.38217e-4,1,1249.075498,Retained,6.877386499,-2.009299139,-8.886685639,2.936911519,-1.506431301,0,-6.779153688,4.263831449,2,0,0,1,0,0
NA,NA,144,970.087719,61.44202921,5.398413186,0,88,0.134082615,1158.644,1.196826841,103.5693449,144,88,1.38217e-4,1,1419.095877,Retained,6.877386499,-2.009299139,-8.886685639,2.936911519,-1.506431301,11.54800632,-6.779153688,4.391447639,2,0,0,1,0,0
NA,NA,144,970.087719,61.44202921,5.398413186,0,91,1.407867457,478.1705397,1.600511388,0,144,91,0.001451279,1,1403.859028,Retained,6.877386499,0.3420761177,-6.535310382,2.051873331,-1.21578186,0,-6.010693969,4.380652578,2,0,0,1,0,0
NA,NA,144,970.087719,61.44202921,5.398413186,0,93,0.201123922,1029.905778,1.302940032,0,144,93,2.07326e-4,1,1461.07797,Retained,6.877386499,-1.603834034,-8.481220533,2.819128484,-1.421481782,0,-6.720139642,4.420602156,2,0,0.002,0.998,0,0
NA,NA,95,3.419106681,287.7677908,1.501044531,25.89233622,98,0.402247845,901.1675556,1.612306031,77.67700864,95,98,0.117647059,1,94.17839526,Retained,1.229379313,-0.9106868505,-2.140066163,1.141537334,0.07150425183,1.098586541,-2.007571632,4.50287671,2,0.004,0.192,0.8,0.002,0.002
NA,NA,95,3.419106681,287.7677908,1.501044531,25.89233622,106,0.603371767,686.6038518,1.504505556,77.67700864,95,106,0.176470588,1,71.69083498,Retained,1.229379313,-0.5052217432,-1.734601056,0.869603618,0.002303090236,1.098586541,-1.53600792,4.23005215,2,0,0.176,0.822,0.002,0
NA,NA,100,0.737454382,631.9876363,1.530986039,0,111,0.737454382,631.9876363,1.530986039,0,100,111,1,1,0,Retained,-0.3045510476,-0.3045510476,0,0,0,0,6.908754779,-6.183114812,3,0.144,0.016,0,0.656,0.184
NA,NA,102,0.402247845,772.4293333,1.381976598,0,113,0.402247845,772.4293333,1.381976598,0,102,113,1,1,1.16e-9,Retained,-0.9106868505,-0.9106868505,0,0,0,0,6.908754779,-5.880045747,3,0.19,0.018,0,0.602,0.19
NA,NA,97,0.469289152,772.4293334,1.49270533,25.89233622,108,0.469289152,772.4293334,1.49270533,25.89233622,97,108,1,1,0,Retained,-0.7565361717,-0.7565361717,0,0,0,0,6.908754779,-5.95712225,3,0.158,0.016,0.002,0.62,0.204
NA,NA,141,0.26816523,772.4293333,1.128379167,25.89233622,148,0.26816523,772.4293333,1.128379167,25.89233622,141,148,1,1,0,Retained,-1.316151959,-1.316151959,0,0,0,0,6.908754779,-5.677314357,3,0.218,0.022,0,0.59,0.17
NA,NA,156,1.676032687,556.14912,2.031082501,57.89702387,163,1.676032687,556.14912,2.031082501,57.89702387,156,163,1,1,4.66e-10,Retained,0.5164295049,0.5164295049,0,0,0,0,6.908754779,-6.593604623,3,0.106,0.018,0,0.736,0.14
NA,NA,173,301.2165944,62.75021292,3.072201655,0,179,301.1495531,63.28005224,3.097797383,0,173,179,0.992210105,0.992430985,8.105652379,Retained,5.707829589,5.707606996,-2.225931871e-4,0.008408177843,0.008296881303,0,4.727339462,-0.1888648455,0,0.302,0.298,0.188,0.078,0.134
NA,NA,182,0.737454382,561.7667879,1.360876479,36.61729304,191,0.26816523,772.4293333,1.128379167,51.78467243,182,191,0.363636364,1,42.00812242,Retained,-0.3045510476,-1.316151959,-1.011600911,0.318453731,-0.1873467245,0.3465655916,-0.5584397559,4.462527262,1,0.006,0.756,0.218,0.02,0
NA,NA,164,0.80449569,579.3219999,1.465807536,25.89233621,331,708.3584547,69.01129005,5.181335981,0,164,331,1,0.001135718,1845.614508,Retained,-0.2175396699,6.562950258,6.780489927,-2.127588339,1.262656625,-10.16174093,6.908754779,8.201702887,4,0,0.006,0.046,0.002,0.946
NA,NA,200,0.670413075,617.9434667,1.427299293,0,200,0.871536997,772.4293333,2.034214473,51.78467243,200,200,0.3,0.230769232,124.6231604,Retained,-0.3998612267,-0.1374969628,0.2623642639,0.2231435512,0.3543256837,10.8548688,-0.8453976223,5.597598048,3,0.016,0.106,0.098,0.424,0.356
NA,NA,204,1.340826149,502.0790666,1.640036139,25.89233622,211,0.335206537,772.4293333,1.261566261,0,204,211,0.1,0.400000006,91.83570373,Retained,0.2932859531,-1.093008409,-1.386294362,0.4307829162,-0.2623642643,-10.16174093,-2.188384741,4.945734007,2,0,0.136,0.862,0,0.002
NA,NA,187,0.201123922,1029.905778,1.302940032,51.78467243,195,0.335206537,772.4293333,1.261566261,51.78467243,187,195,1,0.600000024,7.719603181,Retained,-1.603834034,-1.093008409,0.5108256248,-0.2876820727,-0.03226926078,0,6.908754779,3.418174453,4,0.012,0.002,0,0.37,0.616
NA,NA,207,0.335206537,772.4293333,1.261566261,25.89233622,221,0.201123922,1029.905778,1.302940032,25.89233622,207,221,0.6,1,11.57940478,Retained,-1.093008409,-1.603834034,-0.5108256248,0.2876820727,0.03226926078,0,0.4046335072,3.568183574,1,0.336,0.468,0.032,0.162,0.002
NA,NA,264,0.53633046,579.322,1.196826841,51.78467243,286,0.53633046,579.322,1.196826841,51.78467243,264,286,1,1,0,Retained,-0.623004778,-0.623004778,0,0,0,0,6.908754779,-6.023887947,3,0.144,0.016,0.004,0.628,0.208
NA,NA,273,0.469289152,662.08228570000006,1.279461712,93.35614586,292,0.402247845,643.6911111,1.151647165,93.35614586,273,292,0.857142857,1,7.625488366,Retained,-0.7565361717,-0.9106868505,-0.1541506788,-0.02817087696,-0.105246217,0,1.785949841,2.982260528,3,0.22,0.074,0.046,0.572,0.088
NA,NA,334,105.5900593,130.9451632,3.795736411,0,321,78.03608189,125.4202268,3.125434326,51.78467243,334,321,0.735238095,0.99484539,243.0388263,Retained,4.659564231,4.357171308,-0.3023929234,-0.0431087206,-0.1943051819,10.8548688,1.018952751,3.735808151,2,0.098,0.044,0.822,0.01,0.026
NA,NA,356,448.305223,86.63406609,5.174527096,25.89233622,377,352.4361533,91.53956147,4.847793609,25.89233622,356,377,0.784507253,0.997907579,238.3134861,Retained,6.105474302,5.86486948,-0.2406048213,0.05507813355,-0.0652242771,0,1.288772646,2.993218964,2,0.13,0.168,0.678,0.012,0.012
NA,NA,356,448.305223,86.63406609,5.174527096,25.89233622,347,58.99635057,120.253203,2.605579296,25.89233621,356,347,0.131598624,1,1285.981494,Retained,6.105474302,4.077475587,-2.027998715,0.3279064337,-0.6860929236,0,-1.880478201,4.678906084,2,0,0.008,0.992,0,0
NA,NA,356,448.305223,86.63406609,5.174527096,25.89233622,278,0.402247845,643.691111,1.151647165,25.89233621,356,278,8.97263e-4,1,453.7887693,Retained,6.105474302,-0.9106868505,-7.016161152,2.005525859,-1.502554718,0,-6.267445689,3.63726182,2,0,0.002,0.998,0,0
NA,NA,302,0.335206537,926.9152,1.513879513,109.8518791,325,0.201123922,1029.905778,1.302940032,109.8518791,302,325,0.6,1,16.37575128,Retained,-1.093008409,-1.603834034,-0.5108256248,0.1053605159,-0.1500522959,0,0.4046335072,3.914731872,1,0.21,0.484,0.026,0.28,0
NA,NA,334,105.5900593,130.9451632,3.795736411,0,358,22.72700323,184.5627611,2.482048328,51.78467243,334,358,0.21333333300000001,0.991150439,827.4366764,Retained,4.659564231,3.123553787,-1.536010444,0.3432109402,-0.4247942817,10.8548688,-1.301542555,4.960916616,2,0,0.01,0.99,0,0
NA,NA,54,0.335206537,926.9152,1.513879513,25.89233622,54,0.335206537,926.9152,1.513879513,25.89233622,54,54,1,1,0,Retained,-1.093008409,-1.093008409,0,0,0,0,6.908754779,-5.788886132,3,0.206,0.016,0,0.604,0.174
NA,NA,88,0.335206537,926.9152,1.513879513,0,100,0.335206537,926.9152,1.513879513,0,88,100,1,1,1.63e-9,Retained,-1.093008409,-1.093008409,0,0,0,0,6.908754779,-5.788884502,3,0.206,0.016,0,0.604,0.174
NA,NA,131,0.134082615,1158.644,1.196826841,0,138,0.134082615,1158.644,1.196826841,0,131,138,1,1,1.63e-9,Retained,-2.009299139,-2.009299139,0,0,0,0,6.908754779,-5.330739137,3,0.226,0.04,0,0.57,0.164
NA,NA,169,1216.665648,58.05563206,5.712484684,0,174,1216.330441,58.96569623,5.801232706,0,169,174,0.995757108,0.996031523,4.993564566,Retained,7.103869321,7.10359377,-2.75550794e-4,0.0155541307,0.01541635541,0,5.247633863,-1.371219483,1,0.262,0.376,0.17,0.07,0.122
NA,NA,180,79.71211458,87.70223717,2.208858546,77.67700864,190,78.90761889,91.22147606,2.28587055,77.67700865,180,190,0.987384357,0.997451127,4.367966871,Retained,4.378421577,4.368277787,-0.01014378944,0.03934294407,0.0342710494,0,4.284852295,-0.1423192781,0,0.336,0.328,0.15,0.07,0.116
NA,NA,210,0.469289152,662.08228570000006,1.279461712,139.4344978,225,0.53633046,579.322,1.196826841,139.4344978,210,225,1,0.875,4.186876368,Retained,-0.7565361717,-0.623004778,0.1335313937,-0.1335313926,-0.06676569669,0,6.908754779,2.382826801,4,0.082,0.002,0.024,0.338,0.554
NA,NA,232,298.2667769,91.84426103,4.474551725,36.61729304,255,296.2555377,95.08973915,4.617022198,36.61729303,232,255,0.989211059,0.995926678,3.881189676,Retained,5.697988311,5.691222385,-0.006765925595,0.03472674063,0.03134377787,0,4.430756223,-0.9202298684,1,0.236,0.392,0.192,0.07,0.11
NA,NA,284,71.39899245,134.1778654,3.198320547,25.89233622,308,68.11396839,153.5735486,3.575440697,25.89233622,284,308,0.946478873,0.992125988,3.750022547,Retained,4.268283758,4.221182308,-0.04710144992,0.1350133227,0.1114625975,0,2.855216361,-0.239748454,1,0.356,0.38,0.168,0.042,0.054
NA,NA,237,0.134082615,1158.644,1.196826841,25.89233622,263,0.134082615,1158.644,1.196826841,25.89233622,237,263,1,1,0,Retained,-2.009299139,-2.009299139,0,0,0,0,6.908754779,-5.330740766,3,0.226,0.04,0,0.57,0.164
NA,NA,261,1.407867457,441.3881905,1.477395127,0,282,1.340826149,463.4576,1.513879513,0,261,282,0.952380952,1,3.095340073,Retained,0.3420761177,0.2932859531,-0.04879016456,0.04879016412,0.0243950822,0,2.975999175,1.531547676,3,0.154,0.026,0.006,0.68,0.134
NA,NA,262,0.134082615,1158.644,1.196826841,25.89233622,283,0.134082615,1158.644,1.196826841,25.89233622,262,283,1,1,0,Retained,-2.009299139,-2.009299139,0,0,0,0,6.908754779,-5.330740766,3,0.226,0.04,0,0.57,0.164
NA,NA,287,0.26816523,772.4293333,1.128379167,103.5693449,311,0.26816523,772.4293333,1.128379167,103.5693449,287,311,1,1,0,Retained,-1.316151959,-1.316151959,0,0,0,0,6.908754779,-5.677314357,3,0.218,0.022,0,0.59,0.17
NA,NA,294,4.424726293,234.0694949,1.388938741,36.61729304,317,4.424726293,234.0694949,1.388938741,36.61729304,294,317,1,1,3.04e-9,Retained,1.487208422,1.487208422,0,0,0,0,6.908754779,-7.078991511,3,0.18,0.038,0.01,0.64,0.132
NA,NA,297,1.407867457,367.823492,1.231162606,81.87875638,319,1.273784842,406.5417544,1.294339674,81.87875638,297,319,0.904761905,1,5.75063947,Retained,0.3420761177,0.2419926591,-0.1000834586,0.1000834588,0.05004172977,0,2.241951196,2.150811823,0,0.45,0.074,0.004,0.392,0.08
NA,NA,298,1.206743534,514.9528889,1.595769122,51.78467243,320,1.206743534,514.9528889,1.595769122,51.78467243,298,320,1,1,6.59e-10,Retained,0.1879254374,0.1879254374,0,0,0,0,6.908754779,-6.429352396,3,0.11,0.022,0,0.722,0.146
NA,NA,308,744.8959673,70.21452854,5.405923102,0,331,708.3584547,69.01129005,5.181335981,0,308,331,0.940689407,0.989210665,109.7119475,Retained,6.613244567,6.562950258,-0.0502943099,-0.01728513375,-0.04243228878,0,2.748167744,1.963610046,0,0.332,0.288,0.238,0.046,0.096
NA,NA,319,169.1452187,130.7282304,4.796167186,25.89233621,342,168.7429709,133.8018233,4.903090903,25.89233621,319,342,0.991280222,0.993643224,4.754176972,Retained,5.130757628,5.128376675,-0.002380953241,0.02323918347,0.02204870675,0,4.625842771,-0.4337799578,0,0.314,0.28,0.196,0.076,0.134
NA,NA,308,744.8959673,70.21452854,5.405923102,0,167,0.201123922,1029.905778,1.302940032,25.89233621,308,167,2.70003e-4,1,1327.770201,Retained,6.613244567,-1.603834034,-8.217078601,2.68566735,-1.422871949,10.16174093,-6.669465747,4.456999686,2,0,0,1,0,0
NA,NA,308,744.8959673,70.21452854,5.405923102,0,181,1.005619612,566.4481778,1.602404365,36.61729304,308,181,0.001350014,1,1812.525415,Retained,6.613244567,0.005603880888,-6.607640687,2.08783035,-1.215989994,10.5083032,-6.052983918,4.76821962,2,0,0,1,0,0
NA,NA,308,744.8959673,70.21452854,5.405923102,0,193,0.26816523,965.5366666,1.410473959,25.89233622,308,193,3.60004e-4,1,1980.34666,Retained,6.613244567,-1.316151959,-7.929396526,2.621128829,-1.343569434,10.16174093,-6.600907429,4.856770353,2,0,0,1,0,0
NA,NA,308,744.8959673,70.21452854,5.405923102,0,203,0.737454382,561.7667879,1.360876479,25.89233622,308,203,9.9001e-4,1,2027.895938,Retained,6.613244567,-0.3045510476,-6.917795615,2.079531547,-1.379366261,10.16174093,-6.219625605,4.880497203,2,0,0,1,0,0
NA,NA,308,744.8959673,70.21452854,5.405923102,0,237,0.134082615,1158.644,1.196826841,51.78467243,308,237,1.80002e-4,1,2055.723756,Retained,6.613244567,-2.009299139,-8.622543707,2.803450386,-1.507821468,10.8548688,-6.743058808,4.894126403,2,0,0,1,0,0
NA,NA,308,744.8959673,70.21452854,5.405923102,0,256,0.26816523,772.4293333,1.128379167,73.23458607,308,256,3.60004e-4,1,2259.529792,Retained,6.613244567,-1.316151959,-7.929396526,2.397985278,-1.566712986,11.20143673,-6.600907429,4.988655116,2,0,0,1,0,0
NA,NA,308,744.8959673,70.21452854,5.405923102,0,285,0.938578305,496.5617142,1.357074079,36.61729304,308,285,0.001260013,1,2478.510044,Retained,6.613244567,-0.0633889901,-6.676633558,1.956152525,-1.382164254,10.5083032,-6.092124667,5.081155933,2,0,0,1,0,0
NA,NA,301,0.402247845,643.6911111,1.151647165,103.5693449,324,0.402247845,643.6911111,1.151647165,103.5693449,301,324,1,1,0,Retained,-0.9106868505,-0.9106868505,0,0,0,0,6.908754779,-5.880046911,3,0.19,0.018,0,0.602,0.19
NA,NA,306,0.335206537,926.9152,1.513879513,51.78467243,329,0.335206537,926.9152,1.513879513,51.78467243,306,329,1,1,0,Retained,-1.093008409,-1.093008409,0,0,0,0,6.908754779,-5.788886132,3,0.206,0.016,0,0.604,0.174
NA,NA,321,0.402247845,772.4293333,1.381976598,51.78467243,344,0.402247845,772.4293333,1.381976598,51.78467243,321,344,1,1,0,Retained,-0.9106868505,-0.9106868505,0,0,0,0,6.908754779,-5.880046911,3,0.19,0.018,0,0.602,0.19
NA,NA,336,0.134082615,1158.644,1.196826841,51.78467243,360,0.134082615,1158.644,1.196826841,51.78467243,336,360,1,1,0,Retained,-2.009299139,-2.009299139,0,0,0,0,6.908754779,-5.330740766,3,0.226,0.04,0,0.57,0.164
NA,NA,347,0.134082615,1158.644,1.196826841,57.89702387,373,75.28738828,86.6661585,2.121317773,93.35614586,347,373,1,0.001780944,852.5534513,Retained,-2.009299139,4.321312634,6.330611774,-2.592942156,0.5723637313,0.4777491622,6.908754779,8.325251592,4,0,0.004,0.05,0.018,0.928
NA,NA,337,0.26816523,965.5366667,1.410473959,139.4344978,361,0.134082615,1158.644,1.196826841,157.4969325,337,361,0.5,1,18.30864652,Retained,-1.316151959,-2.009299139,-0.6931471806,0.1823215568,-0.1642520337,0.1218102182,0,4.137868975,1,0.17,0.508,0.082,0.24,0
NA,NA,342,0.201123922,1029.905778,1.302940032,93.35614586,366,0.201123922,1029.905778,1.302940032,93.35614586,342,366,1,1,0,Retained,-1.603834034,-1.603834034,0,0,0,0,6.908754779,-5.533473319,3,0.236,0.028,0,0.57,0.166
NA,NA,348,1.340826149,502.0790666,1.640036139,0,370,1.541950072,503.7582608,1.764624906,0,348,370,1,0.869565189,11.97857005,Retained,0.2932859531,0.4330478959,0.1397619428,0.00333890126,0.07321987238,0,6.908754779,2.908924669,4,0.094,0.006,0,0.306,0.594
NA,NA,353,68.65029885,72.41525,1.692568751,57.89702387,373,75.28738828,86.6661585,2.121317773,93.35614586,353,373,0.974609375,0.888691008,50.03653994,Retained,4.229025485,4.321312634,0.09228714901,0.1796465663,0.2257901407,0.4777491622,3.610053442,2.370625723,4,0.282,0.06,0.088,0.048,0.522
NA,NA,350,21.05097054,162.357758,2.101377971,0,372,20.98392924,162.8764728,2.104732128,0,350,372,0.996815287,1,1.068745345,Retained,3.046946665,3.04375687,-0.003189795013,0.003189794866,0.001594897724,0,5.474130053,-0.883687765,0,0.518,0.144,0.056,0.142,0.14
NA,NA,358,2.681652299,308.9717333,1.427299293,106.7568371,379,2.681652299,308.9717333,1.427299293,106.7568371,358,379,1,1,2.33e-9,Retained,0.986433134,0.986433134,0,0,0,0,6.908754779,-6.828604575,3,0.11,0.022,0.002,0.746,0.12
NA,NA,359,2.011239224,437.7099555,1.751109716,103.5693449,380,2.011239224,437.7099555,1.751109716,103.5693449,359,380,1,1,1.82e-9,Retained,0.6987510614,0.6987510614,0,0,0,0,6.908754779,-6.684764048,3,0.102,0.022,0.002,0.744,0.13
NA,NA,364,27.48693606,131.8781789,1.950433624,0,386,27.35285345,130.6314314,1.927276708,0,364,386,0.992682927,0.997548997,1.175667638,Retained,3.313710839,3.308820854,-0.004889985114,-0.009498752238,-0.01194374479,0,4.783107779,-0.921804069,0,0.486,0.16,0.072,0.13,0.152
NA,NA,362,0.134082615,1158.644,1.196826841,0,384,0.134082615,1158.644,1.196826841,0,362,384,1,1,2.56e-9,Retained,-2.009299139,-2.009299139,0,0,0,0,6.908754779,-5.330738205,3,0.226,0.04,0,0.57,0.164
NA,NA,370,2.346445761,353.1105524,1.525847126,316.056242,391,1.877156609,358.6279047,1.386083521,312.8582888,370,391,0.771428571,0.964285731,11.09979751,Retained,0.8529017411,0.6297581899,-0.2231435512,0.01550418631,-0.09606758888,-0.01016980984,1.213325321,2.552931026,3,0.35,0.124,0.144,0.378,0.004
NA,NA,373,4.625850215,313.4495845,1.901772441,73.23458608,393,2.145321839,410.3530833,1.695504692,93.35614586,373,393,0.463768116,1,33.80211965,Retained,1.531660184,0.7632895826,-0.7683706017,0.2693794357,-0.1148058651,0.2427509647,-0.1448912091,3.327087946,2,0.016,0.446,0.536,0.002,0
NA,NA,376,3.486147988,252.5249743,1.330063309,73.23458608,397,3.016858836,257.4764444,1.261566261,93.35614586,376,397,0.865384615,1,11.30717972,Retained,1.248797398,1.10421617,-0.1445812287,0.01941808592,-0.05287252857,0.2427509647,1.85450611,2.373492577,0,0.57,0.028,0.026,0.334,0.042
NA,NA,378,0.201123922,1029.905778,1.302940032,181.2463535,398,0.201123922,1029.905778,1.302940032,181.2463535,378,398,1,1,0,Retained,-1.603834034,-1.603834034,0,0,0,0,6.908754779,-5.533473319,3,0.236,0.028,0,0.57,0.166
NA,NA,242,0.201123922,1029.905778,1.302940032,0,266,0.201123922,1029.905778,1.302940032,0,242,266,1,1,7.36e-10,Retained,-1.603834034,-1.603834034,0,0,0,0,6.908754779,-5.533472583,3,0.236,0.028,0,0.57,0.166
NA,NA,247,0.469289152,662.08228570000006,1.279461712,25.89233621,271,0.469289152,662.08228570000006,1.279461712,25.89233621,247,271,1,1,1.7e-9,Retained,-0.7565361717,-0.7565361717,0,0,0,0,6.908754779,-5.957120555,3,0.158,0.016,0.002,0.62,0.204
NA,NA,248,1.005619612,463.4576,1.311058117,0,272,0.80449569,643.6911111,1.62867504,0,248,272,0.8,1,8.061812641,Retained,0.005603880888,-0.2175396699,-0.2231435508,0.328504067,0.2169322913,0,1.382556039,2.656825461,0,0.612,0.094,0.028,0.214,0.052
NA,NA,249,0.469289152,662.08228570000006,1.279461712,51.78467243,273,0.469289152,662.08228570000006,1.279461712,103.5693449,249,273,1,1,1.65e-9,Retained,-0.7565361717,-0.7565361717,0,0,0,0.6931375257,6.908754779,-5.957120604,3,0.16,0.018,0.002,0.614,0.206
NA,NA,263,27.68805998,261.840452,3.886673627,0,284,27.95622521,261.1811415,3.895616071,0,263,284,0.997578692,0.988009572,5.861294052,Retained,3.321001273,3.330639901,0.009638628844,-0.002521161105,0.002298153444,0,5.676310026,0.6804053101,0,0.488,0.146,0.056,0.084,0.226
NA,NA,260,0.53633046,579.322,1.196826841,155.3540173,281,0.53633046,579.322,1.196826841,155.3540173,260,281,1,1,0,Retained,-0.623004778,-0.623004778,0,0,0,0,6.908754779,-6.023887947,3,0.144,0.016,0.004,0.628,0.208
NA,NA,267,1.206743534,514.9528889,1.595769122,36.61729304,289,1.005619612,566.4481778,1.602404365,36.61729304,267,289,0.777777778,0.933333337,8.137176231,Retained,0.1879254374,0.005603880888,-0.1823215565,0.09531017982,0.004149401242,0,1.249557953,2.574968329,0,0.51,0.112,0.014,0.354,0.01
NA,NA,268,0.53633046,675.8756666,1.396297981,155.3540173,290,0.53633046,675.8756666,1.396297981,155.3540173,268,290,1,1,2.79e-9,Retained,-0.623004778,-0.623004778,0,0,0,0,6.908754779,-6.023885153,3,0.144,0.016,0.004,0.628,0.208
NA,NA,278,0.335206537,772.4293333,1.261566261,36.61729304,296,0.26816523,772.4293333,1.128379167,36.61729304,278,296,0.8,1,8.187875636,Retained,-1.093008409,-1.316151959,-0.2231435498,0,-0.1115717757,0,1.382556039,3.221645751,3,0.216,0.128,0.05,0.562,0.044
NA,NA,274,2.614610991,455.5352478,2.077880637,77.67700865,297,2.547569684,467.5230175,2.105043629,77.67700865,274,297,0.974358974,1,1.1001315760000001,Retained,0.9611153258,0.9351398396,-0.02597548622,0.02597548645,0.01298774355,0,3.600353223,0.1881456365,3,0.136,0.034,0.004,0.722,0.104
NA,NA,280,0.737454382,631.9876364,1.530986039,0,302,0.670413075,695.1864,1.605711705,0,280,302,0.909090909,1,3.201580431,Retained,-0.3045510476,-0.3998612267,-0.09531017913,0.09531017975,0.04765509045,0,2.292744547,1.888597336,0,0.418,0.054,0.002,0.408,0.118
NA,NA,283,0.134082615,1158.644,1.196826841,81.87875638,306,0.134082615,1158.644,1.196826841,81.87875638,283,306,1,1,0,Retained,-2.009299139,-2.009299139,0,0,0,0,6.908754779,-5.330740766,3,0.226,0.04,0,0.57,0.164
NA,NA,288,8.179039511,297.575235,2.400728268,36.61729304,312,8.179039511,297.575235,2.400728268,73.23458607,288,312,1,1,9.6e-10,Retained,2.101574725,2.101574725,0,0,0,0.693133526,6.908754779,-7.386176738,3,0.32,0.076,0.014,0.328,0.262
NA,NA,291,0.53633046,772.4293333,1.595769122,25.89233622,314,0.53633046,772.4293333,1.595769122,25.89233622,291,314,1,1,0,Retained,-0.623004778,-0.623004778,0,0,0,0,6.908754779,-6.023887947,3,0.144,0.016,0.004,0.628,0.208
NA,NA,303,0.603371767,600.7783703,1.316442362,155.3540173,326,0.603371767,600.7783703,1.316442362,155.3540173,303,326,1,1,0,Retained,-0.5052217432,-0.5052217432,0,0,0,0,6.908754779,-6.082779464,3,0.144,0.016,0,0.64,0.2
NA,NA,326,104.7185223,111.2654289,3.21193736,36.61729304,350,108.4057942,107.0031977,3.142809607,51.78467243,326,350,0.996798976,0.962894261,21.92910028,Retained,4.651276011,4.68588154,0.03460552907,-0.03905987911,-0.02175711488,0.3465655916,5.470223524,1.334587073,4,0.266,0.102,0.138,0.042,0.452
NA,NA,304,0.469289152,662.08228570000006,1.279461712,36.61729304,327,0.469289152,662.08228570000006,1.279461712,36.61729304,304,327,1,1,2.65e-9,Retained,-0.7565361717,-0.7565361717,0,0,0,0,6.908754779,-5.957119596,3,0.158,0.016,0.002,0.62,0.204
NA,NA,307,0.402247845,772.4293333,1.381976598,57.89702387,330,0.402247845,772.4293333,1.381976598,57.89702387,307,330,1,1,0,Retained,-0.9106868505,-0.9106868505,0,0,0,0,6.908754779,-5.880046911,3,0.19,0.018,0,0.602,0.19
NA,NA,317,3.687271911,280.8833939,1.521506159,25.89233622,340,3.687271911,280.8833939,1.521506159,25.89233622,317,340,1,1,0,Retained,1.304886865,1.304886865,0,0,0,0,6.908754779,-6.987833769,3,0.162,0.044,0.014,0.65,0.13
NA,NA,432,8.313122126,280.3170968,2.279957412,51.78467243,447,8.313122126,280.3170968,2.279957412,51.78467243,432,447,0.991935484,0.991935492,0.752872147,Retained,2.117835245,2.117835245,0,0,0,0,4.696298241,-0.7690851714,3,0.286,0.072,0.02,0.39,0.232
NA,NA,433,4.022478448,296.0979111,1.675240927,25.89233622,448,3.754313218,317.2477619,1.734039101,25.89233622,433,448,0.933333333,1,9.056759224,Retained,1.391898242,1.32290537,-0.06899287152,0.06899287151,0.03449643575,0,2.625239567,2.080037585,3,0.398,0.056,0.022,0.44,0.084
NA,NA,436,0.335206537,772.4293333,1.261566261,103.5693449,450,0.201123922,1029.905778,1.302940032,103.5693449,436,450,0.6,1,12.20576435,Retained,-1.093008409,-1.603834034,-0.5108256248,0.2876820727,0.03226926078,0,0.4046335072,3.6208594,1,0.324,0.47,0.032,0.172,0.002
NA,NA,435,0.402247845,772.4293333,1.381976598,25.89233622,451,0.402247845,772.4293333,1.381976598,25.89233621,435,451,1,1,2.57e-9,Retained,-0.9106868505,-0.9106868505,0,0,0,0,6.908754779,-5.880044339,3,0.19,0.018,0,0.602,0.19
NA,NA,438,0.134082615,1158.644,1.196826841,238.7155448,453,0.26816523,965.5366667,1.410473959,238.7155448,438,453,1,0.5,18.30864652,Retained,-2.009299139,-1.316151959,0.6931471806,-0.1823215568,0.1642520337,0,6.908754779,4.484442566,4,0.002,0,0,0.402,0.596
NA,NA,440,0.335206537,772.4293333,1.261566261,25.89233621,455,0.335206537,772.4293333,1.261566261,25.89233621,440,455,1,1,0,Retained,-1.093008409,-1.093008409,0,0,0,0,6.908754779,-5.788886132,3,0.206,0.016,0,0.604,0.174
NA,NA,441,0.335206537,772.4293333,1.261566261,238.7155448,456,0.335206537,772.4293333,1.261566261,238.7155448,441,456,1,1,0,Retained,-1.093008409,-1.093008409,0,0,0,0,6.908754779,-5.788886132,3,0.206,0.016,0,0.604,0.174
NA,NA,443,1.810115302,429.1274074,1.62867504,415.0857263,459,1.877156609,441.3881905,1.705948949,417.5013765,443,459,0.925925926,0.892857134,17.90754244,Retained,0.593390546,0.6297581899,0.03636764391,0.02817087704,0.04635469886,0.005802759057,2.513398376,3.1609475,3,0.064,0.008,0,0.72,0.208
NA,NA,444,0.335206537,772.4293333,1.261566261,51.78467243,458,0.335206537,772.4293333,1.261566261,51.78467243,444,458,1,1,1.16e-9,Retained,-1.093008409,-1.093008409,0,0,0,0,6.908754779,-5.788884968,3,0.206,0.016,0,0.604,0.174
NA,NA,445,2.949817528,333.5490303,1.616040819,25.89233621,460,2.949817528,333.5490303,1.616040819,25.89233621,445,460,1,1,1.4e-9,Retained,1.081743314,1.081743314,0,0,0,0,6.908754779,-6.876260596,3,0.116,0.022,0.006,0.746,0.11
NA,NA,450,32.17982758,204.3719278,3.27045491,0,465,31.04012536,210.2075507,3.303734307,0,450,465,0.964583333,1,10.16400384,Retained,3.471339784,3.435280734,-0.0360590496,0.02815386993,0.01012434543,0,3.277705854,1.155645876,0,0.502,0.264,0.066,0.07,0.098
NA,NA,451,0.402247845,643.6911111,1.151647165,81.87875638,466,0.402247845,643.6911111,1.151647165,81.87875638,451,466,1,1,1.86e-9,Retained,-0.9106868505,-0.9106868505,0,0,0,0,6.908754779,-5.880045048,3,0.19,0.018,0,0.602,0.19
NA,NA,453,0.335206537,926.9151998,1.513879513,0,468,0.335206537,926.9151998,1.513879513,0,453,468,1,1,3.96e-9,Retained,-1.093008409,-1.093008409,0,0,0,0,6.908754779,-5.788882174,3,0.206,0.016,0,0.604,0.174
NA,NA,454,0.335206537,772.4293333,1.261566261,150.9769669,469,0.335206537,772.4293333,1.261566261,150.9769669,454,469,1,1,0,Retained,-1.093008409,-1.093008409,0,0,0,0,6.908754779,-5.788886132,3,0.206,0.016,0,0.604,0.174
NA,NA,456,1.340826149,502.0790667,1.640036139,0,473,1.340826149,502.0790667,1.640036139,0,456,473,1,1,0,Retained,0.2932859531,0.2932859531,0,0,0,0,6.908754779,-6.482033313,3,0.11,0.016,0,0.72,0.154
NA,NA,457,0.670413075,617.9434666,1.427299293,25.89233621,474,0.53633046,675.8756666,1.396297981,51.78467243,457,474,0.8,1,9.085406421,Retained,-0.3998612267,-0.623004778,-0.2231435513,0.0896121587,-0.02195961731,0.6931278706,1.382556039,2.979075053,3,0.372,0.168,0.022,0.38,0.058
NA,NA,461,0.134082615,1158.644,1.196826841,25.89233622,530,521.5143308,84.104338,5.418094658,0,461,530,1,2.57102e-4,1013.742944,Retained,-2.009299139,6.256736754,8.266035893,-2.622947488,1.510070459,-10.16174093,6.908754779,8.498420144,4,0,0.006,0.042,0.01,0.942
NA,NA,462,0.871536997,713.0116923,1.877736436,0,478,0.871536997,713.0116923,1.877736436,0,462,478,1,1,2.34e-9,Retained,-0.1374969628,-0.1374969628,0,0,0,0,6.908754779,-6.266639515,3,0.13,0.016,0,0.684,0.17
NA,NA,312,0.134082615,1158.644,1.196826841,103.5693449,335,0.134082615,1158.644,1.196826841,103.5693449,312,335,1,1,0,Retained,-2.009299139,-2.009299139,0,0,0,0,6.908754779,-5.330740766,3,0.226,0.04,0,0.57,0.164
NA,NA,458,0.737454382,561.7667879,1.360876479,77.67700864,476,0.737454382,561.7667879,1.360876479,103.5693449,458,476,1,1,0,Retained,-0.3045510476,-0.3045510476,0,0,0,0.2876788545,6.908754779,-6.183114812,3,0.152,0.018,0,0.652,0.178
NA,NA,324,0.134082615,1158.644,1.196826841,25.89233622,348,0.134082615,1158.644,1.196826841,25.89233622,324,348,1,1,0,Retained,-2.009299139,-2.009299139,0,0,0,0,6.908754779,-5.330740766,3,0.226,0.04,0,0.57,0.164
NA,NA,328,5.698511135,327.1465412,2.203018284,25.89233622,353,5.698511135,327.1465412,2.203018284,25.89233622,328,353,1,1,1.92e-9,Retained,1.740204936,1.740204936,0,0,0,0,6.908754779,-7.205490884,3,0.272,0.052,0.014,0.484,0.178
NA,NA,335,0.737454382,491.5459394,1.19076692,208.7506883,359,0.402247845,643.6911111,1.151647165,213.5136742,335,359,0.545454545,1,17.96497087,Retained,-0.3045510476,-0.9106868505,-0.6061358029,0.2696635669,-0.03340433515,0.02256011056,0.1819556262,3.613119928,1,0.074,0.86,0.026,0.04,0
NA,NA,339,2.212363146,327.6972929,1.374979203,51.78467243,364,2.212363146,327.6972929,1.374979203,51.78467243,339,364,1,1,1.65e-9,Retained,0.7940612411,0.7940612411,0,0,0,0,6.908754779,-6.73241931,3,0.102,0.02,0.002,0.75,0.126
NA,NA,340,1.608991379,611.5065556,2.188129613,155.3540173,363,1.407867457,662.08228570000006,2.216092691,155.3540173,340,363,0.875,1,10.07814969,Retained,0.47560751,0.3420761177,-0.1335313924,0.07946417126,0.01269847516,0,1.939084184,2.645030091,3,0.396,0.066,0.008,0.47,0.06
NA,NA,341,0.26816523,965.5366667,1.410473959,36.61729304,365,0.26816523,965.5366667,1.410473959,36.61729304,341,365,1,1,0,Retained,-1.316151959,-1.316151959,0,0,0,0,6.908754779,-5.677314357,3,0.218,0.022,0,0.59,0.17
NA,NA,346,1.608991379,514.9528888,1.842635464,36.61729304,369,1.273784842,569.1584561,1.812075543,36.61729304,346,369,0.791666667,1,15.01114829,Retained,0.47560751,0.2419926591,-0.233614851,0.1000834587,-0.01672396707,0,1.331474913,3.043420947,0,0.412,0.204,0.042,0.33,0.012
NA,NA,354,0.53633046,579.322,1.196826841,25.89233622,374,0.53633046,579.322,1.196826841,25.89233622,354,374,1,1,0,Retained,-0.623004778,-0.623004778,0,0,0,0,6.908754779,-6.023887947,3,0.144,0.016,0.004,0.628,0.208
NA,NA,361,0.871536997,534.7587692,1.408302327,57.89702387,383,0.871536997,534.7587692,1.408302327,57.89702387,361,383,1,1,1.92e-9,Retained,-0.1374969628,-0.1374969628,0,0,0,0,6.908754779,-6.266639935,3,0.13,0.016,0,0.684,0.17
NA,NA,363,0.201123922,1029.905778,1.302940032,25.89233622,385,0.201123922,1029.905778,1.302940032,25.89233622,363,385,1,1,2.79e-9,Retained,-1.603834034,-1.603834034,0,0,0,0,6.908754779,-5.533470525,3,0.236,0.028,0,0.57,0.166
NA,NA,366,0.469289152,882.7763809,1.705948949,25.89233622,388,0.670413075,617.9434667,1.427299293,25.89233622,366,388,1,0.699999988,10.23066621,Retained,-0.7565361717,-0.3998612267,0.356674945,-0.3566749438,-0.1783374719,0,6.908754779,3.27612047,4,0.02,0.004,0.006,0.13,0.84
NA,NA,367,0.26816523,965.5366668,1.410473959,77.67700864,389,0.26816523,965.5366669,1.410473959,77.67700864,367,389,1,1,3.56e-9,Retained,-1.316151959,-1.316151959,0,0,0,0,6.908754779,-5.677310795,3,0.218,0.022,0,0.59,0.17
NA,NA,371,0.402247845,643.6911111,1.151647165,0,392,0.402247845,643.6911111,1.151647165,0,371,392,1,1,1.86e-9,Retained,-0.9106868505,-0.9106868505,0,0,0,0,6.908754779,-5.880045048,3,0.19,0.018,0,0.602,0.19
NA,NA,374,0.53633046,675.8756666,1.396297981,0,395,0.53633046,675.8756666,1.396297981,0,374,395,1,1,4.47e-9,Retained,-0.623004778,-0.623004778,0,0,0,0,6.908754779,-6.023883475,3,0.144,0.016,0.004,0.628,0.208
NA,NA,381,1.541950072,638.0937971,2.235191548,25.89233621,401,1.541950072,638.0937971,2.235191548,25.89233621,381,401,1,1,2.33e-10,Retained,0.4330478959,0.4330478959,0,0,0,0,6.908754779,-6.551914051,3,0.102,0.014,0,0.74,0.144
NA,NA,403,626.232853,83.43659108,5.890057627,0,421,614.5006242,86.6307391,6.057985812,0,403,421,0.979445456,0.998145342,17.40952982,Retained,6.439722272,6.420809945,-0.01891232679,0.03756775244,0.02811158909,0,3.817420363,0.2095789924,1,0.244,0.464,0.156,0.05,0.086
NA,NA,455,1866.698165,77.70343925,9.470488039,0,471,1854.831854,78.08887285,9.487165898,0,455,471,0.991021405,0.997361481,9.826608462,Retained,7.531926462,7.525549326,-0.006377135831,0.004948053998,0.001759485995,0,4.599302386,-0.9084026733,1,0.286,0.358,0.174,0.064,0.118
NA,NA,387,0.335206537,772.4293332,1.261566261,36.61729303,406,0.335206537,772.4293332,1.261566261,36.61729303,387,406,1,1,2.11e-9,Retained,-1.093008409,-1.093008409,0,0,0,0,6.908754779,-5.788884023,3,0.206,0.016,0,0.604,0.174
NA,NA,392,0.670413075,540.7005333,1.248886881,51.78467243,411,0.670413075,540.7005333,1.248886881,51.78467243,392,411,1,1,0,Retained,-0.3998612267,-0.3998612267,0,0,0,0,6.908754779,-6.135459723,3,0.148,0.016,0,0.646,0.19
NA,NA,396,1.139702227,636.1182745,1.915705026,25.89233622,415,1.139702227,636.1182745,1.915705026,25.89233622,396,415,1,1,0,Retained,0.1307670239,0.1307670239,0,0,0,0,6.908754779,-6.400773848,3,0.116,0.01,0,0.724,0.15
NA,NA,393,0.469289152,772.4293333,1.49270533,25.89233621,412,0.469289152,772.4293333,1.49270533,25.89233621,393,412,1,1,0,Retained,-0.7565361717,-0.7565361717,0,0,0,0,6.908754779,-5.95712225,3,0.158,0.016,0.002,0.62,0.204
NA,NA,394,0.469289152,662.08228570000006,1.279461712,0,413,0.469289152,662.08228570000006,1.279461712,0,394,413,1,1,6.98e-10,Retained,-0.7565361717,-0.7565361717,0,0,0,0,6.908754779,-5.957121552,3,0.158,0.016,0.002,0.62,0.204
NA,NA,395,0.53633046,579.322,1.196826841,0,414,0.53633046,579.322,1.196826841,0,395,414,1,1,0,Retained,-0.623004778,-0.623004778,0,0,0,0,6.908754779,-6.023887947,3,0.144,0.016,0.004,0.628,0.208
NA,NA,400,2.480528376,438.4058378,1.94779612,51.78467243,419,2.748693606,414.4742764,1.938455413,51.78467243,400,419,1,0.902438998,14.02266199,Retained,0.9084715923,1.011125746,0.1026541541,-0.05613413839,-0.004807061461,0,6.908754779,2.758875192,4,0.178,0,0,0.23,0.592
NA,NA,406,27.01764691,264.5043375,3.878391327,0,424,27.01764691,264.5043375,3.878391327,0,406,424,1,1,1.92e-9,Retained,3.296490242,3.296490242,0,0,0,0,6.908754779,-7.983633537,0,0.51,0.158,0.062,0.13,0.14
NA,NA,404,0.201123922,1029.905778,1.302940032,51.78467243,422,0.201123922,1029.905778,1.302940032,51.78467243,404,422,1,1,0,Retained,-1.603834034,-1.603834034,0,0,0,0,6.908754779,-5.533473319,3,0.236,0.028,0,0.57,0.166
NA,NA,405,1.273784842,447.1959298,1.423773641,25.89233621,423,1.273784842,447.1959298,1.423773641,25.89233621,405,423,1,1,0,Retained,0.2419926591,0.2419926591,0,0,0,0,6.908754779,-6.456386666,3,0.106,0.016,0,0.726,0.152
NA,NA,407,7.374543821,379.1925818,2.90484177,0,425,7.374543821,379.1925818,2.90484177,0,407,425,1,1,2.15e-9,Retained,1.998034046,1.998034046,0,0,0,0,6.908754779,-7.334405212,3,0.276,0.07,0.016,0.402,0.236
NA,NA,411,0.603371767,600.7783704,1.316442362,106.7568371,428,0.603371767,600.7783704,1.316442362,106.7568371,411,428,1,1,6.98e-10,Retained,-0.5052217432,-0.5052217432,0,0,0,0,6.908754779,-6.082778766,3,0.144,0.016,0,0.64,0.2
NA,NA,414,1.608991379,611.5065555,2.188129613,0,430,1.608991379,611.5065555,2.188129613,0,414,430,1,1,2.83e-9,Retained,0.47560751,0.47560751,0,0,0,0,6.908754779,-6.573191259,3,0.102,0.014,0,0.742,0.142
NA,NA,416,0.670413075,617.9434666,1.427299293,93.35614586,433,0.670413075,617.9434667,1.427299293,93.35614586,416,433,1,1,2.8e-9,Retained,-0.3998612267,-0.3998612267,0,0,0,0,6.908754779,-6.135456919,3,0.148,0.016,0,0.646,0.19
NA,NA,418,7.642709051,257.4764444,2.007965444,0,435,7.642709051,257.4764444,2.007965444,0,418,435,1,1,5.21e-10,Retained,2.033752128,2.033752128,0,0,0,0,6.908754779,-7.35226588,3,0.28,0.07,0.018,0.396,0.236
NA,NA,419,0.335206537,926.9151999,1.513879513,51.78467243,436,0.335206537,926.9152,1.513879513,51.78467243,419,436,1,1,7.36e-10,Retained,-1.093008409,-1.093008409,0,0,0,0,6.908754779,-5.788885395,3,0.206,0.016,0,0.604,0.174
NA,NA,421,0.201123922,1029.905778,1.302940032,57.89702387,438,0.201123922,1029.905778,1.302940032,57.89702387,421,438,1,1,9.6e-10,Retained,-1.603834034,-1.603834034,0,0,0,0,6.908754779,-5.533472359,3,0.236,0.028,0,0.57,0.166
NA,NA,422,1.005619612,566.4481777,1.602404365,233.0310259,439,1.005619612,566.4481777,1.602404365,233.0310259,422,439,1,1,0,Retained,0.005603880888,0.005603880888,0,0,0,0,6.908754779,-6.338192277,3,0.126,0.012,0,0.71,0.152
NA,NA,430,55.51020258,166.0536489,3.490035926,25.89233622,445,54.23641774,168.998754,3.510945348,25.89233622,430,445,0.974637681,0.997527838,7.316585032,Retained,4.016566834,3.993352597,-0.02321423729,0.01758041983,0.005973300985,0,3.611155609,0.5543618857,0,0.442,0.24,0.164,0.056,0.098
NA,NA,424,0.53633046,675.8756666,1.396297981,25.89233621,441,0.53633046,675.8756666,1.396297981,25.89233622,424,441,1,1,1.04e-9,Retained,-0.623004778,-0.623004778,0,0,0,0,6.908754779,-6.023886906,3,0.144,0.016,0.004,0.628,0.208
NA,NA,426,0.402247845,772.4293333,1.381976598,25.89233621,442,0.402247845,772.4293333,1.381976598,25.89233622,426,442,1,1,0,Retained,-0.9106868505,-0.9106868505,0,0,0,0,6.908754779,-5.880046911,3,0.19,0.018,0,0.602,0.19
NA,NA,468,3.352065373,463.4576,2.393653682,51.78467243,489,3.352065373,463.4576,2.393653682,51.78467243,468,489,1,1,4.94e-9,Retained,1.209576685,1.209576685,0,0,0,0,6.908754779,-6.94017374,3,0.138,0.03,0.01,0.702,0.12
NA,NA,472,3.217982758,337.9378333,1.710108792,73.23458607,494,3.419106681,363.4961569,1.89605625,115.7940477,472,494,0.916666667,0.862745106,24.65132257,Retained,1.168754691,1.229379313,0.060624622,0.07290677101,0.1032190816,0.4581403469,2.387057021,3.192858716,4,0.204,0.02,0,0.274,0.502
NA,NA,482,14.81612895,171.2626124,1.859623419,93.35614586,503,15.2854181,162.6167017,1.793489661,103.5693449,482,503,1,0.969298244,5.943725138,Retained,2.695716381,2.726899309,0.03118292729,-0.05180221516,-0.03621075106,0.1038186265,6.908754779,1.007011047,4,0.33,0.054,0.026,0.102,0.488
NA,NA,485,1.810115302,371.9104197,1.411518368,155.3540173,506,1.810115302,371.9104197,1.411518368,155.3540173,485,506,1,1,1.36e-9,Retained,0.593390546,0.593390546,0,0,0,0,6.908754779,-6.632084251,3,0.104,0.018,0,0.744,0.134
NA,NA,503,521.6484134,83.38782161,5.372626403,0,530,521.5143308,84.104338,5.418094658,0,503,530,0.994987791,0.995243609,7.111267072,Retained,6.256993823,6.256736754,-2.570693815e-4,0.008555872258,0.008427337495,0,5.109942764,-0.594310919,1,0.284,0.354,0.166,0.072,0.124
NA,NA,499,0.335206537,772.4293333,1.261566261,25.89233621,525,0.335206537,772.4293333,1.261566261,25.89233621,499,525,1,1,0,Retained,-1.093008409,-1.093008409,0,0,0,0,6.908754779,-5.788886132,3,0.206,0.016,0,0.604,0.174
NA,NA,505,0.26816523,772.4293333,1.128379167,103.5693449,531,0.26816523,772.4293333,1.128379167,103.5693449,505,531,1,1,3.03e-9,Retained,-1.316151959,-1.316151959,0,0,0,0,6.908754779,-5.67731133,3,0.218,0.022,0,0.59,0.17
NA,NA,510,0.26816523,772.4293333,1.128379167,51.78467243,535,0.26816523,772.4293333,1.128379167,51.78467243,510,535,1,1,0,Retained,-1.316151959,-1.316151959,0,0,0,0,6.908754779,-5.677314357,3,0.218,0.022,0,0.59,0.17
NA,NA,519,5.430345905,286.0849383,1.880631945,0,543,5.430345905,286.0849383,1.880631945,0,519,543,1,1,1.88e-9,Retained,1.692002834,1.692002834,0,0,0,0,6.908754779,-7.181389876,3,0.262,0.048,0.014,0.512,0.164
NA,NA,514,0.335206537,772.4293333,1.261566261,0,539,0.335206537,772.4293333,1.261566261,0,514,539,1,1,0,Retained,-1.093008409,-1.093008409,0,0,0,0,6.908754779,-5.788886132,3,0.206,0.016,0,0.604,0.174
NA,NA,535,0.80449569,643.6911111,1.62867504,77.67700864,559,0.80449569,643.6911111,1.62867504,77.67700865,535,559,1,1,4.79e-9,Retained,-0.2175396699,-0.2175396699,0,0,0,0,6.908754779,-6.226615707,3,0.136,0.016,0,0.672,0.176
NA,NA,541,0.670413075,617.9434666,1.427299293,129.4616811,565,0.670413075,617.9434666,1.427299293,129.4616811,541,565,1,1,1.56e-9,Retained,-0.3998612267,-0.3998612267,0,0,0,0,6.908754779,-6.135458161,3,0.148,0.016,0,0.646,0.19
NA,NA,544,156.1392051,119.0648908,4.1969594,0,568,153.9938832,126.1040488,4.41444219,0,544,568,0.982395878,0.996081829,6.144168198,Retained,5.05074795,5.036912882,-0.01383506759,0.05743870498,0.05052117106,0,3.967628594,-0.1373429178,1,0.232,0.48,0.136,0.064,0.088
NA,NA,547,1.743073994,386.2146667,1.438406848,0,571,0.603371767,686.6038518,1.504505556,106.7568371,547,571,0.346153846,1,23.64102256,Retained,0.5556502177,-0.5052217432,-1.060871961,0.5753641447,0.04492816443,11.57831834,-0.6346322867,3.45756558,1,0.096,0.516,0.378,0.01,0
NA,NA,551,0.737454382,561.7667878,1.360876479,0,574,0.53633046,675.8756666,1.396297981,25.89233622,551,574,0.545454545,0.75,27.975173,Retained,-0.3045510476,-0.623004778,-0.3184537304,0.1849223385,0.02569547298,10.16174093,0.1819556262,4.05599365,1,0.102,0.496,0.032,0.364,0.006
NA,NA,555,0.402247845,643.6911111,1.151647165,51.78467243,577,0.335206537,772.4293333,1.261566261,25.89233622,555,577,0.833333333,1,5.789702387,Retained,-0.9106868505,-1.093008409,-0.1823215583,0.1823215568,0.09116077831,-0.6931278702,1.604655119,2.783961963,0,0.626,0.046,0.016,0.27,0.042
NA,NA,467,0.26816523,772.4293332,1.128379167,231.5880955,485,0.26816523,772.4293332,1.128379167,231.5880955,467,485,1,1,0,Retained,-1.316151959,-1.316151959,0,0,0,0,6.908754779,-5.677314357,3,0.218,0.022,0,0.59,0.17
NA,NA,471,30.03450574,182.7622976,2.825477947,0,492,28.6936796,187.693109,2.836197817,0,471,492,0.953125,0.997663558,15.41708799,Retained,3.402346912,3.356676876,-0.04567003652,0.02662184178,0.003786823286,0,2.992201243,1.606732852,0,0.55,0.202,0.082,0.066,0.1
NA,NA,564,0.402247845,901.1675555,1.612306031,73.23458607,584,0.134082615,1158.644,1.196826841,36.61729303,564,584,0.333333333,1,36.61729304,Retained,-0.9106868505,-2.009299139,-1.098612289,0.2513144283,-0.2979917163,-0.6931335262,-0.6916505492,4.628256294,1,0.014,0.548,0.382,0.056,0
NA,NA,559,1.005619612,463.4576,1.311058117,51.78467243,585,1.072660919,482.7683333,1.410473959,57.89702387,559,585,0.466666667,0.4375,59.06134971,Retained,0.005603880888,0.07014240159,0.0645385207,0.04082199445,0.07309125496,0.111569737,-0.1332640712,4.648156663,3,0.016,0.02,0.014,0.812,0.138
NA,NA,483,15.15133549,205.0697345,2.251759971,0,504,15.15133549,205.0697345,2.251759971,0,483,504,1,1,3.04e-9,Retained,2.718088679,2.718088679,0,0,0,0,6.908754779,-7.69443164,0,0.47,0.118,0.04,0.2,0.172
NA,NA,481,2.078280531,573.0927312,2.330623133,51.78467243,495,0.603371767,600.7783704,1.316442362,25.89233622,481,495,0.290322581,1,127.5122552,Retained,0.731540884,-0.5052217432,-1.236762627,0.04717856029,-0.5712027531,-0.6931278702,-0.8917874474,5.054814822,2,0.008,0.134,0.834,0.018,0.006
NA,NA,481,2.078280531,573.0927312,2.330623133,51.78467243,502,1.206743534,643.6911111,1.994711402,25.89233622,481,502,0.580645161,1,85.19071389,Retained,0.731540884,0.1879254374,-0.5436154467,0.1161714317,-0.1556362917,-0.6931278702,0.3247613634,4.651498675,2,0.108,0.35,0.502,0.028,0.012
NA,NA,484,1.005619612,566.4481778,1.602404365,25.89233622,505,1.005619612,566.4481778,1.602404365,25.89233622,484,505,1,1,0,Retained,0.005603880888,0.005603880888,0,0,0,0,6.908754779,-6.338192277,3,0.126,0.012,0,0.71,0.152
NA,NA,509,0.26816523,965.5366666,1.410473959,129.4616811,534,0.26816523,965.5366666,1.410473959,129.4616811,509,534,1,1,0,Retained,-1.316151959,-1.316151959,0,0,0,0,6.908754779,-5.677314357,3,0.218,0.022,0,0.59,0.17
NA,NA,522,0.26816523,965.5366667,1.410473959,51.78467243,546,0.26816523,965.5366667,1.410473959,51.78467243,522,546,1,1,0,Retained,-1.316151959,-1.316151959,0,0,0,0,6.908754779,-5.677314357,3,0.218,0.022,0,0.59,0.17
NA,NA,530,0.26816523,965.5366666,1.410473959,77.67700864,554,0.26816523,965.5366666,1.410473959,77.67700864,530,554,1,1,0,Retained,-1.316151959,-1.316151959,0,0,0,0,6.908754779,-5.677314357,3,0.218,0.022,0,0.59,0.17
NA,NA,531,0.402247845,772.4293333,1.381976598,25.89233622,555,0.402247845,772.4293333,1.381976598,25.89233622,531,555,1,1,0,Retained,-0.9106868505,-0.9106868505,0,0,0,0,6.908754779,-5.880046911,3,0.19,0.018,0,0.602,0.19
NA,NA,534,468.0153674,110.7580236,6.759278208,0,558,339.5642223,112.2424461,5.834627749,0,534,558,0.721673113,0.994669318,716.6050361,Retained,6.148501132,5.827663096,-0.3208380353,0.01331337488,-0.1471056429,0,0.9505742601,4.072640605,2,0.026,0.066,0.89,0.008,0.01
NA,NA,534,468.0153674,110.7580236,6.759278208,0,516,122.0151796,117.1376352,3.650046958,25.89233622,534,516,0.257842716,0.98901099,1885.906935,Retained,6.148501132,4.80414546,-1.344355672,0.05600175849,-0.6161760777,10.16174093,-1.054687107,5.040279024,2,0.006,0.028,0.948,0.008,0.01
NA,NA,534,468.0153674,110.7580236,6.759278208,0,517,0.80449569,514.9528888,1.302940032,25.89233622,534,517,0.001718951,1,2193.15186,Retained,6.148501132,-0.2175396699,-6.366040802,1.536727564,-1.646292836,10.16174093,-5.906789925,5.191209827,2,0,0,1,0,0
NA,NA,536,0.134082615,1158.644,1.196826841,0,560,0.134082615,1158.644,1.196826841,0,536,560,1,1,0,Retained,-2.009299139,-2.009299139,0,0,0,0,6.908754779,-5.330740766,3,0.226,0.04,0,0.57,0.164
NA,NA,537,0.469289152,662.08228570000006,1.279461712,0,561,0.469289152,662.08228570000006,1.279461712,0,537,561,1,1,0,Retained,-0.7565361717,-0.7565361717,0,0,0,0,6.908754779,-5.95712225,3,0.158,0.016,0.002,0.62,0.204
NA,NA,540,3.150941451,377.9973333,1.892796703,73.23458607,564,3.150941451,377.9973333,1.892796703,73.23458607,540,564,1,1,0,Retained,1.147701282,1.147701282,0,0,0,0,6.908754779,-6.909240977,3,0.13,0.028,0.006,0.714,0.122
NA,NA,556,0.402247845,772.4293333,1.381976598,0,578,0.402247845,772.4293333,1.381976598,0,556,578,1,1,0,Retained,-0.9106868505,-0.9106868505,0,0,0,0,6.908754779,-5.880046911,3,0.19,0.018,0,0.602,0.19
NA,NA,563,2.279404454,545.2442353,2.322185168,0,586,2.212363146,561.7667879,2.357107205,0,563,586,0.970588235,1,4.675289531,Retained,0.8239142045,0.7940612411,-0.02985296339,0.02985296318,0.01492648144,0,3.464102548,1.702912801,3,0.122,0.03,0.004,0.736,0.108
NA,NA,565,1.877156609,358.6279047,1.386083521,0,588,1.877156609,358.6279047,1.386083521,0,565,588,1,1,0,Retained,0.6297581899,0.6297581899,0,0,0,0,6.908754779,-6.650269431,3,0.104,0.018,0,0.744,0.134
NA,NA,577,0.53633046,675.8756666,1.396297981,25.89233622,601,0.53633046,675.8756666,1.396297981,25.89233622,577,601,1,1,0,Retained,-0.623004778,-0.623004778,0,0,0,0,6.908754779,-6.023887947,3,0.144,0.016,0.004,0.628,0.208
NA,NA,380,0.26816523,965.5366664,1.410473959,181.2463535,400,0.26816523,965.5366664,1.410473959,181.2463535,380,400,1,1,0,Retained,-1.316151959,-1.316151959,0,0,0,0,6.908754779,-5.677314357,3,0.218,0.022,0,0.59,0.17
NA,NA,383,0.871536997,594.1764103,1.564780364,316.056242,404,0.134082615,1158.644,1.196826841,51.78467243,383,404,0.153846154,1,57.38948501,Retained,-0.1374969628,-2.009299139,-1.871802176,0.6678293725,-0.2680717164,-1.808809826,-1.699450245,4.690991948,2,0,0.414,0.58,0.006,0
NA,NA,583,1.474908764,456.4355151,1.563713104,25.89233622,608,1.474908764,456.4355151,1.563713104,25.89233622,583,608,1,1,0,Retained,0.388596133,0.388596133,0,0,0,0,6.908754779,-6.529688403,3,0.106,0.014,0,0.732,0.148
NA,NA,586,0.402247845,643.6911111,1.151647165,132.0255276,611,0.402247845,643.6911111,1.151647165,132.0255276,586,611,1,1,0,Retained,-0.9106868505,-0.9106868505,0,0,0,0,6.908754779,-5.880046911,3,0.19,0.018,0,0.602,0.19
NA,NA,386,1.407867457,662.08228570000006,2.216092691,202.2256105,405,1.273784842,691.1209824,2.200377445,208.7506883,386,405,0.904761905,1,13.11305813,Retained,0.3420761177,0.2419926591,-0.1000834586,0.04292504466,-0.007116684521,0.03175654859,2.241951196,2.975011679,3,0.196,0.034,0.004,0.658,0.108
NA,NA,388,1.541950072,570.926029,1.999908227,93.35614586,407,0.53633046,675.8756666,1.396297981,208.7506883,388,407,0.347826087,1,83.45041197,Retained,0.4330478959,-0.623004778,-1.056052674,0.1687494791,-0.359276858,0.8047130352,-0.6272699431,4.780105565,2,0.012,0.384,0.586,0.016,0.002
NA,NA,389,0.603371767,772.4293333,1.692568751,221.2242176,408,0.603371767,772.4293333,1.692568751,292.9383443,389,408,1,1,0,Retained,-0.5052217432,-0.5052217432,0,0,0,0.2807843048,6.908754779,-6.082779464,3,0.15,0.016,0,0.64,0.194
NA,NA,390,0.871536997,475.3411282,1.251824291,25.89233622,409,0.871536997,475.3411282,1.251824291,25.89233622,390,409,1,1,0,Retained,-0.1374969628,-0.1374969628,0,0,0,0,6.908754779,-6.266641855,3,0.13,0.016,0,0.684,0.17
NA,NA,397,0.469289152,662.08228570000006,1.279461712,73.23458607,416,0.469289152,662.08228570000006,1.279461712,73.23458607,397,416,1,1,0,Retained,-0.7565361717,-0.7565361717,0,0,0,0,6.908754779,-5.95712225,3,0.158,0.016,0.002,0.62,0.204
NA,NA,402,0.402247845,901.1675555,1.612306031,25.89233622,420,0.402247845,901.1675555,1.612306031,25.89233622,402,420,1,1,0,Retained,-0.9106868505,-0.9106868505,0,0,0,0,6.908754779,-5.880046911,3,0.19,0.018,0,0.602,0.19
NA,NA,420,0.402247845,772.4293333,1.381976598,25.89233621,437,0.402247845,772.4293333,1.381976598,25.89233622,420,437,1,1,4.29e-9,Retained,-0.9106868505,-0.9106868505,0,0,0,0,6.908754779,-5.880042618,3,0.19,0.018,0,0.602,0.19
NA,NA,423,0.938578305,551.7352381,1.507860088,73.23458607,440,0.938578304,551.7352381,1.507860088,73.23458607,423,440,1,1,7.36e-10,Retained,-0.0633889901,-0.06338899117,0,0,0,0,6.908754779,-6.303695105,3,0.128,0.012,0,0.696,0.164
NA,NA,431,15.01725287,175.8656071,1.922521612,25.89233621,446,15.01725287,175.8656071,1.922521612,25.89233622,431,446,1,1,3.31e-9,Retained,2.709199731,2.709199731,0,0,0,0,6.908754779,-7.689986893,0,0.47,0.118,0.04,0.2,0.172
NA,NA,437,122.2833448,116.4572734,3.632832218,0,452,113.7690988,156.1244911,4.697624106,0,437,452,0.922697368,0.991750121,31.182729170000002,Retained,4.80634085,4.734170945,-0.07216990499,0.2931292551,0.2570443021,0,2.467803277,1.609090976,0,0.398,0.234,0.242,0.05,0.076
NA,NA,427,0.26816523,965.5366667,1.410473959,51.78467243,443,0.26816523,965.5366667,1.410473959,51.78467243,427,443,1,1,3.03e-9,Retained,-1.316151959,-1.316151959,0,0,0,0,6.908754779,-5.67731133,3,0.218,0.022,0,0.59,0.17
NA,NA,434,0.402247845,643.6911111,1.151647165,258.9233621,449,0.402247845,643.6911111,1.151647165,258.9233621,434,449,1,1,0,Retained,-0.9106868505,-0.9106868505,0,0,0,0,6.908754779,-5.880046911,3,0.19,0.018,0,0.602,0.19
NA,NA,439,0.26816523,965.5366666,1.410473959,417.5013765,454,0.26816523,965.5366666,1.410473959,417.5013765,439,454,1,1,0,Retained,-1.316151959,-1.316151959,0,0,0,0,6.908754779,-5.677314357,3,0.218,0.022,0,0.59,0.17
NA,NA,442,0.402247845,772.4293334,1.381976598,0,457,0.402247845,772.4293334,1.381976598,0,442,457,1,1,0,Retained,-0.9106868505,-0.9106868505,0,0,0,0,6.908754779,-5.880046911,3,0.19,0.018,0,0.602,0.19
NA,NA,446,1.944197916,506.0743908,1.990580135,0,461,1.944197916,506.0743908,1.990580135,0,446,461,1,1,9.31e-10,Retained,0.6648495095,0.6648495095,0,0,0,0,6.908754779,-6.667814159,3,0.102,0.022,0.002,0.744,0.13
NA,NA,449,0.134082615,1158.644,1.196826841,25.89233622,464,0.134082615,1158.644,1.196826841,25.89233622,449,464,1,1,0,Retained,-2.009299139,-2.009299139,0,0,0,0,6.908754779,-5.330740766,3,0.226,0.04,0,0.57,0.164
NA,NA,452,0.335206537,926.9152,1.513879513,25.89233621,467,0.335206537,926.9151999,1.513879513,25.89233622,452,467,1,1,5.86e-9,Retained,-1.093008409,-1.093008409,0,0,0,0,6.908754779,-5.788880269,3,0.206,0.016,0,0.604,0.174
NA,NA,460,3.486147988,356.5058461,1.877736436,57.89702387,477,2.815734914,386.2146666,1.828183198,51.78467243,460,477,0.807692308,1,29.17876407,Retained,1.248797398,1.035223298,-0.2135741001,0.08004270765,-0.02674434228,-0.111569737,1.43113533,3.321441702,0,0.436,0.162,0.068,0.314,0.02
NA,NA,470,67.376514,107.6020962,2.491552648,36.61729303,479,0.335206537,772.4293333,1.261566261,77.67700864,470,479,0.004975124,1,151.2814881,Retained,4.2102965,-1.093008409,-5.303304909,1.971100398,-0.6805520563,0.7520242631,-5.116167382,3.486365564,2,0,0.002,0.998,0,0
NA,NA,470,67.376514,107.6020962,2.491552648,36.61729303,480,0.670413075,617.9434667,1.427299293,0,470,480,0.009950249,1,260.2302434,Retained,4.2102965,-0.3998612267,-4.610157727,1.747956846,-0.5571220172,-10.5083032,-4.50540254,4.028787326,2,0,0.004,0.996,0,0
NA,NA,470,67.376514,107.6020962,2.491552648,36.61729303,482,2.011239224,411.9623111,1.648103262,36.61729303,470,482,0.029850746,1,481.5917152,Retained,4.2102965,0.6987510614,-3.511545439,1.342491738,-0.4132809811,0,-3.449319237,4.64431546,2,0,0.012,0.988,0,0
NA,NA,470,67.376514,107.6020962,2.491552648,36.61729303,483,0.134082615,1158.644,1.196826841,0,470,483,0.00199005,1,336.7087891,Retained,4.2102965,-2.009299139,-6.219595639,2.376565506,-0.7332323143,-10.5083032,-5.811474629,4.286438092,2,0,0,1,0,0
NA,NA,470,67.376514,107.6020962,2.491552648,36.61729303,486,1.608991379,450.5837778,1.612306031,0,470,486,0.023880597,1,94.37554785,Retained,4.2102965,0.47560751,-3.73468899,1.432103897,-0.435240598,-10.5083032,-3.670520596,3.014509301,2,0.002,0.048,0.95,0,0
NA,NA,470,67.376514,107.6020962,2.491552648,36.61729303,487,0.335206537,772.4293332,1.261566261,0,470,487,0.004975124,1,307.3344304,Retained,4.2102965,-1.093008409,-5.303304909,1.971100398,-0.6805520563,-10.5083032,-5.116167382,4.195156451,2,0,0.014,0.986,0,0
NA,NA,470,67.376514,107.6020962,2.491552648,36.61729303,488,1.407867457,514.9528889,1.723627649,0,470,488,0.020895522,1,166.8163725,Retained,4.2102965,0.3420761177,-3.868220383,1.56563529,-0.3684749015,-10.5083032,-3.801377035,3.584116329,2,0,0.076,0.924,0,0
NA,NA,470,67.376514,107.6020962,2.491552648,36.61729303,491,14.3468398,231.0069034,2.468301181,0,470,491,0.212935323,1,256.064926,Retained,4.2102965,2.663529695,-1.546766805,0.764007466,-0.009375936523,-10.5083032,-1.303906424,4.012651628,2,0.004,0.038,0.958,0,0
NA,NA,470,67.376514,107.6020962,2.491552648,36.61729303,493,0.53633046,675.8756666,1.396297981,81.87875639,470,493,0.007960199,1,672.4662013,Retained,4.2102965,-0.623004778,-4.833301278,1.837569005,-0.5790816346,0.8047038605,-4.707978308,4.978170032,2,0,0,1,0,0
NA,NA,474,0.201123922,1029.905778,1.302940032,25.89233622,496,0.201123922,1029.905778,1.302940032,25.89233622,474,496,1,1,3.06e-9,Retained,-1.603834034,-1.603834034,0,0,0,0,6.908754779,-5.533470257,3,0.236,0.028,0,0.57,0.166
NA,NA,475,0.201123922,1029.905778,1.302940032,73.23458607,497,0.201123922,1029.905778,1.302940032,173.6910716,475,497,1,1,3.11e-9,Retained,-1.603834034,-1.603834034,0,0,0,0.8636025767,6.908754779,-5.533470213,3,0.236,0.036,0,0.558,0.17
NA,NA,477,0.26816523,772.4293333,1.128379167,25.89233622,499,0.26816523,772.4293333,1.128379167,25.89233622,477,499,1,1,3.03e-9,Retained,-1.316151959,-1.316151959,0,0,0,0,6.908754779,-5.67731133,3,0.218,0.022,0,0.59,0.17
NA,NA,480,0.53633046,579.322,1.196826841,51.78467243,501,0.53633046,579.322,1.196826841,51.78467243,480,501,1,1,0,Retained,-0.623004778,-0.623004778,0,0,0,0,6.908754779,-6.023887947,3,0.144,0.016,0.004,0.628,0.208
NA,NA,486,5.698511135,436.1953882,2.937357712,36.61729304,507,5.698511135,436.1953882,2.937357712,36.61729304,486,507,1,1,4.66e-10,Retained,1.740204936,1.740204936,0,0,0,0,6.908754779,-7.205492339,3,0.272,0.052,0.014,0.484,0.178
NA,NA,488,1.810115302,486.344395,1.845831712,234.4650765,508,0.670413075,617.9434666,1.427299293,36.61729304,488,508,0.37037037,1,60.42952972,Retained,0.593390546,-0.3998612267,-0.9932517727,0.2394799707,-0.257145916,-1.856762989,-0.5295188665,4.377164106,2,0.04,0.186,0.756,0.014,0.004
NA,NA,488,1.810115302,486.344395,1.845831712,234.4650765,511,0.26816523,965.5366666,1.410473959,51.78467243,488,511,0.148148148,1,138.0266811,Retained,0.593390546,-1.316151959,-1.909542505,0.6857670733,-0.2690041793,-1.510197397,-1.74364576,5.203123923,2,0,0.168,0.832,0,0
NA,NA,489,3.217982758,434.4915,2.198711304,36.61729304,512,3.150941451,427.3013333,2.139683229,36.61729304,489,512,0.979166667,1,3.579236078,Retained,1.168754691,1.147701282,-0.02105340905,-0.01668691886,-0.02721362358,0,3.804284787,1.263416339,3,0.19,0.03,0.01,0.654,0.116
NA,NA,513,0.335206537,772.4293333,1.261566261,36.61729304,537,0.26816523,772.4293333,1.128379167,36.61729304,513,537,0.8,1,8.187875639,Retained,-1.093008409,-1.316151959,-0.2231435498,0,-0.1115717757,0,1.382556039,3.221645751,3,0.216,0.128,0.05,0.562,0.044
NA,NA,515,0.402247845,772.4293333,1.381976598,51.78467243,541,0.402247845,772.4293333,1.381976598,51.78467243,515,541,1,1,0,Retained,-0.9106868505,-0.9106868505,0,0,0,0,6.908754779,-5.880046911,3,0.19,0.018,0,0.602,0.19
NA,NA,532,0.335206537,926.9151999,1.513879513,93.35614587,556,0.335206537,926.9151999,1.513879513,93.35614587,532,556,1,1,2.33e-9,Retained,-1.093008409,-1.093008409,0,0,0,0,6.908754779,-5.788883803,3,0.206,0.016,0,0.604,0.174
NA,NA,542,0.26816523,772.4293333,1.128379167,25.89233622,566,0.26816523,772.4293333,1.128379167,25.89233622,542,566,1,1,0,Retained,-1.316151959,-1.316151959,0,0,0,0,6.908754779,-5.677314357,3,0.218,0.022,0,0.59,0.17
NA,NA,543,0.871536997,475.3411282,1.251824291,25.89233621,567,0.871536997,475.3411282,1.251824291,25.89233621,543,567,1,1,5.21e-10,Retained,-0.1374969628,-0.1374969628,0,0,0,0,6.908754779,-6.266641334,3,0.13,0.016,0,0.684,0.17
NA,NA,545,0.26816523,772.4293333,1.128379167,57.89702387,569,0.26816523,772.4293333,1.128379167,57.89702387,545,569,1,1,0,Retained,-1.316151959,-1.316151959,0,0,0,0,6.908754779,-5.677314357,3,0.218,0.022,0,0.59,0.17
NA,NA,553,0.134082615,1158.644,1.196826841,0,575,0.134082615,1158.644,1.196826841,0,553,575,1,1,0,Retained,-2.009299139,-2.009299139,0,0,0,0,6.908754779,-5.330740766,3,0.226,0.04,0,0.57,0.164
NA,NA,572,0.26816523,772.4293333,1.128379167,36.61729304,595,0.26816523,772.4293333,1.128379167,36.61729304,572,595,1,1,1.86e-9,Retained,-1.316151959,-1.316151959,0,0,0,0,6.908754779,-5.677312494,3,0.218,0.022,0,0.59,0.17
NA,NA,581,261.5281404,170.2869076,7.768470837,0,605,257.8408685,178.1447786,8.069452017,0,581,605,0.982568572,0.99661988,6.172440631,Retained,5.566541889,5.552342606,-0.01419928332,0.04511187635,0.03801223472,0,3.977130107,-0.3906496804,1,0.232,0.436,0.178,0.058,0.096
NA,NA,487,10.72660919,265.5225833,2.45317066,544.3551956,510,10.72660919,265.5225833,2.45317066,544.3551956,487,510,1,1,1.63e-9,Retained,2.372727495,2.372727495,0,0,0,0,6.908754779,-7.521752454,0,0.376,0.086,0.032,0.29,0.216
NA,NA,493,0.938578305,662.08228570000006,1.809432105,36.61729304,519,0.938578305,662.08228570000006,1.809432105,36.61729304,493,519,1,1,7.36e-10,Retained,-0.0633889901,-0.0633889901,0,0,0,0,6.908754779,-6.303695105,3,0.128,0.012,0,0.696,0.164
NA,NA,494,1.743073994,356.5058461,1.327760167,155.3540173,521,1.743073994,356.5058461,1.327760167,155.3540173,494,521,1,1,6.98e-10,Retained,0.5556502177,0.5556502177,0,0,0,0,6.908754779,-6.613214746,3,0.104,0.018,0,0.742,0.136
NA,NA,497,1.273784842,528.5042807,1.682641576,51.78467243,523,0.938578305,496.5617142,1.357074079,77.67700865,497,523,0.736842105,1,17.21232956,Retained,0.2419926591,-0.0633889901,-0.3053816492,-0.06234313074,-0.2150339556,0.4054586714,1.02718284,3.297052671,3,0.098,0.336,0.218,0.336,0.012
NA,NA,501,0.469289152,662.08228570000006,1.279461712,103.5693449,526,0.402247845,643.6911111,1.151647165,129.4616811,501,526,0.857142857,1,7.625488366,Retained,-0.7565361717,-0.9106868505,-0.1541506788,-0.02817087696,-0.105246217,0.2231416201,1.785949841,2.982260528,3,0.222,0.068,0.048,0.574,0.088
NA,NA,502,0.53633046,579.322,1.196826841,324.4300429,528,0.53633046,579.322,1.196826841,409.3937819,502,528,1,1,0,Retained,-0.623004778,-0.623004778,0,0,0,0.2326069165,6.908754779,-6.023887947,3,0.146,0.016,0.002,0.636,0.2
NA,NA,504,1.541950072,638.0937971,2.235191548,77.67700864,527,0.26816523,772.4293333,1.128379167,57.89702387,504,527,0.173913043,1,40.59743358,Retained,0.4330478959,-1.316151959,-1.749199854,0.1910552367,-0.6835446906,-0.2938889343,-1.553620884,4.059570479,2,0.01,0.342,0.636,0.012,0
NA,NA,504,1.541950072,638.0937971,2.235191548,77.67700864,529,0.26816523,772.4293333,1.128379167,57.89702387,504,529,0.173913043,1,99.63079678,Retained,0.4330478959,-1.316151959,-1.749199854,0.1910552367,-0.6835446906,-0.2938889343,-1.553620884,4.957322353,2,0.012,0.24,0.744,0.004,0
NA,NA,508,0.871536997,475.3411282,1.251824291,77.67700865,533,0.871536997,475.3411282,1.251824291,103.5693449,508,533,1,1,1.56e-9,Retained,-0.1374969628,-0.1374969628,0,0,0,0.2876788544,6.908754779,-6.266640293,3,0.136,0.016,0,0.682,0.166
NA,NA,520,0.53633046,675.8756666,1.396297981,25.89233621,544,0.53633046,675.8756666,1.396297981,25.89233621,520,544,1,1,2.33e-10,Retained,-0.623004778,-0.623004778,0,0,0,0,6.908754779,-6.023887714,3,0.144,0.016,0.004,0.628,0.208
NA,NA,523,0.335206537,772.4293333,1.261566261,0,547,0.335206537,772.4293333,1.261566261,0,523,547,1,1,1.65e-9,Retained,-1.093008409,-1.093008409,0,0,0,0,6.908754779,-5.788884485,3,0.206,0.016,0,0.604,0.174
NA,NA,525,0.26816523,965.5366666,1.410473959,25.89233622,549,0.26816523,965.5366666,1.410473959,25.89233622,525,549,1,1,0,Retained,-1.316151959,-1.316151959,0,0,0,0,6.908754779,-5.677314357,3,0.218,0.022,0,0.59,0.17
NA,NA,548,1.474908764,386.2146666,1.323141857,25.89233622,572,1.474908764,386.2146666,1.323141857,25.89233622,548,572,1,1,3.75e-9,Retained,0.388596133,0.388596133,0,0,0,0,6.908754779,-6.529684648,3,0.106,0.014,0,0.732,0.148
NA,NA,554,1.139702227,499.8072157,1.505196806,25.89233621,576,1.139702227,499.8072157,1.505196806,25.89233622,554,576,1,1,1.36e-9,Retained,0.1307670239,0.1307670239,0,0,0,0,6.908754779,-6.40077249,3,0.116,0.01,0,0.724,0.15
NA,NA,558,5.430345905,276.5487737,1.817944214,25.89233621,581,5.631469827,257.4764444,1.723627649,25.89233621,558,581,0.962962963,0.928571403,9.547426954,Retained,1.692002834,1.728370479,0.0363676441,-0.07145896429,-0.05327514186,0,3.232492531,1.98273995,4,0.174,0.012,0.01,0.3,0.504
NA,NA,573,0.737454382,631.9876364,1.530986039,25.89233621,597,0.737454382,631.9876363,1.530986039,25.89233621,573,597,1,1,1.92e-9,Retained,-0.3045510476,-0.3045510476,0,0,0,0,6.908754779,-6.183112892,3,0.144,0.016,0,0.656,0.184
NA,NA,574,0.134082615,1158.644,1.196826841,81.87875638,599,0.134082615,1158.644,1.196826841,81.87875638,574,599,1,1,0,Retained,-2.009299139,-2.009299139,0,0,0,0,6.908754779,-5.330740766,3,0.226,0.04,0,0.57,0.164
NA,NA,557,160.2957662,160.5593386,5.7344486,0,580,160.1616835,160.0470992,5.713762544,0,557,580,0.992053534,0.99288404,2.293870529,Retained,5.077020648,5.076183827,-8.368206634e-4,-0.003195443232,-0.003613853423,0,4.7095259799999996,-1.135468953,0,0.36,0.212,0.19,0.074,0.164
NA,NA,491,3.016858836,360.4670222,1.766192765,1336.405788,513,0.402247845,643.6911111,1.151647165,4326.810039,491,513,0.133333333,1,84.17013044,Retained,1.10421617,-0.9106868505,-2.01490302,0.5798184953,-0.4276330147,1.174846279,-1.865483346,4.453108852,2,0,0.3,0.7,0,0
NA,NA,507,0.201123922,1029.905778,1.302940032,139.4344978,532,0.201123922,1029.905778,1.302940032,139.4344978,507,532,1,1,0,Retained,-1.603834034,-1.603834034,0,0,0,0,6.908754779,-5.533473319,3,0.236,0.028,0,0.57,0.166
NA,NA,539,0.80449569,579.322,1.465807536,25.89233622,563,0.80449569,579.322,1.465807536,25.89233622,539,563,1,1,0,Retained,-0.2175396699,-0.2175396699,0,0,0,0,6.908754779,-6.226620501,3,0.136,0.016,0,0.672,0.176
NA,NA,567,5.83259375,239.7194483,1.633161756,51.78467243,593,18.03411171,281.405482,3.37112611,25.89233622,567,593,1,0.323420078,336.0270987,Retained,1.763461799,2.892265059,1.128803261,0.1603273515,0.7247289822,-0.6931278702,6.908754779,5.507828827,4,0.082,0.016,0.046,0.03,0.826
NA,NA,569,33.72177766,281.022998,4.603542542,51.78467243,591,33.31952981,273.5363434,4.454095629,25.89233621,569,591,0.97415507,0.985915482,10.69510717,Retained,3.51814385,3.506143706,-0.01200014416,-0.02700201373,-0.03300208596,-0.6931278706,3.592519528,1.183172877,0,0.412,0.16,0.162,0.136,0.13
NA,NA,570,11.32998096,315.3705562,2.994544713,25.89233622,593,18.03411171,281.405482,3.37112611,25.89233622,570,593,0.958579882,0.602230489,182.5820432,Retained,2.427452395,2.892265059,0.4648126649,-0.1139516907,0.1184546415,0,3.118872835,4.565843846,4,0.012,0.002,0.002,0.024,0.96
NA,NA,569,33.72177766,281.022998,4.603542542,51.78467243,579,0.335206537,772.4293333,1.261566261,25.89233621,569,579,0.005964215,0.600000024,378.8707769,Retained,3.51814385,-1.093008409,-4.611152259,1.011104017,-1.294472112,-0.6931278706,-4.961993807,4.750490846,2,0,0.004,0.996,0,0
NA,NA,562,1.474908764,596.8772121,2.044855597,109.8518791,583,1.474908764,596.8772121,2.044855597,109.8518791,562,583,1,1,0,Retained,0.388596133,0.388596133,0,0,0,0,6.908754779,-6.529688403,3,0.106,0.014,0,0.732,0.148
NA,NA,575,5.363304597,415.1807666,2.712367461,25.89233622,592,0.335206537,772.4293332,1.261566261,36.61729304,575,592,0.0625,1,210.8440081,Retained,1.679580314,-1.093008409,-2.772588723,0.620826519,-0.7654678421,0.3465622786,-2.69324295,5.083698091,2,0,0.066,0.934,0,0
NA,NA,571,0.335206537,772.4293333,1.261566261,36.61729304,594,0.335206537,772.4293333,1.261566261,36.61729304,571,594,1,1,0,Retained,-1.093008409,-1.093008409,0,0,0,0,6.908754779,-5.788886132,3,0.206,0.016,0,0.604,0.174
NA,NA,575,5.363304597,415.1807666,2.712367461,25.89233622,598,3.352065373,370.76608,1.914922946,0,575,598,0.625,1,14.74854949,Retained,1.679580314,1.209576685,-0.4700036293,-0.1131426559,-0.3481444706,-10.16174093,0.5097612277,2.423787325,2,0.128,0.11,0.666,0.074,0.022
NA,NA,575,5.363304597,415.1807666,2.712367461,25.89233622,600,3.95543714,353.4846102,1.983183142,0,575,600,0.1375,0.186440676,321.8049716,Retained,1.679580314,1.375091124,-0.3044891908,-0.1608740587,-0.3131186541,-10.16174093,-1.830123572,5.506523577,2,0.038,0.12,0.788,0.03,0.024
NA,NA,576,2.949817528,315.9938182,1.530986039,25.89233622,600,3.95543714,353.4846102,1.983183142,0,576,600,1,0.745762706,38.40621786,Retained,1.081743314,1.375091124,0.29334781,0.1121172981,0.2587912035,-10.16174093,6.908754779,3.679738693,4,0.062,0.006,0.03,0.054,0.848
NA,NA,578,2.212363146,444.7320404,1.866043204,25.89233622,602,2.212363146,444.7320404,1.866043204,25.89233622,578,602,1,1,7.36e-10,Retained,0.7940612411,0.7940612411,0,0,0,0,6.908754779,-6.73242022,3,0.102,0.02,0.002,0.75,0.126
NA,NA,579,5.832593749,346.2614253,2.359011426,25.89233622,603,5.832593749,346.2614253,2.359011426,25.89233622,579,603,1,1,2.29e-9,Retained,1.763461798,1.763461798,0,0,0,0,6.908754779,-7.217118942,3,0.268,0.056,0.012,0.478,0.186
NA,NA,582,0.80449569,579.3219999,1.465807536,0,607,0.603371767,600.7783703,1.316442362,0,582,607,0.75,1,15.96953228,Retained,-0.2175396699,-0.5052217432,-0.2876820733,0.03636764423,-0.107473392,0,1.095952713,3.45188007,1,0.132,0.426,0.076,0.354,0.012
NA,NA,584,0.402247845,643.6911111,1.151647165,0,609,0.402247845,643.6911111,1.151647165,0,584,609,1,1,1.86e-9,Retained,-0.9106868505,-0.9106868505,0,0,0,0,6.908754779,-5.880045048,3,0.19,0.018,0,0.602,0.19
NA,NA,585,3.888395833,319.625931,1.77796132,0,610,3.888395833,319.625931,1.77796132,0,585,610,1,1,6.98e-10,Retained,1.35799669,1.35799669,0,0,0,0,6.908754779,-7.014387983,3,0.166,0.042,0.016,0.646,0.13
NA,NA,587,9.318741738,338.9797794,2.91909009,0,612,9.318741738,338.9797794,2.91909009,0,587,612,1,1,0,Retained,2.232027613,2.232027613,0,0,0,0,6.908754779,-7.451404143,3,0.304,0.072,0.022,0.388,0.214
NA,NA,588,7.173419899,332.0724237,2.508944223,25.89233621,613,7.173419899,332.0724237,2.508944223,25.89233621,588,613,1,1,2e-9,Retained,1.970382514,1.970382514,0,0,0,0,6.908754779,-7.32057959,3,0.278,0.07,0.016,0.402,0.234
NA,NA,314,0.737454382,491.5459394,1.19076692,51.78467243,337,0.737454382,491.5459394,1.19076692,51.78467243,314,337,1,1,0,Retained,-0.3045510476,-0.3045510476,0,0,0,0,6.908754779,-6.183114812,3,0.144,0.016,0,0.656,0.184
NA,NA,589,0.871536997,534.7587692,1.408302327,57.89702387,614,0.871536997,534.7587692,1.408302327,57.89702387,589,614,1,1,0,Retained,-0.1374969628,-0.1374969628,0,0,0,0,6.908754779,-6.266641855,3,0.13,0.016,0,0.684,0.17
NA,NA,316,1.273784842,487.8501052,1.553207608,36.61729304,339,1.273784842,487.8501052,1.553207608,36.61729304,316,339,1,1,0,Retained,0.2419926591,0.2419926591,0,0,0,0,6.908754779,-6.456386666,3,0.106,0.016,0,0.726,0.152
NA,NA,315,0.134082615,1158.644,1.196826841,36.61729304,338,0.134082615,1158.644,1.196826841,36.61729304,315,338,1,1,0,Retained,-2.009299139,-2.009299139,0,0,0,0,6.908754779,-5.330740766,3,0.226,0.04,0,0.57,0.164
NA,NA,320,0.134082615,1158.644,1.196826841,51.78467243,343,0.134082615,1158.644,1.196826841,51.78467243,320,343,1,1,0,Retained,-2.009299139,-2.009299139,0,0,0,0,6.908754779,-5.330740766,3,0.226,0.04,0,0.57,0.164
NA,NA,323,2.011239224,411.9623111,1.648103262,51.78467243,346,2.011239224,411.9623111,1.648103262,51.78467243,323,346,1,1,0,Retained,0.6987510614,0.6987510614,0,0,0,0,6.908754779,-6.684765867,3,0.102,0.022,0.002,0.744,0.13
NA,NA,332,15.88878987,335.6971364,3.774749318,0,356,14.41388111,337.7132899,3.616876562,0,332,356,0.907172996,1,45.61458077,Retained,2.765613821,2.668191708,-0.09742211271,0.005987907063,-0.04272314946,0,2.269982181,3.009807374,0,0.57,0.044,0.156,0.124,0.106
NA,NA,332,15.88878987,335.6971364,3.774749318,0,305,1.072660919,482.7683333,1.410473959,25.89233621,332,305,0.067510549,1,458.7008395,Retained,2.765613821,0.07014240159,-2.695471419,0.3633275237,-0.9844081856,10.16174093,-2.611941929,5.317958444,2,0,0.012,0.988,0,0
NA,NA,325,0.402247845,643.6911111,1.151647165,25.89233622,349,0.402247845,643.6911111,1.151647165,25.89233621,325,349,1,1,0,Retained,-0.9106868505,-0.9106868505,0,0,0,0,6.908754779,-5.880046911,3,0.19,0.018,0,0.602,0.19
NA,NA,327,0.26816523,965.5366666,1.410473959,51.78467243,352,0.26816523,965.5366666,1.410473959,51.78467243,327,352,1,1,0,Retained,-1.316151959,-1.316151959,0,0,0,0,6.908754779,-5.677314357,3,0.218,0.022,0,0.59,0.17
NA,NA,333,1.743073994,505.0499487,1.88099357,77.67700864,355,0.871536997,653.5940513,1.7212584,77.67700865,333,355,0.5,1,67.69644675,Retained,0.5556502177,-0.1374969628,-0.6931471806,0.2578291094,-0.0887444807,0,0,4.509588299,1,0.05,0.524,0.406,0.018,0.002
NA,NA,333,1.743073994,505.0499487,1.88099357,77.67700864,357,0.134082615,1158.644,1.196826841,77.67700864,333,357,0.076923077,1,109.6802143,Retained,0.5556502177,-2.009299139,-2.564949357,0.8303483021,-0.4521263766,0,-2.47307317,4.992117941,2,0,0.296,0.704,0,0
NA,NA,417,0.402247845,772.4293333,1.381976598,233.0310259,434,0.402247845,772.4293333,1.381976598,1289.947771,417,434,1,1,1.49e-9,Retained,-0.9106868505,-0.9106868505,0,0,0,1.71118189,6.908754779,-5.88004542,3,0.198,0.022,0,0.588,0.192
NA,NA,338,10.86069181,238.4041152,2.216346002,36.61729304,362,10.86069181,238.4041152,2.216346002,36.61729304,338,362,1,1,6.98e-10,Retained,2.385150015,2.385150015,0,0,0,0,6.908754779,-7.527964645,0,0.38,0.088,0.032,0.284,0.216
NA,NA,349,0.469289152,662.08228570000006,1.279461712,310.7080346,371,0.469289152,662.08228570000006,1.279461712,310.7080346,349,371,1,1,0,Retained,-0.7565361717,-0.7565361717,0,0,0,0,6.908754779,-5.95712225,3,0.158,0.016,0.002,0.62,0.204
NA,NA,357,12.73784842,219.5325474,2.210253174,36.61729303,378,12.73784842,219.5325474,2.210253174,36.61729304,357,378,1,1,1.82e-9,Retained,2.544577752,2.544577752,0,0,0,0,6.908754779,-7.607677394,0,0.432,0.104,0.034,0.234,0.196
NA,NA,391,3.821354526,243.9250526,1.345117246,518.4936286,410,2.815734914,312.6499682,1.479957827,1289.947771,391,410,0.736842105,1,21.84266528,Retained,1.340604948,1.035223298,-0.3053816495,0.2482232357,0.0955324111,0.911428116,1.02718284,2.98597343,0,0.778,0.104,0.068,0.046,0.004
