City,Interval,Patch_ID_1996,Area_ha_1996,ED_m_per_ha_1996,Shape_Index_1996,ENN_m_1996,Patch_ID_2007,Area_ha_2007,ED_m_per_ha_2007,Shape_Index_2007,ENN_m_2007,Parent_ID,Child_ID,R1_parent,R2_child,Centroid_Shift_m,Event_Type,log_area_parent,log_area_child,log_change_area,log_change_ED,log_change_shape_index,log_change_ENN,logit_retention_ratio,log_centroid_shift,Predicted_Typology,Prob_0,Prob_1,Prob_2,Prob_3,Prob_4
Kuching,1996_2007,142,3.496998709,321.2964041,1.69491791,29.56771342,135,4.22360237,281.9980106,1.634867743,25.89233621,142,135,0.825644251,0.683605254,23.83198235,Retained,1.251905089,1.440688406,0.1887833172,-0.130464058,-0.03607239904,-0.1327311769,1.550557672,3.117482833,4,0.14,0,0.006,0.098,0.756
Kuching,1996_2007,153,21.15684219,209.6322776,2.720061003,0,151,22.92812715,212.3051384,2.867740596,25.89233621,153,151,0.858929676,0.792574108,32.44133223,Retained,3.051963361,3.132364417,0.08040105572,0.01266963513,0.052870163320000003,10.16174093,1.800528439,2.525847383,4,0.166,0.05,0.018,0.036,0.73
Kuching,1996_2007,152,0.611974774,579.7829847,1.279461712,29.56771343,152,0.938578305,441.3881905,1.20628807,51.78467243,152,152,0.833444381,0.543425024,21.39005552,Retained,-0.4910642163,-0.0633889901,0.4276752262,-0.2727291304,-0.05889151819,0.5603966934,1.605450742,3.880869919,4,0.016,0,0.002,0.126,0.856
Kuching,1996_2007,159,0.611974774,579.7829848,1.279461712,118.2708537,157,0.603371767,600.7783704,1.316442362,103.5693449,159,157,0.501629567,0.50878191,35.5130004,Retained,-0.4910642163,-0.5052217432,-0.01415752694,0.03557222908,0.02849346578,-0.1327347769,0.006505280426,4.387824047,3,0.006,0.014,0.012,0.936,0.032
Kuching,1996_2007,162,0.961674645,491.937078,1.360876479,29.56771343,160,1.206743534,429.1274074,1.329807601,25.89233622,162,160,0.698931846,0.556990802,24.40259074,Retained,-0.03907909238,0.1879254374,0.2270045297,-0.1365969563,-0.02309469115,-0.1327311768,0.8403303,3.786634772,4,0.042,0,0.002,0.378,0.578
Kuching,1996_2007,168,3.584423677,296.9620166,1.586008974,118.2708537,168,4.22360237,269.7372275,1.563786537,103.5693449,168,168,0.823028407,0.69847542,33.41925231,Retained,1.276597702,1.440688406,0.1640907045,-0.09615598677,-0.01411063394,-0.1327347769,1.532581056,3.443228165,4,0.092,0,0.006,0.106,0.796
Kuching,1996_2007,170,0.78682471,601.2564286,1.504505556,0,171,1.072660919,675.8756666,1.974663542,25.89233622,170,171,0.542443479,0.397896409,11.12214838,Retained,-0.2397497873,0.07014240159,0.3098921889,0.1169876206,0.2719337154,10.16174093,0.1698421489,3.101268213,4,0.052,0.044,0.004,0.22,0.68
Kuching,1996_2007,172,0.174849935,1014.620223,1.196826841,0,171,1.072660919,675.8756666,1.974663542,25.89233622,172,171,0.46460986,0.075734094,85.90982861,Retained,-1.743827187,0.07014240159,1.813969589,-0.4062605229,0.5007242701,10.16174093,-0.1415136963,5.897588418,4,0.002,0.01,0.206,0.048,0.734
Kuching,1996_2007,182,0.349699871,845.5168529,1.410473959,29.56771343,179,0.402247845,772.4293332,1.381976598,0,182,179,0.260501431,0.226470619,51.70132403,Retained,-1.050680004,-0.9106868505,0.1399931533,-0.09040757408,-0.02041099727,-10.2944721,-1.040883945,5.043207678,3,0.006,0.028,0.036,0.836,0.094
Kuching,1996_2007,187,0.699399742,676.4134822,1.595769122,0,181,0.469289152,882.7763809,1.705948949,25.89233622,187,181,0.194644712,0.290086538,41.29779045,Retained,-0.3575328232,-0.7565361717,-0.3990033485,0.2662673702,0.06676569607,10.16174093,-1.416224129,4.471964567,1,0.008,0.742,0.05,0.196,0.004
Kuching,1996_2007,182,0.349699871,845.5168529,1.410473959,29.56771343,189,7.776791666,259.696069,2.042963822,0,182,189,0.124823139,0.005612936,256.4381895,Retained,-1.050680004,2.051143871,3.101823875,-1.180436119,0.3704758184,-10.2944721,-1.940690705,6.644596503,4,0,0.01,0.368,0.04,0.582
Kuching,1996_2007,190,5.857472837,302.8717085,2.067801838,29.56771343,189,7.776791666,259.696069,2.042963822,0,190,189,0.876510532,0.660187006,16.96885096,Retained,1.767718254,2.051143871,0.2834256168,-0.1537973297,-0.01208452163,-10.2944721,1.95286784,2.519944113,4,0.076,0,0.014,0.054,0.856
Kuching,1996_2007,192,0.524549806,563.6779018,1.151647165,41.81506133,192,0.402247845,643.6911111,1.151647165,51.78467243,192,192,0.574957996,0.749771833,17.31730903,Retained,-0.6452148966,-0.9106868505,-0.2654719538,0.1327359776,0,0.2138330089,0.3014967921,3.746736659,3,0.124,0.406,0.006,0.464,0
Kuching,1996_2007,187,0.699399742,676.4134822,1.595769122,0,227,42.03489978,213.1264349,3.897960163,0,187,227,0.130699417,0.002174649,588.2880981,Retained,-0.3575328232,3.73850022,4.096033044,-1.154918968,0.893097553,0,-1.888316468,7.128349845,4,0,0.016,0.43,0.044,0.51
Kuching,1996_2007,200,0.174849935,1014.620223,1.196826841,0,227,42.03489978,213.1264349,3.897960163,0,200,227,0.23858628,9.92432e-4,81.12828775,Retained,-1.743827187,3.73850022,5.482327408,-1.560384076,1.180779626,0,-1.157575745,5.840322564,4,0,0.006,0.242,0.018,0.734
Kuching,1996_2007,208,0.174849935,1014.620223,1.196826841,41.81506133,227,42.03489978,213.1264349,3.897960163,0,208,227,0.775898551,0.003227456,354.7778133,Retained,-1.743827187,3.73850022,5.482327408,-1.560384076,1.180779626,-10.64103579,1.238758592,7.315773071,4,0.002,0,0.05,0.006,0.942
Kuching,1996_2007,197,2.885023935,368.9528085,1.767830404,0,195,3.217982758,402.3069444,2.0358438,103.5693449,197,195,0.635595458,0.56983155,35.38596131,Retained,1.059533196,1.168754691,0.1092214943,0.08654659493,0.1411573424,11.54800632,0.555129306,3.608941772,4,0.062,0.022,0.004,0.3,0.612
Kuching,1996_2007,211,0.437124839,676.4134822,1.261566261,59.13542685,219,1.474908764,421.3250909,1.44342748,25.89233622,211,219,0.918468167,0.27221024,22.94418125,Retained,-0.8275364519,0.388596133,1.216132585,-0.473399826,0.1346664666,-0.8258614473,2.41061135,4.119241116,4,0,0,0.002,0.006,0.992
Kuching,1996_2007,217,41.7017096,215.5447574,3.926534901,0,227,42.03489978,213.1264349,3.897960163,0,217,227,0.81574449,0.809278488,21.41202154,Retained,3.730542126,3.73850022,0.007958094814,-0.01128299825,-0.007303951194,0,1.483590297,1.7710931,0,0.442,0.106,0.176,0.072,0.204
Kuching,1996_2007,217,41.7017096,215.5447574,3.926534901,0,205,0.469289152,772.4293333,1.49270533,0,217,205,0.003832788,0.34058705,149.2531884,Retained,3.730542126,-0.7565361717,-4.487078297,1.276371948,-0.967167201,0,-5.329494944,3.712744695,2,0,0,1,0,0
Kuching,1996_2007,219,0.874249677,541.1307858,1.427299293,177.4062806,229,0.469289152,662.08228570000006,1.279461712,93.35614587,219,229,0.318404569,0.593163252,36.56897098,Retained,-0.1343892725,-0.7565361717,-0.6221468992,0.201728849,-0.1093446003,-0.6420156933,-0.7594438023,4.238787018,1,0.012,0.746,0.216,0.026,0
Kuching,1996_2007,221,8.655071805,170.8114854,1.417579666,41.81506133,231,8.916493893,185.8476591,1.56548612,57.89702387,221,231,0.842540453,0.817838073,32.56990661,Retained,2.158145485,2.187902808,0.02975732305,0.0843667772,0.09924543876,0.3254027459,1.672108523,2.976711655,4,0.208,0.044,0.004,0.35,0.394
Kuching,1996_2007,245,1.835924322,418.7321557,1.600511388,29.56771343,257,2.346445761,353.1105524,1.525847126,51.78467243,245,257,0.828878248,0.648537338,26.92731456,Retained,0.6075480724,0.8529017411,0.2453536687,-0.1704502815,-0.04777344739,0.5603966934,1.573076914,3.561769226,4,0.07,0.002,0.002,0.156,0.77
Kuching,1996_2007,254,0.699399742,676.4134823,1.595769122,243.8216111,269,0.938578305,606.9087619,1.658646096,289.4851194,254,269,0.652232506,0.486023635,24.76042264,Retained,-0.3575328232,-0.0633889901,0.2941438331,-0.1084260794,0.0386458366,0.1716663918,0.6275276302,3.960418258,4,0.002,0,0.004,0.258,0.736
Kuching,1996_2007,256,0.349699871,676.4134823,1.128379167,118.2708537,271,0.26816523,772.4293333,1.128379167,77.67700865,256,271,0.546031273,0.71205008,16.72139541,Retained,-1.050680004,-1.316151959,-0.2654719548,0.1327359774,0,-0.4204136312,0.1842772879,3.914453808,3,0.128,0.138,0.014,0.714,0.006
Kuching,1996_2007,257,0.174849935,1014.620223,1.196826841,66.11541716,272,0.201123922,1029.905778,1.302940032,77.67700865,257,272,0.180291655,0.156739116,49.65892604,Retained,-1.743827187,-1.603834034,0.1399931537,0.01495294244,0.08494951877,0.1611551038,-1.510060715,5.349476827,3,0.004,0.03,0.03,0.86,0.076
Kuching,1996_2007,265,0.349699871,676.4134822,1.128379167,66.11541716,281,0.26816523,772.4293333,1.128379167,93.35614586,265,281,0.434130555,0.566126347,25.64586404,Retained,-1.050680004,-1.316151959,-0.2654719548,0.1327359775,0,0.3450153316,-0.264482909,4.342126249,3,0.05,0.182,0.002,0.766,0
Kuching,1996_2007,266,0.349699871,845.5168528,1.410473959,83.63012267,282,0.402247845,901.1675556,1.612306031,81.87875638,266,282,0.13573553,0.118003607,40.55019457,Retained,-1.050680004,-0.9106868505,0.1399931533,0.06374310609,0.1337396826,-0.02116394609,-1.844986584,4.800270184,3,0,0.02,0.022,0.886,0.072
Kuching,1996_2007,274,0.524549806,676.4134822,1.381976598,206.973994,293,0.603371767,600.7783704,1.316442362,207.1386897,274,293,0.465725145,0.404884756,27.66243441,Retained,-0.6452148966,-0.5052217432,0.1399931534,-0.1185784506,-0.04858187401,7.954111031e-4,-0.1370398328,4.215083875,3,0.002,0.028,0.068,0.688,0.214
Kuching,1996_2007,275,0.699399742,507.3101117,1.196826841,121.9108056,295,0.670413075,540.7005333,1.248886881,106.7568371,275,295,0.498965913,0.520539701,35.47991569,Retained,-0.3575328232,-0.3998612267,-0.04232840348,0.06374310594,0.0425789041,-0.1327348135,-0.004128097679,4.32012632,3,0.01,0.04,0.008,0.904,0.038
Kuching,1996_2007,276,9.441896514,212.9449851,1.845831712,59.13542685,296,8.849452585,222.3660202,1.866043204,57.89702387,276,296,0.784822409,0.837363899,25.88798573,Retained,2.245156862,2.180355602,-0.06480125958,0.0432909174,0.0108902871,-0.02116384016,1.290630574,2.703604129,0,0.6,0.034,0.066,0.232,0.068
Kuching,1996_2007,280,1.486224451,397.8902837,1.368360733,384.3802745,299,1.139702227,454.3701961,1.368360733,340.5605114,280,299,0.534523666,0.697043598,43.84355998,Retained,0.3962389786,0.1307670239,-0.2654719547,0.1327359775,0,-0.1210392028,0.1380377951,4.154896105,1,0.144,0.602,0.078,0.172,0.004
Kuching,1996_2007,281,2.797598967,443.8963477,2.094446972,83.63012267,300,2.212363146,561.7667878,2.357107205,81.87875638,281,300,0.537130574,0.679217577,30.27421497,Retained,1.028761538,0.7940612411,-0.2347002965,0.2354957114,0.1181455632,-0.02116394609,0.1484981302,3.468313564,1,0.236,0.584,0.064,0.11,0.006
Kuching,1996_2007,287,3.934123547,315.659625,1.766192765,167.2602453,305,3.754313218,317.2477619,1.734039101,146.4691721,287,305,0.613756015,0.643151462,35.08215231,Retained,1.369688124,1.32290537,-0.04678275392,0.005018554898,-0.01837282198,-0.1327351289,0.4621705189,3.445241905,3,0.208,0.056,0.104,0.58,0.052
Kuching,1996_2007,290,1.486224451,397.8902837,1.368360733,132.2308343,310,1.340826149,424.8361333,1.387722887,139.4344978,290,310,0.43719791,0.484607369,44.05911783,Retained,0.3962389786,0.2932859531,-0.1029530255,0.06552722768,0.01405071486,0.05304541045,-0.252032628,4.159800469,3,0.02,0.23,0.08,0.638,0.032
Kuching,1996_2007,6,11.80237064,260.5444524,2.525000817,291.2082051,6,11.6651875,257.4764444,2.480723913,245.6362691,6,6,0.793513051,0.802844822,17.88583358,Retained,2.468300413,2.456608979,-0.011691433919999999,-0.01184525138,-0.01769096831,-0.1701859948,1.342660971,2.222279624,3,0.342,0.048,0.058,0.362,0.19
Kuching,1996_2007,1,0.786824709,526.0993751,1.316442362,29.56771343,33,32.38095151,254.2779793,4.081770876,51.78467243,1,33,0.981678004,0.023853794,1491.329376,Retained,-0.2397497885,3.477570334,3.717320122,-0.7270620457,1.131598015,0.5603966934,3.929037366,7.999663708,4,0,0.004,0.052,0.002,0.942
Kuching,1996_2007,292,7.605972192,217.6962931,1.693649229,59.13542685,313,7.374543821,224.7067151,1.721387716,51.78467243,292,313,0.768137089,0.792242825,29.68863646,Retained,2.028933753,1.998034046,-0.03089970791,0.03169512295,0.01624526907,-0.1327335771,1.194819307,2.94869611,3,0.34,0.032,0.062,0.448,0.118
Kuching,1996_2007,298,8.480221869,292.8800645,2.405960466,59.13542685,318,8.648328663,305.3790387,2.533380274,57.89702387,298,318,0.733717122,0.719455063,33.561254,Retained,2.137736613,2.157366084,0.01962947087,0.04179056583,0.05160530167,-0.02116384016,1.011177991,3.016898679,3,0.17,0.032,0.038,0.38,0.38
Kuching,1996_2007,13,1.311374516,450.9423215,1.456731241,132.2308343,17,1.676032687,525.2519466,1.918244584,129.4616811,13,17,0.697440092,0.545696497,22.32803598,Retained,0.271075836,0.5164295049,0.2453536689,0.1525386047,0.275215439,-0.02116403974,0.8332704269,3.542714918,4,0.054,0.008,0.002,0.266,0.67
Kuching,1996_2007,15,0.174849935,1014.620223,1.196826841,172.4079146,21,0.402247845,772.4293333,1.381976598,146.4691721,15,21,0.347952757,0.151248828,36.42814921,Retained,-1.743827187,-0.9106868505,0.8331403367,-0.2727291303,0.1438410365,-0.1630472614,-0.626712928,5.039647793,4,0,0.004,0.008,0.284,0.704
Kuching,1996_2007,27,0.262274903,901.884643,1.302940032,59.13542685,29,0.335206537,772.4293333,1.261566261,25.89233621,27,29,0.330579962,0.258654952,37.51015531,Retained,-1.338362077,-1.093008409,0.2453536684,-0.154946095,-0.03226926078,-0.8258614477,-0.7040354451,4.866184345,3,0,0.008,0.01,0.884,0.098
Kuching,1996_2007,28,0.874249677,541.1307858,1.427299293,29.56771342,30,0.469289152,662.08228570000006,1.279461712,25.89233621,28,30,0.242263159,0.451317668,37.6184514,Retained,-0.1343892725,-0.7565361717,-0.6221468992,0.201728849,-0.1093446003,-0.1327311769,-1.137511183,4.26708082,1,0.012,0.8,0.156,0.032,0
Kuching,1996_2007,34,29.98676393,268.1989317,4.143018876,29.56771342,33,32.38095151,254.2779793,4.081770876,51.78467243,34,33,0.826535216,0.765422761,65.73231579,Retained,3.400756082,3.477570334,0.07681425158,-0.05330091233,-0.01489378672,0.5603966937,1.556728753,3.057592789,4,0.152,0.016,0.024,0.016,0.792
Kuching,1996_2007,34,29.98676393,268.1989317,4.143018876,29.56771342,50,46.45962607,196.1725291,3.77199505,51.78467243,34,50,0.004700445,0.003033841,1980.131087,Retained,3.400756082,3.838583679,0.4378275969,-0.3127344651,-0.09382066673,0.5603966937,-5.163503728,6.462905734,4,0.016,0.028,0.408,0.05,0.498
Kuching,1996_2007,31,2.885023935,286.9632955,1.374979203,29.56771342,27,0.26816523,772.4293333,1.128379167,51.78467243,31,27,0.009004297,0.096871667,159.7306173,Retained,1.059533196,-1.316151959,-2.375685155,0.9901862093,-0.1976563684,0.5603966937,-4.596704075,5.11609336,2,0,0.154,0.844,0.002,0
Kuching,1996_2007,31,2.885023935,286.9632955,1.374979203,29.56771342,31,0.26816523,965.5366666,1.410473959,51.78467243,31,31,0.069493894,0.747641861,64.31603144,Retained,1.059533196,-1.316151959,-2.375685155,1.213329761,0.02548718313,0.5603966937,-2.581276649,4.206422816,2,0.002,0.296,0.696,0.006,0
Kuching,1996_2007,32,0.524549806,563.6779019,1.151647165,106.6079069,34,0.26816523,772.4293333,1.128379167,150.9769669,32,34,0.108067111,0.21138677,44.68708484,Retained,-0.6452148966,-1.316151959,-0.670937062,0.3150575342,-0.02041099743,0.3479668489,-2.102548036,4.694679299,1,0.008,0.894,0.058,0.04,0
Kuching,1996_2007,44,1.223949548,386.5219898,1.20628807,29.56771343,41,0.938578304,441.3881905,1.20628807,25.89233622,44,41,0.538969431,0.702841103,33.33041954,Retained,0.2020829643,-0.06338899117,-0.2654719555,0.1327359777,0,-0.1327311768,0.1558814731,3.977823943,1,0.176,0.538,0.056,0.22,0.01
Kuching,1996_2007,48,1.486224451,636.6244539,2.189377173,0,36,0.335206537,772.4293333,1.261566261,51.78467243,48,36,0.067665747,0.300013512,142.7706258,Retained,0.3962389786,-1.093008409,-1.489247387,0.1933605993,-0.5512630942,10.8548688,-2.609512906,5.335491785,2,0.004,0.38,0.608,0.008,0
Kuching,1996_2007,48,1.486224451,636.6244539,2.189377173,0,42,0.26816523,772.4293333,1.128379167,25.89233621,48,42,0.00696486,0.038600624,64.70934685,Retained,0.3962389786,-1.316151959,-1.712390937,0.1933605993,-0.6628348699,10.16174093,-4.826733192,4.544166563,2,0.004,0.356,0.62,0.02,0
Kuching,1996_2007,48,1.486224451,636.6244539,2.189377173,0,47,0.80449569,772.4293333,1.954410048,25.89233621,48,47,0.313056407,0.578340054,56.31583274,Retained,0.3962389786,-0.2175396699,-0.6137786486,0.1933605993,-0.1135287253,10.16174093,-0.7841342378,4.405238927,1,0.018,0.626,0.33,0.026,0
Kuching,1996_2007,49,0.524549806,563.6779018,1.151647165,88.70314028,48,0.871536997,475.3411282,1.251824291,77.67700864,49,48,0.732117673,0.440637857,21.81475942,Retained,-0.6452148966,-0.1374969628,0.5077179338,-0.1704502814,0.0834086852,-0.1327343773,1.003032387,3.977605009,4,0.002,0,0.002,0.046,0.95
Kuching,1996_2007,54,0.349699871,676.4134823,1.128379167,29.56771343,49,0.737454382,631.9876363,1.530986039,25.89233621,54,49,0.366834064,0.173952222,69.44780256,Retained,-1.050680004,-0.3045510476,0.7461289562,-0.06793471812,0.3051297602,-0.1327311772,-0.5446787255,5.338294772,4,0,0.002,0.026,0.058,0.914
Kuching,1996_2007,55,0.174849935,1014.620223,1.196826841,29.56771343,52,0.26816523,772.4293333,1.128379167,57.89702387,55,52,0.503186425,0.328089207,23.92797969,Retained,-1.743827187,-1.316151959,0.4276752286,-0.2727291303,-0.05889151774,0.6719664303,0.012720431,4.6193688,3,0,0.01,0,0.778,0.212
Kuching,1996_2007,63,31.38556341,163.9219302,2.590580499,29.56771342,56,31.84462105,170.7475368,2.718113314,77.67700864,63,56,0.866614711,0.854121983,24.58828574,Retained,3.446348023,3.460868484,0.01452046075,0.04079579346,0.04805602359,0.9658553649,1.86503677,2.05150174,4,0.298,0.256,0.058,0.048,0.34
Kuching,1996_2007,72,1.398799484,676.4134822,2.256758334,0,144,970.087719,61.44202921,5.398413186,0,72,144,0.427326009,6.16175e-4,1149.502286,Retained,0.3356143573,6.877386499,6.541772142,-2.398710433,0.8721756378,0,-0.2921766661,7.451642967,4,0,0.008,0.442,0.02,0.53
Kuching,1996_2007,72,1.398799484,676.4134822,2.256758334,0,59,0.335206537,926.9152001,1.513879513,25.89233622,72,59,0.121070425,0.505220592,70.01308038,Retained,0.3356143573,-1.093008409,-1.428622766,0.3150575345,-0.3992538482,10.16174093,-1.975243744,4.653254134,1,0,0.512,0.486,0.002,0
Kuching,1996_2007,73,4.283823418,372.7176331,2.176159822,41.81506133,64,3.687271911,365.1484121,1.977958006,0,73,64,0.601760376,0.699117184,52.93965644,Retained,1.454845933,1.304886865,-0.1499590677,-0.02051723771,-0.09549677147,-10.64103579,0.4119579333,3.814113573,2,0.128,0.14,0.58,0.124,0.028
Kuching,1996_2007,73,4.283823418,372.7176331,2.176159822,41.81506133,65,1.005619612,669.4387555,1.893750613,0,73,65,0.079849155,0.340148181,131.8943748,Retained,1.454845933,0.005603880888,-1.449242052,0.5856185658,-0.13900245990000001,-10.64103579,-2.433038672,4.72695097,2,0,0.01,0.988,0.002,0
Kuching,1996_2007,78,5.595197934,243.0860952,1.622045053,29.56771343,67,5.430345905,257.4764444,1.692568751,57.89702387,78,67,0.811832872,0.836478114,12.74227594,Retained,1.721908718,1.692002834,-0.02990588359,0.05751255604,0.04255961444,0.6719664303,1.457894619,2.256414339,3,0.328,0.06,0.014,0.53,0.068
Kuching,1996_2007,11,1.223949548,531.467736,1.658646097,59.13542684,13,0.80449569,514.9528889,1.302940032,0,11,13,0.30009244,0.456556827,28.7931399,Retained,0.2020829643,-0.2175396699,-0.4196226342,-0.03156707366,-0.2413783913,-10.98760237,-0.8449586823,3.831495352,2,0.022,0.328,0.572,0.072,0.006
Kuching,1996_2007,10,0.437124839,676.4134822,1.261566261,59.13542685,14,0.335206537,772.4293333,1.261566261,77.67700865,10,14,0.65583182,0.85523504,14.00937067,Retained,-0.8275364519,-1.093008409,-0.2654719569,0.1327359775,0,0.2727250943,0.6433962275,3.625930986,3,0.212,0.276,0.004,0.506,0.002
Kuching,1996_2007,11,1.223949548,531.467736,1.658646097,59.13542684,15,0.335206537,772.4293333,1.261566261,0,11,15,0.201675454,0.736383557,85.56701746,Retained,0.2020829643,-1.093008409,-1.295091373,0.3738980344,-0.2736476521,-10.98760237,-1.372161103,4.920635046,2,0.006,0.19,0.796,0.002,0.006
Kuching,1996_2007,14,0.874249677,608.772134,1.605711705,0,19,0.80449569,643.6911111,1.62867504,0,14,19,0.535866664,0.582329094,27.71546582,Retained,-0.1343892725,-0.2175396699,-0.08315039743,0.0557749364,0.01419973717,0,0.1434256572,3.96158625,3,0.018,0.052,0.01,0.902,0.018
Kuching,1996_2007,83,1.486224451,477.4683404,1.642032879,29.56771343,77,1.273784842,528.5042807,1.682641576,25.89233622,83,77,0.593895418,0.692944229,36.92778475,Retained,0.3962389786,0.2419926591,-0.1542463196,0.1015530501,0.02442989063,-0.1327311768,0.3793155114,3.983236775,3,0.128,0.33,0.054,0.462,0.026
Kuching,1996_2007,19,0.961674645,553.4292127,1.530986039,0,22,0.603371767,600.7783703,1.316442362,0,19,22,0.164234462,0.26176253,63.07924018,Retained,-0.03907909238,-0.5052217432,-0.4661426508,0.08209224467,-0.15097908,0,-1.622178462,4.736312059,1,0.016,0.794,0.086,0.096,0.008
Kuching,1996_2007,19,0.961674645,553.4292127,1.530986039,0,24,6.234841594,332.2276702,2.340149379,0,19,24,9.80595e-4,1.51249e-4,232.3517375,Retained,-0.03907909238,1.830153173,1.869232265,-0.5103133661,0.4243027668,0,-6.224377379,6.040161126,4,0,0.022,0.422,0.058,0.498
Kuching,1996_2007,22,6.032322773,274.4866305,1.901772441,29.56771342,24,6.234841594,332.2276702,2.340149379,0,22,24,0.758186657,0.73355937,39.94631907,Retained,1.797132139,1.830153173,0.03302103349,0.1909179327,0.2074284495,-10.2944721,1.13995466,3.361360436,0,0.33,0.032,0.154,0.272,0.212
Kuching,1996_2007,24,0.262274903,901.8846428,1.302940032,0,26,0.469289152,882.7763812,1.705948949,0,24,26,0.670342618,0.374639064,39.32091022,Retained,-1.338362077,-0.7565361717,0.5818259055,-0.02141470181,0.2694982502,0,0.7081968751,4.913327857,4,0,0.004,0,0.134,0.862
Kuching,1996_2007,46,0.349699871,845.5168527,1.410473959,0,45,0.469289152,662.08228570000006,1.279461712,0,46,45,0.347838373,0.259198487,40.83117078,Retained,-1.050680004,-0.7565361717,0.2941438321,-0.2445582535,-0.09748633706,0,-0.6272159129,4.807175215,4,0.004,0.008,0.016,0.478,0.494
Kuching,1996_2007,148,0.786824709,450.9423215,1.128379167,0,344,3922.653941,77.33402325,13.6633021,0,148,344,0.767233067,1.53895e-4,273.7166983,Retained,-0.2397497885,8.274523729,8.514273518,-1.763205437,2.493931322,0,1.189768554,6.304337114,4,0.002,0,0.042,0.006,0.95
Kuching,1996_2007,151,0.699399742,591.861797,1.396297981,29.56771342,148,0.335206537,772.4293333,1.261566261,0,151,148,0.396630939,0.827560186,27.93922483,Retained,-0.3575328232,-1.093008409,-0.7354755855,0.26626737,-0.1014704217,-10.2944721,-0.4186607533,4.081198755,1,0.01,0.59,0.356,0.044,0
Kuching,1996_2007,151,0.699399742,591.861797,1.396297981,29.56771342,149,0.469289152,662.08228570000006,1.279461712,0,151,149,0.293238978,0.437025368,50.27113951,Retained,-0.3575328232,-0.7565361717,-0.3990033485,0.1121166902,-0.08738498302,-10.2944721,-0.8777142097,4.668582392,1,0.068,0.568,0.156,0.202,0.006
Kuching,1996_2007,154,1.223949548,434.8372386,1.357074079,29.56771342,153,0.938578304,496.5617143,1.357074079,25.89233622,154,153,0.639942275,0.83451432,17.13415661,Retained,0.2020829643,-0.06338899117,-0.2654719555,0.1327359775,0,-0.1327311765,0.5739015497,3.312455756,0,0.528,0.232,0.04,0.192,0.008
Kuching,1996_2007,157,0.699399742,507.3101117,1.196826841,59.13542686,155,0.53633046,675.8756666,1.396297981,25.89233621,157,155,0.536581139,0.699726641,25.63006587,Retained,-0.3575328232,-0.623004778,-0.2654719548,0.2868866572,0.1541506797,-0.8258614479,0.1462928422,3.994936481,3,0.212,0.346,0.068,0.36,0.014
Kuching,1996_2007,181,0.349699871,845.5168527,1.410473959,0,344,3922.653941,77.33402325,13.6633021,0,181,344,0.022639192,2.02e-6,1458.463473,Retained,-1.050680004,8.274523729,9.325203733,-2.391814096,2.270787771,0,-3.722972514,8.382844375,4,0,0.012,0.368,0.05,0.57
Kuching,1996_2007,186,0.349699871,845.5168529,1.410473959,29.56771343,344,3922.653941,77.33402325,13.6633021,0,186,344,0.739307718,6.59e-5,1588.404788,Retained,-1.050680004,8.274523729,9.325203733,-2.391814096,2.270787771,-10.2944721,1.039896618,8.468191088,4,0,0,0.08,0,0.92
Kuching,1996_2007,332,3963.148637,69.27970965,12.30329132,0,160,1.206743534,429.1274074,1.329807601,25.89233622,332,160,4.75e-6,0.015614138,4279.82628,Retained,8.284794099,0.1879254374,-8.096868661,1.823601789,-2.224832543,10.16174093,-6.904006926,4.791635826,2,0,0,1,0,0
Kuching,1996_2007,332,3963.148637,69.27970965,12.30329132,0,257,2.346445761,353.1105524,1.525847126,51.78467243,332,257,4.33e-6,0.00731137,2955.782257,Retained,8.284794099,0.8529017411,-7.431892358,1.628629114,-2.087317065,10.8548688,-6.904430987,4.42148685,2,0,0,1,0,0
Kuching,1996_2007,332,3963.148637,69.27970965,12.30329132,0,344,3922.653941,77.33402325,13.6633021,0,332,344,0.929122385,0.938713968,25.64017458,Retained,8.284794099,8.274523729,-0.0102703692,0.109981931,0.1048467463,0,2.560351293,-0.325832665,1,0.168,0.6,0.088,0.092,0.052
Kuching,1996_2007,332,3963.148637,69.27970965,12.30329132,0,45,0.469289152,662.08228570000006,1.279461712,0,332,45,2.8e-5,0.236213535,3009.34857,Retained,8.284794099,-0.7565361717,-9.04133027,2.257237774,-2.263427362,0,-6.881140074,4.439447138,2,0,0,1,0,0
Kuching,1996_2007,12,0.174849935,1014.620223,1.196826841,59.13542685,344,3922.653941,77.33402325,13.6633021,0,12,344,0.983601722,4.38e-5,3830.460966,Retained,-1.743827187,8.274523729,10.01835092,-2.574135653,2.435039805,-10.98760237,4.03586598,9.695019229,4,0,0.006,0.044,0.002,0.948
Kuching,1996_2007,332,3963.148637,69.27970965,12.30329132,0,20,0.201123922,1029.905778,1.302940032,25.89233621,332,20,9.23e-6,0.181879878,3769.905348,Retained,8.284794099,-1.603834034,-9.888628132,2.699070526,-2.24524354,10.16174093,-6.899557766,4.664773332,2,0,0,1,0,0
Kuching,1996_2007,332,3963.148637,69.27970965,12.30329132,0,38,0.737454382,631.9876364,1.530986039,0,332,38,2.29e-5,0.123140141,3831.633336,Retained,8.284794099,-0.3045510476,-8.589345146,2.210717758,-2.083954816,0,-6.886076765,4.681014604,2,0,0,1,0,0
Kuching,1996_2007,332,3963.148637,69.27970965,12.30329132,0,43,0.469289152,772.4293333,1.49270533,0,332,43,9.75e-7,0.008234627,3796.675538,Retained,8.284794099,-0.7565361717,-9.04133027,2.411388453,-2.109276682,0,-6.907779191,4.671849261,2,0,0,1,0,0
Kuching,1996_2007,332,3963.148637,69.27970965,12.30329132,0,62,0.402247845,901.1675555,1.612306031,0,332,62,3.85e-5,0.378886104,3423.116285,Retained,8.284794099,-0.9106868505,-9.195480949,2.565539133,-2.032201342,0,-6.870981559,4.568274795,2,0,0,1,0,0
Kuching,1996_2007,332,3963.148637,69.27970965,12.30329132,0,70,10.45844396,217.8646838,1.987538001,25.89233622,332,70,0.002140355,0.811071396,5305.308446,Retained,8.284794099,2.347409687,-5.937384412,1.14572208,-1.822970126,10.16174093,-5.762278422,5.006431274,2,0,0,1,0,0
Kuching,1996_2007,332,3963.148637,69.27970965,12.30329132,0,81,2.346445761,507.596419,2.193405244,0,332,81,2.02757e-4,0.342457294,3059.187629,Retained,8.284794099,0.8529017411,-7.431892358,1.991534608,-1.724411571,0,-6.723935783,4.455872899,2,0,0,1,0,0
Kuching,1996_2007,332,3963.148637,69.27970965,12.30329132,0,120,9.586906968,415.9234871,3.632852541,0,332,120,1.32599e-4,0.054815542,3755.685503,Retained,8.284794099,2.26039831,-6.024395789,1.792349245,-1.21984865,0,-6.784107312,4.660994265,2,0,0,1,0,0
Kuching,1996_2007,332,3963.148637,69.27970965,12.30329132,0,170,0.938578305,662.0822856,1.809432105,0,332,170,1.05356e-4,0.444866776,1133.549044,Retained,8.284794099,-0.0633889901,-8.348183089,2.257237773,-1.916853772,0,-6.808482068,3.463077513,2,0,0.002,0.998,0,0
Kuching,1996_2007,181,0.349699871,845.5168527,1.410473959,0,178,0.26816523,965.5366666,1.410473959,0,181,178,0.077006491,0.100420028,51.88767875,Retained,-1.050680004,-1.316151959,-0.2654719548,0.1327359776,0,0,-2.471913006,5.046805575,3,0.024,0.258,0.018,0.694,0.006
Kuching,1996_2007,332,3963.148637,69.27970965,12.30329132,0,194,1.944197917,532.709885,2.09534751,51.78467243,332,194,2.8e-5,0.057097841,3197.928179,Retained,8.284794099,0.66484951,-7.619944589,2.039824897,-1.770147398,10.8548688,-6.881101513,4.500226641,2,0,0,1,0,0
Kuching,1996_2007,332,3963.148637,69.27970965,12.30329132,0,246,0.134082615,1158.644,1.196826841,57.89702387,332,246,3.37e-5,0.9953776,2949.891402,Retained,8.284794099,-2.009299139,-10.29409324,2.816853562,-2.330193058,10.96643853,-6.875599756,4.419491868,2,0,0,1,0,0
Kuching,1996_2007,332,3963.148637,69.27970965,12.30329132,0,266,2.212363146,327.6972929,1.374979203,0,332,266,4.58684e-4,0.821669459,3100.504461,Retained,8.284794099,0.7940612411,-7.490732858,1.553938221,-2.191428208,0,-6.530761789,4.469288323,2,0,0,1,0,0
Kuching,1996_2007,87,1.223949548,434.8372386,1.357074079,0,81,2.346445761,507.596419,2.193405244,0,87,81,0.628641195,0.3279109,77.6566911,Retained,0.2020829643,0.8529017411,0.6508187768,0.1547148841,0.4801242725,0,0.5252922064,4.823634054,4,0.016,0.01,0.034,0.076,0.864
Kuching,1996_2007,75,0.349699871,676.4134822,1.128379167,0,68,0.335206537,772.4293333,1.261566261,25.89233622,75,68,0.540561657,0.563933909,26.75224563,Retained,-1.050680004,-1.093008409,-0.04232840497,0.1327359775,0.1115717757,10.16174093,0.162277968,4.384360743,3,0.036,0.086,0.012,0.852,0.014
Kuching,1996_2007,77,0.174849935,1014.620223,1.196826841,41.81506133,69,0.53633046,675.8756666,1.396297981,25.89233622,77,69,0.907977172,0.29601106,13.83661364,Retained,-1.743827187,-0.623004778,1.120822409,-0.4062605229,0.1541506797,-0.4792948613,2.279475055,4.071669047,4,0,0,0,0.006,0.994
Kuching,1996_2007,82,0.78682471,601.2564286,1.504505556,0,73,0.603371767,686.6038518,1.504505556,0,82,73,0.393964403,0.513747811,36.33242524,Retained,-0.2397497873,-0.5052217432,-0.2654719559,0.1327359775,0,0,-0.4297917916,4.28497796,3,0.086,0.442,0.018,0.454,0
Kuching,1996_2007,87,1.223949548,434.8372386,1.357074079,0,78,0.603371767,600.7783704,1.316442362,0,87,78,0.002404367,0.004877298,118.5022708,Retained,0.2020829643,-0.5052217432,-0.7073047075,0.3232543015,-0.03039805188,0,-5.681290906,5.246264023,1,0.002,0.452,0.45,0.094,0.002
Kuching,1996_2007,82,0.78682471,601.2564286,1.504505556,0,82,1.407867457,478.1705396,1.600511388,0,82,82,0.124220824,0.06942416,104.9876728,Retained,-0.2397497873,0.3420761177,0.5818259049,-0.2290540672,0.06185888568,0,-1.946176395,5.346092303,4,0,0.022,0.106,0.204,0.668
Kuching,1996_2007,90,0.611974774,676.4134822,1.49270533,0,82,1.407867457,478.1705396,1.600511388,0,90,82,0.606354185,0.263571292,36.94114277,Retained,-0.4910642163,0.3420761177,0.8331403339,-0.3468371028,0.06973306432,0,0.4311234299,4.427250031,4,0,0,0.004,0.056,0.94
Kuching,1996_2007,95,1.13652458,624.3816759,1.877736436,29.56771343,344,3922.653941,77.33402325,13.6633021,0,95,344,0.502042904,1.45459e-4,2078.750831,Retained,0.1279749919,8.274523729,8.146548738,-2.088627837,1.984646532,-10.2944721,0.00815535059,8.147900358,4,0.002,0,0.244,0.01,0.744
Kuching,1996_2007,88,1.311374516,405.8480893,1.311058117,0,79,1.206743534,472.0401481,1.462788362,0,88,79,0.523463265,0.568850279,35.5730724,Retained,0.271075836,0.1879254374,-0.08315039864,0.1510851162,0.1095099172,0,0.09373429835,4.008444094,3,0.042,0.284,0.022,0.622,0.03
Kuching,1996_2007,94,0.349699871,676.4134823,1.128379167,41.81506133,86,0.26816523,772.4293333,1.128379167,51.78467243,94,86,0.186886217,0.243708283,42.27437262,Retained,-1.050680004,-1.316151959,-0.2654719548,0.1327359774,0,0.2138330089,-1.466263588,4.841909654,3,0.026,0.232,0.004,0.738,0
Kuching,1996_2007,218,0.78682471,526.0993751,1.316442362,29.56771342,344,3922.653941,77.33402325,13.6633021,0,218,344,0.053422815,1.07e-5,2896.847368,Retained,-0.2397497873,8.274523729,8.514273517,-1.917356117,2.339780642,-10.2944721,-2.857124936,8.663618492,4,0,0.014,0.404,0.04,0.542
Kuching,1996_2007,196,0.174849935,1014.620223,1.196826841,29.56771342,196,0.335206537,772.4293333,1.261566261,57.89702387,196,196,0.792289608,0.413272917,22.17620256,Retained,-1.743827187,-1.093008409,0.6508187784,-0.2727291303,0.05268025799,0.6719664307,1.335240754,4.543343386,4,0.006,0.002,0,0.34,0.652
Kuching,1996_2007,199,0.437124839,676.4134823,1.261566261,88.70314028,202,0.53633046,579.322,1.196826841,25.89233621,199,202,0.623063121,0.507814467,26.21145935,Retained,-0.8275364519,-0.623004778,0.2045316739,-0.154946095,-0.05268025799,-1.231320919,0.5015243238,4.252368014,3,0.016,0.008,0.018,0.546,0.412
Kuching,1996_2007,212,1.573649419,450.9423215,1.595769122,59.13542685,211,0.335206537,772.4293332,1.261566261,51.78467243,212,211,0.13067246800000001,0.613450587,97.7178726,Retained,0.4533973927,-1.093008409,-1.546405801,0.5382010854,-0.2350018149,-0.1327335771,-1.888552078,4.927760956,2,0,0.292,0.702,0.004,0.002
Kuching,1996_2007,212,1.573649419,450.9423215,1.595769122,59.13542685,218,0.53633046,675.8756666,1.396297981,51.78467243,212,218,0.265547364,0.779143631,44.5741706,Retained,0.4533973927,-0.623004778,-1.076402171,0.4046696929,-0.1335313932,-0.1327335771,-1.014934187,4.142843238,2,0.028,0.398,0.564,0.01,0
Kuching,1996_2007,218,0.78682471,526.0993751,1.316442362,29.56771342,226,0.469289152,882.7763809,1.705948949,57.89702387,218,226,0.063318845,0.106162332,72.50000926,Retained,-0.2397497873,-0.7565361717,-0.5167863845,0.5175817983,0.2591886065,0.6719664307,-2.679557304,4.975840319,1,0.012,0.736,0.14,0.096,0.016
Kuching,1996_2007,244,1.398799484,507.3101117,1.692568751,0,344,3922.653941,77.33402325,13.6633021,0,244,344,0.076121482,2.71e-5,3465.928081,Retained,0.3356143573,8.274523729,7.938909372,-1.880988472,2.088466214,0,-2.48428053,8.555293773,4,0,0.018,0.448,0.028,0.506
Kuching,1996_2007,226,0.437124839,676.4134822,1.261566261,88.70314028,235,0.53633046,579.322,1.196826841,81.87875638,226,235,0.530807428,0.432623416,29.26800999,Retained,-0.8275364519,-0.623004778,0.2045316739,-0.1549460949,-0.05268025799,-0.08005478011,0.1231391079,4.362662446,3,0.002,0.008,0.02,0.62,0.35
Kuching,1996_2007,229,0.349699871,676.4134822,1.128379167,29.56771342,236,0.134082615,1158.644,1.196826841,51.78467243,229,236,0.228996901,0.597245097,28.16710151,Retained,-1.050680004,-2.009299139,-0.9586191354,0.5382010857,0.05889151774,0.5603966937,-1.210922729,4.43589513,1,0.036,0.844,0.032,0.088,0
Kuching,1996_2007,244,1.398799484,507.3101117,1.692568751,0,241,0.335206537,772.4293333,1.261566261,0,244,241,0.10688622,0.446030647,89.39267799,Retained,0.3356143573,-1.093008409,-1.428622766,0.4204180499,-0.2938933327,0,-2.114755885,4.897607728,2,0,0.474,0.524,0.002,0
Kuching,1996_2007,244,1.398799484,507.3101117,1.692568751,0,252,0.670413075,540.7005333,1.248886881,0,244,252,0.356385783,0.743589699,22.95890775,Retained,0.3356143573,-0.3998612267,-0.735475584,0.06374310594,-0.3039946866,0,-0.5898362017,3.538307318,1,0.018,0.674,0.282,0.026,0
Kuching,1996_2007,243,0.78682471,526.0993751,1.316442362,29.56771343,263,27.68805998,261.840452,3.886673627,0,243,263,0.220613872,0.006269289,554.806008,Retained,-0.2397497873,3.321001273,3.56075106,-0.6977547645,1.082620765,-10.2944721,-1.258852281,7.010860156,4,0,0.004,0.424,0.014,0.558
Kuching,1996_2007,252,0.349699871,845.5168527,1.410473959,0,326,104.7185223,111.2654289,3.21193736,36.61729304,252,326,0.121150228,4.04572e-4,851.6141489,Retained,-1.050680004,4.651276011,5.701956014,-2.028029502,0.822948505,10.5083032,-1.974499515,7.844839666,4,0,0.014,0.332,0.044,0.61
Kuching,1996_2007,305,105.0848112,102.4186803,2.961721498,0,326,104.7185223,111.2654289,3.21193736,36.61729304,305,326,0.897758472,0.900898695,60.74636154,Retained,4.65476775,4.651276011,-0.003491739297,0.0828494774,0.08110360758,10.5083032,2.16394316,2.351704718,1,0.306,0.314,0.182,0.072,0.126
Kuching,1996_2007,207,0.611974774,579.7829848,1.279461712,29.56771343,344,3922.653941,77.33402325,13.6633021,0,207,344,0.326992269,5.1e-5,4097.914343,Retained,-0.4910642163,8.274523729,8.765587946,-2.014519865,2.368274108,-10.2944721,-0.7202515432,9.136130722,4,0,0,0.414,0.018,0.568
Kuching,1996_2007,207,0.611974774,579.7829848,1.279461712,29.56771343,224,2.748693606,357.9550569,1.674120584,25.89233622,207,224,0.012890569,0.002869983,125.8651603,Retained,-0.4910642163,1.011125746,1.502189963,-0.4822464303,0.2688485509,-0.1327311768,-4.264583331,5.653116174,4,0,0.024,0.2,0.062,0.714
Kuching,1996_2007,294,1.049099613,507.3101117,1.465807536,83.63012267,311,1.541950072,369.4227246,1.294058265,51.78467243,294,311,0.686789754,0.46727249,35.96663403,Retained,0.04793228487,0.4330478959,0.385115611,-0.3171808933,-0.1246230876,-0.4793022146,0.783420866,4.13101828,4,0.014,0.002,0.004,0.052,0.928
Kuching,1996_2007,216,4.808373225,282.8638198,1.749732082,29.56771343,224,2.748693606,357.9550569,1.674120584,25.89233622,216,224,0.380142531,0.664994895,69.59127737,Retained,1.57035882,1.011125746,-0.5592330736,0.2354418594,-0.04417467729,-0.1327311768,-0.4879281348,4.029839137,2,0.028,0.338,0.62,0.01,0.004
Kuching,1996_2007,216,4.808373225,282.8638198,1.749732082,29.56771343,263,27.68805998,261.840452,3.886673627,0,216,263,0.00133869,2.3248e-4,758.9488919,Retained,1.57035882,3.321001273,1.750642453,-0.07723022327,0.7980910029,-10.2944721,-6.057825588,6.41912129,2,0.004,0.028,0.486,0.026,0.456
Kuching,1996_2007,230,0.961674645,491.937078,1.360876479,29.56771343,239,263.9416275,92.99758801,4.262071174,0,230,239,0.121675823,4.43327e-4,1889.51187,Retained,-0.03907909238,5.575727971,5.614807063,-1.665777261,1.141626271,-10.2944721,-1.969608341,8.135978823,4,0,0.008,0.382,0.046,0.564
Kuching,1996_2007,210,1.049099613,450.9423215,1.302940032,0,214,1.072660919,531.0451666,1.551521355,0,210,214,0.611811204,0.598372579,25.19570096,Retained,0.04793228487,0.07014240159,0.02221011672,0.1635076361,0.1746126949,0,0.4539923389,3.775111872,3,0.098,0.042,0.01,0.782,0.068
Kuching,1996_2007,216,4.808373225,282.8638198,1.749732082,29.56771343,215,1.005619612,514.9528889,1.456731241,25.89233622,216,215,0.149920069,0.716843247,143.3915866,Retained,1.57035882,0.005603880888,-1.564754939,0.5991098389,-0.1832676306,-0.1327311768,-1.729755698,4.752771762,2,0.004,0.038,0.956,0.002,0
Kuching,1996_2007,223,5.507772966,365.048546,2.416761011,0,228,3.821354526,433.644538,2.391319549,0,223,228,0.484781431,0.698722422,102.5428737,Retained,1.706160361,1.340604948,-0.3655554133,0.1721948142,-0.01058289233,0,-0.06077146684,4.349575505,1,0.13,0.454,0.368,0.038,0.01
Kuching,1996_2007,223,5.507772966,365.048546,2.416761011,0,230,0.938578305,551.7352381,1.507860088,25.89233621,223,230,0.047701924,0.27992484,247.5078436,Retained,1.706160361,-0.0633889901,-1.769549351,0.4130379426,-0.471736733,10.16174093,-2.974209095,5.230731075,2,0,0.034,0.966,0,0
Kuching,1996_2007,250,2.360474128,450.9423215,1.954410048,29.56771342,326,104.7185223,111.2654289,3.21193736,36.61729304,250,326,0.811303711,0.018287705,1220.61549,Retained,0.8588625006,4.651276011,3.79241351,-1.399420843,0.4967859119,0.2138311021,1.454449984,7.250045022,4,0.006,0.002,0.098,0.004,0.89
Kuching,1996_2007,232,4.283823418,345.1089195,2.014962798,0,240,4.424726293,339.4007677,2.013961174,0,232,240,0.671944791,0.650547087,48.2236711,Retained,1.454845933,1.487208422,0.03236248908,-0.01667846117,-4.972166403e-4,0,0.7154377469,3.720812715,3,0.084,0.008,0.014,0.598,0.296
Kuching,1996_2007,231,0.611974774,579.7829848,1.279461712,93.50131962,244,0.53633046,675.8756666,1.396297981,77.67700865,231,244,0.515884038,0.588644564,30.13782125,Retained,-0.4910642163,-0.623004778,-0.1319405618,0.1533552646,0.08738498302,-0.1854140564,0.06343059221,4.223711134,3,0.05,0.156,0.008,0.762,0.024
Kuching,1996_2007,242,0.611974774,579.7829848,1.279461712,59.13542685,249,0.469289152,662.08228570000006,1.279461712,51.78467243,242,249,0.222215081,0.289778739,56.97219883,Retained,-0.4910642163,-0.7565361717,-0.2654719555,0.1327359775,0,-0.1327335771,-1.249599113,4.860478012,3,0.092,0.418,0.032,0.456,0.002
Kuching,1996_2007,251,26.22749032,254.7824116,3.68080559,0,344,3922.653941,77.33402325,13.6633021,0,251,344,0.00204642,1.37e-5,3943.997098,Retained,3.26680811,8.274523729,5.00771562,-1.192275889,1.311581921,0,-5.79274118,7.218911122,2,0.006,0.034,0.482,0.024,0.454
Kuching,1996_2007,251,26.22749032,254.7824116,3.68080559,0,263,27.68805998,261.840452,3.886673627,0,251,263,0.791754573,0.749988794,22.44141884,Retained,3.26680811,3.321001273,0.05419316307,0.02732546338,0.05442204453,0,1.332005827,2.049913754,4,0.248,0.062,0.04,0.062,0.588
Kuching,1996_2007,270,8.567646837,269.1849572,2.222678419,41.81506133,288,8.179039511,297.575235,2.400728268,36.61729304,270,288,0.755310658,0.791197419,17.24267859,Retained,2.147993113,2.101574725,-0.04641838893,0.1002683672,0.07705917262,-0.1327325827,1.124384315,2.345814004,0,0.528,0.05,0.018,0.344,0.06
Kuching,1996_2007,258,3.234723806,402.1918003,2.040548316,59.13542685,274,2.614610991,455.5352478,2.077880637,77.67700865,258,274,0.665089979,0.822830796,18.12064316,Retained,1.173943547,0.9611153258,-0.2128282217,0.1245440064,0.01812989564,0.2727250943,0.6845814356,2.882500148,0,0.736,0.094,0.018,0.146,0.006
Kuching,1996_2007,264,0.699399742,591.861797,1.396297981,179.8533793,280,0.737454382,631.9876364,1.530986039,0,264,280,0.463748792,0.439818114,32.86008492,Retained,-0.3575328232,-0.3045510476,0.05298177564,0.06559667468,0.09208756276,-12.0999028,-0.1449687567,4.243420483,3,0.022,0.026,0.062,0.766,0.124
Kuching,1996_2007,272,0.262274903,901.8846431,1.302940032,59.13542685,290,0.134082615,1158.644,1.196826841,51.78467243,272,290,0.120362462,0.235437334,27.72038775,Retained,-1.338362077,-2.009299139,-0.670937062,0.2505190131,-0.08494951877,-0.1327335771,-1.981864499,4.563750218,1,0.086,0.622,0.08,0.212,0
Kuching,1996_2007,273,0.349699871,676.4134822,1.128379167,41.81506134,291,0.53633046,772.4293333,1.595769122,25.89233622,273,291,0.168257454,0.10970775,44.73356361,Retained,-1.050680004,-0.623004778,0.4276752258,0.1327359775,0.3465735906,-0.4792948615,-1.593303574,4.898451383,4,0.004,0.012,0.016,0.278,0.69
Kuching,1996_2007,285,0.437124839,811.6961787,1.513879513,206.973994,303,0.603371767,600.7783703,1.316442362,155.3540173,285,303,0.466991027,0.33832106,45.53916084,Retained,-0.8275364519,-0.5052217432,0.3223147087,-0.3009000077,-0.1397426522,-0.286885052,-0.1319635195,4.804727761,4,0.008,0.022,0.028,0.212,0.73
Kuching,1996_2007,286,0.349699871,676.4134822,1.128379167,59.13542685,307,0.402247845,772.4293333,1.381976598,57.89702387,286,307,0.449877377,0.391107291,39.2282554,Retained,-1.050680004,-0.9106868505,0.1399931533,0.1327359775,0.2027325542,-0.02116384016,-0.2007619195,4.767127724,3,0.012,0.074,0.004,0.756,0.154
Kuching,1996_2007,297,3.234723806,347.3474639,1.762291727,41.81506134,317,3.687271911,280.8833939,1.521506159,25.89233622,297,317,0.67915618,0.595801651,36.98198783,Retained,1.173943547,1.304886865,0.1309433176,-0.2123860009,-0.1469143413,-0.4792948615,0.7482560514,3.595851188,4,0.082,0.032,0.052,0.23,0.604
Kuching,1996_2007,20,2.447899096,362.3643655,1.59932714,0,50,46.45962607,196.1725291,3.77199505,51.78467243,20,50,0.792251186,0.041742716,1264.859532,Retained,0.8952301448,3.838583679,2.943353534,-0.6136557176,0.8580210492,10.8548688,1.335008243,7.267467014,4,0.008,0.002,0.092,0.006,0.892
Kuching,1996_2007,295,1.92334929,368.9528085,1.44342748,59.13542685,304,0.469289152,662.08228570000006,1.279461712,36.61729304,295,304,0.092942259,0.38091746,101.6083083,Retained,0.6540680882,-0.7565361717,-1.41060426,0.5847211012,-0.1205810279,-0.4792991687,-2.26862764,4.866466047,2,0.004,0.138,0.854,0.002,0.002
Kuching,1996_2007,296,0.174849935,1014.620223,1.196826841,59.13542685,315,0.134082615,1158.644,1.196826841,36.61729304,296,315,0.056480316,0.073652945,42.3461236,Retained,-1.743827187,-2.009299139,-0.2654719519,0.1327359779,0,-0.4792991687,-2.799233969,5.190179036,3,0.04,0.176,0.038,0.736,0.01
Kuching,1996_2007,295,1.92334929,368.9528085,1.44342748,59.13542685,316,1.273784842,487.8501052,1.553207608,36.61729304,295,316,0.432404107,0.652907848,37.94116642,Retained,0.6540680882,0.2419926591,-0.4120754291,0.2793394516,0.07330173728,-0.4792991687,-0.2714994109,3.881393963,1,0.072,0.52,0.336,0.068,0.004
Kuching,1996_2007,51,44.23703367,175.1189055,3.285648502,0,50,46.45962607,196.1725291,3.77199505,51.78467243,51,50,0.822131513,0.78280139,78.57102187,Retained,3.789562304,3.838583679,0.04902137477,0.1135293194,0.1380400069,10.8548688,1.526465159,3.041599471,4,0.31,0.092,0.144,0.096,0.358
Kuching,1996_2007,74,0.699399742,507.3101117,1.196826841,29.56771342,344,3922.653941,77.33402325,13.6633021,0,74,344,5.35628e-4,9.55e-8,3270.89262,Retained,-0.3575328232,8.274523729,8.632056553,-1.880988472,2.435039805,-10.2944721,-6.479280125,8.843949859,4,0,0.016,0.396,0.046,0.542
Kuching,1996_2007,85,1.835924322,354.311824,1.354278867,29.56771342,344,3922.653941,77.33402325,13.6633021,0,85,344,0.030168463,1.41e-5,3562.365738,Retained,0.6075480724,8.274523729,7.666975657,-1.52204338,2.311444449,-10.2944721,-3.438746177,8.446771324,4,0.002,0.016,0.474,0.024,0.484
Kuching,1996_2007,85,1.835924322,354.311824,1.354278867,29.56771342,75,1.072660919,579.322,1.692568751,0,85,75,0.160102653,0.27402541,81.09560973,Retained,0.6075480724,0.07014240159,-0.5374056708,0.4916810701,0.2229782348,-10.2944721,-1.652427834,4.664232063,2,0.046,0.372,0.518,0.04,0.024
Kuching,1996_2007,21,4.546098322,286.1749348,1.7212584,106.6079069,23,2.748693606,395.6345366,1.850343803,115.7940477,21,23,0.555626588,0.918957651,28.20413325,Retained,1.514269353,1.011125746,-0.503143607,0.3238876138,0.07231581006,0.0826547356,0.2229815582,3.154734258,1,0.206,0.634,0.152,0.006,0.002
Kuching,1996_2007,74,0.699399742,507.3101117,1.196826841,29.56771342,66,0.335206537,772.4293333,1.261566261,25.89233622,74,66,0.479277468,1,10.86206765,Retained,-0.3575328232,-1.093008409,-0.7354755855,0.4204180499,0.05268025799,-0.1327311765,-0.08277190344,3.136500102,1,0.154,0.766,0.042,0.038,0
Kuching,1996_2007,85,1.835924322,354.311824,1.354278867,29.56771342,80,0.402247845,772.4293333,1.381976598,0,85,80,0.219098271,1,24.17788184,Retained,0.6075480724,-0.9106868505,-1.518234923,0.7793631425,0.02024568059,-10.2944721,-1.267654933,3.454070508,2,0.064,0.28,0.642,0.014,0
Kuching,1996_2007,86,0.611974774,579.7829848,1.279461712,0,78,0.603371767,600.7783704,1.316442362,0,86,78,0.401145156,0.406864762,44.07947121,Retained,-0.4910642163,-0.5052217432,-0.01415752694,0.03557222908,0.02849346578,0,-0.3998745913,4.603913906,3,0,0.02,0.008,0.95,0.022
Kuching,1996_2007,106,1.311374516,496.0365536,1.602404365,0,120,9.586906968,415.9234871,3.632852541,0,106,120,0.832109946,0.113822713,181.2939024,Retained,0.271075836,2.26039831,1.989322474,-0.1761483027,0.8185129342,0,1.595917686,5.636952025,4,0,0,0.084,0.008,0.908
Kuching,1996_2007,92,2.098199225,366.3906362,1.497141314,66.11541716,84,2.212363147,421.3250909,1.767830404,25.89233621,92,84,0.637227683,0.604345024,45.19020321,Retained,0.741079465,0.7940612415,0.05298177657,0.1397046469,0.1661955352,-0.9374314381,0.5621669204,4.012727659,3,0.104,0.044,0.016,0.616,0.22
Kuching,1996_2007,107,3.84669858,322.8337074,1.786150379,29.56771343,96,4.290643678,313.7994167,1.833616147,25.89233621,107,96,0.759617116,0.681020916,29.49894648,Retained,1.347215269,1.456436763,0.1092214944,-0.02838337141,0.026227376,-0.1327311772,1.147745695,3.283145758,4,0.096,0.002,0.006,0.138,0.758
Kuching,1996_2007,109,1.661074387,462.8092247,1.682641576,0,344,3922.653941,77.33402325,13.6633021,0,109,344,0.159448798,6.75e-5,3227.228785,Retained,0.5074646141,8.274523729,7.767059115,-1.789180923,2.094348635,0,-1.657271982,8.398012032,4,0,0.014,0.452,0.024,0.51
Kuching,1996_2007,109,1.661074387,462.8092247,1.682641576,0,101,3.754313218,482.7683333,2.638755154,0,109,101,0.007693418,0.003403909,197.7495662,Retained,0.5074646141,1.32290537,0.8154407564,0.0422219699,0.4499423482,0,-4.738473172,5.605639106,4,0,0.028,0.31,0.078,0.584
Kuching,1996_2007,111,3.934123547,390.8166786,2.186714852,41.81506133,101,3.754313218,482.7683333,2.638755154,0,111,101,0.563438608,0.59042412,28.95689651,Retained,1.369688124,1.32290537,-0.04678275392,0.2112983,0.1879069234,-10.64103579,0.2546146025,3.253363811,2,0.238,0.182,0.328,0.172,0.08
Kuching,1996_2007,115,4.546098322,377.2305959,2.268931527,0,120,9.586906968,415.9234871,3.632852541,0,115,120,0.752602499,0.356883079,46.30925174,Retained,1.514269353,2.26039831,0.7461289566,0.09764465743,0.4707091359,0,1.10983475,3.650593623,4,0.046,0.004,0.028,0.062,0.86
Kuching,1996_2007,109,1.661074387,462.8092247,1.682641576,0,98,0.670413075,695.1863999,1.605711705,0,109,98,0.265542796,0.657932162,40.07313292,Retained,0.5074646141,-0.3998612267,-0.9073258408,0.4068650834,-0.04679783701,0,-1.014957536,4.009363698,1,0.028,0.592,0.376,0.002,0.002
Kuching,1996_2007,109,1.661074387,462.8092247,1.682641576,0,103,1.407867457,514.9528889,1.723627649,51.78467243,109,103,0.004588609,0.005413877,216.4009042,Retained,0.5074646141,0.3420761177,-0.1653884964,0.1067604911,0.02406624285,10.8548688,-5.183429796,5.695769982,3,0.052,0.308,0.26,0.346,0.034
Kuching,1996_2007,117,0.524549806,563.6779019,1.151647165,66.11541716,105,0.402247845,643.6911111,1.151647165,93.35614587,117,105,0.728312051,0.949752629,7.365604408,Retained,-0.6452148966,-0.9106868505,-0.2654719538,0.1327359775,0,0.3450153317,0.9837735965,2.89192926,3,0.388,0.14,0.006,0.458,0.008
Kuching,1996_2007,118,1.748499354,439.6687634,1.640036139,0,103,1.407867457,514.9528889,1.723627649,51.78467243,118,103,0.62624594200000006,0.777765393,24.92234968,Retained,0.5587579081,0.3420761177,-0.2166817904,0.1580537857,0.04971289049,10.8548688,0.5150687502,3.508791091,0,0.402,0.296,0.046,0.242,0.014
Kuching,1996_2007,123,0.874249677,541.1307858,1.427299293,29.56771342,120,9.586906968,415.9234871,3.632852541,0,123,120,0.603839929,0.055065401,256.5916628,Retained,-0.1343892725,2.26039831,2.394787583,-0.2631596798,0.9342341113,-10.2944721,0.4206244419,6.187049437,4,0,0,0.218,0.014,0.768
Kuching,1996_2007,191,1.223949548,531.467736,1.658646096,0,194,1.944197917,532.709885,2.09534751,51.78467243,191,194,0.686527938,0.432196498,23.20558105,Retained,0.2020829643,0.66484951,0.4627665457,0.002334477891,0.2337177508,10.8548688,0.7822072267,3.615759365,4,0.004,0.002,0.006,0.032,0.956
Kuching,1996_2007,194,0.437124839,811.6961787,1.513879513,66.11541716,193,0.335206537,926.9152,1.513879513,81.87875638,194,193,0.749145918,0.976920962,4.317010519,Retained,-0.8275364519,-1.093008409,-0.2654719569,0.1327359775,0,0.2138347009,1.091417865,2.448927937,0,0.556,0.106,0.004,0.32,0.014
Kuching,1996_2007,205,1.13652458,468.2862569,1.408302327,0,228,3.821354526,433.644538,2.391319549,0,205,228,0.002007525,5.97066e-4,226.8794118,Retained,0.1279749919,1.340604948,1.212629956,-0.07685460733,0.5294603706,0,-5.805629765,5.932800505,4,0,0.024,0.396,0.062,0.518
Kuching,1996_2007,84,0.174849935,1014.620223,1.196826841,0,144,970.087719,61.44202921,5.398413186,0,84,144,0.52237555,9.42e-5,1547.729864,Retained,-1.743827187,6.877386499,8.621213687,-2.804175541,1.506431301,0,0.08938301454,8.788823715,4,0,0.006,0.206,0.026,0.762
Kuching,1996_2007,202,0.437124839,676.4134822,1.261566261,29.56771343,206,0.335206537,772.4293333,1.261566261,25.89233622,202,206,0.623072429,0.812515259,12.01797609,Retained,-0.8275364519,-1.093008409,-0.2654719569,0.1327359775,0,-0.1327311768,0.5015638676,3.472619911,3,0.38,0.18,0.012,0.426,0.002
Kuching,1996_2007,198,1.13652458,468.2862569,1.408302327,59.13542686,209,1.743073994,564.4675897,2.102286931,0,198,209,0.704704371,0.459483564,54.56680755,Retained,0.1279749919,0.5556502177,0.4276752258,0.1868031988,0.4006408114,-10.98760237,0.8678387093,4.507821551,4,0.022,0.008,0.026,0.084,0.86
Kuching,1996_2007,205,1.13652458,468.2862569,1.408302327,0,209,1.743073994,564.4675897,2.102286931,0,205,209,0.277575666,0.180985764,119.6650486,Retained,0.1279749919,0.5556502177,0.4276752258,0.1868031988,0.4006408114,0,-0.9543062437,5.293082382,4,0.008,0.056,0.074,0.146,0.716
Kuching,1996_2007,102,2.447899096,338.2067411,1.49270533,29.56771342,95,3.419106681,287.7677908,1.501044531,25.89233622,102,95,0.858537773,0.614667535,22.54704295,Retained,0.8952301448,1.229379313,0.3341491677,-0.1615034956,0.005571088405,-0.1327311765,1.797317881,3.240398146,4,0.052,0,0.006,0.06,0.882
Kuching,1996_2007,114,0.437124839,676.4134822,1.261566261,59.13542685,107,0.26816523,965.5366666,1.410473959,51.78467243,114,107,0.290496973,0.473526865,44.54284698,Retained,-0.8275364519,-1.316151959,-0.4886155067,0.3558795288,0.1115717758,-0.1327335771,-0.8909435864,4.782607198,1,0.026,0.748,0.062,0.164,0
Kuching,1996_2007,121,0.786824709,526.0993751,1.316442362,59.13542686,112,0.737454382,561.7667879,1.360876479,77.67700864,121,112,0.559089847,0.596519232,35.95015369,Retained,-0.2397497885,-0.3045510476,-0.06480125906,0.06559667468,0.03319604426,0.272725094,0.2369906243,4.274401012,3,0.022,0.042,0.012,0.892,0.032
Kuching,1996_2007,124,4.283823418,427.9350602,2.49855387,0,117,0.469289152,662.08228570000006,1.279461712,0,124,117,0.042019576,0.383568317,91.07147927,Retained,1.454845933,-0.7565361717,-2.211382105,0.4364183913,-0.6692726605,0,-3.104215394,4.356597642,2,0,0.056,0.942,0.002,0
Kuching,1996_2007,124,4.283823418,427.9350602,2.49855387,0,118,3.016858836,497.7877926,2.439028105,0,124,118,0.527584603,0.749149799,44.42366356,Retained,1.454845933,1.10421617,-0.3506297632,0.1512024114,-0.02411247017,0,0.110229653,3.638736777,1,0.188,0.602,0.156,0.048,0.006
Kuching,1996_2007,125,0.262274903,901.884643,1.302940032,59.13542685,123,0.335206537,926.9152,1.513879513,57.89702387,125,123,0.884080601,0.691729188,11.95070413,Retained,-1.338362077,-1.093008409,0.2453536684,0.02737546186,0.1500522959,-0.02116384016,2.024193915,3.722419855,3,0.014,0.004,0.002,0.55,0.43
Kuching,1996_2007,132,0.524549806,563.6779018,1.151647165,59.13542685,125,0.53633046,579.322,1.196826841,51.78467243,132,125,0.428932165,0.419510543,34.45140607,Retained,-0.6452148966,-0.623004778,0.02221011861,0.02737546199,0.03848052031,-0.1327335771,-0.2856301366,4.434551229,3,0.004,0.028,0.01,0.898,0.06
Kuching,1996_2007,128,1.049099613,450.9423215,1.302940032,29.56771342,129,2.078280531,573.0927312,2.330623133,0,128,129,0.596127638,0.300920516,48.93869165,Retained,0.04793228487,0.731540884,0.68360859919999994,0.2397080971,0.5815123968,-10.2944721,0.3885590277,4.438987558,4,0.024,0.036,0.064,0.114,0.762
Kuching,1996_2007,133,1.049099613,450.9423215,1.302940032,29.56771342,129,2.078280531,573.0927312,2.330623133,0,133,129,0.020955206,0.010578022,107.6995284,Retained,0.04793228487,0.731540884,0.68360859919999994,0.2397080971,0.5815123968,-10.2944721,-3.798593992,5.227753291,4,0.012,0.06,0.176,0.138,0.614
Kuching,1996_2007,136,0.349699871,845.5168527,1.410473959,29.56771342,129,2.078280531,573.0927312,2.330623133,0,136,129,0.277649489,0.046718422,139.9656213,Retained,-1.050680004,0.731540884,1.782220888,-0.3889005622,0.5022098818,-10.2944721,-0.9539392253,6.03910892,4,0,0,0.278,0.006,0.716
Kuching,1996_2007,133,1.049099613,450.9423215,1.302940032,29.56771342,126,1.005619612,463.4576,1.311058117,0,133,126,0.685765703,0.715416193,20.79593383,Retained,0.04793228487,0.005603880888,-0.04232840398,0.02737546186,0.006211260021,-10.2944721,0.778677028,3.583204364,3,0.044,0.016,0.068,0.842,0.03
Kuching,1996_2007,135,0.524549806,676.4134822,1.381976598,59.13542685,127,0.26816523,772.4293333,1.128379167,103.5693449,135,127,0.239094168,0.467684805,47.10371861,Retained,-0.6452148966,-1.316151959,-0.670937062,0.1327359775,-0.2027325542,0.5604039486,-1.154791755,4.74734557,1,0.028,0.81,0.092,0.07,0
Kuching,1996_2007,138,0.437124839,811.6961787,1.513879513,29.56771342,128,0.80449569,643.6911111,1.62867504,25.89233621,138,128,0.48125454,0.261490911,36.15319681,Retained,-0.8275364519,-0.2175396699,0.609996782,-0.2319071361,0.07309125543,-0.1327311769,-0.07486712579,4.573926205,4,0,0.002,0.008,0.104,0.886
Kuching,1996_2007,139,0.349699871,676.4134823,1.128379167,29.56771342,130,0.201123922,1029.905778,1.302940032,51.78467243,139,130,0.308834677,0.536979616,28.44001197,Retained,-1.050680004,-1.603834034,-0.5531540297,0.4204180501,0.1438410365,0.5603966937,-0.8037859779,4.445537132,1,0.106,0.664,0.036,0.192,0.002
Kuching,1996_2007,140,1.661074387,356.0070959,1.294339674,29.56771343,133,1.474908764,421.3250909,1.44342748,25.89233622,140,133,0.624665929,0.703512371,34.80658836,Retained,0.5074646141,0.388596133,-0.1188684811,0.1684540602,0.109019819,-0.1327311768,0.5083393333,3.868468055,3,0.332,0.17,0.042,0.436,0.02
Kuching,1996_2007,143,0.611974774,676.4134823,1.49270533,29.56771343,136,0.469289152,772.4293333,1.49270533,36.61729304,143,136,0.501670349,0.654201329,27.37977511,Retained,-0.4910642163,-0.7565361717,-0.2654719555,0.1327359774,0,0.2138311018,0.006668084587,4.12773818,3,0.11,0.414,0.004,0.468,0.004
Kuching,1996_2007,144,0.349699871,676.4134822,1.128379167,88.70314027,139,0.201123922,1029.905778,1.302940032,103.5693449,144,139,0.245793228,0.427367657,34.97440435,Retained,-1.050680004,-1.603834034,-0.5531540297,0.4204180503,0.1438410365,0.1549444773,-1.11844073,4.652350026,1,0.074,0.702,0.034,0.19,0
Kuching,1996_2007,224,292.7862169,89.6767949,4.32862995,0,239,263.9416275,92.99758801,4.262071174,0,224,239,0.847409513,0.940017819,120.5199288,Retained,5.679442708,5.575727971,-0.1037147368,0.03636151861,-0.01549584996,0,1.70907355,2.52446701,2,0.26,0.204,0.492,0.018,0.026
Kuching,1996_2007,224,292.7862169,89.6767949,4.32862995,0,240,4.424726293,339.4007677,2.013961174,0,224,240,2.93325e-4,0.019409444,2084.865452,Retained,5.679442708,1.487208422,-4.192234286,1.330969576,-0.7651475671,0,-6.651245283,5.37510367,2,0.002,0,0.998,0,0
Kuching,1996_2007,224,292.7862169,89.6767949,4.32862995,0,93,11.19589835,180.3876886,1.702673728,25.89233621,224,93,0.03322949,0.868991196,2348.089098,Retained,5.679442708,2.415547492,-3.263895215,0.6988963215,-0.9330512865,10.16174093,-3.34190743,5.494001142,2,0,0.014,0.986,0,0
Kuching,1996_2007,224,292.7862169,89.6767949,4.32862995,0,110,0.402247845,772.4293333,1.381976598,25.89233621,224,110,1.10876e-4,0.080704182,1871.300749,Retained,5.679442708,-0.9106868505,-6.590129558,2.153328488,-1.141736291,10.16174093,-6.803495115,5.267033179,2,0,0,1,0,0
Kuching,1996_2007,224,292.7862169,89.6767949,4.32862995,0,111,0.26816523,772.4293333,1.128379167,51.78467243,224,111,5.68364e-4,0.620547056,1746.898986,Retained,5.679442708,-1.316151959,-6.995594666,2.153328488,-1.344468846,10.8548688,-6.458153784,5.198241649,2,0,0,1,0,0
Kuching,1996_2007,224,292.7862169,89.6767949,4.32862995,0,114,0.26816523,772.4293333,1.128379167,51.78467243,224,114,6.33318e-4,0.691464603,1743.231857,Retained,5.679442708,-1.316151959,-6.995594666,2.153328488,-1.344468846,10.8548688,-6.417508365,5.196140221,2,0,0,1,0,0
Kuching,1996_2007,224,292.7862169,89.6767949,4.32862995,0,115,0.26816523,965.5366666,1.410473959,25.89233621,224,115,9.15908e-4,1,1781.71769,Retained,5.679442708,-1.316151959,-6.995594666,2.376472039,-1.121325294,10.16174093,-6.257647706,5.217977323,2,0,0,1,0,0
Kuching,1996_2007,224,292.7862169,89.6767949,4.32862995,0,137,2.949817528,298.4386061,1.445931259,25.89233621,224,137,0.00760837,0.7551741,1474.861258,Retained,5.679442708,1.081743314,-4.597699394,1.202352198,-1.096497499,10.16174093,-4.748389991,5.028963469,2,0.002,0.002,0.996,0,0
Kuching,1996_2007,145,0.786824709,676.4134823,1.692568751,0,138,0.402247845,901.1675555,1.612306031,25.89233621,145,138,0.089997096,0.176040575,73.75951373,Retained,-0.2397497885,-0.9106868505,-0.670937062,0.2868866572,-0.04858187435,10.16174093,-2.303718491,4.993063381,1,0,0.828,0.106,0.064,0.002
Kuching,1996_2007,145,0.786824709,676.4134823,1.692568751,0,140,0.737454382,561.7667879,1.360876479,25.89233621,145,140,0.574343384,0.612793922,26.58140628,Retained,-0.2397497885,-0.3045510476,-0.06480125906,-0.1857177536,-0.2181183839,10.16174093,0.2989875404,3.972489416,3,0.016,0.072,0.048,0.824,0.04
Kuching,1996_2007,155,0.611974774,676.4134821,1.49270533,147.8385671,154,0.80449569,708.0602222,1.791542544,109.8518791,155,154,0.201172553,0.153030694,40.43954332,Retained,-0.4910642163,-0.2175396699,0.2735245463,0.04572460071,0.1824868738,-0.2969856719,-1.375274458,4.51772988,4,0,0.026,0.022,0.284,0.668
Kuching,1996_2007,164,63.29567663,112.1127319,2.516152889,0,163,61.20871372,120.9829076,2.670088845,25.89233621,164,163,0.898014385,0.928632975,18.59493646,Retained,4.147817027,4.11428956,-0.0335274667,0.07614437621,0.05938064345,10.16174093,2.166709717,1.421399516,1,0.324,0.392,0.146,0.036,0.102
Kuching,1996_2007,224,292.7862169,89.6767949,4.32862995,0,217,2.078280532,448.5073548,1.82396593,0,224,217,0.003933141,0.554097176,1465.069804,Retained,5.679442708,0.7315408845,-4.947901823,1.609713041,-0.8642378704,0,-5.308841923,5.02230244,2,0,0,1,0,0
Kuching,1996_2007,164,63.29567663,112.1127319,2.516152889,0,223,175.2459777,130.3142066,4.866434266,0,164,223,6e-5,2.17e-5,871.7380567,Retained,4.147817027,5.166190574,1.018373547,0.1504436082,0.6596303817,0,-6.850423474,5.268946562,4,0.026,0.082,0.356,0.066,0.47
Kuching,1996_2007,224,292.7862169,89.6767949,4.32862995,0,225,1.743073994,386.2146667,1.438406848,0,224,225,0.00433986,0.728971481,1828.582592,Retained,5.679442708,0.5556502177,-5.12379249,1.460181307,-1.101714938,0,-5.229210394,5.243940542,2,0,0,1,0,0
Kuching,1996_2007,214,221.7097181,111.2241412,4.671824222,0,223,175.2459777,130.3142066,4.866434266,0,214,223,0.733097038,0.927466273,65.28409468,Retained,5.40136895,5.166190574,-0.2351783763,0.1584010527,0.04081186424,0,1.008016391,2.050444219,1,0.288,0.37,0.324,0.012,0.006
Kuching,1996_2007,167,2.622749032,450.9423215,2.060129077,66.11541716,161,1.541950072,470.1743768,1.646983246,0,167,161,0.400837956,0.681797266,65.97021281,Retained,0.9642230166,0.4330478959,-0.5311751207,0.04176419928,-0.2238233609,-11.09917236,-0.4011507793,4.279471912,2,0.05,0.23,0.688,0.02,0.012
Kuching,1996_2007,167,2.622749032,450.9423215,2.060129077,66.11541716,165,0.26816523,772.4293332,1.128379167,0,167,165,0.085322326,0.834481955,112.5988561,Retained,0.9642230166,-1.316151959,-2.280374975,0.5382010854,-0.601986402,-11.09917236,-2.361576152,4.814093872,2,0,0.08,0.92,0,0
Kuching,1996_2007,214,221.7097181,111.2241412,4.671824222,0,182,0.737454382,561.7667879,1.360876479,36.61729304,214,182,4.78657e-4,0.143904492,415.7306067,Retained,5.40136895,-0.3045510476,-5.705919998,1.61953934,-1.233420659,10.5083032,-6.517142243,3.901720344,2,0,0.002,0.998,0,0
Kuching,1996_2007,214,221.7097181,111.2241412,4.671824222,0,184,0.670413075,772.4293332,1.784124116,51.78467243,214,184,0.00263259,0.870613694,122.657897,Retained,5.40136895,-0.3998612267,-5.801230177,1.937993071,-0.9626220176,10.8548688,-5.616175462,2.681087776,2,0.002,0.008,0.99,0,0
Kuching,1996_2007,214,221.7097181,111.2241412,4.671824222,0,185,0.134082615,1158.644,1.196826841,0,214,185,4.18461e-4,0.691937804,252.7662511,Retained,5.40136895,-2.009299139,-7.410668089,2.343458179,-1.361875866,0,-6.558764168,3.404149577,2,0,0.002,0.998,0,0
Kuching,1996_2007,214,221.7097181,111.2241412,4.671824222,0,187,0.201123922,1029.905778,1.302940032,51.78467243,214,187,9.0715e-4,1,265.5148809,Retained,5.40136895,-1.603834034,-7.005202984,2.225675144,-1.276926347,10.8548688,-6.262238144,3.453355122,2,0,0,1,0,0
Kuching,1996_2007,214,221.7097181,111.2241412,4.671824222,0,188,0.134082615,1158.644,1.196826841,51.78467243,214,188,5.11614e-4,0.845968902,190.2821934,Retained,5.40136895,-2.009299139,-7.410668089,2.343458179,-1.361875866,10.8548688,-6.4950655920000004,3.120193922,2,0,0,1,0,0
Kuching,1996_2007,193,0.349699871,845.5168528,1.410473959,0,191,0.469289152,772.4293332,1.49270533,0,193,191,0.074922894,0.05583024,59.20354645,Retained,-1.050680004,-0.7565361717,0.2941438321,-0.09040757396,0.05666434232,0,-2.501239226,5.178703282,3,0,0.022,0.05,0.572,0.356
Kuching,1996_2007,214,221.7097181,111.2241412,4.671824222,0,197,0.469289152,662.08228570000006,1.279461712,25.89233622,214,197,0.00191664,0.905492425,311.7664542,Retained,5.40136895,-0.7565361717,-6.157905122,1.783842391,-1.295110169,10.16174093,-5.83640595,3.613938039,2,0,0,1,0,0
Kuching,1996_2007,214,221.7097181,111.2241412,4.671824222,0,198,1.139702227,590.6812549,1.778868953,25.89233621,214,198,0.003597383,0.699809849,277.0575587,Retained,5.40136895,0.1307670239,-5.270601926,1.669729085,-0.9655718784,10.16174093,-5.379667288,3.495909355,2,0,0,1,0,0
Kuching,1996_2007,214,221.7097181,111.2241412,4.671824222,0,200,0.670413075,617.9434667,1.427299293,0,214,200,0.002338603,0.773390532,484.5434839,Retained,5.40136895,-0.3998612267,-5.801230177,1.71484952,-1.185765569,0,-5.700863323,4.054889709,2,0,0,1,0,0
Kuching,1996_2007,214,221.7097181,111.2241412,4.671824222,0,203,0.335206537,926.9152,1.513879513,0,214,203,0.001511916,1,481.421041,Retained,5.40136895,-1.093008409,-6.494377359,2.120314628,-1.126874051,0,-5.986197423,4.048424777,2,0,0,1,0,0
Kuching,1996_2007,214,221.7097181,111.2241412,4.671824222,0,204,1.340826149,502.0790666,1.640036139,25.89233622,214,204,0.005901998,0.975913525,483.22377,Retained,5.40136895,0.2932859531,-5.108082997,1.507210155,-1.046831344,10.16174093,-4.971030292,4.052162376,2,0,0,1,0,0
Kuching,1996_2007,220,0.524549806,563.6779019,1.151647165,179.8533793,233,0.670413075,540.7005333,1.248886881,188.4990529,220,233,0.378418546,0.296085179,56.51466104,Retained,-0.6452148966,-0.3998612267,0.2453536699,-0.04161740974,0.08105942441,0.04695076794,-0.4952345308,4.929490178,3,0.002,0.008,0.024,0.724,0.242
Kuching,1996_2007,235,0.78682471,526.0993751,1.316442362,0,242,0.201123922,1029.905778,1.302940032,0,235,242,0.026575052,0.10396529,54.36436883,Retained,-0.2397497873,-1.603834034,-1.364084246,0.6717324784,-0.0103096437,0,-3.564936049,4.687967185,1,0,0.652,0.332,0.016,0
Kuching,1996_2007,235,0.78682471,526.0993751,1.316442362,0,247,0.469289152,662.08228570000006,1.279461712,25.89233621,235,247,0.147432501,0.247189894,72.29031608,Retained,-0.2397497873,-0.7565361717,-0.5167863845,0.2298997259,-0.02849346578,10.16174093,-1.749294308,4.972943849,1,0.002,0.814,0.092,0.09,0.002
Kuching,1996_2007,241,0.78682471,601.2564286,1.504505556,0,248,1.005619612,463.4576,1.311058117,0,241,248,0.429267786,0.335871041,50.38456254,Retained,-0.2397497873,0.005603880888,0.2453536682,-0.2603066105,-0.1376297759,0,-0.2842629514,4.611944513,3,0.008,0.02,0.054,0.544,0.374
Kuching,1996_2007,234,1.573649419,375.7852679,1.329807601,29.56771343,251,1.608991379,450.5837778,1.612306031,25.89233622,234,251,0.681700642,0.666726887,1.980792029,Retained,0.4533973927,0.47560751,0.02221011735,0.1815261418,0.1926312007,-0.1327311768,0.7599273757,1.029667747,3,0.308,0.01,0.008,0.588,0.086
Kuching,1996_2007,247,0.699399742,507.3101117,1.196826841,147.8385671,260,0.53633046,579.322,1.196826841,155.3540173,247,260,0.644529955,0.840496898,16.16392745,Retained,-0.3575328232,-0.623004778,-0.2654719548,0.1327359775,0,0.04958525234,0.593821404,3.533975278,3,0.328,0.294,0.01,0.368,0
Kuching,1996_2007,253,1.748499354,372.0274152,1.387722887,29.56771342,267,1.206743534,514.9528889,1.595769122,36.61729304,253,267,0.511214972,0.740719974,42.52416058,Retained,0.5587579081,0.1879254374,-0.3708324707,0.3251078703,0.1396916351,0.2138311021,0.04477782764,4.043081903,1,0.246,0.548,0.134,0.066,0.006
Kuching,1996_2007,255,0.524549806,676.4134822,1.381976598,147.8385671,268,0.53633046,675.8756666,1.396297981,155.3540173,255,268,0.508438162,0.497270167,32.23453409,Retained,-0.6452148966,-0.623004778,0.02221011861,-7.954151356e-4,0.01030964323,0.04958525234,0.03368846321,4.368041779,3,0,0.008,0.016,0.926,0.05
Kuching,1996_2007,261,41.35200973,125.8443688,2.282848893,41.81506134,270,40.22478448,121.0139289,2.16509667,25.89233621,261,270,0.865623515,0.889881015,46.88906806,Retained,3.722121023,3.694483335,-0.02763768819,-0.0391403214,-0.05295916572,-0.4792948619,1.856544969,2.559110316,0,0.434,0.098,0.268,0.12,0.08
Kuching,1996_2007,260,0.524549806,563.6779018,1.151647165,213.2158137,275,0.26816523,772.4293333,1.128379167,222.734298,260,275,0.458814846,0.897473693,9.441450622,Retained,-0.6452148966,-1.316151959,-0.670937062,0.3150575344,-0.02041099743,0.04367450924,-0.1647836559,3.140187938,1,0.088,0.842,0.044,0.026,0
Kuching,1996_2007,261,41.35200973,125.8443688,2.282848893,41.81506134,276,1.072660919,579.322,1.692568751,25.89233621,261,276,0.019836151,0.76470083,544.7872105,Retained,3.722121023,0.07014240159,-3.651978622,1.526812479,-0.2991768315,-0.4792948619,-3.852049961,5.011701546,2,0,0.018,0.982,0,0
Kuching,1996_2007,262,0.437124839,676.4134822,1.261566261,385.515817,277,0.402247845,772.4293333,1.381976598,363.4162568,262,277,0.388432945,0.422112107,33.49985488,Retained,-0.8275364519,-0.9106868505,-0.08315039857,0.1327359775,0.09116077849,-0.05903317402,-0.4529667201,4.497704126,3,0.028,0.184,0,0.78,0.008
Kuching,1996_2007,263,1.661074387,391.6078055,1.423773641,29.56771342,278,0.335206537,772.4293333,1.261566261,36.61729304,263,278,0.169583559,0.84035027,66.94391515,Retained,0.5074646141,-1.093008409,-1.600473023,0.6792796839,-0.1209568271,0.2138311021,-1.583905543,4.522502755,1,0,0.674,0.326,0,0
Kuching,1996_2007,322,112.8656333,108.9806385,3.266068413,29.56771342,334,105.5900593,130.9451632,3.795736411,0,322,334,0.864231018,0.923779964,41.26135081,Retained,4.726198025,4.659564231,-0.06663379392,0.183608396,0.1502914984,-10.2944721,1.844703304,1.929216412,2,0.406,0.136,0.41,0.026,0.022
Kuching,1996_2007,2,0.961674645,491.937078,1.360876479,59.13542685,2,0.737454382,561.7667878,1.360876479,51.78467243,2,2,0.429617616,0.560241282,43.58407244,Retained,-0.03907909238,-0.3045510476,-0.2654719552,0.1327359774,0,-0.1327335771,-0.2828381653,4.366619206,3,0.122,0.412,0.03,0.43,0.006
Kuching,1996_2007,4,1.13652458,520.3180632,1.564780363,0,5,1.877156609,551.7352381,2.132436186,0,4,5,0.557938812,0.337804079,31.66914523,Retained,0.1279749919,0.6297581899,0.501783198,0.0586280055,0.3095196044,0,0.232332125,3.963751893,4,0.004,0.016,0.008,0.064,0.908
Kuching,1996_2007,4,1.13652458,520.3180632,1.564780363,0,9,2.279404454,408.9331765,1.741638876,0,4,9,0.022346622,0.011142158,224.3403822,Retained,0.1279749919,0.8239142045,0.6959392126,-0.2408885245,0.1070810817,0,-3.735725217,5.921546366,4,0,0.026,0.216,0.108,0.65
Kuching,1996_2007,293,0.786824709,450.9423215,1.128379167,59.13542686,314,0.737454382,491.5459394,1.19076692,51.78467243,293,314,0.747461778,0.797502041,17.00663175,Retained,-0.2397497885,-0.3045510476,-0.06480125906,0.08621596189,0.05381533258,-0.1327335773,1.082505549,3.525902007,3,0.182,0.028,0.01,0.742,0.038
Kuching,1996_2007,9,3.322148773,373.8074507,1.921996357,0,9,2.279404454,408.9331765,1.741638876,0,9,9,0.52638625000000006,0.767188728,60.88368612,Retained,1.200611794,0.8239142045,-0.3766975899,0.08981093291,-0.09853786243,0,0.1054318869,4.081040729,1,0.112,0.638,0.222,0.028,0
Kuching,1996_2007,47,0.262274903,901.8846431,1.302940032,0,144,970.087719,61.44202921,5.398413186,0,47,144,0.768494631,2.07772e-4,1312.986095,Retained,-1.338362077,6.877386499,8.215748577,-2.686392506,1.421481782,0,1.196820659,8.421606027,4,0.002,0,0.072,0.008,0.918
Kuching,1996_2007,7,11.19039587,163.8188902,1.545901337,125.445184,7,9.855072197,162.8932608,1.442540749,93.35614586,7,7,0.819430808,0.930460453,25.91978585,Retained,2.415055899,2.287986267,-0.1270696323,-0.005666344969,-0.06920116201,-0.2954444377,1.508192774,2.619882183,0,0.516,0.038,0.248,0.132,0.066
Kuching,1996_2007,9,3.322148773,373.8074507,1.921996357,0,11,0.335206537,772.4293333,1.261566261,25.89233622,9,11,0.082531196,0.817946196,133.8412441,Retained,1.200611794,-1.093008409,-2.293620203,0.7257996995,-0.4210104018,10.16174093,-2.397487773,4.868720869,2,0,0.246,0.754,0,0
Kuching,1996_2007,50,0.174849935,1014.620223,1.196826841,0,144,970.087719,61.44202921,5.398413186,0,50,144,0.590518351,1.06436e-4,1384.332019,Retained,-1.743827187,6.877386499,8.621213687,-2.804175541,1.506431301,0,0.3653614836,8.677252264,4,0,0.002,0.184,0.032,0.782
Kuching,1996_2007,80,0.611974774,676.4134822,1.49270533,0,71,0.469289152,772.4293333,1.49270533,0,80,71,0.468312354,0.610700965,27.82689919,Retained,-0.4910642163,-0.7565361717,-0.2654719555,0.1327359775,0,0,-0.1266666756,4.143936137,1,0.082,0.47,0.008,0.438,0.002
Kuching,1996_2007,93,0.524549806,676.4134822,1.381976598,59.13542685,85,0.737454382,561.7667879,1.360876479,51.78467243,93,85,0.704454064,0.501076758,37.40401963,Retained,-0.6452148966,-0.3045510476,0.340663849,-0.1857177535,-0.01538582975,-0.1327335771,0.866639524,4.516777301,4,0.004,0,0.004,0.114,0.878
Kuching,1996_2007,98,0.786824709,676.4134823,1.692568751,29.56771342,89,0.80449569,708.0602223,1.791542544,0,98,89,0.318498433,0.311502516,43.01904759,Retained,-0.2397497885,-0.2175396699,0.02221011861,0.04572460056,0.05682965922,-10.2944721,-0.7590124538,4.453906067,3,0.016,0.026,0.098,0.796,0.064
Kuching,1996_2007,149,1104.527042,68.26240224,6.399776571,0,106,16.42512033,267.9856871,3.063803777,0,149,106,0.012159529,0.817682207,1745.324123,Retained,7.007172506,2.79881189,-4.208360616,1.367574437,-0.7366058706,0,-4.31938688,4.533474824,2,0,0,1,0,0
Kuching,1996_2007,149,1104.527042,68.26240224,6.399776571,0,145,106.5286376,147.7775439,4.302656726,25.89233621,149,145,0.086530587,0.89718008,1622.884072,Retained,7.007172506,4.668413847,-2.338758659,0.7723489259,-0.3970304038,10.16174093,-2.346355723,4.460739443,2,0,0.024,0.976,0,0
Kuching,1996_2007,149,1104.527042,68.26240224,6.399776571,0,49,0.737454382,631.9876363,1.530986039,25.89233621,149,49,3.31565e-4,0.496604174,818.9279788,Retained,7.007172506,-0.3045510476,-7.311723554,2.225510696,-1.430351081,10.16174093,-6.622068548,3.776776053,2,0,0,1,0,0
Kuching,1996_2007,149,1104.527042,68.26240224,6.399776571,0,144,970.087719,61.44202921,5.398413186,0,149,144,0.838058517,0.954200625,211.8608359,Retained,7.007172506,6.877386499,-0.1297860067,-0.1052650196,-0.170158023,0,1.638889314,2.424713035,2,0.226,0.146,0.572,0.01,0.046
Kuching,1996_2007,156,2.010774258,411.7299457,1.646983246,66.11541715,156,1.676032687,556.14912,2.031082501,57.89702387,156,156,0.584229893,0.700913787,24.55232594,Retained,0.6985198509,0.5164295049,-0.182090346,0.3006687969,0.2096236239,-0.1327338305,0.3394699819,3.423952339,1,0.31,0.45,0.07,0.158,0.012
Kuching,1996_2007,149,1104.527042,68.26240224,6.399776571,0,46,0.134082615,1158.644,1.196826841,0,149,46,1.21394e-4,1,965.3027351,Retained,7.007172506,-2.009299139,-9.016471645,2.831646499,-1.676589324,0,-6.794060945,3.941221493,2,0,0,1,0,0
Kuching,1996_2007,105,0.174849935,1014.620223,1.196826841,59.13542685,100,0.737454382,631.9876363,1.530986039,0,105,100,0.889038714,0.210790485,29.54545503,Retained,-1.743827187,-0.3045510476,1.43927614,-0.4733998258,0.2462382425,-10.98760237,2.07311181,4.830242308,4,0.002,0,0.002,0.012,0.984
Kuching,1996_2007,149,1104.527042,68.26240224,6.399776571,0,102,0.402247845,772.4293333,1.381976598,0,149,102,4.09e-5,0.112441562,1748.839432,Retained,7.007172506,-0.9106868505,-7.917859357,2.426181391,-1.532748287,0,-6.868580977,4.535486927,2,0,0,1,0,0
Kuching,1996_2007,147,0.349699871,676.4134823,1.128379167,29.56771343,141,0.26816523,772.4293333,1.128379167,25.89233622,147,141,0.152511745,0.198882371,45.76377363,Retained,-1.050680004,-1.316151959,-0.2654719548,0.1327359774,0,-0.1327311768,-1.709679164,4.921219605,3,0.056,0.224,0.01,0.704,0.006
Kuching,1996_2007,173,305.1131374,60.47020242,2.979661601,29.56771343,173,301.2165944,62.75021292,3.072201655,0,173,173,0.948936102,0.961211562,22.57023817,Retained,5.72068265,5.707829589,-0.01285306142,0.03701124943,0.03058471868,-10.2944721,2.903922949,0.8287000663,1,0.27,0.302,0.24,0.084,0.104
Kuching,1996_2007,165,0.437124839,811.6961786,1.513879513,0,164,0.80449569,579.3219999,1.465807536,25.89233621,165,164,0.595506514,0.323570013,42.6054644,Retained,-0.8275364519,-0.2175396699,0.609996782,-0.3372676518,-0.03226926023,10.16174093,0.3859853525,4.738139157,4,0.002,0.006,0.006,0.108,0.878
Kuching,1996_2007,203,0.437124839,676.4134822,1.261566261,29.56771343,207,0.335206537,772.4293333,1.261566261,25.89233622,203,207,0.419077659,0.546496689,22.94793464,Retained,-0.8275364519,-1.093008409,-0.2654719569,0.1327359775,0,-0.1327311768,-0.3258974076,4.119404683,3,0.1,0.312,0.004,0.582,0.002
Kuching,1996_2007,259,1.13652458,416.2544506,1.251824291,66.11541716,273,0.469289152,662.08228570000006,1.279461712,93.35614586,259,273,0.399217791,0.966825724,29.6252132,Retained,0.1279749919,-0.7565361717,-0.8845111636,0.4640931135,0.0218375318,0.3450153316,-0.4078867243,3.897036997,1,0.05,0.882,0.06,0.008,0
Kuching,1996_2007,343,451.0254085,85.22364091,5.105704272,29.56771342,356,448.305223,86.63406609,5.174527096,25.89233622,343,356,0.917608808,0.923176587,24.33938042,Retained,6.111523676,6.105474302,-0.006049374279,0.01641424027,0.01338955316,-0.1327311765,2.399317668,0.7087398218,1,0.292,0.338,0.162,0.084,0.124
Kuching,1996_2007,39,0.699399742,676.4134822,1.595769122,0,169,1216.665648,58.05563206,5.712484684,0,39,169,0.827662185,4.75781e-4,979.6420753,Retained,-0.3575328232,7.103869321,7.461402144,-2.455402825,1.275298247,0,1.564570197,7.638319651,4,0.002,0.004,0.054,0.004,0.936
Kuching,1996_2007,58,0.437124839,811.6961788,1.513879513,29.56771343,54,0.335206537,926.9152,1.513879513,25.89233622,58,54,0.292256646,0.381116182,33.30309241,Retained,-0.8275364519,-1.093008409,-0.2654719569,0.1327359774,0,-0.1327311768,-0.8824453274,4.491813454,3,0.076,0.342,0.01,0.572,0
Kuching,1996_2007,284,0.437124839,811.6961787,1.513879513,83.63012267,302,0.335206537,926.9152,1.513879513,109.8518791,284,302,0.173035946,0.225646883,45.68018465,Retained,-0.8275364519,-1.093008409,-0.2654719569,0.1327359775,0,0.2727262763,-1.559707876,4.807819668,3,0.038,0.424,0.006,0.53,0.002
Kuching,1996_2007,343,451.0254085,85.22364091,5.105704272,29.56771342,325,0.402247845,643.6911111,1.151647165,25.89233622,343,325,4.23251e-4,0.474575579,1461.770039,Retained,6.111523676,-0.9106868505,-7.022210527,2.021940099,-1.489165164,-0.1327311765,-6.55538817,4.804007125,2,0,0,1,0,0
Kuching,1996_2007,343,451.0254085,85.22364091,5.105704272,29.56771342,327,0.26816523,965.5366666,1.410473959,51.78467243,343,327,1.89613e-4,0.318909079,1709.721106,Retained,6.111523676,-1.316151959,-7.427675635,2.427405207,-1.28643261,0.5603966937,-6.734937294,4.96068923,2,0,0,1,0,0
Kuching,1996_2007,62,1.398799484,465.0342691,1.551521355,59.13542685,169,1216.665648,58.05563206,5.712484684,0,62,169,0.620963305,7.13921e-4,627.4997533,Retained,0.3356143573,7.103869321,6.768254963,-2.080709376,1.303418106,-10.98760237,0.492613282,6.846302636,4,0.004,0,0.176,0.004,0.816
Kuching,1996_2007,169,1227.883672,51.6279995,5.103392573,0,169,1216.665648,58.05563206,5.712484684,0,169,169,0.950653592,0.959418893,14.96003412,Retained,7.113047375,7.103869321,-0.00917805393,0.117337573,0.1127485461,0,2.939273819,-0.2787096485,1,0.178,0.59,0.088,0.086,0.058
Kuching,1996_2007,97,0.349699871,845.5168528,1.410473959,0,88,0.335206537,926.9152,1.513879513,0,97,88,0.149887603,0.1563683,36.56759085,Retained,-1.050680004,-1.093008409,-0.04232840497,0.09191398301,0.0707497809,0,-1.730008988,4.696894643,3,0.008,0.076,0.002,0.906,0.008
Kuching,1996_2007,166,0.349699871,676.4134823,1.128379167,0,167,0.134082615,1158.644,1.196826841,25.89233622,166,167,0.260626658,0.679738462,25.12729424,Retained,-1.050680004,-2.009299139,-0.9586191354,0.5382010855,0.05889151774,10.16174093,-1.040236057,4.321699417,1,0.05,0.806,0.07,0.074,0
Kuching,1996_2007,169,1227.883672,51.6279995,5.103392573,0,167,0.134082615,1158.644,1.196826841,25.89233622,169,167,2.87e-6,0.026264384000000002,2741.593586,Retained,7.113047375,-2.009299139,-9.122346514,3.110941484,-1.450231774,10.16174093,-6.905887999,4.932136251,2,0,0,1,0,0
Kuching,1996_2007,183,79.55672063,92.17062835,2.31913512,66.11541716,180,79.71211458,87.70223717,2.208858546,77.67700864,183,180,0.92009233,0.918298662,34.00424637,Retained,4.376470234,4.378421577,0.001951342196,-0.04969410687,-0.04871843599,0.1611551037,2.432251653,1.910644643,0,0.384,0.112,0.24,0.098,0.166
Kuching,1996_2007,222,308.0855863,86.7590505,4.295814787,0,232,298.2667769,91.84426103,4.474551725,36.61729304,222,232,0.91007209,0.94003123,14.57865749,Retained,5.730377622,5.697988311,-0.03238931144,0.05695958581,0.04076493014,10.5083032,2.304555032,0.3868033665,1,0.22,0.482,0.168,0.03,0.1
Kuching,1996_2007,206,0.524549806,563.6779018,1.151647165,147.8385671,210,0.469289152,662.08228570000006,1.279461712,139.4344978,206,210,0.35100494,0.392337173,46.89969002,Retained,-0.6452148966,-0.7565361717,-0.1113212751,0.1609068546,0.105246217,-0.05852556676,-0.6133195533,4.743004779,3,0.012,0.228,0.018,0.73,0.012
Kuching,1996_2007,268,73.08727302,114.0840921,2.751319572,29.56771342,284,71.39899245,134.1778654,3.198320547,25.89233622,268,284,0.873995827,0.894662082,19.12306955,Retained,4.291654248,4.268283758,-0.02337049,0.1622304471,0.150545202,-0.1327311765,1.929999173,1.377485547,0,0.466,0.204,0.218,0.07,0.042
Kuching,1996_2007,269,0.349699871,676.4134822,1.128379167,118.2708537,287,0.26816523,772.4293333,1.128379167,103.5693449,269,287,0.436253342,0.568894565,25.49079349,Retained,-1.050680004,-1.316151959,-0.2654719548,0.1327359775,0,-0.1327347769,-0.2558644806,4.336061521,3,0.088,0.168,0.006,0.736,0.002
Kuching,1996_2007,277,4.108973483,244.6601957,1.39902365,29.56771342,294,4.424726293,234.0694949,1.388938741,36.61729304,277,294,0.800417999,0.743299365,37.76288891,Retained,1.413173236,1.487208422,0.07403518537,-0.04425223349,-0.007234640625,0.2138311021,1.385159512,3.497131651,4,0.14,0.002,0,0.136,0.722
Kuching,1996_2007,278,1.049099613,450.9423215,1.302940032,147.8385671,297,1.407867457,367.823492,1.231162606,81.87875638,278,297,0.559473592,0.416902542,49.03211095,Retained,0.04793228487,0.3420761177,0.2941438328,-0.2037362593,-0.05666434297,-0.5908758943,0.2385442938,4.440894604,4,0.004,0.002,0.006,0.112,0.876
Kuching,1996_2007,271,0.174849935,1014.620223,1.196826841,29.56771342,332,15.88878987,335.6971364,3.774749318,0,271,332,0.058004868,6.38321e-4,288.2383911,Retained,-1.743827187,2.765613821,4.509441008,-1.106060283,1.148660219,-10.2944721,-2.771441171,7.10806989,4,0,0.01,0.342,0.052,0.596
Kuching,1996_2007,288,754.2151965,68.21371619,5.284627948,0,164,0.80449569,579.3219999,1.465807536,25.89233621,288,164,7.6e-5,0.071292855,1760.090506,Retained,6.625677734,-0.2175396699,-6.843217404,2.139212792,-1.282395909,10.16174093,-6.835385874,4.732647155,2,0,0,1,0,0
Kuching,1996_2007,288,754.2151965,68.21371619,5.284627948,0,319,169.1452187,130.7282304,4.796167186,25.89233621,288,319,7.01e-5,3.12534e-4,3480.639411,Retained,6.625677734,5.130757628,-1.494920106,0.6504749294,-0.09698512309,10.16174093,-6.840941064,5.414497658,2,0,0.086,0.906,0.008,0
Kuching,1996_2007,288,754.2151965,68.21371619,5.284627948,0,308,744.8959673,70.21452854,5.405923102,0,288,308,0.934076022,0.945762038,30.02509857,Retained,6.625677734,6.613244567,-0.01243316637,0.02890958709,0.02269300407,0,2.637070514,0.6615930318,1,0.262,0.414,0.166,0.056,0.102
Kuching,1996_2007,288,754.2151965,68.21371619,5.284627948,0,237,0.134082615,1158.644,1.196826841,25.89233622,288,237,1.2e-5,0.067354292,915.9387842,Retained,6.625677734,-2.009299139,-8.634976873,2.832359973,-1.485128464,10.16174093,-6.896839839,4.079476701,2,0,0,1,0,0
Kuching,1996_2007,288,754.2151965,68.21371619,5.284627948,0,256,1.541950072,470.1743768,1.646983246,25.89233622,288,256,8.56333e-4,0.418858737,2232.14093,Retained,6.625677734,0.4330478959,-6.192629838,1.930457979,-1.16585694,10.16174093,-6.289295899,4.970242986,2,0,0,1,0,0
Kuching,1996_2007,288,754.2151965,68.21371619,5.284627948,0,261,1.407867457,441.3881905,1.477395127,0,288,261,0.001217706,0.652342916,2697.362841,Retained,6.625677734,0.3420761177,-6.283601616,1.867279077,-1.274521731,0,-6.111064221,5.159556296,2,0,0,1,0,0
Kuching,1996_2007,288,754.2151965,68.21371619,5.284627948,0,262,0.134082615,1158.644,1.196826841,25.89233622,288,262,1.77049e-4,0.995902121,2549.777595,Retained,6.625677734,-2.009299139,-8.634976873,2.832359973,-1.485128464,10.16174093,-6.745567433,5.103287885,2,0,0,1,0,0
Kuching,1996_2007,279,1.835924322,450.9423215,1.723627649,59.13542686,298,1.206743534,514.9528889,1.595769122,51.78467243,279,298,0.548346083,0.834246755,17.96563779,Retained,0.6075480724,0.1879254374,-0.419622635,0.1327359775,-0.07707533989,-0.1327335773,0.1936007775,3.157107489,1,0.326,0.504,0.126,0.042,0.002
Kuching,1996_2007,283,0.349699871,676.4134823,1.128379167,118.2708537,301,0.402247845,643.6911111,1.151647165,103.5693449,283,301,0.130720904,0.113644071,49.21932541,Retained,-1.050680004,-0.9106868505,0.1399931533,-0.04958557937,0.02041099743,-0.1327347769,-1.88812864,4.994011601,3,0,0.022,0.034,0.884,0.06
Kuching,1996_2007,282,0.349699871,845.5168527,1.410473959,59.13542685,306,0.335206537,926.9152,1.513879513,51.78467243,282,306,0.236439498,0.246662438,40.22539487,Retained,-1.050680004,-1.093008409,-0.04232840497,0.09191398313,0.0707497809,-0.1327335771,-1.169388316,4.792228314,3,0.016,0.054,0,0.918,0.012
Kuching,1996_2007,299,166.9816883,120.4086827,4.389219471,0,319,169.1452187,130.7282304,4.796167186,25.89233621,299,319,0.899781738,0.888272643,38.35782156,Retained,5.117884156,5.130757628,0.01287347269,0.08222894546,0.08866568178,10.16174093,2.185983789,1.660407394,1,0.216,0.326,0.112,0.048,0.298
Kuching,1996_2007,308,12.23949548,314.0491168,3.099376976,0,332,15.88878987,335.6971364,3.774749318,0,308,332,0.77536484,0.597281158,85.52984731,Retained,2.504668057,2.765613821,0.2609457637,0.06665997711,0.1971328589,0,1.235703206,3.768908012,4,0.048,0.01,0.008,0.028,0.906
Kuching,1996_2007,312,5.77004787,327.958052,2.222301985,59.13542685,324,0.134082615,1158.644,1.196826841,25.89233622,312,324,0.008926381,0.384133667,228.3422406,Retained,1.752680377,-2.009299139,-3.761979516,1.262119925,-0.6188698335,-0.8258614473,-4.604601357,5.126874693,2,0,0.004,0.996,0,0
Kuching,1996_2007,312,5.77004787,327.958052,2.222301985,59.13542685,328,5.698511135,327.1465412,2.203018284,25.89233622,312,328,0.609631268,0.617284298,53.08336549,Retained,1.752680377,1.740204936,-0.01247544051,-0.002477501222,-0.008715221446,-0.8258614473,0.4448431234,3.667907204,3,0.16,0.052,0.182,0.456,0.15
Kuching,1996_2007,323,0.524549806,563.6779019,1.151647165,150.7663477,335,0.737454382,491.5459394,1.19076692,208.7506883,323,335,0.97874094,0.696176469,6.676064724,Retained,-0.6452148966,-0.3045510476,0.340663849,-0.1369275895,0.03340433515,0.3254075464,3.784539073,2.79365087,4,0.024,0,0.004,0.044,0.928
Kuching,1996_2007,324,0.78682471,676.4134822,1.692568751,66.11541716,337,0.26816523,965.5366667,1.410473959,139.4344978,324,337,0.262180764,0.769265652,58.10951401,Retained,-0.2397497873,-1.316151959,-1.076402171,0.3558795289,-0.1823215569,0.7461850284,-1.032212173,4.754586448,1,0,0.622,0.374,0.004,0
Kuching,1996_2007,327,1.748499354,372.0274152,1.387722887,59.13542685,339,2.212363146,327.6972929,1.374979203,51.78467243,327,339,0.817153959,0.645822167,27.23948514,Retained,0.5587579081,0.7940612411,0.235303333,-0.1268772536,-0.009225587103,-0.1327335771,1.492951859,3.59769028,4,0.038,0,0,0.184,0.778
Kuching,1996_2007,328,1.311374516,631.3192501,2.039423737,29.56771343,340,1.608991379,611.5065556,2.188129613,155.3540173,328,340,0.651949195,0.531357467,57.41301843,Retained,0.271075836,0.47560751,0.204531674,-0.03188600211,0.07037983483,1.658996108,0.6262818391,4.487115522,4,0.02,0.014,0.002,0.382,0.582
Kuching,1996_2007,330,0.349699871,845.5168528,1.410473959,59.13542685,341,0.26816523,965.5366667,1.410473959,36.61729304,330,341,0.150700242,0.19652009,27.05596831,Retained,-1.050680004,-1.316151959,-0.2654719548,0.1327359776,0,-0.4792991687,-1.723682462,4.395649525,3,0.05,0.186,0.018,0.742,0.004
Kuching,1996_2007,334,1.748499355,338.2067411,1.261566261,121.9108056,346,1.608991379,514.9528888,1.842635464,36.61729304,334,346,0.57570016,0.625616372,25.52550612,Retained,0.5587579086,0.47560751,-0.08315039862,0.4204180499,0.37884285090000003,-1.202749953,0.304528052,3.532703357,3,0.232,0.238,0.144,0.258,0.128
Kuching,1996_2007,342,0.961674645,430.4449432,1.19076692,0,354,0.53633046,579.322,1.196826841,25.89233622,342,354,0.506708755,0.908561051,25.26817073,Retained,-0.03907909238,-0.623004778,-0.5839256857,0.2970390289,0.005076185163,10.16174093,0.026783058,3.821489594,1,0.056,0.83,0.056,0.054,0.004
Kuching,1996_2007,342,0.961674645,430.4449432,1.19076692,0,455,1866.698165,77.70343925,9.470488039,0,342,455,0.087855844,4.53e-5,3798.035159,Retained,-0.03907909238,7.531926462,7.571005554,-1.711919906,2.073582871,0,-2.329878435,8.834143901,4,0,0.016,0.426,0.04,0.518
Kuching,1996_2007,351,1.398799484,380.4825838,1.269426563,59.13542685,361,0.871536997,534.7587692,1.408302327,57.89702387,351,361,0.474306396,0.761252284,42.37278165,Retained,0.3356143573,-0.1374969628,-0.4731113201,0.3403753421,0.1038196823,-0.02116384016,-0.1026593426,4.151087578,1,0.096,0.728,0.098,0.076,0.002
Kuching,1996_2007,355,0.349699871,845.5168527,1.410473959,88.70314027,367,0.26816523,965.5366668,1.410473959,77.67700864,355,367,0.315056645,0.410848439,25.45817366,Retained,-1.050680004,-1.316151959,-0.2654719548,0.1327359778,0,-0.1327343772,-0.7748735976,4.334781081,3,0.072,0.154,0.006,0.768,0
Kuching,1996_2007,352,0.174849935,1014.620223,1.196826841,29.56771343,403,626.232853,83.43659108,5.890057627,0,352,403,0.166581756,4.65e-5,1987.123625,Retained,-1.743827187,6.439722272,8.183549459,-2.498182702,1.593592026,-10.2944721,-1.605263441,9.038722497,4,0,0,0.29,0.024,0.686
Kuching,1996_2007,356,0.437124839,676.4134822,1.261566261,29.56771342,368,0.402247845,772.4293333,1.381976598,0,356,368,0.334425358,0.363421798,35.79221146,Retained,-0.8275364519,-0.9106868505,-0.08315039857,0.1327359775,0.09116077849,-10.2944721,-0.6867526726,4.56389142,3,0.054,0.136,0.058,0.724,0.028
Kuching,1996_2007,363,0.524549806,563.6779019,1.151647165,0,371,0.402247845,643.6911111,1.151647165,0,363,371,0.412812815,0.538327038,28.51138755,Retained,-0.6452148966,-0.9106868505,-0.2654719538,0.1327359775,0,0,-0.3516315052,4.245311035,1,0.058,0.48,0.004,0.456,0.002
Kuching,1996_2007,366,12.76404529,217.7495456,2.194555122,291.2082051,373,4.625850215,313.4495845,1.901772441,73.23458608,366,373,0.319148651,0.880622506,120.9007995,Retained,2.546632257,1.531660184,-1.014972072,0.3642930032,-0.1431930331,-1.380360475,-0.7560262484,4.094027456,2,0.016,0.096,0.886,0.002,0
Kuching,1996_2007,364,0.437124839,676.4134822,1.261566261,0,374,0.53633046,675.8756666,1.396297981,0,364,374,0.38957993,0.31751892,31.61016844,Retained,-0.8275364519,-0.623004778,0.2045316739,-7.954151356e-4,0.1014704217,0,-0.4481516006,4.439643659,3,0,0.018,0.006,0.694,0.282
Kuching,1996_2007,366,12.76404529,217.7495456,2.194555122,291.2082051,376,3.486147988,252.5249743,1.330063309,73.23458608,366,376,0.221154228,0.809725404,222.3310244,Retained,2.546632257,1.248797398,-1.297834858,0.148164623,-0.5007528062,-1.380360475,-1.255724311,4.703220685,2,0.006,0.006,0.988,0,0
Kuching,1996_2007,378,0.524549806,676.4134822,1.381976598,93.50131963,386,1.407867457,662.08228570000006,2.216092691,202.2256105,378,386,0.681509762,0.253920078,103.4177087,Retained,-0.6452148966,0.3420761177,0.9872910143,-0.02141470226,0.4722308043,0.7714026579,0.7590501109,5.533758272,4,0.004,0.002,0.06,0.024,0.91
Kuching,1996_2007,379,0.524549806,789.1490626,1.612306031,93.50131963,386,1.407867457,662.08228570000006,2.216092691,202.2256105,379,386,0.13243062,0.049341615,128.8522469,Retained,-0.6452148966,0.3420761177,0.9872910143,-0.1755653821,0.3180801245,0.7714026579,-1.873265825,5.753646527,4,0,0.022,0.138,0.086,0.754
Kuching,1996_2007,386,1.223949548,531.467736,1.658646096,0,455,1866.698165,77.70343925,9.470488039,0,386,455,0.593241869,3.88975e-4,1530.816262,Retained,0.2020829643,7.531926462,7.329843498,-1.922742973,1.742178776,0,0.3766122409,7.804880491,4,0,0.002,0.23,0.018,0.75
Kuching,1996_2007,380,0.174849935,1014.620223,1.196826841,83.63012267,387,0.335206537,772.4293332,1.261566261,36.61729303,380,387,0.690849229,0.360359758,17.99444406,Retained,-1.743827187,-1.093008409,0.6508187784,-0.2727291304,0.05268025799,-0.8258678064,0.8023095174,4.334397155,4,0,0,0,0.422,0.578
Kuching,1996_2007,385,0.699399742,507.3101117,1.196826841,59.13542685,392,0.670413075,540.7005333,1.248886881,51.78467243,385,392,0.544685113,0.568235695,30.27722934,Retained,-0.3575328232,-0.3998612267,-0.04232840348,0.06374310594,0.0425789041,-0.1327335771,0.1788589804,4.161560305,3,0.016,0.038,0.008,0.902,0.036
Kuching,1996_2007,387,0.524549806,676.4134822,1.381976598,29.56771342,393,0.469289152,772.4293333,1.49270533,25.89233621,387,393,0.263179541,0.294169962,47.8873202,Retained,-0.6452148966,-0.7565361717,-0.1113212751,0.1327359775,0.07707533959,-0.1327311769,-1.027071563,4.763844029,3,0.03,0.162,0.014,0.776,0.018
Kuching,1996_2007,387,0.524549806,676.4134822,1.381976598,29.56771342,394,0.469289152,662.08228570000006,1.279461712,0,387,394,0.038761215,0.043325502,91.19071304,Retained,-0.6452148966,-0.7565361717,-0.1113212751,-0.02141470226,-0.07707533979,-10.2944721,-3.186370697,5.407936418,3,0.012,0.09,0.254,0.608,0.036
Kuching,1996_2007,392,1.398799484,507.3101117,1.692568751,0,396,1.139702227,636.1182745,1.915705026,25.89233622,392,396,0.495255441,0.607845664,32.85963797,Retained,0.3356143573,0.1307670239,-0.2048473334,0.22626203550000001,0.1238383687,10.16174093,-0.01894092154,3.896833291,1,0.13,0.532,0.118,0.194,0.026
Kuching,1996_2007,393,0.349699871,845.5168528,1.410473959,83.63012267,397,0.469289152,662.08228570000006,1.279461712,73.23458607,393,397,0.268532123,0.200101897,49.6006961,Retained,-1.050680004,-0.7565361717,0.2941438321,-0.2445582536,-0.09748633706,-0.1327342802,-0.999731908,5.001729974,4,0.008,0.02,0.028,0.426,0.518
Kuching,1996_2007,394,0.174849935,1014.620223,1.196826841,29.56771342,404,0.201123922,1029.905778,1.302940032,51.78467243,394,404,0.203095227,0.17656371,40.38978064,Retained,-1.743827187,-1.603834034,0.1399931537,0.01495294244,0.08494951877,0.5603966937,-1.363402574,5.142880093,3,0.006,0.03,0.012,0.906,0.046
Kuching,1996_2007,391,0.961674645,553.4292128,1.530986039,29.56771343,407,7.374543821,379.1925818,2.90484177,0,391,407,0.672486112,0.087695301,183.2951951,Retained,-0.03907909238,1.998034046,2.037113138,-0.3780896464,0.6404669229,-10.2944721,0.717888261,5.803007886,4,0.004,0,0.156,0.006,0.834
Kuching,1996_2007,392,1.398799484,507.3101117,1.692568751,0,407,7.374543821,379.1925818,2.90484177,0,392,407,0.009561714,0.001813661,254.035092,Retained,0.3356143573,1.998034046,1.662419688,-0.2910782693,0.5401315747,0,-4.541921127,5.942034116,4,0,0.022,0.44,0.042,0.496
Kuching,1996_2007,395,4.458673354,358.1012553,2.133063281,0,407,7.374543821,379.1925818,2.90484177,0,395,407,0.691729971,0.418222219,22.42133646,Retained,1.494851268,1.998034046,0.503182778,0.05722842498,0.308819814,0,0.8064254955,2.934996935,4,0.028,0.01,0.016,0.038,0.908
Kuching,1996_2007,397,666.4405289,88.20083974,6.42315627,0,403,626.232853,83.43659108,5.890057627,0,397,403,0.878876747,0.935305595,105.6477222,Retained,6.501950907,6.439722272,-0.0622286351,-0.05552952872,-0.08664384625,0,1.974751032,1.981509139,0,0.362,0.212,0.332,0.018,0.076
Kuching,1996_2007,399,2.010774258,382.3206639,1.529341586,0,407,7.374543821,379.1925818,2.90484177,0,399,407,0.382489786,0.104291283,332.813676,Retained,0.6985198509,1.998034046,1.299514195,-0.008215483346,0.6415416138,0,-0.478000719,6.030690824,2,0.002,0.014,0.484,0.03,0.47
Kuching,1996_2007,397,666.4405289,88.20083974,6.42315627,0,366,0.469289152,882.7763809,1.705948949,25.89233622,397,366,7.19e-6,0.010203585,1898.120261,Retained,6.501950907,-0.7565361717,-7.258487078,2.303455435,-1.325788103,10.16174093,-6.901588201,4.870009356,2,0,0,1,0,0
Kuching,1996_2007,397,666.4405289,88.20083974,6.42315627,0,381,1.541950072,638.0937971,2.235191548,25.89233621,397,381,9.89424e-4,0.427635103,531.4126442,Retained,6.501950907,0.4330478959,-6.068903011,1.978868806,-1.0555827,10.16174093,-6.219920705,3.596930199,2,0,0,1,0,0
Kuching,1996_2007,397,666.4405289,88.20083974,6.42315627,0,395,0.53633046,579.322,1.196826841,0,397,395,4.7183e-4,0.586292684,1978.291051,Retained,6.501950907,-0.623004778,-7.124955685,1.88224197,-1.680235872,0,-6.521776785,4.911378641,2,0,0,1,0,0
Kuching,1996_2007,397,666.4405289,88.20083974,6.42315627,0,402,0.402247845,901.1675555,1.612306031,25.89233622,397,402,2.91925e-4,0.483658224,2609.09628,Retained,6.501950907,-0.9106868505,-7.412637757,2.324074723,-1.382244156,10.16174093,-6.652329749,5.18814906,2,0,0,1,0,0
Kuching,1996_2007,398,1.311374516,450.9423215,1.456731241,59.13542685,405,1.273784842,447.1959298,1.423773641,25.89233621,398,405,0.658892777,0.678336859,19.02433219,Retained,0.271075836,0.2419926591,-0.02908317693,-0.008342620801,-0.02288420928,-0.8258614477,0.6569531573,3.382598389,3,0.038,0.014,0.032,0.854,0.062
Kuching,1996_2007,397,666.4405289,88.20083974,6.42315627,0,406,27.01764691,264.5043375,3.878391327,0,397,406,0.032007408,0.78952229,1711.714753,Retained,6.501950907,3.296490242,-3.205460665,1.098241166,-0.5044891665,0,-3.379524946,4.766641,2,0,0.056,0.944,0,0
Kuching,1996_2007,399,2.010774258,382.3206639,1.529341586,0,414,1.608991379,611.5065555,2.188129613,0,399,414,0.067791618,0.084719934,191.3104262,Retained,0.6985198509,0.47560751,-0.2229123409,0.4696659847,0.3582098141,0,-2.607546616,5.477007621,1,0.042,0.432,0.342,0.116,0.068
Kuching,1996_2007,401,1.223949548,676.4134822,2.111004123,0,414,1.608991379,611.5065555,2.188129613,0,401,414,0.630088437,0.479304284,55.03717322,Retained,0.2020829643,0.47560751,0.2735245457,-0.1008788737,0.03588339896,0,0.5314823469,4.479350464,4,0.002,0,0.002,0.26,0.736
Kuching,1996_2007,416,53.59150521,164.4137175,3.395322995,0,430,55.51020258,166.0536489,3.490035926,25.89233622,416,430,0.879342636,0.848948359,34.19755748,Retained,3.981390571,4.016566834,0.0351762635,0.009925003366,0.02751313522,10.16174093,1.979102589,2.113853122,4,0.272,0.112,0.138,0.036,0.442
Kuching,1996_2007,400,0.437124839,676.4134822,1.261566261,118.2708537,411,0.603371767,600.7783704,1.316442362,106.7568371,400,411,0.761992786,0.552041054,17.44711671,Retained,-0.8275364519,-0.5052217432,0.3223147087,-0.1185784506,0.04257890447,-0.1024227547,1.160754841,3.845364887,4,0.002,0,0,0.088,0.91
Kuching,1996_2007,405,0.174849936,1014.620223,1.196826841,59.13542684,416,0.670413075,617.9434666,1.427299293,93.35614586,405,416,0.227910498,0.059441168,56.37541714,Retained,-1.743827182,-0.3998612267,1.343965955,-0.4958726816,0.176110297,0.4565853222,-1.217063738,5.476329469,4,0,0.004,0.03,0.03,0.936
Kuching,1996_2007,416,53.59150521,164.4137175,3.395322995,0,433,4.022478448,296.0979111,1.675240927,25.89233622,416,433,9.34286e-4,0.012447495,822.0750216,Retained,3.981390571,1.391898242,-2.589492329,0.5883042614,-0.706441903,10.16174093,-6.248082725,5.293502532,2,0,0.012,0.988,0,0
Kuching,1996_2007,448,1854.54584,72.63800087,8.824248655,0,455,1866.698165,77.70343925,9.470488039,0,448,455,0.936470223,0.930373728,26.99788072,Retained,7.525395115,7.531926462,0.006531347143,0.06741130673,0.07067698019,0,2.676058219,0.1054627958,1,0.16,0.562,0.096,0.07,0.112
Kuching,1996_2007,448,1854.54584,72.63800087,8.824248655,0,400,2.480528376,438.4058378,1.94779612,51.78467243,448,400,7.10912e-4,0.531507075,514.7552489,Retained,7.525395115,0.9084715923,-6.616923523,1.797656839,-1.510804922,10.8548688,-6.371017764,3.053360871,2,0,0,1,0,0
Kuching,1996_2007,409,7.605972192,264.3454988,2.056574063,29.56771343,418,7.642709051,257.4764444,2.007965444,0,409,418,0.773662099,0.769943297,22.62665159,Retained,2.028933753,2.033752128,0.004818374716,-0.02632871725,-0.02391952962,-10.2944721,1.225989472,2.677070746,3,0.238,0.024,0.1,0.432,0.206
Kuching,1996_2007,411,0.349699871,845.5168528,1.410473959,29.56771343,421,0.201123922,1029.905778,1.302940032,57.89702387,411,421,0.402792356,0.70034647,27.72519197,Retained,-1.050680004,-1.603834034,-0.5531540297,0.1972744989,-0.07930251498,0.6719664303,-0.3930371489,4.42008247,1,0.26,0.538,0.022,0.18,0
Kuching,1996_2007,448,1854.54584,72.63800087,8.824248655,0,440,0.335206537,772.4293333,1.261566261,25.89233621,448,440,5.37e-5,0.29715532099999997,2645.438189,Retained,7.525395115,-1.093008409,-8.618403524,2.364052314,-1.945149448,10.16174093,-6.856383472,4.690259761,2,0,0,1,0,0
Kuching,1996_2007,420,7.168847353,305.2109615,2.305259718,147.8385671,432,8.313122126,280.3170968,2.279957412,51.78467243,420,432,0.835024577,0.720086098,28.95466992,Retained,1.969744882,2.117835245,0.1480903634,-0.0850817636,-0.01103658218,-1.049014163,1.616818288,2.953258539,4,0.104,0.004,0.006,0.052,0.834
Kuching,1996_2007,421,3.84669858,292.0876401,1.616040819,29.56771342,433,4.022478448,296.0979111,1.675240927,25.89233622,421,433,0.726898999,0.695133924,53.00882003,Retained,1.347215269,1.391898242,0.04468297327,0.01363628581,0.03597777289,-0.1327311765,0.9766656457,3.869234489,3,0.064,0.008,0.016,0.616,0.296
Kuching,1996_2007,412,1.398799484,465.034269,1.551521355,236.5417074,422,1.005619612,566.4481777,1.602404365,233.0310259,412,422,0.578378897,0.804515064,14.5444722,Retained,0.3356143573,0.005603880888,-0.3300104764,0.1972744986,0.03226926049,-0.01495287827,0.3154806225,3.08183752,1,0.394,0.424,0.058,0.12,0.004
Kuching,1996_2007,414,0.349699871,676.4134822,1.128379167,93.50131963,424,0.53633046,675.8756666,1.396297981,25.89233621,414,424,0.599713305,0.391026944,32.97071542,Retained,-1.050680004,-0.623004778,0.4276752258,-7.954151356e-4,0.2130421975,-1.284000598,0.4034416688,4.59335503,4,0,0,0.002,0.068,0.93
Kuching,1996_2007,424,0.262274903,901.8846429,1.302940032,0,455,1866.698165,77.70343925,9.470488039,0,424,455,0.736660821,1.03502e-4,2164.611263,Retained,-1.338362077,7.531926462,8.870288539,-2.451587102,1.983557167,0,1.026251079,8.921542513,4,0,0,0.082,0.01,0.908
Kuching,1996_2007,425,118.8979561,101.9593852,3.136241307,291.208205,437,122.2833448,116.4572734,3.632832218,0,425,437,0.912135216,0.886882961,30.49836872,Retained,4.778265613,4.80634085,0.02807523679,0.1329499041,0.1469875225,-12.58179721,2.329768037,1.600938122,0,0.414,0.18,0.212,0.042,0.152
Kuching,1996_2007,423,0.349699871,845.5168528,1.410473959,29.56771342,435,0.402247845,772.4293333,1.381976598,25.89233622,423,435,0.66111434,0.574749112,5.713923112,Retained,-1.050680004,-0.9106868505,0.1399931533,-0.09040757383,-0.02041099727,-0.1327311765,0.6668289931,2.840785788,3,0.098,0.01,0.008,0.716,0.168
Kuching,1996_2007,426,0.174849935,1014.620223,1.196826841,121.9108056,436,0.335206537,772.4293333,1.261566261,103.5693449,426,436,0.211183358,0.110157147,46.43878521,Retained,-1.743827187,-1.093008409,0.6508187784,-0.2727291303,0.05268025799,-0.1630468357,-1.314350023,5.282435068,4,0,0.008,0.01,0.458,0.524
Kuching,1996_2007,427,0.611974774,579.7829848,1.279461712,29.56771342,503,521.6484134,83.38782161,5.372626403,0,427,503,0.29164306,3.42143e-4,2120.675688,Retained,-0.4910642163,6.256993823,6.74805804,-1.939151595,1.434877425,-10.2944721,-0.8854052002,8.47738756,4,0,0.002,0.392,0.02,0.586
Kuching,1996_2007,440,2.885023935,307.4606737,1.473192003,29.56771342,445,2.949817528,333.5490303,1.616040819,25.89233621,440,445,0.779929399,0.762798011,18.11778001,Retained,1.059533196,1.081743314,0.02221011724,0.08144268328,0.09254774181,-0.1327311769,1.262002636,2.939547315,3,0.154,0.022,0.002,0.698,0.124
Kuching,1996_2007,437,2.010774258,411.7299457,1.646983246,467.5065981,443,1.810115302,429.1274074,1.62867504,415.0857263,437,443,0.486471859,0.540399313,51.06254397,Retained,0.6985198509,0.593390546,-0.1051293049,0.04138619895,-0.01117845333,-0.1189281238,-0.05401768596,4.156175835,3,0.044,0.182,0.078,0.664,0.032
Kuching,1996_2007,439,2.972448903,318.3122269,1.548123445,0,450,32.17982758,204.3719278,3.27045491,0,439,450,0.708716443,0.065464102,403.80427,Retained,1.08938616,3.471339784,2.381953624,-0.4430912373,0.7478855746,0,0.8871410975,6.02860462,4,0.008,0,0.096,0.016,0.88
Kuching,1996_2007,444,27.6262898,173.3844685,2.570789641,0,450,32.17982758,204.3719278,3.27045491,0,444,450,0.853006692,0.732303798,18.6724671,Retained,3.318767848,3.471339784,0.1525719352,0.1644300194,0.2407159864,0,1.752771973,1.840084663,4,0.276,0.034,0.02,0.052,0.618
Kuching,1996_2007,441,2.273049161,416.2544506,1.77034689,88.70314027,442,0.402247845,772.4293334,1.381976598,0,441,442,0.052451691,0.296397537,119.8844943,Retained,0.8211221729,-0.9106868505,-1.731809023,0.6182437934,-0.2476607187,-11.39306184,-2.876154446,4.94834093,2,0,0.032,0.968,0,0
Kuching,1996_2007,441,2.273049161,416.2544506,1.77034689,88.70314027,446,1.944197916,506.0743908,1.990580135,0,441,446,0.436433954,0.510254562,5.732856967,Retained,0.8211221729,0.6648495095,-0.1562726634,0.1953869425,0.1172506109,-11.39306184,-0.2551316437,1.908192279,2,0.286,0.2,0.396,0.092,0.026
Kuching,1996_2007,442,0.349699871,845.5168527,1.410473959,187.0026393,449,0.134082615,1158.644,1.196826841,25.89233622,442,449,0.113203955,0.295246392,37.40729286,Retained,-1.050680004,-2.009299139,-0.9586191354,0.3150575344,-0.1642520337,-1.977142431,-2.050756109,4.719597359,1,0.016,0.496,0.382,0.102,0.004
Kuching,1996_2007,445,0.349699871,676.4134822,1.128379167,88.70314028,451,0.402247845,643.6911111,1.151647165,81.87875638,445,451,0.865757572,0.752658606,8.243986587,Retained,-1.050680004,-0.9106868505,0.1399931533,-0.04958557922,0.02041099743,-0.08005478011,1.85769039,3.207310274,3,0.12,0.006,0,0.53,0.344
Kuching,1996_2007,444,27.6262898,173.3844685,2.570789641,0,453,0.335206537,926.9151998,1.513879513,0,444,453,0.002027168,0.167070523,396.1640384,Retained,3.318767848,-1.093008409,-4.411776257,1.676350593,-0.5295375351,0,-5.799100054,4.894811907,2,0,0,1,0,0
Kuching,1996_2007,450,1.311374516,496.0365537,1.602404365,29.56771343,503,521.6484134,83.38782161,5.372626403,0,450,503,0.004939054,1.24e-5,900.6822375,Retained,0.271075836,6.256993823,5.985917987,-1.783147346,1.209811648,-10.2944721,-5.122258585,7.239980653,4,0,0.012,0.424,0.038,0.526
Kuching,1996_2007,451,0.262274903,901.884643,1.302940032,29.56771342,503,521.6484134,83.38782161,5.372626403,0,451,503,0.09719054,4.89e-5,678.8983356,Retained,-1.338362077,6.256993823,7.595355901,-2.380984347,1.416693603,-10.2944721,-2.219708687,7.762018844,4,0,0.006,0.308,0.044,0.642
Kuching,1996_2007,450,1.311374516,496.0365537,1.602404365,29.56771343,456,1.340826149,502.0790667,1.640036139,0,450,456,0.634038911,0.620112062,24.70143939,Retained,0.271075836,0.2932859531,0.0222101171,0.01210798969,0.02321304816,-10.2944721,0.5484304563,3.643729024,3,0.034,0.012,0.106,0.744,0.104
Kuching,1996_2007,453,0.961674645,553.4292127,1.530986039,59.13542685,457,0.670413075,617.9434666,1.427299293,25.89233621,453,457,0.483283945,0.69324708,31.1203225,Retained,-0.03907909238,-0.3998612267,-0.3607821343,0.1102631216,-0.07012794544,-0.8258614477,-0.06675553768,4.029797684,1,0.14,0.57,0.1,0.182,0.008
Kuching,1996_2007,452,0.437124839,676.4134822,1.261566261,29.56771343,462,0.871536997,713.0116923,1.877736436,0,452,462,0.760751584,0.38155973,15.7346156,Retained,-0.8275364519,-0.1374969628,0.6900394891,0.0526932699,0.3977130147,-10.2944721,1.153947043,3.742059822,4,0.004,0,0.002,0.036,0.958
Kuching,1996_2007,455,0.961674645,491.937078,1.360876479,29.56771342,458,0.737454382,561.7667879,1.360876479,77.67700864,455,458,0.44611991,0.581761003,29.75060582,Retained,-0.03907909238,-0.3045510476,-0.2654719552,0.1327359776,0,0.9658553649,-0.2159252227,3.984787597,1,0.126,0.532,0.012,0.328,0.002
Kuching,1996_2007,457,0.437124839,811.6961787,1.513879513,29.56771342,465,0.335206537,926.9152,1.513879513,77.67700864,457,465,0.581293393,0.758033514,13.8332044,Retained,-0.8275364519,-1.093008409,-0.2654719569,0.1327359775,0,0.9658553649,0.32741852,3.613277274,3,0.162,0.406,0.006,0.426,0
Kuching,1996_2007,460,2.185624193,324.6784715,1.354055001,29.56771343,468,3.352065373,463.4576,2.393653682,51.78467243,460,468,0.680075672,0.443425089,100.2495038,Retained,0.7819014596,1.209576685,0.4276752255,0.3558795288,0.5697171411,0.5603966934,0.7524680619,4.789086305,4,0.054,0.014,0.024,0.048,0.86
Kuching,1996_2007,461,1.573649419,488.5208483,1.728749882,29.56771343,468,3.352065373,463.4576,2.393653682,51.78467243,461,468,0.357147669,0.167665347,162.0054056,Retained,0.4533973927,1.209576685,0.7561792925,-0.05266724583,0.3254224001,0.5603966934,-0.5865240155,5.433302122,4,0,0.01,0.15,0.048,0.792
Kuching,1996_2007,463,0.349699871,676.4134823,1.128379167,29.56771342,503,521.6484134,83.38782161,5.372626403,0,463,503,0.801391779,5.37233e-4,1001.603621,Retained,-1.050680004,6.256993823,7.307673827,-2.093302274,1.560534639,-10.2944721,1.391240441,8.007063559,4,0.004,0,0.056,0,0.94
Kuching,1996_2007,464,30.5987387,164.2718457,2.563362149,0,471,30.03450574,182.7622976,2.825477947,0,464,471,0.824891876,0.840388417,39.42535731,Retained,3.420958789,3.402346912,-0.01861187712,0.106663737,0.0973577988,0,1.545365717,2.536320108,0,0.442,0.292,0.068,0.17,0.028
Kuching,1996_2007,466,4.546098322,299.1828864,1.799497418,83.63012267,472,3.217982758,337.9378333,1.710108792,73.23458607,466,472,0.627822151,0.886934876,6.931217295,Retained,1.514269353,1.168754691,-0.3455146629,0.1218069068,-0.05095042415,-0.1327342802,0.5217933549,1.751409984,0,0.672,0.158,0.11,0.052,0.008
Kuching,1996_2007,471,0.174849935,1014.620223,1.196826841,59.13542685,481,2.078280531,573.0927312,2.330623133,51.78467243,471,481,0.123449027,0.010386016,59.10027731,Retained,-1.743827187,0.731540884,2.475368071,-0.5712221188,0.6664619156,-0.1327335771,-1.953238832,5.523531073,4,0,0.014,0.17,0.06,0.756
Kuching,1996_2007,464,30.5987387,164.2718457,2.563362149,0,483,15.15133549,205.0697345,2.251759971,0,464,483,0.004141506,0.00836394,754.8356379,Retained,3.420958789,2.718088679,-0.7028701099,0.2218274383,-0.1296076165,0,-5.267262795,5.488386901,2,0.004,0.13,0.834,0.028,0.004
Kuching,1996_2007,475,0.699399742,676.4134822,1.595769122,41.81506134,481,2.078280531,573.0927312,2.330623133,51.78467243,475,481,0.384003548,0.129227981,189.1562379,Retained,-0.3575328232,0.731540884,1.089073707,-0.1657570109,0.3787798427,0.2138330087,-0.4716107237,5.99370997,4,0.002,0.01,0.218,0.058,0.712
Kuching,1996_2007,477,14.68739458,213.3923486,2.306993083,0,483,15.15133549,205.0697345,2.251759971,0,477,483,0.836597985,0.810980976,9.2509663,Retained,2.686989614,2.718088679,0.03109906488,-0.0397823939,-0.02423286114,0,1.628223515,1.453706238,4,0.348,0.038,0.036,0.118,0.46
Kuching,1996_2007,476,14.94966948,162.1810104,1.768930887,83.63012267,482,14.81612895,171.2626124,1.859623419,93.35614586,476,482,0.819518912,0.82690537,36.20606859,Retained,2.704689191,2.695716381,-0.008972809936,0.05448506387,0.04999865887,0.1100166846,1.50878551,2.809274712,0,0.372,0.17,0.042,0.31,0.106
Kuching,1996_2007,479,1.13652458,572.3498696,1.7212584,29.56771343,484,1.005619612,566.4481778,1.602404365,25.89233622,479,484,0.671607051,0.759032428,24.3935708,Retained,0.1279749919,0.005603880888,-0.122371111,-0.010364866090000001,-0.07155042182,-0.1327311768,0.7139098705,3.702738046,3,0.098,0.07,0.024,0.774,0.034
Kuching,1996_2007,490,519.2168833,74.94192142,4.817195751,0,503,521.6484134,83.38782161,5.372626403,0,490,503,0.934639432,0.930282831,19.35030486,Retained,6.252321683,6.256993823,0.004672140633,0.1067888424,0.1091249127,0,2.646127155,0.4089639534,1,0.168,0.572,0.088,0.1,0.072
Kuching,1996_2007,495,0.874249677,676.4134822,1.784124116,59.13542685,503,521.6484134,83.38782161,5.372626403,0,495,503,0.947214578,0.001587472,2739.65284,Retained,-0.1343892725,6.256993823,6.391383096,-2.093302274,1.102389274,-10.98760237,2.869578361,8.555146435,4,0.004,0.006,0.046,0.006,0.938
Kuching,1996_2007,480,1.398799483,422.7584264,1.410473959,147.8385671,485,1.810115302,371.9104197,1.411518368,155.3540173,480,485,0.882760805,0.682169437,9.724013374,Retained,0.3356143566,0.593390546,0.2577761894,-0.1281479019,7.401926913e-4,0.04958525234,2.011476794,2.679259029,4,0.076,0.002,0.004,0.154,0.764
Kuching,1996_2007,502,0.349699871,845.5168528,1.410473959,118.2708537,509,0.26816523,965.5366666,1.410473959,129.4616811,502,509,0.29947767,0.390532732,23.6549864,Retained,-1.050680004,-1.316151959,-0.2654719548,0.1327359775,0,0.09040684318,-0.8478792891,4.261321152,3,0.034,0.182,0,0.784,0
Kuching,1996_2007,533,631.8202417,104.3587979,7.399815706,0,534,468.0153674,110.7580236,6.759278208,0,533,534,0.678453409,0.915911376,669.1087975,Retained,6.448604926,6.148501132,-0.3001037943,0.05951291274,-0.09053898492,0,0.7450410706,3.854010648,2,0.04,0.228,0.722,0.004,0.006
Kuching,1996_2007,503,0.174849935,1014.620223,1.196826841,59.13542686,510,0.26816523,772.4293333,1.128379167,51.78467243,503,510,0.200143542,0.130498216,38.98777339,Retained,-1.743827187,-1.316151959,0.4276752286,-0.2727291303,-0.05889151774,-0.1327335773,-1.381662935,5.107552279,3,0,0.016,0.004,0.818,0.162
Kuching,1996_2007,533,631.8202417,104.3587979,7.399815706,0,514,0.335206537,772.4293333,1.261566261,0,533,514,3.31397e-4,0.624640167,1335.166117,Retained,6.448604926,-1.093008409,-7.541613335,2.001705585,-1.769101082,0,-6.6221948920000004,4.544874224,2,0,0,1,0,0
Kuching,1996_2007,533,631.8202417,104.3587979,7.399815706,0,519,5.430345905,286.0849383,1.880631945,0,533,519,8.27e-5,0.009622127,1182.141404,Retained,6.448604926,1.692002834,-4.756602092,1.008453812,-1.369847234,0,-6.82921433,4.423146148,2,0,0,1,0,0
Kuching,1996_2007,507,5.332923031,277.2186403,1.805926849,0,519,5.430345905,286.0849383,1.880631945,0,507,519,0.799421043,0.785079062,11.955162229999999,Retained,1.673899499,1.692002834,0.01810333557,0.03148224379,0.04053391157,0,1.378956742,2.216662007,3,0.144,0.026,0.012,0.486,0.332
Kuching,1996_2007,510,0.262274903,901.8846431,1.302940032,147.8385671,521,0.134082615,1158.644,1.196826841,155.3540173,510,521,0.086784064,0.169755653,34.47752838,Retained,-1.338362077,-2.009299139,-0.670937062,0.2505190131,-0.08494951877,0.04958525234,-2.343186817,4.781882746,1,0.078,0.658,0.074,0.19,0
Kuching,1996_2007,533,631.8202417,104.3587979,7.399815706,0,544,156.1392051,119.0648908,4.1969594,0,533,544,0.225046897,0.910656512,1977.607282,Retained,6.448604926,5.05074795,-1.397856976,0.1318337039,-0.5670947846,0,-1.233349597,4.937705935,2,0,0.036,0.964,0,0
Kuching,1996_2007,511,0.349699871,676.4134822,1.128379167,88.70314028,522,0.26816523,965.5366667,1.410473959,51.78467243,511,522,0.383544811,0.500160158,22.02132844,Retained,-1.050680004,-1.316151959,-0.2654719548,0.3558795289,0.2231435515,-0.5381930486,-0.4735461717,4.189761813,3,0.06,0.22,0.024,0.68,0.016
Kuching,1996_2007,518,0.174849935,1014.620223,1.196826841,88.70314028,530,0.26816523,965.5366666,1.410473959,77.67700864,518,530,0.332302686,0.216669038,19.76319574,Retained,-1.743827187,-1.316151959,0.4276752286,-0.04958557898,0.1642520337,-0.1327343773,-0.6962804682,4.428150541,3,0.004,0.002,0.006,0.668,0.32
Kuching,1996_2007,522,0.874249677,541.1307858,1.427299293,88.70314028,535,0.80449569,643.6911111,1.62867504,77.67700864,522,535,0.409733783,0.445259839,38.12074142,Retained,-0.1343892725,-0.2175396699,-0.08315039743,0.173557972,0.1319827731,-0.1327343773,-0.3643210931,4.280344339,3,0.058,0.178,0.024,0.698,0.042
Kuching,1996_2007,525,0.611974774,579.7829848,1.279461712,0,536,0.134082615,1158.644,1.196826841,0,525,536,0.001919066,0.008758928,84.50200572,Retained,-0.4910642163,-2.009299139,-1.518234923,0.6923517654,-0.06676569669,0,-5.835572088,5.254684155,1,0,0.52,0.466,0.014,0
Kuching,1996_2007,525,0.611974774,579.7829848,1.279461712,0,537,0.469289152,662.08228570000006,1.279461712,0,525,537,0.219003885,0.285591215,46.09774125,Retained,-0.4910642163,-0.7565361717,-0.2654719555,0.1327359775,0,0,-1.268204567,4.648682696,1,0.06,0.514,0.02,0.406,0
Kuching,1996_2007,526,0.961674645,430.4449432,1.19076692,59.13542685,540,3.150941451,377.9973333,1.892796703,73.23458607,526,540,0.531638007,0.16225715,117.1727431,Retained,-0.03907909238,1.147701282,1.186780374,-0.1299322845,0.4634579022,0.2138343572,0.1264677213,5.355562306,4,0.002,0.008,0.116,0.04,0.834
Kuching,1996_2007,529,1.398799484,422.7584264,1.410473959,59.13542685,540,3.150941451,377.9973333,1.892796703,73.23458607,529,540,0.767291624,0.340624273,108.6474095,Retained,0.3356143573,1.147701282,0.8120869242,-0.1119137791,0.2941296833,0.2138343572,1.190095298,5.092674832,4,0.008,0,0.004,0.004,0.984
Kuching,1996_2007,531,0.874249677,473.4894376,1.248886881,88.70314027,541,0.670413075,617.9434666,1.427299293,129.4616811,531,541,0.468547268,0.611007333,40.47059279,Retained,-0.1343892725,-0.3998612267,-0.2654719542,0.26626737,0.1335313929,0.3780860973,-0.1257251565,4.340159895,3,0.158,0.356,0.06,0.422,0.004
Kuching,1996_2007,532,0.874249677,473.4894376,1.248886881,29.56771342,543,0.871536997,475.3411282,1.251824291,25.89233621,532,543,0.469854668,0.471317112,35.60621289,Retained,-0.1343892725,-0.1374969628,-0.003107690331,0.003903105607,0.002349260789,-0.1327311769,-0.1204861928,4.212107806,3,0.01,0.034,0.006,0.902,0.048
Kuching,1996_2007,546,11.62752071,213.6042575,2.054700533,388.902551,547,1.743073994,386.2146667,1.438406848,0,546,547,0.055654581,0.371254921,220.3095366,Retained,2.453374763,0.5556502177,-1.897724546,0.5922683072,-0.3565939657,-12.87108665,-2.814577534,4.740715642,2,0,0.018,0.982,0,0
Kuching,1996_2007,546,11.62752071,213.6042575,2.054700533,388.902551,551,0.737454382,561.7667878,1.360876479,0,546,551,0.048928742,0.771464586,177.7324423,Retained,2.453374763,-0.3045510476,-2.757925811,0.9669617564,-0.4120011493,-12.87108665,-2.948043054,4.525962474,2,0,0.014,0.986,0,0
Kuching,1996_2007,546,11.62752071,213.6042575,2.054700533,388.902551,552,0.871536997,594.1764102,1.564780364,36.61729304,546,552,0.074954672,1,229.1229269,Retained,2.453374763,-0.1374969628,-2.590871726,1.023051223,-0.2723846396,-2.362783447,-2.500786442,4.779940584,2,0,0.004,0.996,0,0
Kuching,1996_2007,546,11.62752071,213.6042575,2.054700533,388.902551,555,0.402247845,643.6911111,1.151647165,51.78467243,546,555,0.028153083,0.813803136,107.4015117,Retained,2.453374763,-0.9106868505,-3.364061614,1.103093931,-0.5789368763,-2.016217855,-3.507666068,4.02226113,2,0,0.008,0.992,0,0
Kuching,1996_2007,542,0.437124839,676.4134822,1.261566261,59.13542685,556,0.402247845,772.4293333,1.381976598,0,542,556,0.481331562,0.523065507,23.47814431,Retained,-0.8275364519,-0.9106868505,-0.08315039857,0.1327359775,0.09116077849,-10.98760237,-0.07455922345,4.14224572,3,0.058,0.106,0.062,0.732,0.042
Kuching,1996_2007,546,11.62752071,213.6042575,2.054700533,388.902551,559,1.005619612,463.4576,1.311058117,51.78467243,546,559,0.079279404,0.916671574,170.866878,Retained,2.453374763,0.005603880888,-2.447770882,0.7745898639,-0.4492955772,-2.016217855,-2.440729037,4.486568176,2,0,0.028,0.972,0,0
Kuching,1996_2007,542,0.437124839,676.4134822,1.261566261,59.13542685,563,2.279404454,545.2442353,2.322185168,0,542,563,0.033041085,0.006336339,92.89977377,Retained,-0.8275364519,0.8239142045,1.651450656,-0.2155707167,0.6101546119,-10.98760237,-3.347621466,5.517665144,4,0,0.02,0.178,0.07,0.732
Kuching,1996_2007,545,1.92334929,614.9213475,2.405712467,0,563,2.279404454,545.2442353,2.322185168,0,545,563,0.474889767,0.40070945,37.31040877,Retained,0.6540680882,0.8239142045,0.1698461163,-0.1202605369,-0.03533747862,0,-0.1003245137,3.864630044,4,0.018,0.05,0.024,0.294,0.614
Kuching,1996_2007,546,11.62752071,213.6042575,2.054700533,388.902551,564,0.402247845,901.1675555,1.612306031,73.23458607,546,564,0.005859592,0.169379458,403.2245875,Retained,2.453374763,-0.9106868505,-3.364061614,1.439566167,-0.2424646397,-1.669649921,-4.977235876,5.345173737,2,0,0.052,0.944,0.002,0.002
Kuching,1996_2007,547,0.349699871,845.5168528,1.410473959,29.56771342,581,261.5281404,170.2869076,7.768470837,0,547,581,0.852215822,0.001139532,1552.430998,Retained,-1.050680004,5.566541889,6.617221893,-1.602463394,1.706147552,-10.2944721,1.746515745,8.445282956,4,0.002,0.002,0.052,0,0.944
Kuching,1996_2007,567,0.524549806,676.4134822,1.381976598,0,581,261.5281404,170.2869076,7.768470837,0,567,581,0.6200171,0.001243575,2298.089989,Retained,-0.6452148966,5.566541889,6.211756786,-1.379319843,1.72655855,0,0.4886041256,8.634806444,4,0,0,0.166,0.018,0.816
Kuching,1996_2007,562,0.349699871,676.4134822,1.128379167,59.13542685,577,0.53633046,675.8756666,1.396297981,25.89233622,562,577,0.409819965,0.267212093,37.69827428,Retained,-1.050680004,-0.623004778,0.4276752258,-7.954151356e-4,0.2130421975,-0.8258614473,-0.3639655216,4.727345789,4,0,0,0.004,0.084,0.912
Kuching,1996_2007,568,1.049099613,563.6779019,1.62867504,93.50131963,583,1.474908764,456.4355151,1.563713104,25.89233622,568,583,0.459718167,0.326996595,60.30144872,Retained,0.04793228487,0.388596133,0.3406638481,-0.2110355617,-0.04070363742,-1.284000598,-0.1611535868,4.647771512,4,0.004,0.004,0.026,0.16,0.806
Kuching,1996_2007,315,0.437124839,676.4134822,1.261566261,59.13542685,329,0.53633046,579.322,1.196826841,25.89233622,315,329,0.421151072,0.343250304,46.12124817,Retained,-0.8275364519,-0.623004778,0.2045316739,-0.1549460949,-0.05268025799,-0.8258614473,-0.3174043602,4.817428609,3,0.004,0.012,0.04,0.612,0.332
Kuching,1996_2007,571,0.349699871,676.4134822,1.128379167,93.50131963,586,0.402247845,643.6911111,1.151647165,132.0255276,571,586,0.518523894,0.450786114,33.41076223,Retained,-1.050680004,-0.9106868505,0.1399931533,-0.04958557922,0.02041099743,0.3450166242,0.0739814054,4.606612945,3,0.006,0.002,0.008,0.896,0.088
Kuching,1996_2007,340,69.15314947,74.39693167,1.745243682,0,353,68.65029885,72.41525,1.692568751,57.89702387,340,353,0.927347097,0.934139729,24.16034352,Retained,4.236323603,4.229025485,-0.007298117109,-0.02699778742,-0.0306468458,10.96643853,2.534042132,1.638957122,0,0.388,0.134,0.236,0.062,0.18
Kuching,1996_2007,317,0.874249677,473.4894376,1.248886881,59.13542685,331,0.53633046,675.8756666,1.396297981,25.89233622,317,331,0.324382623,0.52876246,54.64461305,Retained,-0.1343892725,-0.623004778,-0.4886155055,0.3558795287,0.1115717756,-0.8258614473,-0.7321041475,4.640428517,1,0.074,0.674,0.114,0.13,0.008
Kuching,1996_2007,331,0.262274903,901.884643,1.302940032,83.63012267,342,0.201123922,1029.905778,1.302940032,93.35614586,331,342,0.047663101,0.062154889,30.13286408,Retained,-1.338362077,-1.603834034,-0.2654719563,0.1327359777,0,0.1100166846,-2.975047292,4.647195573,3,0.024,0.176,0.01,0.782,0.008
Kuching,1996_2007,335,0.174849935,1014.620223,1.196826841,41.81506133,347,0.134082615,1158.644,1.196826841,57.89702387,335,347,0.038159272,0.049761456,34.01290341,Retained,-1.743827187,-2.009299139,-0.2654719519,0.1327359779,0,0.3254027459,-3.20225078,4.971047901,3,0.014,0.22,0.008,0.75,0.008
Kuching,1996_2007,354,28.41311451,126.9576074,1.909032043,29.56771342,364,27.48693606,131.8781789,1.950433624,0,354,364,0.85704367,0.885921955,31.33705507,Retained,3.346850817,3.313710839,-0.03313997767,0.03802537861,0.02145538931,-10.2944721,1.785145006,2.34377271,0,0.488,0.138,0.18,0.128,0.066
Kuching,1996_2007,346,2.797598967,295.9308985,1.396297981,118.2708537,358,2.681652299,308.9717333,1.427299293,106.7568371,346,358,0.63095633,0.65823698,34.37033877,Retained,1.028761538,0.986433134,-0.0423284035,0.04312381866,0.02195961731,-0.1024227547,0.535199268,3.595207216,3,0.07,0.048,0.016,0.81,0.056
Kuching,1996_2007,345,2.098199225,394.5745313,1.612306031,59.13542685,359,2.011239224,437.7099555,1.751109716,103.5693449,345,359,0.649726723,0.677818954,26.54909941,Retained,0.741079465,0.6987510614,-0.0423284035,0.1037484405,0.08258423879,0.5604039486,0.6165252862,3.480858702,3,0.204,0.086,0,0.676,0.034
Kuching,1996_2007,354,28.41311451,126.9576074,1.909032043,29.56771342,362,0.134082615,1158.644,1.196826841,0,354,362,0.002161035,0.457939476,292.9637342,Retained,3.346850817,-2.009299139,-5.356149956,2.211152404,-0.4669225745,-10.2944721,-5.755694064,4.578991775,2,0,0.04,0.96,0,0
Kuching,1996_2007,359,0.349699871,676.4134822,1.128379167,0,370,2.346445761,353.1105524,1.525847126,316.056242,359,370,0.107237721,0.015982052,92.35388213,Retained,-1.050680004,0.8529017411,1.903581745,-0.6500233616,0.3017675107,12.66367862,-2.111109904,5.623343516,4,0,0.022,0.198,0.064,0.716
Kuching,1996_2007,362,1.661074387,498.4099343,1.812075543,0,370,2.346445761,353.1105524,1.525847126,316.056242,362,370,0.639764046,0.45289591,29.91617194,Retained,0.5074646141,0.8529017411,0.345437127,-0.3446417122,-0.1719231489,12.66367862,0.5731299292,3.717065264,4,0.02,0.014,0.016,0.108,0.842
Kuching,1996_2007,377,0.874249677,608.772134,1.605711705,319.8237206,383,0.871536997,594.1764103,1.564780364,316.056242,377,383,0.46832083,0.469778478,35.17931502,Retained,-0.1343892725,-0.1374969628,-0.003107690331,-0.02426777118,-0.02582161655,-0.01184975485,-0.1266327034,4.200046273,3,0.016,0.044,0.016,0.886,0.038
Kuching,1996_2007,381,3.322148773,427.2085151,2.196567265,147.8385671,388,1.541950072,570.926029,1.999908227,93.35614586,381,388,0.254005917,0.547258615,26.70356613,Retained,1.200611794,0.4330478959,-0.7675638985,0.2899874351,-0.09379451468,-0.4596952635,-1.074770515,3.256893613,2,0.036,0.366,0.592,0.006,0
Kuching,1996_2007,382,0.611974774,676.4134822,1.49270533,209.0753067,389,0.603371767,772.4293333,1.692568751,221.2242176,382,389,0.504340062,0.511531055,42.82457748,Retained,-0.4910642163,-0.5052217432,-0.01415752694,0.1327359775,0.1256572146,0.05648197761,0.01732603022,4.57503258,3,0.028,0.08,0.004,0.862,0.026
Kuching,1996_2007,383,0.524549806,563.6779019,1.151647165,29.56771342,390,0.871536997,475.3411282,1.251824291,25.89233622,383,390,0.83398496,0.501948476,23.989181,Retained,-0.6452148966,-0.1374969628,0.5077179338,-0.1704502815,0.0834086852,-0.1327311765,1.609329844,4.072617013,4,0.002,0,0,0.048,0.95
Kuching,1996_2007,418,0.78682471,526.0993751,1.316442362,0,431,15.01725287,175.8656071,1.922521612,25.89233621,418,431,0.474313114,0.024851501,331.8586473,Retained,-0.2397497873,2.709199731,2.948949519,-1.095770014,0.3787047462,10.16174093,-0.1026324535,6.496951967,4,0,0.01,0.412,0.02,0.558
Kuching,1996_2007,422,0.437124839,676.4134822,1.261566261,230.9312242,434,0.402247845,643.6911111,1.151647165,258.9233621,422,434,0.608214572,0.660949945,22.92856756,Retained,-0.8275364519,-0.9106868505,-0.08315039857,-0.04958557922,-0.09116077831,0.1144117151,0.4389070626,4.118560406,3,0.014,0.018,0.002,0.956,0.01
Kuching,1996_2007,447,0.262274903,901.8846429,1.302940032,59.13542686,460,3.486147988,356.5058461,1.877736436,57.89702387,447,460,0.54237192,0.040804505,203.9027338,Retained,-1.338362077,1.248797398,2.587159475,-0.9281359832,0.365443754,-0.02116384032,0.1695544226,6.559193971,4,0.002,0.004,0.27,0.022,0.702
Kuching,1996_2007,454,3.322148773,320.4063863,1.647425449,29.56771342,460,3.486147988,356.5058461,1.877736436,57.89702387,454,460,0.717445352,0.683694482,51.51191499,Retained,1.200611794,1.248797398,0.04818560394,0.106760491,0.1308532926,0.6719664307,0.9296847777,3.913891598,3,0.192,0.032,0.008,0.578,0.19
Kuching,1996_2007,462,0.524549806,563.6779019,1.151647165,59.13542685,470,67.376514,107.6020962,2.491552648,36.61729303,462,470,0.521078935,0.004056782,978.2079818,Retained,-0.6452148966,4.2102965,4.855511397,-1.656042863,0.7717128346,-0.479299169,0.08419715046,7.780695721,4,0,0,0.264,0.016,0.72
Kuching,1996_2007,465,0.349699871,676.4134823,1.128379167,0,470,67.376514,107.6020962,2.491552648,36.61729303,465,470,0.113297619,5.88041e-4,695.7424265,Retained,-1.050680004,4.2102965,5.260976504,-1.83836442,0.792123832,10.5083032,-2.049830791,7.642685897,4,0,0.014,0.334,0.046,0.606
Kuching,1996_2007,469,67.40465011,101.7690842,2.356979818,0,481,2.078280531,573.0927312,2.330623133,51.78467243,469,481,0.002876179,0.093282796,514.2606831,Retained,4.210714008,0.731540884,-3.479173124,1.728341172,-0.01124539046,10.8548688,-5.551027463,4.709740186,2,0.004,0.09,0.9,0.004,0.002
Kuching,1996_2007,469,67.40465011,101.7690842,2.356979818,0,470,67.376514,107.6020962,2.491552648,36.61729303,469,470,0.890270907,0.890642703,56.71900259,Retained,4.210714008,4.2102965,-4.175080486e-4,0.05573376251,0.05552500822,10.5083032,2.085561815,2.505134867,1,0.278,0.308,0.192,0.072,0.15
Kuching,1996_2007,468,0.349699871,676.4134822,1.128379167,41.81506133,473,0.26816523,772.4293333,1.128379167,36.61729303,468,473,0.018380717,0.023969306,54.95025759,Retained,-1.050680004,-1.316151959,-0.2654719548,0.1327359775,0,-0.132732583,-3.925943141,5.104151511,3,0.052,0.196,0.044,0.702,0.006
Kuching,1996_2007,470,0.349699871,676.4134823,1.128379167,41.81506133,474,0.201123922,1029.905778,1.302940032,25.89233622,470,474,0.493256002,0.85763818,12.10356585,Retained,-1.050680004,-1.603834034,-0.5531540297,0.4204180501,0.1438410365,-0.4792948613,-0.02692377398,3.591287669,1,0.194,0.514,0.056,0.236,0
Kuching,1996_2007,473,0.349699871,676.4134822,1.128379167,121.9108056,480,0.53633046,579.322,1.196826841,51.78467243,473,480,0.581830053,0.379366666,28.74848997,Retained,-1.050680004,-0.623004778,0.4276752258,-0.1549460949,0.05889151774,-0.8561843614,0.3296192004,4.456324972,4,0.004,0,0.002,0.068,0.926
Kuching,1996_2007,478,0.961674645,614.9213475,1.701095599,41.81506133,486,5.698511135,436.1953882,2.937357712,36.61729304,478,486,0.794877226,0.134142637,207.1970836,Retained,-0.03907909238,1.740204936,1.779284029,-0.3434040883,0.5462379263,-0.1327325827,1.350972954,5.92557975,4,0.004,0,0.13,0.01,0.856
Kuching,1996_2007,481,3.759273612,424.7247447,2.323028832,41.81506133,486,5.698511135,436.1953882,2.937357712,36.61729304,481,486,0.697740544,0.46029526,51.68908896,Retained,1.32422575,1.740204936,0.4159791859,0.02664898147,0.2346385746,-0.1327325827,0.8346907621,3.855518128,4,0.012,0.002,0.018,0.032,0.936
Kuching,1996_2007,483,0.961674645,491.937078,1.360876479,118.2708537,488,1.810115302,486.344395,1.845831712,234.4650765,483,488,0.895142262,0.475569487,32.9971312,Retained,-0.03907909238,0.593390546,0.6324696384,-0.01143381344,0.3048010063,0.6843250947,2.136003077,4.088355419,4,0.004,0,0,0.016,0.98
Kuching,1996_2007,484,3.147298838,432.1530581,2.162726737,59.13542685,489,3.217982758,434.4915,2.198711304,36.61729304,484,489,0.696736753,0.681432724,23.46584454,Retained,1.146544573,1.168754691,0.02221011735,0.005396555147,0.01650161402,-0.4792991687,0.8299486162,3.154681211,3,0.056,0.022,0.024,0.716,0.182
Kuching,1996_2007,488,1.311374516,541.1307858,1.748077489,29.56771343,493,0.938578305,662.08228570000006,1.809432105,36.61729304,488,493,0.143513181,0.200515538,60.46750275,Retained,0.271075836,-0.0633889901,-0.3344648261,0.201728849,0.03449643556,0.2138311018,-1.780635086,4.538949639,1,0.106,0.546,0.126,0.204,0.018
Kuching,1996_2007,488,1.311374516,541.1307858,1.748077489,29.56771343,497,1.273784842,528.5042807,1.682641576,51.78467243,488,497,0.019552401,0.020129396,185.7645595,Retained,0.271075836,0.2419926591,-0.02908317693,-0.02361009288,-0.03815168113,0.5603966934,-3.866050853,5.661312471,3,0.016,0.08,0.232,0.626,0.046
Kuching,1996_2007,493,11.01554593,348.9434631,3.26703019,0,497,1.273784842,528.5042807,1.682641576,51.78467243,493,497,0.052750074,0.456176609,266.0006539,Retained,2.399307541,0.2419926591,-2.157314882,0.4151409928,-0.6635164483,10.8548688,-2.870273059,4.956213699,2,0,0.008,0.992,0,0
Kuching,1996_2007,493,11.01554593,348.9434631,3.26703019,0,498,0.134082615,1158.644,1.196826841,25.89233622,493,498,0.012172126,1,121.1427345,Retained,2.399307541,-2.009299139,-4.408606681,1.200095723,-1.004207618,10.16174093,-4.318417346,4.169688901,2,0,0.008,0.992,0,0
Kuching,1996_2007,493,11.01554593,348.9434631,3.26703019,0,501,0.469289152,662.08228570000006,1.279461712,103.5693449,493,501,0.029218433,0.685839415,231.4119925,Retained,2.399307541,-0.7565361717,-3.155843713,0.6404799346,-0.9374419215,11.54800632,-3.470678951,4.816915133,2,0,0.018,0.982,0,0
Kuching,1996_2007,493,11.01554593,348.9434631,3.26703019,0,504,1.541950072,638.0937971,2.235191548,77.67700864,493,504,0.028069162,0.200523451,400.7577587,Retained,2.399307541,0.4330478959,-1.966259646,0.6035753777,-0.3795544453,11.26032747,-3.510635111,5.366070819,2,0,0.042,0.958,0,0
Kuching,1996_2007,520,0.262274903,901.884643,1.302940032,83.63012267,532,0.335206537,926.9151999,1.513879513,93.35614587,520,532,0.735132329,0.575187922,17.30064979,Retained,-1.338362077,-1.093008409,0.2453536684,0.02737546175,0.1500522959,0.1100166847,1.01841119,4.092347842,3,0.004,0.004,0,0.688,0.304
Kuching,1996_2007,539,0.174849935,1014.620223,1.196826841,0,553,0.134082615,1158.644,1.196826841,0,539,553,0.229371315,0.2991108,26.46971407,Retained,-1.743827187,-2.009299139,-0.2654719519,0.1327359779,0,0,-1.208811036,4.720317529,3,0.022,0.246,0,0.73,0.002
Kuching,1996_2007,563,264.7228023,155.0300385,7.115519263,0,563,2.279404454,545.2442353,2.322185168,0,563,563,1.82076e-4,0.021145767,1697.018505,Retained,5.578683249,0.8239142045,-4.754769045,1.257614938,-1.119769585,0,-6.741300654,5.219652077,2,0,0,1,0,0
Kuching,1996_2007,563,264.7228023,155.0300385,7.115519263,0,581,261.5281404,170.2869076,7.768470837,0,563,581,0.83442171,0.844614506,35.11293127,Retained,5.578683249,5.566541889,-0.01214136027,0.09386581135,0.08779513121,0,1.61247123,1.341621272,1,0.204,0.508,0.152,0.11,0.026
Kuching,1996_2007,482,10.14129626,285.7263847,2.5668007,582.4164101,487,10.72660919,265.5225833,2.45317066,544.3551956,482,487,0.751358935,0.71035993099999994,49.0068517,Retained,2.316615826,2.372727495,0.0561116683,-0.07333475947,-0.0452789248,-0.06758358624,1.103189371,3.306037554,4,0.088,0.006,0.022,0.084,0.8
Kuching,1996_2007,489,1.13652458,468.2862569,1.408302327,177.4062806,494,1.743073994,356.5058461,1.327760167,155.3540173,489,494,0.50172971,0.327139378,60.03319715,Retained,0.1279749919,0.5556502177,0.4276752258,-0.2727291307,-0.05889151796,-0.1327351776,0.006905057376,4.603291799,4,0.004,0.002,0.016,0.124,0.854
Kuching,1996_2007,563,264.7228023,155.0300385,7.115519263,0,513,0.335206537,772.4293333,1.261566261,36.61729304,563,513,6.03885e-4,0.47690618,1525.555078,Retained,5.578683249,-1.093008409,-6.671691658,1.605921632,-1.729924197,10.5083032,-6.435722504,5.113137582,2,0,0,1,0,0
Kuching,1996_2007,563,264.7228023,155.0300385,7.115519263,0,515,0.402247845,772.4293333,1.381976598,51.78467243,563,515,0.001162062,0.764763296,1455.263507,Retained,5.578683249,-0.9106868505,-6.4893701,1.605921632,-1.638763419,10.8548688,-6.136530808,5.065966273,2,0,0,1,0,0
Kuching,1996_2007,563,264.7228023,155.0300385,7.115519263,0,517,0.26816523,965.5366666,1.410473959,25.89233621,563,517,6.31682e-4,0.623573184,1367.565631,Retained,5.578683249,-1.316151959,-6.894835208,1.829065183,-1.618352421,10.16174093,-6.418512145,5.003811576,2,0,0,1,0,0
Kuching,1996_2007,563,264.7228023,155.0300385,7.115519263,0,531,0.402247845,772.4293333,1.381976598,25.89233622,563,531,0.001340835,0.882415056,1087.999885,Retained,5.578683249,-0.9106868505,-6.4893701,1.605921632,-1.638763419,10.16174093,-6.056906683,4.775120559,2,0,0,1,0,0
Kuching,1996_2007,563,264.7228023,155.0300385,7.115519263,0,558,5.430345905,276.5487737,1.817944214,25.89233621,563,558,0.017326661,0.844653785,1917.705241,Retained,5.578683249,1.692002834,-3.886680415,0.5787683072,-1.3645719,10.16174093,-3.982936985,5.341908403,2,0,0.002,0.998,0,0
Kuching,1996_2007,563,264.7228023,155.0300385,7.115519263,0,565,1.877156609,358.6279047,1.386083521,0,563,565,0.005848888,0.824829459,1639.494218,Retained,5.578683249,0.6297581899,-4.94892506,0.8386664789,-1.635796051,0,-4.978808294,5.185166998,2,0,0,1,0,0
Kuching,1996_2007,557,0.437124839,676.4134822,1.261566261,41.81506134,572,0.26816523,772.4293333,1.128379167,36.61729304,557,572,0.297431909,0.484831214,35.67110381,Retained,-0.8275364519,-1.316151959,-0.4886155067,0.1327359775,-0.1115717757,-0.1327325829,-0.8576228645,4.560502146,1,0.058,0.764,0.048,0.13,0
Kuching,1996_2007,496,0.611974774,676.4134823,1.49270533,29.56771343,504,1.541950072,638.0937971,2.235191548,77.67700864,496,504,0.667657189,0.264982224,118.920429,Retained,-0.4910642163,0.4330478959,0.9241121122,-0.05831925933,0.4037367968,0.9658553646,0.6961000829,5.596360066,4,0.002,0.002,0.018,0.03,0.948
Kuching,1996_2007,492,0.349699871,676.4134822,1.128379167,370.4823873,502,0.53633046,579.322,1.196826841,324.4300429,492,502,0.739592317,0.482231319,12.0373181,Retained,-1.050680004,-0.623004778,0.4276752258,-0.1549460949,0.05889151774,-0.1327355942,1.041369102,3.585799682,4,0,0.002,0.002,0.032,0.964
Kuching,1996_2007,499,0.349699871,845.5168528,1.410473959,272.6008484,506,0.603371767,600.7783703,1.316442362,245.6362691,499,506,0.34161795700000003,0.197993606,41.37800123,Retained,-1.050680004,-0.5052217432,0.5454582606,-0.3417220022,-0.06899287128,-0.104156368,-0.6546870995,4.82047848,4,0,0.004,0.016,0.112,0.868
Kuching,1996_2007,500,0.174849935,1014.620223,1.196826841,187.0026393,507,0.201123922,1029.905778,1.302940032,139.4344978,500,507,0.253739111,0.220591694,27.24760466,Retained,-1.743827187,-1.603834034,0.1399931537,0.01495294244,0.08494951877,-0.2935259652,-1.076174446,4.749280851,3,0.004,0.012,0.006,0.902,0.076
Kuching,1996_2007,508,0.524549806,676.4134822,1.381976598,29.56771342,557,160.2957662,160.5593386,5.7344486,0,508,557,2.37926e-4,7.79e-7,816.6780084,Retained,-0.6452148966,5.077020648,5.722235544,-1.438140964,1.422976808,-10.2944721,-6.695079664,7.600218518,4,0,0.012,0.39,0.052,0.546
Kuching,1996_2007,501,0.699399742,507.3101117,1.196826841,88.70314028,508,0.871536997,475.3411282,1.251824291,77.67700865,501,508,0.683538507,0.548532844,24.79310987,Retained,-0.3575328232,-0.1374969628,0.2200358604,-0.06508976585,0.04492816488,-0.1327343772,0.7683883697,3.961737474,3,0.004,0,0,0.514,0.482
Kuching,1996_2007,508,0.524549806,676.4134822,1.381976598,29.56771342,520,0.53633046,675.8756666,1.396297981,25.89233621,508,520,0.337184886,0.329778522,33.0079389,Retained,-0.6452148966,-0.623004778,0.02221011861,-7.954151356e-4,0.01030964323,-0.1327311769,-0.674410922,4.391750792,3,0.002,0.032,0.016,0.878,0.072
Kuching,1996_2007,512,0.174849935,1014.620223,1.196826841,0,523,0.335206537,772.4293333,1.261566261,0,512,523,0.214058082,0.111656658,36.90889367,Retained,-1.743827187,-1.093008409,0.6508187784,-0.2727291303,0.05268025799,0,-1.297246303,5.052758173,3,0,0.006,0.006,0.512,0.476
Kuching,1996_2007,515,0.262274903,901.8846428,1.302940032,29.56771342,525,0.26816523,965.5366666,1.410473959,25.89233622,515,525,0.662014034,0.64747268,5.308702778,Retained,-1.338362077,-1.316151959,0.02221011861,0.06819745653,0.07930251498,-0.1327311765,0.6708374491,2.911081841,3,0.182,0.02,0.002,0.748,0.048
Kuching,1996_2007,540,0.78682471,526.0993751,1.316442362,59.13542685,554,1.139702227,499.8072157,1.505196806,25.89233621,540,554,0.487545175,0.336590201,54.48963898,Retained,-0.2397497873,0.1307670239,0.3705168112,-0.05126766547,0.13399074,-0.8258614477,-0.04973010664,4.690268762,4,0.002,0,0.01,0.14,0.848
Kuching,1996_2007,543,160.4248158,140.0747266,5.004844931,0,557,160.2957662,160.5593386,5.7344486,0,543,557,0.860880413,0.861573458,37.69167773,Retained,5.077825395,5.077020648,-8.047478971e-4,0.1364875435,0.13608517,0,1.816620278,1.662918096,1,0.288,0.37,0.17,0.118,0.054
Kuching,1996_2007,527,0.611974774,579.7829848,1.279461712,66.11541716,539,0.80449569,579.322,1.465807536,25.89233622,527,539,0.422357486,0.321284652,43.20757664,Retained,-0.4910642163,-0.2175396699,0.2735245463,-7.954151356e-4,0.1359668577,-0.9374314378,-0.3124679245,4.58393606,4,0,0,0.02,0.402,0.578
Kuching,1996_2007,535,1.573649419,338.2067411,1.196826841,29.56771343,548,1.474908764,386.2146666,1.323141857,25.89233622,535,548,0.729382433,0.778212368,19.28972878,Retained,0.4533973927,0.388596133,-0.06480125969,0.1327359774,0.1003353478,-0.1327311768,0.9891732045,3.305290853,3,0.394,0.056,0.014,0.51,0.026
Kuching,1996_2007,554,6.294597676,272.4443192,1.928221022,0,581,261.5281404,170.2869076,7.768470837,0,554,581,0.688938604,0.016581738,1509.075531,Retained,1.839691754,5.566541889,3.726850135,-0.4699495537,1.393475514,0,0.7934026634,6.97177224,4,0.008,0.01,0.118,0.014,0.85
Kuching,1996_2007,555,0.699399742,591.861797,1.396297981,0,581,261.5281404,170.2869076,7.768470837,0,555,581,0.124799797,3.3375e-4,1683.817312,Retained,-0.3575328232,5.566541889,5.924074712,-1.24578845,1.716248907,0,-1.940902876,8.179950653,4,0,0.016,0.414,0.042,0.528
Kuching,1996_2007,548,6.119747741,212.5870944,1.483538169,66.11541716,567,5.83259375,239.7194483,1.633161756,51.78467243,548,567,0.811388922,0.851335764,19.89096338,Retained,1.811520877,1.763461799,-0.04805907837,0.1201175138,0.09608797415,-0.2443035676,1.455004177,2.656920304,0,0.554,0.096,0.028,0.276,0.046
Kuching,1996_2007,550,0.262274903,901.884643,1.302940032,0,570,11.32998096,315.3705562,2.994544713,25.89233622,550,570,0.05979554,0.001384192,384.3409172,Retained,-1.338362077,2.427452395,3.765814472,-1.050738305,0.8321689303,10.16174093,-2.739643964,7.193078547,4,0,0.02,0.334,0.048,0.598
Kuching,1996_2007,472,2.098199225,366.3906362,1.497141314,1337.101563,479,2.748693606,301.4358374,1.409785755,1336.405788,472,479,0.620293777,0.473497629,42.63804303,Retained,0.741079465,1.011125746,0.2700462815,-0.195142894,-0.06011975308,-5.204956665e-4,0.4897760315,3.954595547,4,0.014,0.006,0,0.23,0.75
Kuching,1996_2007,486,2.885023935,327.958052,1.571404804,1337.101563,491,3.016858836,360.4670222,1.766192765,1336.405788,486,491,0.725772346,0.694056511,47.18884197,Retained,1.059533196,1.10421617,0.04468297327,0.09451476463,0.1168562508,-5.204956665e-4,0.9710146989,3.896777002,3,0.144,0.032,0.01,0.694,0.12
Kuching,1996_2007,558,0.699399742,676.4134822,1.595769122,41.81506133,573,0.737454382,631.9876364,1.530986039,25.89233621,558,573,0.539006809,0.51119262,31.77275779,Retained,-0.3575328232,-0.3045510476,0.05298177564,-0.06793471782,-0.0414438304,-0.4792948617,0.1560315959,4.209772077,3,0.01,0.008,0.016,0.842,0.124
Kuching,1996_2007,497,1.573649419,375.7852679,1.329807601,29.56771343,557,160.2957662,160.5593386,5.7344486,0,497,557,0.694330499,0.006816355,1369.687016,Retained,0.4533973927,5.077020648,4.623623255,-0.8503542991,1.461457329,-10.2944721,0.8186166469,7.568004514,4,0.004,0,0.138,0,0.858
Kuching,1996_2007,513,0.262274903,901.884643,1.302940032,0,557,160.2957662,160.5593386,5.7344486,0,513,557,0.063066237,1.03189e-4,610.9693698,Retained,-1.338362077,5.077020648,6.415382725,-1.725823036,1.481868325,0,-2.68376183,7.656594445,4,0,0.012,0.328,0.044,0.616
Kuching,1996_2007,544,1.92334929,461.1910106,1.804284351,93.50131963,562,1.474908764,596.8772121,2.044855597,109.8518791,544,562,0.559932961,0.730178475,35.66916129,Retained,0.6540680882,0.388596133,-0.2654719552,0.2578991205,0.1251631426,0.161155763,0.2404045195,3.81964542,1,0.266,0.526,0.078,0.13,0
Kuching,1996_2007,541,1.92334929,368.9528085,1.44342748,29.56771342,569,33.72177766,281.022998,4.603542542,51.78467243,541,569,0.811852338,0.046304666,276.2136464,Retained,0.6540680882,3.51814385,2.864075762,-0.2722322362,1.159805645,0.5603966937,1.458021477,5.866509167,4,0.004,0.004,0.08,0.002,0.91
Kuching,1996_2007,549,31.73526328,255.2855291,4.056881462,29.56771342,569,33.72177766,281.022998,4.603542542,51.78467243,549,569,0.786846672,0.74049437,37.757854,Retained,3.457428469,3.51814385,0.06071538109,0.0960538687,0.1264115593,0.5603966937,1.302611248,2.4748707,4,0.352,0.072,0.05,0.086,0.44
Kuching,1996_2007,551,11.71494567,267.5366758,2.583143507,0,570,11.32998096,315.3705562,2.994544713,25.89233622,551,570,0.693120609,0.716671109,24.59119989,Retained,2.460865434,2.427452395,-0.03341303976,0.1644916536,0.1477851335,10.16174093,0.812937615,2.544361541,0,0.608,0.058,0.048,0.214,0.072
Kuching,1996_2007,552,0.524549806,563.6779019,1.151647165,29.56771343,570,11.32998096,315.3705562,2.994544713,25.89233622,552,570,0.070358107,0.003257405,252.4240365,Retained,-0.6452148966,2.427452395,3.072667291,-0.5807346761,0.9555989693,-0.1327311768,-2.568163595,6.426086711,4,0,0.014,0.424,0.038,0.524
Kuching,1996_2007,552,0.524549806,563.6779019,1.151647165,29.56771343,571,0.335206537,772.4293333,1.261566261,36.61729304,552,571,0.007536877,0.011794124,69.93642235,Retained,-0.6452148966,-1.093008409,-0.4477935121,0.3150575342,0.09116077831,0.2138311018,-4.756801693,5.142573267,1,0.004,0.684,0.184,0.128,0
Kuching,1996_2007,553,0.174849935,1014.620223,1.196826841,29.56771343,571,0.335206537,772.4293333,1.261566261,36.61729304,553,571,0.066039702,0.034447532,38.20635206,Retained,-1.743827187,-1.093008409,0.6508187784,-0.2727291303,0.05268025799,0.2138311018,-2.635219055,5.087306496,3,0,0.018,0.024,0.532,0.426
Kuching,1996_2007,551,11.71494567,267.5366758,2.583143507,0,575,5.363304597,415.1807666,2.712367461,25.89233622,551,575,0.005170602,0.011294031,614.675987,Retained,2.460865434,1.679580314,-0.7812851199,0.4394573448,0.04881478453,10.16174093,-5.083779554,5.763029131,2,0.018,0.158,0.792,0.026,0.006
Kuching,1996_2007,560,9.179621611,296.3335256,2.532726216,29.56771342,575,5.363304597,415.1807666,2.712367461,25.89233622,560,575,0.390753904,0.668799043,147.9767068,Retained,2.216985985,1.679580314,-0.5374056705,0.3372284119,0.06852557704,-0.1327311765,-0.4432284651,4.460933583,2,0.064,0.344,0.568,0.016,0.008
Kuching,1996_2007,566,6.032322773,323.5021002,2.241374662,29.56771343,579,5.832593749,346.2614253,2.359011426,25.89233622,566,579,0.751485838,0.777219415,42.33109684,Retained,1.797132139,1.763461798,-0.03367034105,0.06798844818,0.05115327796,-0.1327311768,1.103866501,3.419344462,3,0.388,0.044,0.042,0.436,0.09
Kuching,1996_2007,560,9.179621611,296.3335256,2.532726216,29.56771342,576,2.949817528,315.9938182,1.530986039,25.89233622,560,576,0.221320975,0.688735068,217.5354293,Retained,2.216985985,1.081743314,-1.135242671,0.06423705507,-0.5033842806,-0.1327311765,-1.254760158,4.846238278,2,0.016,0.01,0.968,0.002,0.004
Kuching,1996_2007,565,2.185624193,351.7350108,1.466892917,0,578,2.212363146,444.7320404,1.866043204,25.89233622,565,578,0.648268333,0.640433252,37.57831169,Retained,0.7819014596,0.7940612411,0.01215978147,0.2345938625,0.2406737535,10.16174093,0.6101384696,3.807867891,3,0.238,0.064,0.016,0.594,0.088
Kuching,1996_2007,570,5.420347999,283.6572667,1.862955868,29.56771342,582,0.80449569,579.3219999,1.465807536,0,570,582,0.046910862,0.316065341,206.9572107,Retained,1.69016002,-0.2175396699,-1.90769969,0.7140917521,-0.2397580929,-10.2944721,-2.99141486,5.059801825,2,0,0.006,0.99,0.002,0.002
Kuching,1996_2007,570,5.420347999,283.6572667,1.862955868,29.56771342,585,3.888395833,319.625931,1.77796132,0,570,585,0.650370583,0.906603932,18.93363404,Retained,1.69016002,1.35799669,-0.3321633295,0.1193846444,-0.04669702059,-10.2944721,0.6193488585,2.668277667,0,0.792,0.046,0.13,0.032,0
Kuching,1996_2007,570,5.420347999,283.6572667,1.862955868,29.56771342,588,7.173419899,332.0724237,2.508944223,25.89233621,570,588,9.4036e-4,7.10551e-4,383.7849362,Retained,1.69016002,1.970382514,0.2802224944,0.1575863868,0.2976976337,-0.1327311769,-6.244941394,5.677369872,4,0.032,0.072,0.32,0.1,0.476
Kuching,1996_2007,573,6.469447612,310.7845729,2.229914034,29.56771342,588,7.173419899,332.0724237,2.508944223,25.89233621,573,588,0.70195281,0.63306582,66.92483854,Retained,1.867090728,1.970382514,0.1032917862,0.06625310828,0.1178990014,-0.1327311769,0.8546883759,3.842404698,4,0.044,0.014,0.028,0.076,0.838
Kuching,1996_2007,574,0.174849935,1014.620223,1.196826841,106.6079069,588,7.173419899,332.0724237,2.508944223,25.89233621,574,588,0.110200869,0.002686113,339.2772808,Retained,-1.743827187,1.970382514,3.714209701,-1.116916568,0.7401882811,-1.415181416,-2.080780763,7.271099194,4,0,0.01,0.394,0.042,0.554
Kuching,1996_2007,572,8.480221869,362.6134132,2.978808196,41.81506133,587,9.318741738,338.9797794,2.91909009,0,572,587,0.781599717,0.711269736,12.78578735,Retained,2.137736613,2.232027613,0.09429099967,-0.06739683155,-0.02025133159,-10.64103579,1.27172351,2.051909036,4,0.114,0,0.016,0.068,0.802
Kuching,1996_2007,576,0.699399742,591.8617969,1.396297981,0,589,0.871536997,534.7587692,1.408302327,57.89702387,576,589,0.411543869,0.33025986,40.55227297,Retained,-0.3575328232,-0.1374969628,0.2200358604,-0.1014574099,0.008560520567,10.96643853,-0.3568577507,4.453747846,3,0,0.022,0.016,0.674,0.288
Kuching,1996_2007,314,0.524549806,676.4134823,1.381976598,0,332,15.88878987,335.6971364,3.774749318,0,314,332,0.81121992,0.026781477,368.5616458,Retained,-0.6452148966,2.765613821,3.410828718,-0.7005951755,1.004819183,0,1.453905213,6.804583091,4,0,0,0.082,0.008,0.91
Kuching,1996_2007,300,0.349699871,676.4134822,1.128379167,59.13542685,320,0.134082615,1158.644,1.196826841,51.78467243,300,320,0.064426614,0.168030575,46.86208158,Retained,-1.050680004,-2.009299139,-0.9586191354,0.5382010857,0.05889151774,-0.1327335771,-2.661298763,4.944935137,1,0.028,0.772,0.112,0.088,0
Kuching,1996_2007,301,0.174849935,1014.620223,1.196826841,88.70314027,321,0.402247845,772.4293333,1.381976598,51.78467243,301,321,0.114207041,0.049643755,50.53895973,Retained,-1.743827187,-0.9106868505,0.8331403367,-0.2727291303,0.1438410365,-0.5381930485,-2.040880672,5.367042842,4,0,0.02,0.026,0.304,0.65
Kuching,1996_2007,302,2.447899096,338.2067411,1.49270533,59.13542685,323,2.011239224,411.9623111,1.648103262,51.78467243,302,323,0.539198536,0.656263828,36.23261118,Retained,0.8952301448,0.6987510614,-0.1964790834,0.1972744987,0.09903495714,-0.1327335771,0.1568016641,3.714737044,1,0.16,0.62,0.086,0.122,0.012
Kuching,1996_2007,319,1.573649419,413.3637947,1.462788361,118.2708537,332,15.88878987,335.6971364,3.774749318,0,319,332,0.561446819,0.055606529,416.344963,Retained,0.4533973927,2.765613821,2.312216428,-0.2081186904,0.9479895241,-11.6807411,0.2465378724,6.377182803,4,0.004,0,0.272,0.004,0.72
Kuching,1996_2007,326,10.66584606,255.041149,2.349648943,66.11541716,338,10.86069181,238.4041152,2.216346002,36.61729304,326,338,0.796964692,0.782666802,45.39151615,Retained,2.367046679,2.385150015,0.01810333576,-0.06745770398,-0.05840603626,-0.5908691592,1.363771294,3.204188852,4,0.158,0.024,0.07,0.25,0.498
Kuching,1996_2007,320,1.486224451,437.679312,1.505196806,88.70314028,333,1.743073994,505.0499487,1.88099357,77.67700864,320,333,0.716406555,0.610840917,62.28273261,Retained,0.3962389786,0.5556502177,0.1594112391,0.1431708549,0.2228764742,-0.1327343773,0.9245810492,4.505945732,4,0.04,0.024,0.002,0.428,0.506
Kuching,1996_2007,325,0.349699871,676.4134823,1.128379167,41.81506134,336,0.134082615,1158.644,1.196826841,51.78467243,325,336,0.019581202,0.051069587,48.78683366,Retained,-1.050680004,-2.009299139,-0.9586191354,0.5382010855,0.05889151774,0.2138330087,-3.864621143,4.985185916,1,0.016,0.696,0.198,0.088,0.002
Kuching,1996_2007,325,0.349699871,676.4134823,1.128379167,41.81506134,350,21.05097054,162.357758,2.101377971,0,325,350,0.036038081,5.98667e-4,404.5380125,Retained,-1.050680004,3.046946665,4.097626669,-1.427002266,0.6218110687,-10.64103579,-3.260142039,7.100453123,4,0,0.01,0.354,0.048,0.588
Kuching,1996_2007,339,21.59396703,199.9116769,2.620592219,29.56771343,350,21.05097054,162.357758,2.101377971,0,339,350,0.825734149,0.847033441,64.76117512,Retained,3.072413972,3.046946665,-0.02546730603,-0.2080733705,-0.2208070238,-10.2944721,1.551179209,3.206879673,2,0.268,0.022,0.412,0.184,0.114
Kuching,1996_2007,339,21.59396703,199.9116769,2.620592219,29.56771343,348,1.340826149,502.0790666,1.640036139,0,339,348,0.044475576,0.716277897,424.9392058,Retained,3.072413972,0.2932859531,-2.779128018,0.920881957,-0.4686820524,-10.2944721,-3.046130933,5.088106424,2,0,0.03,0.97,0,0
Kuching,1996_2007,338,0.611974774,579.7829848,1.279461712,325.2448477,349,0.469289152,662.08228570000006,1.279461712,310.7080346,338,349,0.177576949,0.23156856,46.38619626,Retained,-0.4910642163,-0.7565361717,-0.2654719555,0.1327359775,0,-0.04572445664,-1.528450509,4.65492053,1,0.066,0.486,0.02,0.424,0.004
Kuching,1996_2007,344,12.76404529,213.1165766,2.14786246,29.56771343,357,12.73784842,219.5325474,2.210253174,36.61729303,344,357,0.784108385,0.785721004,39.28729192,Retained,2.546632257,2.544577752,-0.002054504619,0.02966117728,0.0286339244,0.2138311015,1.28642402,2.969975374,0,0.392,0.058,0.046,0.354,0.15
Kuching,1996_2007,384,4.720948257,212.9449851,1.30520012,291.208205,391,3.821354526,243.9250526,1.345117246,518.4936286,384,391,0.740705051,0.915076077,23.4968602,Retained,1.552009681,1.340604948,-0.2114047336,0.1358271702,0.03012480332,0.5768877417,1.047136251,2.953269464,0,0.76,0.056,0.034,0.146,0.004
Kuching,1996_2007,402,5.070648128,221.5837269,1.407552712,147.8385671,408,0.26816523,965.5366667,1.410473959,103.5693449,402,408,0.016003144,0.302598178,175.9744897,Retained,1.623468645,-1.316151959,-2.939620604,1.47188356,0.002073257912,-0.355876637,-4.059240181,4.930975343,2,0.004,0.104,0.882,0.008,0.002
Kuching,1996_2007,402,5.070648128,221.5837269,1.407552712,147.8385671,413,0.871536997,594.1764102,1.564780364,103.5693449,402,413,0.143879039,0.837095797,67.67718631,Retained,1.623468645,-0.1374969628,-1.760965608,0.9863757445,0.1058929405,-0.355876637,-1.777679873,3.975394537,2,0.012,0.068,0.918,0.002,0
Kuching,1996_2007,403,2.010774258,352.911382,1.411699925,150.7663477,415,1.474908764,491.5459394,1.683998727,233.0310259,403,415,0.609061447,0.830346346,31.52196864,Retained,0.6985198509,0.388596133,-0.3099237179,0.33133842,0.1763765611,0.4354379894,0.4424546099,3.673821461,0,0.466,0.298,0.106,0.11,0.02
Kuching,1996_2007,408,0.437124839,811.6961787,1.513879513,236.5417074,417,0.402247845,772.4293333,1.381976598,233.0310259,408,417,0.34634928,0.376379579,53.60334371,Retained,-0.8275364519,-0.9106868505,-0.08315039857,-0.04958557932,-0.09116077817,-0.01495287827,-0.6337709972,4.967763273,3,0.002,0.026,0.008,0.956,0.008
Kuching,1996_2007,410,0.437124839,676.4134822,1.261566261,29.56771342,420,0.402247845,772.4293333,1.381976598,25.89233621,410,420,0.234303922,0.2546193,35.74647312,Retained,-0.8275364519,-0.9106868505,-0.08315039857,0.1327359775,0.09116077849,-0.1327311769,-1.181212511,4.562612754,3,0.042,0.184,0.002,0.758,0.014
Kuching,1996_2007,419,15.73649419,150.3141072,1.682088348,0,431,15.01725287,175.8656071,1.922521612,25.89233621,419,431,0.791266492,0.829163671,17.45951738,Retained,2.755982486,2.709199731,-0.04678275418,0.1569929547,0.1336015782,10.16174093,1.3290601,2.054315882,0,0.724,0.07,0.026,0.102,0.078
Kuching,1996_2007,413,1.311374516,450.9423215,1.456731241,41.81506134,423,0.938578305,551.7352381,1.507860088,73.23458607,413,423,0.323750807,0.452342182,54.60021603,Retained,0.271075836,-0.0633889901,-0.3344648261,0.201728849,0.03449643578,0.560400943,-0.7349811488,4.436883179,1,0.106,0.55,0.12,0.218,0.006
Kuching,1996_2007,415,7.605972192,186.5968227,1.451699339,378.651485,425,0.335206537,926.9152,1.513879513,103.5693449,415,425,0.044071491,1,65.78003662,Retained,2.028933753,-1.093008409,-3.121942162,1.602911823,0.04194074179,-1.296367816,-3.055478767,3.744229666,2,0.01,0.134,0.85,0.006,0
Kuching,1996_2007,419,15.73649419,150.3141072,1.682088348,0,427,0.26816523,965.5366667,1.410473959,51.78467243,419,427,0.004590649,0.269388825,281.9510449,Retained,2.755982486,-1.316151959,-4.072134444,1.859956925,-0.1761102967,10.8548688,-5.183062788,4.836110703,2,0.002,0.14,0.856,0.002,0
Kuching,1996_2007,415,7.605972192,186.5968227,1.451699339,378.651485,428,0.871536997,594.1764102,1.564780364,103.5693449,415,428,0.106357654,0.928191662,141.6247073,Retained,2.028933753,-0.1374969628,-2.166430716,1.158226001,0.07501064349,-1.296367816,-2.120258204,4.51108578,2,0.004,0.02,0.972,0.004,0
