City,Interval,Patch_ID_2015,Area_ha_2015,ED_m_per_ha_2015,Shape_Index_2015,ENN_m_2015,Patch_ID_2020,Area_ha_2020,ED_m_per_ha_2020,Shape_Index_2020,ENN_m_2020,Parent_ID,Child_ID,R1_parent,R2_child,Centroid_Shift_m,Event_Type,log_area_parent,log_area_child,log_change_area,log_change_ED,log_change_shape_index,log_change_ENN,logit_retention_ratio,log_centroid_shift,Predicted_Typology,Prob_0,Prob_1,Prob_2,Prob_3,Prob_4
Kuching,2015_2020,23,6.234841594,323.9219785,2.2816456449999998,0,26,0.417629081,692.0215699,1.261566261,0,23,26,0.038228406,0.570717096,221.2406782,Retained,1.830153173,-0.8731616064,-2.703314779,0.7591144458,-0.5925429435,0,-3.200415075,5.056544027,2,0,0.008,0.992,0,0
Kuching,2015_2020,26,0.469289152,882.7763812,1.705948949,0,40,2.505774488,484.415099,2.163135531,0,26,40,0.022267791,0.004170381,229.4508291,Retained,-0.7565361717,0.9185978636,1.675134035,-0.6001297379,0.2374372796,0,-3.739188026,6.386326141,4,0,0.02,0.288,0.072,0.62
Kuching,2015_2020,60,0.53633046,675.8756666,1.396297981,25.89233621,64,0.250577449,922.6954266,1.302940032,28.90083325,60,64,0.391797175,0.838594079,14.64720101,Retained,-0.623004778,-1.383987229,-0.7609824506,0.3112900641,-0.06920116094,0.109919381,-0.4388578737,3.568184862,1,0.032,0.902,0.052,0.014,0
Kuching,2015_2020,367,3897.580492,80.03705564,14.09560491,0,40,2.505774488,484.415099,2.163135531,0,367,40,5.4536e-4,0.848274052,3598.585049,Retained,8.268111253,0.9185978636,-7.349513389,1.800452459,-1.874304236,0,-6.472952923,4.6266056,2,0,0,1,0,0
Kuching,2015_2020,367,3897.580492,80.03705564,14.09560491,0,161,0.584680714,593.1613457,1.279461712,0,367,161,1.16621e-4,0.777417839,2972.542805,Retained,8.268111253,-0.5366893688,-8.804800622,2.002976723,-2.399423588,0,-6.798331107,4.435482682,2,0,0,1,0,0
Kuching,2015_2020,142,4.357684985,273.3211487,1.609519421,25.89233621,164,26.31063212,226.2800689,3.274213625,40.87195034,142,164,0.8031713,0.133024842,305.8586403,Retained,1.47194095,3.269973121,1.798032171,-0.1888739977,0.7101420876,0.456482837,1.402410801,5.559520773,4,0.008,0,0.058,0.002,0.932
Kuching,2015_2020,156,0.469289152,662.08228570000006,1.279461712,0,162,0.417629081,692.02157,1.261566261,0,156,162,0.763955294,0.85845536,4.227022583,Retained,-0.7565361717,-0.8731616064,-0.1166254347,0.0442272788,-0.0140854387,0,1.171568637,2.392367438,3,0.254,0.034,0.01,0.642,0.06
Kuching,2015_2020,158,23.39741631,210.2601337,2.869035721,25.89233621,164,26.31063212,226.2800689,3.274213625,40.87195034,158,164,0.887126282,0.788900197,53.88372081,Retained,3.152625602,3.269973121,0.1173475184,0.07342797894,0.1321017381,0.456482837,2.054023845,2.982899107,4,0.096,0.028,0.006,0.012,0.858
Kuching,2015_2020,159,0.938578304,441.3881905,1.20628807,51.78467243,166,0.835258163,484.415099,1.248886881,57.80166651,159,166,0.731914347,0.822450995,15.01860636,Retained,-0.06338899117,-0.1800144247,-0.1166254335,0.09301744289,0.03470472559,0.109921391,1.001999101,3.313415877,3,0.248,0.052,0.002,0.68,0.018
Kuching,2015_2020,160,0.938578304,496.5617143,1.357074079,25.89233622,165,1.002309795,461.3477133,1.302940032,40.87195034,160,165,0.830359973,0.777561843,12.02726319,Retained,-0.06338899117,0.002307131524,0.06569612269,-0.07355575698,-0.04070769558,0.4564828366,1.583506649,3.091318585,3,0.152,0.004,0.004,0.554,0.286
Kuching,2015_2020,155,0.335206537,772.4293333,1.261566261,0,170,1.670516325,484.415099,1.766192765,0,155,170,0.796886384,0.159903571,120.1731199,Retained,-1.093008409,0.5131327553,1.606141164,-0.4665983449,0.3364722364,0,1.363289431,5.907810838,4,0.002,0,0.042,0.006,0.95
Kuching,2015_2020,162,0.53633046,675.8756666,1.396297981,25.89233621,170,1.670516325,484.415099,1.766192765,0,162,170,0.893274534,0.286791772,63.05856611,Retained,-0.623004778,0.5131327553,1.136137533,-0.3330669523,0.2350018147,-10.16174093,2.116426804,5.027947105,4,0,0,0.006,0.004,0.99
Kuching,2015_2020,164,0.603371767,600.7783704,1.316442362,103.5693449,174,0.501154898,576.6846417,1.151647165,115.603333,164,174,0.479691172,0.577530265,30.21494664,Retained,-0.5052217432,-0.690840048,-0.1856183048,-0.04093052955,-0.1337396828,0.1099223955,-0.08111761637,4.233345634,3,0.016,0.316,0.044,0.612,0.012
Kuching,2015_2020,173,4.22360237,269.7372275,1.563786537,103.5693449,184,3.925713364,250.3056742,1.39902365,115.603333,173,184,0.836633279,0.900118291,11.29624216,Retained,1.440688406,1.367548084,-0.07314032257,-0.07476538584,-0.11133554700000001,0.1099223955,1.628480355,2.276579379,0,0.416,0.042,0.128,0.352,0.062
Kuching,2015_2020,178,1.072660919,675.8756666,1.974663542,25.89233621,188,1.002309795,634.3531058,1.791542544,40.87195035,178,188,0.619399365,0.662874401,15.15733915,Retained,0.07014240159,0.002307131524,-0.06783527007,-0.06340338537,-0.09732102018,0.4564828372,0.4859888041,3.255844562,3,0.068,0.044,0.054,0.822,0.012
Kuching,2015_2020,367,3897.580492,80.03705564,14.09560491,0,202,0.334103265,692.0215699,1.128379167,28.90083325,367,202,4.65e-5,0.54280138,3820.987011,Retained,8.268111253,-1.096305157,-9.36441641,2.157127403,-2.525080803,10.27166031,-6.863229035,4.686573626,2,0,0,1,0,0
Kuching,2015_2020,367,3897.580492,80.03705564,14.09560491,0,206,0.334103265,692.02157,1.128379167,0,367,206,8.57e-5,1,3949.824576,Retained,8.268111253,-1.096305157,-9.36441641,2.157127403,-2.525080803,0,-6.826425134,4.719736015,2,0,0,1,0,0
Kuching,2015_2020,367,3897.580492,80.03705564,14.09560491,0,210,2.088145407,387.5320792,1.579730834,28.90083325,367,210,4.89024e-4,0.912776649,4079.419933,Retained,8.268111253,0.736276307,-7.531834946,1.577308907,-2.188608566,10.27166031,-6.510145253,4.752019646,2,0,0,1,0,0
Kuching,2015_2020,367,3897.580492,80.03705564,14.09560491,0,213,0.334103265,692.02157,1.128379167,28.90083325,367,213,7.14e-5,0.832713425,4032.782546,Retained,8.268111253,-1.096305157,-9.36441641,2.157127403,-2.525080803,10.27166031,-6.839735183,4.740521439,2,0,0,1,0,0
Kuching,2015_2020,367,3897.580492,80.03705564,14.09560491,0,218,0.334103265,692.02157,1.128379167,144.5041663,367,218,8.57e-5,1,3488.234445,Retained,8.268111253,-1.096305157,-9.36441641,2.157127403,-2.525080803,11.88107054,-6.826425134,4.595460601,2,0,0.002,0.998,0,0
Kuching,2015_2020,367,3897.580492,80.03705564,14.09560491,0,222,0.835258163,553.617256,1.427299293,40.87195035,367,222,2.0327e-4,0.948521197,3725.711958,Retained,8.268111253,-0.1800144247,-8.448125678,1.933983851,-2.290078988,10.61822376,-6.723508841,4.661322827,2,0,0,1,0,0
Kuching,2015_2020,187,0.402247845,772.4293332,1.381976598,0,215,8.686684892,266.1621423,2.212933612,115.603333,187,215,0.570611414,0.026422877,231.0937548,Retained,-0.9106868505,2.161791381,3.072478232,-1.065434846,0.4708042698,11.65792872,0.2837709254,6.470536189,4,0,0.002,0.344,0.016,0.638
Kuching,2015_2020,199,7.776791666,259.696069,2.042963822,0,215,8.686684892,266.1621423,2.212933612,115.603333,199,215,0.913915282,0.818186522,23.18090826,Retained,2.051143871,2.161791381,0.1106475102,0.02459369874,0.07991745412,11.65792872,2.351950058,2.690165166,4,0.076,0.012,0.01,0.038,0.864
Kuching,2015_2020,202,0.402247845,643.6911111,1.151647165,51.78467243,219,0.334103265,692.0215699,1.128379167,57.8016665,202,219,0.601160554,0.72377485,12.96055347,Retained,-0.9106868505,-1.096305157,-0.1856183067,0.07239815562,-0.02041099743,0.1099213908,0.4094610292,3.589695918,3,0.048,0.19,0.006,0.752,0.004
Kuching,2015_2020,367,3897.580492,80.03705564,14.09560491,0,233,2.505774488,392.1455563,1.751109716,28.90083324,367,233,1.53534e-4,0.238812849,3834.81524,Retained,8.268111253,0.9185978636,-7.349513389,1.589143365,-2.08561333,10.27166031,-6.765771113,4.690186113,2,0,0,1,0,0
Kuching,2015_2020,206,3.217982758,402.3069444,2.0358438,103.5693449,226,3.173981018,364.2218789,1.830472721,28.90083325,206,226,0.710015999,0.719859123,21.36320381,Retained,1.168754691,1.154986642,-0.01376804895,-0.0994521012,-0.1063361257,-1.276346015,0.8934266454,3.0497044,3,0.108,0.096,0.102,0.616,0.078
Kuching,2015_2020,218,0.201123922,1029.905778,1.302940032,25.89233622,238,0.250577449,922.6954267,1.302940032,28.90083325,218,238,0.5327377,0.427597523,21.16333055,Retained,-1.603834034,-1.383987229,0.2198468049,-0.1099234012,0,0.1099193806,0.1308759108,4.426599203,3,0.004,0.002,0.002,0.914,0.078
Kuching,2015_2020,235,0.80449569,708.0602222,1.791542544,0,245,0.334103265,692.02157,1.128379167,57.80166651,235,245,0.298940639,0.719826698,27.40610372,Retained,-0.2175396699,-1.096305157,-0.8787654872,-0.02291202403,-0.4622947676,10.96479019,-0.8504333752,3.991937018,1,0.002,0.632,0.32,0.046,0
Kuching,2015_2020,233,35.39781034,236.9953636,3.977618409,0,257,39.25713364,226.7474931,4.007715235,0,233,257,0.900441619,0.811920226,26.5568756,Retained,3.566649963,3.670133177,0.1034832131,-0.04420354493,0.007538061615,0,2.193256816,2.068366298,4,0.154,0.026,0.036,0.018,0.766
Kuching,2015_2020,240,1.474908764,421.3250909,1.44342748,77.67700864,247,1.002309795,461.3477133,1.302940032,57.8016665,240,247,0.634854504,0.934194684,16.70705065,Retained,0.388596133,0.002307131524,-0.3862890014,0.09074729436,-0.1023972058,-0.2955372804,0.5519389854,3.193957555,1,0.264,0.414,0.198,0.116,0.008
Kuching,2015_2020,248,0.603371767,600.7783703,1.316442362,51.78467243,257,39.25713364,226.7474931,4.007715235,0,248,257,0.631442111,0.009705098,579.0502185,Retained,-0.5052217432,3.670133177,4.17535492,-0.9743890652,1.113288394,-10.8548688,0.5372812957,7.186366748,4,0,0,0.18,0.012,0.808
Kuching,2015_2020,249,0.335206537,926.9151999,1.513879513,51.78467243,257,39.25713364,226.7474931,4.007715235,0,249,257,0.566068699,0.004833515,604.8173531,Retained,-1.093008409,3.670133177,4.763141585,-1.40802505,0.9735457422,-10.8548688,0.2652923688,7.523797317,4,0,0,0.188,0.006,0.806
Kuching,2015_2020,251,0.402247845,772.4293333,1.381976598,109.8518791,259,0.250577449,922.6954267,1.302940032,155.6357501,251,259,0.49856544,0.800338864,12.23359438,Retained,-0.9106868505,-1.383987229,-0.4733003781,0.1777586715,-0.05889151771,0.3483827592,-0.005726802079,3.531975912,1,0.19,0.636,0.004,0.162,0.008
Kuching,2015_2020,254,8.916493893,185.8476591,1.56548612,57.89702387,265,8.26905581,209.703506,1.701095599,40.87195035,254,265,0.880524838,0.949466825,4.176302806,Retained,2.187902808,2.112520332,-0.07538247598,0.1207673559,0.08307611791,-0.3482147703,1.990209571,0.9080793155,0,0.63,0.154,0.034,0.108,0.074
Kuching,2015_2020,279,2.346445761,353.1105524,1.525847126,77.67700864,288,1.921093774,361.0547322,1.411699925,57.80166651,279,288,0.734382645,0.896983325,16.06905327,Retained,0.8529017411,0.6528946978,-0.2000070433,0.02224837208,-0.07775514951,-0.2955372802,1.014576466,2.922871567,3,0.326,0.114,0.122,0.408,0.03
Kuching,2015_2020,291,0.938578305,606.9087619,1.658646097,289.4851194,300,0.66820653,519.0161775,1.196826841,86.70249976,291,300,0.60014391,0.842975974,30.33586937,Retained,-0.0633889901,-0.4031579766,-0.3397689865,-0.1564434167,-0.3263279101,-1.2056131,0.4052318717,4.016423222,2,0.028,0.398,0.402,0.164,0.008
Kuching,2015_2020,303,0.26816523,772.4293333,1.128379167,93.35614586,308,0.334103265,692.02157,1.128379167,122.615851,303,308,0.815450299,0.654514432,11.41716135,Retained,-1.316151959,-1.096305157,0.2198468015,-0.109923401,0,0.2726320449,1.481643264,3.665646111,3,0.024,0.006,0,0.74,0.23
Kuching,2015_2020,304,0.402247845,901.1675556,1.612306031,81.87875638,309,0.417629081,830.425884,1.513879513,64.62422776,304,309,0.557649959,0.537111759,19.95049121,Retained,-0.9106868505,-0.8731616064,0.03752524406,-0.08175252413,-0.06298990165,-0.2366469283,0.2311634673,4.021012256,3,0.006,0.012,0.012,0.942,0.028
Kuching,2015_2020,18,1.676032687,525.2519466,1.918244584,129.4616811,17,1.921093774,481.4063095,1.882266567,122.615851,18,17,0.749427261,0.653827846,33.2081359,Retained,0.5164295049,0.6528946978,0.1364651929,-0.08716641394,-0.01893381726,-0.05432820174,1.092910557,3.816975206,4,0.034,0.004,0.002,0.36,0.6
Kuching,2015_2020,20,0.402247845,772.4293334,1.381976598,146.4691721,19,0.334103265,692.02157,1.128379167,163.4878014,20,19,0.702942719,0.846316755,9.900249874,Retained,-0.9106868505,-1.096305157,-0.1856183067,-0.1099234011,-0.2027325542,0.1099226907,0.8594113016,3.320369367,3,0.094,0.144,0.058,0.678,0.026
Kuching,2015_2020,49,46.19146084,196.1903241,3.761434481,51.78467243,27,2.672826121,324.3851109,1.496033552,0,49,27,0.048072289,0.830779552,1236.369365,Retained,3.832794951,0.9831363849,-2.849658566,0.5028461944,-0.9219830884,-10.8548688,-2.96624455,5.775902709,2,0,0.008,0.992,0,0
Kuching,2015_2020,318,8.849452585,222.3660202,1.866043204,57.89702387,324,9.772520503,189.2708567,1.669099054,57.80166651,318,324,0.941826939,0.852866232,9.196917699,Retained,2.180355602,2.279574417,0.09921881441,-0.1611456705,-0.1115362632,-0.001648345939,2.768416356,1.701164263,4,0.112,0.008,0.068,0.054,0.758
Kuching,2015_2020,32,32.78319935,251.1580041,4.056652047,51.78467243,37,31.65628436,264.7575927,4.202168481,86.70249975,32,37,0.862870171,0.893586993,6.406374003,Retained,3.489916169,3.454936687,-0.03497948237,0.05273242334,0.03524268259,0.5153807322,1.83322846,0.6848563734,1,0.404,0.422,0.066,0.07,0.038
Kuching,2015_2020,49,46.19146084,196.1903241,3.761434481,51.78467243,53,41.67938232,188.6070812,3.434896846,0,49,53,0.821536373,0.910473287,77.80598453,Retained,3.832794951,3.730006578,-0.1027883729,-0.03941931378,-0.0908135006,-10.8548688,1.522420152,3.01019867,2,0.3,0.044,0.532,0.064,0.06
Kuching,2015_2020,29,0.469289152,662.08228570000006,1.279461712,25.89233621,35,0.334103265,865.0269625,1.410473959,0,29,35,0.548314768,0.770175576,16.69169052,Retained,-0.7565361717,-1.096305157,-0.3397689854,0.2673708301,0.09748633706,-10.16174093,0.1934745932,3.765603959,1,0.134,0.336,0.186,0.332,0.012
Kuching,2015_2020,33,0.26816523,772.4293333,1.128379167,150.9769669,43,0.334103265,692.02157,1.128379167,168.5193684,33,43,0.714487826,0.573477745,17.2423021,Retained,-1.316151959,-1.096305157,0.2198468015,-0.109923401,0,0.1099227116,0.9151835568,4.077864706,3,0.008,0,0,0.844,0.148
Kuching,2015_2020,57,30.63787751,170.7119533,2.665559231,77.67700864,59,30.90455202,173.9405568,2.727766241,0,57,59,0.914591312,0.906699359,1.680668533,Retained,3.422237071,3.430903488,0.008666417011,0.01873596072,0.02306916915,-11.26032747,2.360481873,-0.6189671174,0,0.376,0.182,0.136,0.106,0.2
Kuching,2015_2020,367,3897.580492,80.03705564,14.09560491,0,77,0.417629081,830.425884,1.513879513,28.90083326,367,77,6.59e-5,0.615333915,5007.705567,Retained,8.268111253,-0.8731616064,-9.141272859,2.33944896,-2.23118747,10.27166031,-6.844837875,4.957042635,2,0,0,1,0,0
Kuching,2015_2020,64,0.402247845,901.1675555,1.612306031,0,66,0.250577449,922.6954267,1.302940032,28.90083326,64,66,0.39442466,0.633163393,13.15937207,Retained,-0.9106868505,-1.383987229,-0.4733003781,0.02360799167,-0.2130421975,10.27166031,-0.4278686656,3.604918566,1,0.04,0.716,0.03,0.212,0.002
Kuching,2015_2020,69,0.335206537,772.4293333,1.261566261,25.89233622,69,0.250577449,922.6954267,1.302940032,28.90083326,69,69,0.368285591,0.492668986,25.39493103,Retained,-1.093008409,-1.383987229,-0.2909788198,0.1777586715,0.03226926078,0.1099193809,-0.5384488457,4.353458113,3,0.048,0.164,0.006,0.782,0
Kuching,2015_2020,84,1.072660919,579.322,1.692568751,0,83,1.252887244,553.617256,1.748077489,0,84,83,0.747932677,0.640343487,5.814759883,Retained,0.07014240159,0.225450683,0.1553082814,-0.04538487991,0.03226926039,0,1.084993543,2.297865196,4,0.118,0,0,0.408,0.474
Kuching,2015_2020,86,0.603371767,600.7783704,1.316442362,0,89,0.334103265,865.0269624,1.410473959,0,86,89,0.46498081,0.839729249,9.716733738,Retained,-0.5052217432,-1.096305157,-0.5910834139,0.3645345784,0.06899287128,0,-0.1400255096,3.098928251,1,0.114,0.84,0.016,0.03,0
Kuching,2015_2020,89,0.402247845,772.4293333,1.381976598,0,83,1.252887244,553.617256,1.748077489,0,89,83,0.030297833,0.009727322,105.6264102,Retained,-0.9106868505,0.225450683,1.136137534,-0.3330669523,0.2350018146,0,-3.434470831,5.687626272,4,0,0.02,0.136,0.078,0.766
Kuching,2015_2020,95,2.212363147,421.3250909,1.767830404,25.89233622,98,2.589300304,357.1724232,1.621303049,28.90083325,95,98,0.91224415700000006,0.779444277,5.539077592,Retained,0.7940612415,0.9513876863,0.1573264448,-0.1651860798,-0.08652285711,0.1099193806,2.331114005,1.887342829,4,0.192,0.002,0.004,0.186,0.616
Kuching,2015_2020,103,0.603371767,686.6038518,1.504505556,25.89233621,103,0.334103265,692.0215699,1.128379167,57.8016665,103,103,0.385661285,0.696482658,11.7370239,Retained,-0.5052217432,-1.096305157,-0.5910834139,0.007859634538,-0.2876820725,0.8030492614,-0.4646237951,3.287809293,1,0.026,0.81,0.102,0.062,0
Kuching,2015_2020,107,4.290643678,313.7994167,1.833616147,25.89233621,115,4.510394078,294.7499279,1.765858986,0,107,115,0.878354503,0.835560322,7.656557986,Retained,1.456436763,1.506384528,0.04994776523,-0.06262668667,-0.03765280406,-10.16174093,1.969890063,1.879839693,4,0.212,0.004,0.032,0.264,0.488
Kuching,2015_2020,102,0.26816523,772.4293333,1.128379167,337.5947611,107,0.334103265,692.02157,1.128379167,312.6103086,102,107,0.663717601,0.53272748,20.00049905,Retained,-1.316151959,-1.096305157,0.2198468015,-0.109923401,0,-0.07688861338,0.6784417316,4.226248145,3,0.012,0.002,0,0.856,0.13
Kuching,2015_2020,109,0.670413075,695.1863999,1.605711705,0,116,0.334103265,865.0269623,1.410473959,64.62422775,109,116,0.455063698,0.913132787,21.66629951,Retained,-0.3998612267,-1.096305157,-0.6964439304,0.2185806658,-0.1296412992,11.07636014,-0.1798698176,3.848099745,1,0.004,0.724,0.216,0.05,0.006
Kuching,2015_2020,112,3.754313218,482.7683333,2.638755154,0,113,3.090455202,430.1755705,2.133300512,0,112,113,0.68452061,0.831561863,35.84376935,Retained,1.32290537,1.128318395,-0.1945869759,-0.1153434685,-0.2126369568,0,0.7729204432,3.49010991,2,0.184,0.184,0.362,0.244,0.026
Kuching,2015_2020,112,3.754313218,482.7683333,2.638755154,0,117,0.167051633,1038.032355,1.196826841,0,112,117,0.044495923,1,149.2770367,Retained,1.32290537,-1.789452335,-3.112357705,0.7655453364,-0.7906335181,0,-3.045662334,4.916722843,2,0,0.084,0.916,0,0
Kuching,2015_2020,1,0.402247845,643.6911111,1.151647165,51.78467243,1,0.417629081,692.0215699,1.261566261,86.70249976,1,1,0.703803082,0.677882075,13.41700975,Retained,-0.9106868505,-0.8731616064,0.03752524406,0.07239815562,0.09116077831,0.5153807323,0.8635235048,3.624306184,3,0.022,0.034,0,0.888,0.056
Kuching,2015_2020,2,0.737454382,561.7667878,1.360876479,51.78467243,4,0.835258163,484.415099,1.248886881,40.87195034,2,4,0.844889539,0.745957971,8.4731907970000009,Retained,-0.3045510476,-0.1800144247,0.1245366229,-0.1481446137,-0.08587630263,-0.2366450336,1.689824943,2.861665634,3,0.224,0.008,0.014,0.402,0.352
Kuching,2015_2020,8,11.6651875,257.4764444,2.480723913,245.6362691,7,10.19014958,243.9092419,2.196410969,0,8,7,0.791096681,0.905609012,59.3370606,Retained,2.456608979,2.321421526,-0.1351874528,-0.05413204119,-0.1217257675,-12.41161121,1.328036417,3.427311385,2,0.256,0.04,0.548,0.084,0.072
Kuching,2015_2020,8,11.6651875,257.4764444,2.480723913,245.6362691,10,0.918783979,503.2884145,1.360876479,0,8,10,0.071985713,0.913954616,529.9157622,Retained,2.456608979,-0.08470424519,-2.541313224,0.6702351566,-0.600421456,-12.41161121,-2.543860408,5.616780395,2,0,0.012,0.988,0,0
Kuching,2015_2020,12,0.134082615,1158.644,1.196826841,409.3937819,14,0.167051633,1038.032355,1.196826841,413.7969591,12,14,0.222534342,0.178615347,29.06387457,Retained,-2.009299139,-1.789452335,0.2198468044,-0.109923401,0,0.01069790579,-1.24775982,4.946544898,3,0.004,0.016,0.004,0.932,0.044
Kuching,2015_2020,28,0.335206537,772.4293333,1.261566261,25.89233621,34,0.334103265,692.02157,1.128379167,57.80166651,28,34,0.668449554,0.670656919,19.73549194,Retained,-1.093008409,-1.096305157,-0.00329674837,-0.109923401,-0.1115717757,0.8030492616,0.6996642476,4.101338452,3,0.016,0.028,0.004,0.936,0.016
Kuching,2015_2020,30,0.335206537,772.4293333,1.261566261,81.87875638,39,1.754042141,395.4408971,1.477395127,0,30,39,1,0.191105172,9.472948093,Retained,-1.093008409,0.5619229193,1.654931328,-0.6695391891,0.1579264745,-11.31300706,6.908754779,3.367414873,4,0.002,0,0.016,0.004,0.978
Kuching,2015_2020,47,1.273784842,731.7751579,2.329811412,25.89233621,47,0.334103265,865.0269625,1.410473959,57.80166651,47,47,0.160845857,0.613232613,109.1954318,Retained,0.2419926591,-1.096305157,-1.338297816,0.1672873715,-0.5018615362,0.8030492616,-1.646940996,5.144517,1,0.006,0.498,0.488,0.008,0
Kuching,2015_2020,47,1.273784842,731.7751579,2.329811412,25.89233621,50,0.167051633,1038.032355,1.196826841,57.80166651,47,50,0.104782981,0.798980355,19.89554894,Retained,0.2419926591,-1.789452335,-2.031444994,0.3496089283,-0.66611357,0.8030492616,-2.136792946,3.44191491,1,0.006,0.508,0.484,0.002,0
Kuching,2015_2020,48,0.871536997,475.3411282,1.251824291,77.67700864,52,0.334103265,692.02157,1.128379167,115.603333,48,52,0.373117016,0.973307729,16.02107853,Retained,-0.1374969628,-1.096305157,-0.9588081943,0.3755844147,-0.1038196826,0.39760125,-0.5177851924,3.415081104,1,0.046,0.874,0.078,0.002,0
Kuching,2015_2020,66,3.687271911,365.1484121,1.977958006,0,61,2.00461959,346.010785,1.381976598,0,66,61,0.429390358,0.789815187,97.93765411,Retained,1.304886865,0.6954543121,-0.609432553,-0.05383393434,-0.3585502107,0,-0.2837637082,4.504262815,2,0.028,0.41,0.504,0.05,0.008
Kuching,2015_2020,151,945.8187657,63.01858255,5.467233994,0,62,0.334103265,865.0269624,1.410473959,0,151,62,2.90052e-4,0.82111305,1085.618166,Retained,6.852050971,-1.096305157,-7.948356128,2.619331033,-1.354847031,0,-6.653782447,4.13624522,2,0,0,1,0,0
Kuching,2015_2020,66,3.687271911,365.1484121,1.977958006,0,71,2.338722855,346.010785,1.49270533,0,66,71,0.480011742,0.756795049,86.1066435,Retained,1.304886865,0.8496049919,-0.4552818732,-0.05383393434,-0.2814748711,0,-0.07983582262,4.375519693,2,0.042,0.382,0.516,0.05,0.01
Kuching,2015_2020,68,1.005619612,669.4387555,1.893750613,0,70,1.085835611,585.556713,1.7212584,0,68,70,0.777686075,0.720234573,17.07234018,Retained,0.005603880888,0.08234983897,0.07674595808,-0.1338766421,-0.09550366275,0,1.249029463,3.407081196,3,0.174,0.012,0.014,0.534,0.266
Kuching,2015_2020,70,5.430345905,257.4764444,1.692568751,57.89702387,73,5.345652241,216.2567406,1.410473959,144.5041663,70,73,0.873762593,0.887606025,5.226160591,Retained,1.692002834,1.676283565,-0.01571926921,-0.1744619221,-0.1823215569,0.9146320059,1.927897839,1.380231748,3,0.258,0.038,0.162,0.414,0.128
Kuching,2015_2020,76,0.335206537,772.4293333,1.261566261,25.89233622,74,0.167051633,1038.032355,1.196826841,57.8016665,76,74,0.388914187,0.780396938,21.23655082,Retained,-1.093008409,-1.789452335,-0.6964439259,0.2955417071,-0.05268025799,0.803049261,-0.4509458084,4.174640027,1,0.174,0.68,0.034,0.112,0
Kuching,2015_2020,91,1.407867457,478.1705397,1.600511388,0,94,1.002309795,519.0161775,1.465807536,0,91,94,0.402632417,0.565546751,51.09128498,Retained,0.3420761177,0.002307131524,-0.3397689861,0.08196760672,-0.08791688596,0,-0.3937006475,4.334960391,1,0.144,0.62,0.108,0.12,0.008
Kuching,2015_2020,13,0.134082615,1158.644,1.196826841,36.61729304,15,0.167051633,1038.032355,1.196826841,0,13,15,0.354366526,0.284429371,18.467583049999998,Retained,-2.009299139,-1.789452335,0.2198468044,-0.109923401,0,-10.5083032,-0.5986299088,4.493085587,3,0.008,0.016,0.01,0.838,0.128
Kuching,2015_2020,14,0.80449569,514.9528889,1.302940032,0,16,1.169361428,494.3011214,1.507860088,0,14,16,0.906427299,0.623602629,11.812170010000001,Retained,-0.2175396699,0.1564578118,0.3739974817,-0.04093052964,0.1460682114,0,2.26124459,3.15034979,4,0.018,0.002,0,0.056,0.924
Kuching,2015_2020,16,0.335206537,772.4293333,1.261566261,0,16,1.169361428,494.3011214,1.507860088,0,16,16,0.168027992,0.048166528,97.20295095,Retained,-1.093008409,0.1564578118,1.249466221,-0.4463956377,0.1783374722,0,-1.594935703,5.695680506,4,0.002,0.006,0.064,0.038,0.89
Kuching,2015_2020,19,0.80449569,643.6911111,1.62867504,0,18,0.501154898,692.0215699,1.381976598,57.8016665,19,18,0.468158013,0.751526356,26.04689228,Retained,-0.2175396699,-0.690840048,-0.4733003781,0.07239815562,-0.1642520336,10.96479019,-0.1272852941,3.941071632,1,0.02,0.834,0.05,0.094,0.002
Kuching,2015_2020,98,0.402247845,901.1675556,1.612306031,77.67700864,102,0.417629081,692.02157,1.261566261,28.90083326,98,102,0.621852409,0.598949671,12.2565609,Retained,-0.9106868505,-0.8731616064,0.03752524406,-0.2640740809,-0.2453114583,-0.9886671605,0.4963840356,3.533851331,3,0.022,0.056,0.048,0.792,0.082
Kuching,2015_2020,23,6.234841594,323.9219785,2.2816456449999998,0,28,4.677445711,333.6532569,2.035611118,0,23,28,0.704506608,0.939078152,22.05944863,Retained,1.830153173,1.542752173,-0.2874010002,0.02959962103,-0.1141008792,0,0.8668912061,2.751074707,2,0.3,0.146,0.414,0.134,0.006
Kuching,2015_2020,26,0.469289152,882.7763812,1.705948949,0,30,0.334103265,865.0269622,1.410473959,0,26,30,0.46617489,0.654799998,7.384520784,Retained,-0.7565361717,-1.096305157,-0.3397689854,-0.02031124299,-0.1901957352,0,-0.1352361119,2.950154461,1,0.122,0.462,0.152,0.258,0.006
Kuching,2015_2020,21,0.603371767,600.7783704,1.316442362,0,22,0.751732346,615.1302844,1.504505556,40.87195035,21,22,0.709492028,0.569467902,21.25145926,Retained,-0.5052217432,-0.2853749413,0.2198468019,0.02360799145,0.1335313922,10.61822376,0.8908903736,3.881448433,3,0.01,0.01,0.004,0.588,0.388
Kuching,2015_2020,34,0.201123922,1029.905778,1.302940032,51.78467243,44,0.167051633,1038.032355,1.196826841,0,34,44,0.520046254,0.626116276,12.07113423,Retained,-1.603834034,-1.789452335,-0.1856183012,0.007859634391,-0.08494951877,-10.8548688,0.08006771376,3.8651818,3,0.066,0.118,0.062,0.732,0.022
Kuching,2015_2020,367,3897.580492,80.03705564,14.09560491,0,104,1.002309795,461.3477133,1.302940032,28.90083325,367,104,2.14748e-4,0.83507055,1880.37101,Retained,8.268111253,0.002307131524,-8.265804121,1.751662295,-2.381239766,10.27166031,-6.714003575,3.97753423,2,0,0,1,0,0
Kuching,2015_2020,367,3897.580492,80.03705564,14.09560491,0,175,0.167051633,1038.032355,1.196826841,28.90083324,367,175,2.22e-5,0.517024815,721.3190444,Retained,8.268111253,-1.789452335,-10.057563590000001,2.562592511,-2.466189285,10.27166031,-6.886814704,3.019392245,2,0,0,1,0,0
Kuching,2015_2020,65,0.335206537,926.9152,1.513879513,36.61729303,68,0.417629081,692.02157,1.261566261,28.90083325,65,68,0.649702226,0.521478117,12.11280514,Retained,-1.093008409,-0.8731616064,0.2198468023,-0.2922449578,-0.1823215567,-0.2366428977,0.6164179046,3.61321487,3,0.022,0.024,0.004,0.608,0.342
Kuching,2015_2020,175,0.469289152,662.0822856,1.279461712,25.8923362,186,0.417629081,692.02157,1.261566261,0,175,186,0.596525715,0.670315027,19.62325787,Retained,-0.7565361717,-0.8731616064,-0.1166254347,0.04422727895,-0.0140854387,-10.16174093,0.3902091584,3.927399476,3,0.034,0.036,0.062,0.852,0.016
Kuching,2015_2020,86,0.603371767,600.7783704,1.316442362,0,372,3796.415401,75.8525799,13.18415463,0,86,372,0.021060476,3.35e-6,3009.358864,Retained,-0.5052217432,8.241812585,8.747034328,-2.06943438,2.304082784,0,-3.793703268,8.83445848,4,0,0.02,0.424,0.042,0.514
Kuching,2015_2020,90,2.346445761,507.596419,2.193405244,0,372,3796.415401,75.8525799,13.18415463,0,90,372,0.852773358,5.27073e-4,2940.726299,Retained,0.8529017411,8.241812585,7.388910844,-1.900894963,1.79356046,0,1.750923303,8.132326283,4,0.006,0.004,0.07,0.008,0.912
Kuching,2015_2020,367,3897.580492,80.03705564,14.09560491,0,372,3796.415401,75.8525799,13.18415463,0,367,372,0.929176065,0.953936338,68.12274166,Retained,8.268111253,8.241812585,-0.02629866795,-0.05369800453,-0.06684733857,0,2.561156108,0.6596350982,0,0.32,0.268,0.254,0.048,0.11
Kuching,2015_2020,128,9.586906968,415.9234871,3.632852541,0,372,3796.415401,75.8525799,13.18415463,0,128,372,0.044469165,1.12296e-4,3646.116554,Retained,2.26039831,8.241812585,5.981414275,-1.7017096,1.288997538,0,-3.046278622,7.643583985,2,0.006,0.026,0.484,0.016,0.468
Kuching,2015_2020,367,3897.580492,80.03705564,14.09560491,0,25,2.505774488,322.9433993,1.442090354,0,367,25,5.44087e-4,0.846294105,3572.493217,Retained,8.268111253,0.9185978636,-7.349513389,1.394987351,-2.279769345,0,-6.473778291,4.619328608,2,0,0,1,0,0
Kuching,2015_2020,22,2.480528376,438.4058378,1.94779612,103.5693449,29,2.589300304,446.465529,2.026628811,115.603333,22,29,0.846722753,0.811153412,14.14164014,Retained,0.9084715923,0.9513876863,0.042916094,0.01821714295,0.0396751898,0.1099223955,1.703802351,2.767323504,3,0.102,0.01,0.002,0.714,0.172
Kuching,2015_2020,36,0.737454382,631.9876364,1.530986039,0,372,3796.415401,75.8525799,13.18415463,0,36,372,0.354756227,6.89e-5,3857.385787,Retained,-0.3045510476,8.241812585,8.546363633,-2.120078113,2.153103704,0,-0.5969310495,8.982385702,4,0,0.01,0.434,0.022,0.534
Kuching,2015_2020,41,0.469289152,772.4293333,1.49270533,0,372,3796.415401,75.8525799,13.18415463,0,41,372,0.614537345,7.6e-5,3826.228023,Retained,-0.7565361717,8.241812585,8.998348757,-2.320748808,2.17842557,0,0.4654603782,9.200268037,4,0,0,0.166,0.014,0.82
Kuching,2015_2020,44,0.469289152,662.08228570000006,1.279461712,0,372,3796.415401,75.8525799,13.18415463,0,44,372,0.836783207,1.03438e-4,3015.392068,Retained,-0.7565361717,8.241812585,8.998348757,-2.166598128,2.33257625,0,1.629571901,8.9621185,4,0.002,0.004,0.052,0.008,0.934
Kuching,2015_2020,168,1.206743534,429.1274074,1.329807601,25.89233622,372,3796.415401,75.8525799,13.18415463,0,168,372,0.713677928,2.26852e-4,4384.212295,Retained,0.1879254374,8.241812585,8.053887148,-1.732962143,2.293981431,-10.16174093,0.9112282022,8.864167705,4,0.004,0,0.102,0.002,0.892
Kuching,2015_2020,224,0.26816523,965.5366667,1.410473959,25.89233621,372,3796.415401,75.8525799,13.18415463,0,224,372,0.859291434,6.07e-5,3765.449381,Retained,-1.316151959,8.241812585,9.557964544,-2.54389236,2.235089913,-10.16174093,1.803498612,9.464063678,4,0.002,0.002,0.05,0.002,0.944
Kuching,2015_2020,287,2.279404454,318.0591372,1.354608015,25.89233622,372,3796.415401,75.8525799,13.18415463,0,287,372,0.832859077,5.00057e-4,3178.695679,Retained,0.8239142045,8.241812585,7.417898381,-1.433445613,2.275503577,-10.16174093,1.60126196,8.224634383,4,0.004,0.004,0.078,0.002,0.912
Kuching,2015_2020,72,0.335206537,772.4293333,1.261566261,25.89233622,79,1.419938876,447.7786629,1.505196806,28.90083325,72,79,0.920574371,0.217321008,48.23972194,Retained,-1.093008409,0.3506138256,1.443622234,-0.5452414724,0.1765696445,0.1099193806,2.438750586,4.995072665,4,0,0,0,0.006,0.994
Kuching,2015_2020,73,0.53633046,675.8756666,1.396297981,25.89233622,76,0.66820653,605.5188737,1.396297981,28.90083325,73,76,0.959501015,0.770135581,6.678224152,Retained,-0.623004778,-0.4031579766,0.2198468015,-0.109923401,0,0.1099193806,3.14178607,2.782869168,4,0.042,0.002,0.006,0.324,0.626
Kuching,2015_2020,81,0.603371767,686.6038518,1.504505556,0,79,1.419938876,447.7786629,1.505196806,28.90083325,81,79,0.743981146,0.316138417,68.87281403,Retained,-0.5052217432,0.3506138256,0.8558355688,-0.4274584367,4.593477554e-4,10.27166031,1.064209467,5.057251863,4,0.012,0.004,0.008,0.036,0.94
Kuching,2015_2020,85,0.134082615,1158.644,1.196826841,51.78467243,85,0.167051632,1038.032355,1.196826841,40.87195035,85,85,0.64872237,0.520691633,17.21079483,Retained,-2.009299139,-1.789452341,0.2198467985,-0.109923401,0,-0.2366450334,0.6121255623,4.422609407,3,0.024,0.016,0,0.846,0.114
Kuching,2015_2020,87,1.206743534,472.0401481,1.462788362,0,90,0.751732346,538.2389989,1.316442362,28.90083325,87,90,0.546635612,0.877505124,4.739663233,Retained,0.1879254374,-0.2853749413,-0.4733003786,0.1312386559,-0.1054115335,10.27166031,0.1867106313,2.034579273,1,0.25,0.548,0.11,0.086,0.006
Kuching,2015_2020,367,3897.580492,80.03705564,14.09560491,0,142,0.250577449,922.6954265,1.302940032,28.90083325,367,142,9.36e-6,0.145582259,1860.181431,Retained,8.268111253,-1.383987229,-9.652098482,2.444809475,-2.381239766,10.27166031,-6.899429398,3.96673916,2,0,0,1,0,0
Kuching,2015_2020,367,3897.580492,80.03705564,14.09560491,0,157,0.167051632,1038.032355,1.196826841,0,367,157,1.42e-5,0.330242783,2064.978962,Retained,8.268111253,-1.789452341,-10.057563590000001,2.562592511,-2.466189285,0,-6.894685576,4.071185118,2,0,0,1,0,0
Kuching,2015_2020,94,1.407867457,478.1705396,1.600511388,0,100,0.835258163,692.02157,1.784124116,28.90083325,94,100,0.33221633,0.559966445,53.35538363,Retained,0.3420761177,-0.1800144247,-0.5220905423,0.3696496794,0.1086044078,10.27166031,-0.6966687259,4.37832051,1,0.05,0.672,0.238,0.038,0.002
Kuching,2015_2020,97,0.26816523,772.4293333,1.128379167,51.78467243,100,0.835258163,692.02157,1.784124116,28.90083325,97,100,0.558096284,0.179180548,79.35858585,Retained,-1.316151959,-0.1800144247,1.136137534,-0.109923401,0.4581453659,-0.5832084896,0.2329693006,5.604430167,4,0,0,0.084,0.054,0.862
Kuching,2015_2020,207,0.335206537,772.4293333,1.261566261,57.89702387,225,0.417629081,692.02157,1.261566261,28.90083325,207,225,0.689988026,0.553813219,20.5954594,Retained,-1.093008409,-0.8731616064,0.2198468023,-0.109923401,0,-0.6947782266,0.7982910821,4.143988335,3,0.006,0,0,0.692,0.302
Kuching,2015_2020,213,0.53633046,579.322,1.196826841,25.89233621,230,0.584680714,593.1613457,1.279461712,81.7439007,213,230,0.854751186,0.784067392,9.591002995,Retained,-0.623004778,-0.5366893688,0.08631540926,0.02360799155,0.06676569669,1.149617785,1.766670287,3.144797062,3,0.064,0.004,0.004,0.504,0.424
Kuching,2015_2020,223,1.743073994,564.4675897,2.102286932,0,241,2.422248672,477.2562552,2.09534751,0,223,241,0.869382633,0.625616312,20.03220365,Retained,0.5556502177,0.884696312,0.3290460943,-0.1678293985,-0.003306351907,0,1.889033945,3.291930914,4,0.026,0,0.004,0.072,0.898
Kuching,2015_2020,227,0.335206537,772.4293332,1.261566261,51.78467243,249,1.002309795,576.6846416,1.62867504,28.90083325,227,249,0.896031352,0.299663395,46.32279734,Retained,-1.093008409,0.002307131524,1.09531554,-0.2922449578,0.2554128121,-0.5832084896,2.145429098,4.954524958,4,0.002,0,0.01,0.014,0.974
Kuching,2015_2020,232,1.07266092,531.0451666,1.551521355,0,241,2.422248672,477.2562552,2.09534751,0,232,241,0.009343012,0.004137429,208.2094959,Retained,0.07014240252,0.884696312,0.8145539095,-0.1067935079,0.3004834466,0,-4.563066147,5.875843309,4,0,0.026,0.214,0.082,0.678
Kuching,2015_2020,232,1.07266092,531.0451666,1.551521355,0,256,5.011548976,380.6118635,2.403606547,0,232,256,0.830510127,0.177760556,130.7924244,Retained,0.07014240252,1.611745044,1.541602642,-0.3330669522,0.4377343684,0,1.584567579,5.410912907,4,0,0,0.032,0.01,0.958
Kuching,2015_2020,239,0.53633046,675.8756666,1.396297981,51.78467243,249,1.002309795,576.6846416,1.62867504,28.90083325,239,249,0.389123713,0.208217964,93.86056589,Retained,-0.623004778,0.002307131524,0.6253119096,-0.1587135652,0.1539423904,-0.5832084896,-0.450066215,5.425688325,4,0.002,0.004,0.042,0.044,0.908
Kuching,2015_2020,250,3.821354526,433.644538,2.391319549,0,256,5.011548976,380.6118635,2.403606547,0,250,256,0.794868044,0.606094539,46.42191598,Retained,1.340604948,1.611745044,0.2711400964,-0.1304450367,0.005125011167,0,1.350916871,3.739855685,4,0.044,0,0.004,0.09,0.862
Kuching,2015_2020,284,27.95622521,261.1811415,3.895616071,0,282,1.002309795,519.0161775,1.465807536,0,284,282,0.02636866,0.735469401,517.3116529,Retained,3.330639901,0.002307131524,-3.32833277,0.6867208579,-0.9774455268,0,-3.572660724,5.155692428,2,0,0.002,0.998,0,0
Kuching,2015_2020,247,0.469289152,882.7763809,1.705948949,57.89702387,258,0.501154898,576.6846416,1.151647165,40.87195035,247,258,0.424262617,0.397286028,37.61151181,Retained,-0.7565361717,-0.690840048,0.06569612369,-0.4257763505,-0.3929282893,-0.3482147703,-0.3046801203,4.577969785,3,0.008,0.118,0.098,0.508,0.268
Kuching,2015_2020,261,0.53633046,579.322,1.196826841,81.87875638,268,0.417629081,692.02157,1.261566261,91.39245935,261,268,0.541439972,0.695331752,22.4814365,Retained,-0.623004778,-0.8731616064,-0.2501568284,0.1777586714,0.05268025799,0.1099221297,0.1658078577,3.996601736,1,0.07,0.494,0.004,0.428,0.004
Kuching,2015_2020,262,0.134082615,1158.644,1.196826841,51.78467243,269,0.334103265,692.0215699,1.128379167,28.90083325,262,269,0.891899172,0.357937753,11.4590816,Retained,-2.009299139,-1.096305157,0.912993982,-0.5153885093,-0.05889151774,-0.5832084896,2.102201183,4.015884344,4,0.006,0,0,0.278,0.716
Kuching,2015_2020,367,3897.580492,80.03705564,14.09560491,0,285,1.33641306,519.0161775,1.692568751,0,367,285,1.08e-8,3.14e-5,3442.183589,Retained,8.268111253,0.289989204,-7.978122049,1.86944533,-2.119615694,0,-6.908744018,4.58217092,2,0,0.002,0.998,0,0
Kuching,2015_2020,350,108.4057942,107.0031977,3.142809607,51.78467243,354,106.1613125,96.915688,2.816905584,0,350,354,0.931093712,0.95077908,16.07338821,Retained,4.68588154,4.664959753,-0.02092178625,-0.0990173144,-0.1094782073,-10.8548688,2.590277757,1.006651384,2,0.284,0.082,0.418,0.084,0.132
Kuching,2015_2020,114,1.407867457,514.9528889,1.723627649,51.78467243,121,0.167051633,1038.032355,1.196826841,28.90083325,114,121,0.110154006,0.928349137,78.92244094,Retained,0.3420761177,-1.789452335,-2.131528452,0.7010068151,-0.3647574128,-0.5832084896,-2.081254885,4.769805165,2,0,0.31,0.688,0.002,0
Kuching,2015_2020,114,1.407867457,514.9528889,1.723627649,51.78467243,122,0.835258163,553.6172559,1.427299293,28.90083325,114,122,0.509807492,0.859304845,23.72064099,Retained,0.3420761177,-0.1800144247,-0.5220905423,0.07239815554,-0.1886471157,-0.5832084896,0.03915666697,3.567714638,1,0.046,0.614,0.286,0.044,0.01
Kuching,2015_2020,265,0.335206537,772.4293333,1.261566261,0,285,1.33641306,519.0161775,1.692568751,0,265,285,0.814620326,0.204327583,57.66379364,Retained,-1.093008409,0.289989204,1.382997613,-0.3976054735,0.2938933327,0,1.476163109,5.173515972,4,0,0,0.002,0.006,0.992
Kuching,2015_2020,275,0.670413075,540.7005333,1.248886881,0,285,1.33641306,519.0161775,1.692568751,0,275,285,0.991518963,0.497396559,44.89612898,Retained,-0.3998612267,0.289989204,0.6898504307,-0.0409305295,0.3039946866,0,4.65095242,4.576669406,4,0.008,0,0,0.018,0.974
Kuching,2015_2020,116,0.402247845,643.6911111,1.151647165,93.35614587,123,0.501154898,576.6846416,1.151647165,64.62422776,116,123,0.871410683,0.699430585,14.52528967,Retained,-0.9106868505,-0.690840048,0.2198468025,-0.1099234011,0,-0.3678275591,1.90688993,3.703668457,4,0.02,0,0.004,0.418,0.558
Kuching,2015_2020,122,0.737454382,561.7667879,1.360876479,77.67700864,128,0.417629081,692.02157,1.261566261,144.5041663,122,128,0.306236141,0.540755391,46.56747884,Retained,-0.3045510476,-0.8731616064,-0.5686105588,0.20853033,-0.07577494874,0.6207430716,-0.8159553758,4.565564359,1,0.022,0.894,0.042,0.042,0
Kuching,2015_2020,128,9.586906968,415.9234871,3.632852541,0,132,9.020788157,378.0488206,3.203060911,0,128,132,0.730144465,0.775966227,20.79789676,Retained,2.26039831,2.199531709,-0.06086660099,-0.0954779758,-0.1259112763,0,0.9930254692,2.477065733,0,0.422,0.024,0.284,0.192,0.078
Kuching,2015_2020,120,0.469289152,662.08228570000006,1.279461712,0,132,9.020788157,378.0488206,3.203060911,0,120,132,0.50389043,0.026213931,169.1631849,Retained,-0.7565361717,2.199531709,2.956067881,-0.5603665045,0.9176674353,0,0.01553097086,6.08150278,4,0,0.006,0.25,0.028,0.716
Kuching,2015_2020,130,0.335206537,926.9152,1.513879513,57.89702387,134,0.334103265,865.0269624,1.410473959,64.62422775,130,134,0.460424578,0.461944997,16.32764894,Retained,-1.093008409,-1.096305157,-0.00329674837,-0.06910140665,-0.0707497809,0.1099216031,-0.1583155559,3.911790316,3,0.008,0.046,0.01,0.926,0.01
Kuching,2015_2020,135,0.80449569,643.6911111,1.62867504,25.89233621,137,0.167051633,1038.032355,1.196826841,0,135,137,0.10948844,0.527279973,63.30807971,Retained,-0.2175396699,-1.789452335,-1.571912665,0.4778632639,-0.3080930701,-10.16174093,-2.088007504,4.829163536,2,0,0.282,0.716,0.002,0
Kuching,2015_2020,135,0.80449569,643.6911111,1.62867504,25.89233621,140,0.417629081,830.4258841,1.513879513,0,135,140,0.352153854,0.678368151,42.49170694,Retained,-0.2175396699,-0.8731616064,-0.6556219365,0.2547197127,-0.07309125543,-10.16174093,-0.6082918164,4.430467238,1,0.008,0.638,0.286,0.064,0.004
Kuching,2015_2020,260,267.9641059,85.804009,3.962241657,0,194,0.334103265,692.0215699,1.128379167,28.90083326,260,194,0.001217428,0.976425827,422.9135604,Retained,5.590853038,-1.096305157,-6.687158195,2.087551395,-1.256027703,10.27166031,-6.111189862,3.824108598,2,0,0,1,0,0
Kuching,2015_2020,143,0.469289152,772.4293333,1.49270533,36.61729304,149,0.334103265,865.0269625,1.410473959,0,143,149,0.460257116,0.646487772,14.0612092,Retained,-0.7565361717,-1.096305157,-0.3397689854,0.1132201503,-0.05666434232,-10.5083032,-0.15898828239999999,3.594124029,1,0.142,0.366,0.12,0.364,0.008
Kuching,2015_2020,144,2.949817528,298.438606,1.445931259,25.89233621,147,2.67282612,324.3851109,1.496033551,28.90083325,144,147,0.83201819,0.918242216,14.90660542,Retained,1.081743314,0.9831363845,-0.09860692899,0.0833671872,0.03406372256,0.109919381,1.595264403,2.7333648,3,0.412,0.048,0.008,0.504,0.028
Kuching,2015_2020,169,1.541950072,470.1743768,1.646983246,0,183,2.255197039,461.3477133,1.954410048,81.7439007,169,183,0.890382218,0.608782709,42.4886147,Retained,0.4330478959,0.8132373479,0.380189452,-0.01895162289,0.1711431035,11.31135871,2.086692458,4.105100681,4,0.008,0.004,0.006,0.024,0.958
Kuching,2015_2020,172,0.26816523,772.4293332,1.128379167,0,183,2.255197039,461.3477133,1.954410048,81.7439007,172,183,0.756973241,0.090011604,134.95736110000001,Retained,-1.316151959,0.8132373479,2.129389306,-0.5153885091,0.5493061446,11.31135871,1.133370196,6.135407217,4,0.002,0.002,0.062,0.01,0.924
Kuching,2015_2020,198,0.134082615,1158.644,1.196826841,0,214,0.167051633,1038.032355,1.196826841,57.80166651,198,214,0.87137227,0.699399769,9.730732694,Retained,-2.009299139,-1.789452335,0.2198468044,-0.109923401,0,10.96479019,1.906549521,3.85240647,3,0.034,0.024,0.004,0.678,0.26
Kuching,2015_2020,205,1.944197917,532.709885,2.09534751,51.78467243,221,1.921093774,421.2305208,1.646983246,0,205,221,0.72579855,0.734527409,15.47807704,Retained,0.66484951,0.6528946978,-0.01195481222,-0.234796731,-0.2407741368,-10.8548688,0.9711459665,2.979429432,3,0.08,0.032,0.194,0.578,0.116
Kuching,2015_2020,205,1.944197917,532.709885,2.09534751,51.78467243,224,0.167051633,1038.032355,1.196826841,0,205,224,0.021398125,0.249037907,93.87365779,Retained,0.66484951,-1.789452335,-2.454301845,0.6671052636,-0.5600456602,-10.8548688,-3.778168989,4.781900653,2,0,0.076,0.924,0,0
Kuching,2015_2020,234,1.005619612,514.9528889,1.456731241,25.89233622,246,1.002309795,519.0161775,1.465807536,28.90083325,234,246,0.766040117,0.768569708,4.900981039,Retained,0.005603880888,0.002307131524,-0.003296749364,0.007859634585,0.006211260053,0.1099193806,1.183124315,2.15920242,3,0.074,0.004,0,0.886,0.036
Kuching,2015_2020,260,267.9641059,85.804009,3.962241657,0,248,40.84412415,121.705225,2.194164,0,260,248,0.136535875,0.89576441,963.8775635,Retained,5.590853038,3.709762971,-1.881090067,0.3495362022,-0.5910088317,0,-1.838225014,4.647903739,2,0,0.01,0.99,0,0
Kuching,2015_2020,260,267.9641059,85.804009,3.962241657,0,255,230.948882,85.84571374,3.680201651,0,260,255,0.77327843,0.897215247,329.9029185,Retained,5.590853038,5.442196396,-0.1486566423,4.859284379e-4,-0.07384239296,0,1.223807839,3.57573988,2,0.182,0.08,0.668,0.026,0.044
Kuching,2015_2020,244,2.949817528,351.1042424,1.701095599,25.89233622,254,2.672826121,346.010785,1.595769122,28.90083325,244,254,0.770766964,0.850643396,7.54690775,Retained,1.081743314,0.9831363849,-0.09860692861,-0.01461322118,-0.06391668532,0.1099193806,1.209590648,2.052763692,3,0.384,0.03,0.022,0.522,0.042
Kuching,2015_2020,104,11.59814619,196.4560154,1.887359748,25.89233621,255,230.948882,85.84571374,3.680201651,0,104,255,0.918061597,0.046104629,2158.383179,Retained,2.450845274,5.442196396,2.991351122,-0.8278869073,0.6677886535,-10.16174093,2.405254946,7.024057461,4,0.014,0.008,0.102,0.008,0.868
Kuching,2015_2020,127,0.201123922,1029.905778,1.302940032,51.78467243,255,230.948882,85.84571374,3.680201651,0,127,255,0.012510456999999999,1.09e-5,1524.947611,Retained,-1.603834034,5.442196396,7.04603043,-2.484670941,1.038344273,-10.8548688,-4.292714086,8.70399795,4,0,0.008,0.306,0.058,0.628
Kuching,2015_2020,129,0.26816523,772.4293333,1.128379167,25.89233622,255,230.948882,85.84571374,3.680201651,0,129,255,0.902882423,0.001048378,1320.955061,Retained,-1.316151959,5.442196396,6.758348355,-2.196988868,1.18218531,-10.16174093,2.220532764,8.416551964,4,0,0.004,0.046,0.002,0.948
Kuching,2015_2020,238,2.078280531,448.5073548,1.82396593,0,248,40.84412415,121.705225,2.194164,0,238,248,0.614735462,0.03127972,425.575299,Retained,0.731540884,3.709762971,2.978222087,-1.304323148,0.1847878956,0,0.4662949602,6.260038749,4,0,0.006,0.144,0.018,0.832
Kuching,2015_2020,246,1.676032687,401.6632533,1.466892917,0,255,230.948882,85.84571374,3.680201651,0,246,255,0.734285522,0.005328827,2016.75346,Retained,0.5164295049,5.442196396,4.925766891,-1.5430624,0.9198210452,0,1.014080174,7.923394986,4,0.002,0,0.108,0.006,0.884
Kuching,2015_2020,253,0.938578305,551.7352381,1.507860088,25.89233621,260,0.918783979,503.2884145,1.360876479,28.90083325,253,260,0.736693451,0.752564788,17.0629546,Retained,-0.0633889901,-0.08470424519,-0.02131525509,-0.09190489565,-0.1025625234,0.109919381,1.02641876,3.441027759,3,0.048,0.024,0.026,0.876,0.026
Kuching,2015_2020,260,267.9641059,85.804009,3.962241657,0,267,4.844497343,286.3537531,1.77796132,28.90083325,260,267,0.016458381,0.910363853,1623.316105,Retained,5.590853038,1.577843492,-4.013009546,1.205162215,-0.801342558,10.27166031,-4.032356352,5.169165354,2,0,0.016,0.984,0,0
Kuching,2015_2020,257,0.737454382,491.5459394,1.19076692,183.0864652,262,0.66820653,519.0161775,1.196826841,204.3597517,257,262,0.718333686,0.792776346,15.84444312,Retained,-0.3045510476,-0.4031579766,-0.09860692899,0.05437965023,0.005076185163,0.1099228322,0.9340582479,3.487522425,3,0.064,0.026,0,0.89,0.02
Kuching,2015_2020,258,0.871536997,534.7587692,1.408302327,150.9769669,263,0.250577449,922.6954266,1.302940032,173.4049995,258,263,0.234813149,0.816706955,27.86317273,Retained,-0.1374969628,-1.383987229,-1.246490266,0.5454834515,-0.07776168151,0.1385017513,-1.178386321,3.968455156,1,0.004,0.882,0.11,0.004,0
Kuching,2015_2020,264,4.290643678,350.0070417,2.04518724,0,276,4.176290813,401.3725106,2.313865226,28.90083325,264,276,0.777845453,0.79914397,12.78817391,Retained,1.456436763,1.429423487,-0.02701327589,0.1369366768,0.123430039,10.27166031,1.249948067,2.392745586,0,0.48,0.028,0.012,0.39,0.09
Kuching,2015_2020,268,0.469289152,662.08228570000006,1.279461712,77.67700865,275,0.250577449,922.6954267,1.302940032,86.70249975,268,275,0.355420193,0.665641844,26.28816726,Retained,-0.7565361717,-1.383987229,-0.6274510569,0.3319093513,0.01818382208,0.1099220608,-0.5940384863,4.219789992,1,0.022,0.92,0.014,0.044,0
Kuching,2015_2020,271,0.469289152,662.08228570000006,1.279461712,25.89233621,278,0.167051633,1038.032355,1.196826841,115.603333,271,278,0.224376285,0.630328238,34.27066316,Retained,-0.7565361717,-1.789452335,-1.032916163,0.4496923869,-0.06676569669,1.496187792,-1.237184571,4.484951895,1,0.006,0.828,0.158,0.008,0
Kuching,2015_2020,273,0.469289152,662.08228570000006,1.279461712,103.5693449,281,0.334103265,865.0269624,1.410473959,28.90083325,273,281,0.628671839,0.883046985,8.900427057,Retained,-0.7565361717,-1.096305157,-0.3397689854,0.26737083,0.09748633706,-1.276346015,0.5254231746,3.136844636,0,0.414,0.23,0.082,0.26,0.014
Kuching,2015_2020,284,27.95622521,261.1811415,3.895616071,0,291,27.81409682,253.533428,3.771922645,0,284,291,0.855330055,0.859700739,29.24198861,Retained,3.330639901,3.325542972,-0.005096929425,-0.02971851512,-0.03226697965,0,1.771312468,2.282684831,0,0.54,0.076,0.112,0.172,0.1
Kuching,2015_2020,272,0.80449569,643.6911111,1.62867504,0,284,1.419938877,366.3643606,1.23152466,115.603333,272,284,0.942196892,0.533821106,14.42048185,Retained,-0.2175396699,0.3506138263,0.5681534962,-0.5635906109,-0.2795138626,11.65792872,2.775080343,3.349853668,4,0.008,0.032,0.028,0.082,0.85
Kuching,2015_2020,281,0.53633046,579.322,1.196826841,155.3540173,289,0.334103265,692.0215699,1.128379167,144.5041663,281,289,0.601923463,0.966257811,6.076333973,Retained,-0.623004778,-1.096305157,-0.4733003791,0.1777586713,-0.05889151774,-0.07239767221,0.4126370411,2.68843344,1,0.37,0.462,0.074,0.092,0.002
Kuching,2015_2020,297,2.547569684,467.5230175,2.105043629,77.67700865,294,2.00461959,346.010785,1.381976598,86.70249976,297,294,0.603132658,0.766490817,61.51569501,Retained,0.9351398396,0.6954543121,-0.2396855275,-0.3009786377,-0.4208214015,0.1099220609,0.4176751681,4.224103625,2,0.056,0.284,0.35,0.206,0.104
Kuching,2015_2020,289,1.005619612,566.4481778,1.602404365,36.61729304,297,1.085835611,479.0918561,1.408302327,40.87195035,289,297,0.802542151,0.743254423,7.030727487,Retained,0.005603880888,0.08234983897,0.07674595808,-0.167493253,-0.1291202738,0.1099205582,1.398452913,2.519995409,3,0.264,0.008,0.016,0.462,0.25
Kuching,2015_2020,290,0.53633046,675.8756666,1.396297981,155.3540173,298,0.584680714,692.02157,1.49270533,144.5041663,290,298,0.767467903,0.704002023,12.01998616,Retained,-0.623004778,-0.5366893688,0.08631540926,0.02360799167,0.06676569636,-0.07239767221,1.191079268,3.370521301,3,0.044,0.006,0.002,0.66,0.288
Kuching,2015_2020,300,0.402247845,772.4293333,1.381976598,363.4162568,303,0.167051633,1038.032355,1.196826841,376.8207633,300,303,0.370733838,0.892699361,19.37797112,Retained,-0.9106868505,-1.789452335,-0.8787654842,0.2955417071,-0.1438410365,0.03622065736,-0.5279641006,3.991896883,1,0.05,0.864,0.052,0.034,0
Kuching,2015_2020,302,0.670413075,695.1864,1.605711705,0,307,0.751732346,538.2389988,1.316442362,0,302,307,0.773347436,0.689689934,14.61472492,Retained,-0.3998612267,-0.2853749413,0.1144862855,-0.2558773138,-0.1986341704,0,1.224200032,3.454393555,3,0.094,0.014,0.018,0.596,0.278
Kuching,2015_2020,312,8.179039511,297.575235,2.400728268,73.23458607,317,8.686684892,266.1621423,2.212933612,40.87195035,312,317,0.899053293,0.846513093,17.1991664,Retained,2.101574725,2.161791381,0.06021665658,-0.1115614032,-0.0814530748,-0.5832129677,2.17800378,2.366496639,4,0.132,0.004,0.036,0.066,0.762
Kuching,2015_2020,184,0.53633046,579.322,1.196826841,25.89233622,195,0.334103265,692.02157,1.128379167,40.87195035,184,195,0.613369949,0.984632671,7.897474638,Retained,-0.623004778,-1.096305157,-0.4733003791,0.1777586714,-0.05889151774,0.4564828368,0.4605458615,2.950536989,1,0.234,0.668,0.02,0.076,0.002
Kuching,2015_2020,189,2.614610991,495.1470085,2.25856591,25.89233621,197,0.167051633,1038.032355,1.196826841,28.90083325,189,197,0.052574938,0.822877407,39.8154454,Retained,0.9611153258,-1.789452335,-2.750567661,0.7402275284,-0.6350563035,0.109919381,-2.873721395,3.776087308,2,0,0.29,0.71,0,0
Kuching,2015_2020,306,0.134082615,1158.644,1.196826841,81.87875638,310,0.584680714,692.02157,1.49270533,0,306,310,0.584303875,0.133996189,56.68067346,Retained,-2.009299139,-0.5366893688,1.47260977,-0.5153885092,0.2209163761,-11.31300706,0.3397739177,5.614465452,4,0,0,0.016,0.08,0.904
Kuching,2015_2020,189,2.614610991,495.1470085,2.25856591,25.89233621,201,3.341032651,380.6118635,1.962536528,28.90083325,189,201,0.306979872,0.240234986,63.22456038,Retained,0.9611153258,1.206279936,0.2451646103,-0.2630745804,-0.1404922753,0.109919381,-0.8124665328,4.238515936,4,0.016,0.048,0.118,0.264,0.554
Kuching,2015_2020,243,167.2680621,139.9350936,5.105381772,25.89233621,207,1.921093774,481.4063095,1.882266567,28.90083325,243,207,0.008366738,0.728485048,300.2061591,Retained,5.119597688,0.6528946978,-4.46670299,1.235532934,-0.9978185613,0.109919381,-4.663196369,3.717038866,2,0,0.002,0.998,0,0
Kuching,2015_2020,183,0.134082615,1158.644,1.196826841,25.89233621,201,3.341032651,380.6118635,1.962536528,28.90083325,183,201,1,0.040132087,68.95326961,Retained,-2.009299139,1.206279936,3.215579075,-1.11322551,0.4945640282,0.109919381,6.908754779,5.810458038,4,0.002,0,0.072,0.016,0.91
Kuching,2015_2020,196,0.335206537,772.4293333,1.261566261,73.23458608,212,0.334103265,692.02157,1.128379167,28.90083326,196,212,0.311100241,0.31212756,35.73363874,Retained,-1.093008409,-1.096305157,-0.00329674837,-0.109923401,-0.1115717757,-0.9297764238,-0.7932218888,4.694989639,3,0.002,0.066,0.044,0.864,0.024
Kuching,2015_2020,195,0.335206537,772.4293333,1.261566261,51.78467243,227,2.756351937,419.4070121,1.9642560040000001,28.90083325,195,227,1,0.121612385,82.44461855,Retained,-1.093008409,1.013908043,2.106916452,-0.610698689,0.4427595364,-0.5832084896,6.908754779,5.531008054,4,0,0.002,0.034,0.004,0.96
Kuching,2015_2020,200,0.871536997,772.4293333,2.034214473,51.78467243,227,2.756351937,419.4070121,1.9642560040000001,28.90083325,200,227,0.429350143,0.135757163,79.07206972,Retained,-0.1374969628,1.013908043,1.151405006,-0.610698689,-0.03499618631,-0.5832084896,-0.2839275025,5.011485782,4,0,0.006,0.068,0.05,0.876
Kuching,2015_2020,201,0.134082615,1158.644,1.196826841,51.78467243,223,1.33641306,475.7648294,1.551521355,28.90083325,201,223,0.807532505,0.081019916,36.23034403,Retained,-2.009299139,0.289989204,2.299288343,-0.8900819585,0.2595622136,-0.5832084896,1.430111368,5.166939114,4,0,0,0.022,0.034,0.944
Kuching,2015_2020,209,0.402247845,772.4293334,1.381976598,51.78467243,228,0.250577449,922.6954266,1.302940032,0,209,228,0.325477904,0.522484303,35.86649341,Retained,-0.9106868505,-1.383987229,-0.4733003781,0.1777586712,-0.05889151771,-10.8548688,-0.7271235964,4.607539777,1,0.042,0.496,0.096,0.362,0.004
Kuching,2015_2020,212,0.402247845,772.4293333,1.381976598,51.78467243,229,0.584680714,692.02157,1.49270533,57.8016665,212,229,0.695744512,0.478657365,11.25931909,Retained,-0.9106868505,-0.5366893688,0.3739974817,-0.109923401,0.07707533959,0.1099213908,0.8252696982,3.448993329,4,0.002,0,0,0.094,0.904
Kuching,2015_2020,243,167.2680621,139.9350936,5.105381772,25.89233621,251,162.7918159,130.6638983,4.702913195,0,243,251,0.896953888,0.92161721,4.797648564,Retained,5.119597688,5.092472181,-0.02712550638,-0.06855033354,-0.08211308733,-10.16174093,2.155284532,-0.4190995719,0,0.34,0.124,0.326,0.086,0.124
Kuching,2015_2020,211,0.335206537,772.4293333,1.261566261,0,236,1.670516325,553.617256,2.018506018,28.90083325,211,236,0.724696732,0.14541795800000001,77.54548201,Retained,-1.093008409,0.5131327553,1.606141164,-0.3330669523,0.4700036294,10.27166031,0.9656331435,5.469746672,4,0.002,0.002,0.054,0.01,0.932
Kuching,2015_2020,274,1.608991379,450.5837778,1.612306031,25.89233622,283,2.00461959,403.6792491,1.612306031,40.87195035,274,283,0.966397058,0.775670648,8.74434366,Retained,0.47560751,0.6954543121,0.2198468021,-0.1099234013,0,0.4564828368,3.330670312,2.503082594,4,0.146,0,0,0.164,0.69
Kuching,2015_2020,293,37.87833872,118.940446,2.065000173,0,302,40.92764997,111.5708245,2.013511503,57.8016665,293,302,0.956128615,0.884892344,30.96172121,Retained,3.634379411,3.711805873,0.07742646206,-0.0639633275,-0.02525009596,10.96479019,3.06013749,2.187959177,4,0.138,0.022,0.088,0.01,0.742
Kuching,2015_2020,252,1.340826149,424.8361333,1.387722887,0,302,40.92764997,111.5708245,2.013511503,57.8016665,252,302,0.736549076,0.024130002,495.0047957,Retained,0.2932859531,3.711805873,3.41851992,-1.337043939,0.3722160212,10.96479019,1.025676938,6.630291437,4,0.006,0,0.068,0.006,0.92
Kuching,2015_2020,276,0.469289152,662.08228570000006,1.279461712,25.89233622,286,0.250577449,922.6954267,1.302940032,40.87195035,276,286,0.410706427,0.769183636,17.78662377,Retained,-0.7565361717,-1.383987229,-0.6274510569,0.3319093513,0.01818382208,0.4564828368,-0.360309455,3.82913595,1,0.026,0.894,0.016,0.064,0
Kuching,2015_2020,286,0.53633046,579.322,1.196826841,51.78467243,293,0.417629081,692.02157,1.261566261,57.80166651,286,293,0.612774641,0.786941588,17.68723001,Retained,-0.623004778,-0.8731616064,-0.2501568284,0.1777586714,0.05268025799,0.109921391,0.4580418334,3.756766779,3,0.14,0.366,0.012,0.48,0.002
Kuching,2015_2020,299,0.201123922,1029.905778,1.302940032,51.78467243,304,0.334103265,865.0269625,1.410473959,104.2034362,299,304,0.403035984,0.242620125,22.97578824,Retained,-1.603834034,-1.096305157,0.5075288764,-0.1744619224,0.07930251498,0.6992411853,-0.3920266349,4.508766459,3,0,0.006,0,0.604,0.39
Kuching,2015_2020,321,78.03608189,125.4202268,3.125434326,51.78467243,318,76.76022515,120.4825367,2.977743536,0,321,318,0.909728661,0.92484957,1.801349165,Retained,4.357171308,4.340686604,-0.01648470376,-0.04016509466,-0.04840744684,-10.8548688,2.300408188,-1.017129805,0,0.39,0.134,0.236,0.116,0.124
Kuching,2015_2020,151,945.8187657,63.01858255,5.467233994,0,114,0.167051633,1038.032355,1.196826841,28.90083325,151,114,1.76621e-4,1,1874.237182,Retained,6.852050971,-1.789452335,-8.641503306,2.80165259,-1.519099065,10.27166031,-6.745931548,4.68229701,2,0,0,1,0,0
Kuching,2015_2020,106,0.603371767,686.6038518,1.504505556,77.67700864,106,0.501154898,692.02157,1.381976598,28.90083326,106,106,0.325503459,0.391894013,52.5881952,Retained,-0.5052217432,-0.690840048,-0.1856183048,0.007859634682,-0.08494951823,-0.9886671605,-0.7270074939,4.787486499,3,0.028,0.128,0.06,0.76,0.024
Kuching,2015_2020,298,0.26816523,772.4293333,1.128379167,222.734298,306,0.334103265,692.0215699,1.128379167,208.4068724,298,306,0.99934741,0.802117944,4.214036651,Retained,-1.316151959,-1.096305157,0.2198468015,-0.1099234012,0,-0.06648697733,6.405758874,2.669099209,3,0.1,0.004,0,0.512,0.384
Kuching,2015_2020,125,0.469289152,662.08228570000006,1.279461712,0,131,3.591610099,418.431647,2.236990727,0,125,131,0.081077273,0.010593768,105.747581,Retained,-0.7565361717,1.278600597,2.035136769,-0.4588762988,0.5586920852,0,-2.416628517,5.611697428,4,0,0.026,0.27,0.062,0.642
Kuching,2015_2020,125,0.469289152,662.08228570000006,1.279461712,0,133,0.501154898,692.02157,1.381976598,0,125,133,0.415097744,0.388703912,39.86665201,Retained,-0.7565361717,-0.690840048,0.06569612369,0.0442272788,0.07707533979,0,-0.3422327828,4.636198297,3,0.002,0.018,0.008,0.894,0.078
Kuching,2015_2020,126,3.016858836,497.7877926,2.439028105,0,131,3.591610099,418.431647,2.236990727,0,126,131,0.798132393,0.670410395,8.959961971,Retained,1.10421617,1.278600597,0.1743844279,-0.1736603189,-0.08646810512,0,1.370973046,2.213134442,4,0.244,0.002,0.01,0.15,0.594
Kuching,2015_2020,132,0.53633046,579.322,1.196826841,51.78467243,135,0.334103265,692.02157,1.128379167,57.80166651,132,135,0.581912711,0.934134901,10.4163524,Retained,-0.623004778,-1.096305157,-0.4733003791,0.1777586714,-0.05889151774,0.109921391,0.3299582261,3.227340248,1,0.216,0.72,0.012,0.05,0.002
Kuching,2015_2020,133,1.005619612,463.4576,1.311058117,0,136,1.169361428,444.8710093,1.357074079,0,133,136,0.856833875,0.736854255,15.05318314,Retained,0.005603880888,0.1564578118,0.1508539309,-0.04093052953,0.03449643555,0,1.783444181,3.281218905,4,0.11,0,0,0.43,0.46
Kuching,2015_2020,136,2.078280531,573.0927312,2.330623133,0,136,1.169361428,444.8710093,1.357074079,0,136,136,0.00832961,0.014804034,118.3329368,Retained,0.731540884,0.1564578118,-0.5750830723,-0.2532631648,-0.5408047012,0,-4.667205462,4.980105101,2,0.004,0.404,0.488,0.09,0.014
Kuching,2015_2020,136,2.078280531,573.0927312,2.330623133,0,139,2.004619591,461.3477133,1.842635464,0,136,139,0.713624852,0.739847422,31.09869044,Retained,0.731540884,0.6954543126,-0.03608657146,-0.2168955207,-0.2349388067,0,0.9109692244,3.643792366,3,0.042,0.038,0.082,0.776,0.062
Kuching,2015_2020,140,1.474908764,421.3250909,1.44342748,25.89233621,144,1.670516325,415.212942,1.513879513,28.90083325,140,144,0.905921812,0.799843729,5.436521349,Retained,0.388596133,0.5131327553,0.1245366223,-0.01461322122,0.04765509009,0.109919381,2.255356657,2.071390199,4,0.11,0.002,0,0.268,0.62
Kuching,2015_2020,145,0.335206537,926.9151999,1.513879513,25.89233621,148,0.250577449,922.6954266,1.302940032,28.90083325,145,148,0.330758109,0.442467123,15.22672933,Retained,-1.093008409,-1.383987229,-0.2909788198,-0.004562885356,-0.1500522959,0.109919381,-0.7032325626,3.841987211,3,0.046,0.362,0.042,0.546,0.004
Kuching,2015_2020,147,0.737454382,561.7667879,1.360876479,25.89233622,152,0.334103265,865.0269624,1.410473959,0,147,152,0.377556034,0.833366156,21.04247384,Retained,-0.3045510476,-1.096305157,-0.7917541095,0.4316738812,0.03579682702,-10.16174093,-0.4988947868,3.771230947,1,0.086,0.524,0.346,0.042,0.002
Kuching,2015_2020,151,945.8187657,63.01858255,5.467233994,0,158,171.3114492,90.08764465,3.326239333,0,151,158,0.173356826,0.957111418,2303.858117,Retained,6.852050971,5.14348324,-1.708567731,0.3573533819,-0.4969304838,0,-1.557478189,4.88868033,2,0,0.026,0.974,0,0
Kuching,2015_2020,171,61.9461681,121.2145599,2.691268823,25.89233621,163,3.257506834,390.371142,1.987538001,129.2484555,171,163,0.049194257,0.93549943,263.6747131,Retained,4.126265751,1.180962128,-2.945303623,1.169535735,-0.3031160765,1.607758654,-2.942460345,4.083952056,2,0,0.09,0.91,0,0
Kuching,2015_2020,171,61.9461681,121.2145599,2.691268823,25.89233621,167,0.334103265,692.02157,1.128379167,122.615851,171,167,0.005344898,0.990998864,276.338675,Retained,4.126265751,-1.096305157,-5.222570909,1.742054928,-0.8692305263,1.555078815,-5.055749889,4.130862883,2,0,0.016,0.984,0,0
Kuching,2015_2020,113,0.402247845,772.4293333,1.381976598,0,158,171.3114492,90.08764465,3.326239333,0,113,158,0.006893128,1.62e-5,456.1083431,Retained,-0.9106868505,5.14348324,6.054170091,-2.148757501,0.8783275446,0,-4.83585221,7.150440936,4,0,0.012,0.378,0.054,0.556
Kuching,2015_2020,154,0.26816523,772.4293333,1.128379167,106.7568371,160,0.334103265,692.02157,1.128379167,122.615851,154,160,0.835804068,0.670851231,11.51116442,Retained,-1.316151959,-1.096305157,0.2198468015,-0.109923401,0,0.1385013962,1.622457719,3.673845174,3,0.016,0.006,0,0.732,0.246
Kuching,2015_2020,171,61.9461681,121.2145599,2.691268823,25.89233621,171,17.9580505,196.3410036,2.347122024,28.90083325,171,171,0.252028562,0.869370759,735.3370373,Retained,4.126265751,2.88803851,-1.238227241,0.4822907642,-0.1368228568,0.109919381,-1.085198474,5.109562375,2,0.004,0.022,0.972,0.002,0
Kuching,2015_2020,171,61.9461681,121.2145599,2.691268823,25.89233621,172,0.584680714,692.02157,1.49270533,0,171,172,0.009438529,1,549.5947535,Retained,4.126265751,-0.5366893688,-4.66295512,1.742054928,-0.5894226325,-10.16174093,-4.553777272,4.818415082,2,0,0,1,0,0
Kuching,2015_2020,161,0.80449569,708.0602222,1.791542544,109.8518791,169,1.002309795,634.3531058,1.791542544,91.39245935,161,169,0.789018381,0.633299112,18.94348514,Retained,-0.2175396699,0.002307131524,0.2198468015,-0.1099234011,0,-0.1839680927,1.315556644,3.622647645,4,0.032,0.002,0.004,0.45,0.512
Kuching,2015_2020,163,1.676032687,556.14912,2.031082501,57.89702387,168,1.837567958,534.7439404,2.044855597,64.62422775,163,168,0.776958583,0.708658397,26.51045794,Retained,0.5164295049,0.6084429354,0.09201343051,-0.03924844348,0.006758271638,0.1099216031,1.244842355,3.591727205,4,0.108,0,0.002,0.39,0.5
Kuching,2015_2020,171,61.9461681,121.2145599,2.691268823,25.89233621,181,11.94419173,164.5365971,1.604116707,0,171,181,0.186591236,0.967718244,679.504557,Retained,4.126265751,2.480245113,-1.646020639,0.3055708226,-0.517439497,-10.16174093,-1.468197088,5.030597479,2,0,0,0.996,0,0.004
Kuching,2015_2020,5,0.938578305,606.9087619,1.658646096,0,5,0.501154898,807.3584983,1.612306031,64.62422776,5,5,0.266952338,0.499956548,69.73849969,Retained,-0.0633889901,-0.690840048,-0.6274510579,0.2853893356,-0.02833619316,11.07636014,-1.00776484,4.848826305,1,0,0.846,0.096,0.058,0
Kuching,2015_2020,7,0.402247845,643.691111,1.151647165,77.67700864,9,0.334103265,692.02157,1.128379167,57.80166651,7,9,0.562227572,0.676900983,19.36389271,Retained,-0.9106868505,-1.096305157,-0.1856183067,0.07239815592,-0.02041099743,-0.2955372802,0.2497028682,3.991170141,3,0.032,0.128,0.008,0.82,0.012
Kuching,2015_2020,151,945.8187657,63.01858255,5.467233994,0,65,0.167051632,1038.032355,1.196826841,81.74390069,151,65,1.76621e-4,1,1534.552311,Retained,6.852050971,-1.789452341,-8.641503312,2.80165259,-1.519099065,11.31135871,-6.745931548,4.482334072,2,0,0,1,0,0
Kuching,2015_2020,9,9.855072197,168.1478821,1.489074322,93.35614587,11,8.93726234,168.154774,1.418098909,122.615851,9,11,0.864286485,0.953044176,5.103755494,Retained,2.287986267,2.190229316,-0.09775695017,4.098629539e-5,-0.04883748835,0.2726320448,1.845173044,1.058544365,0,0.668,0.036,0.056,0.156,0.084
Kuching,2015_2020,11,2.882776221,413.159876,1.978876412,0,13,2.923403569,434.9849868,2.098039799,64.62422776,11,13,0.790970229,0.779977918,27.93288672,Retained,1.058753795,1.072748543,0.01399474785,0.05147689038,0.05847426482,11.07636014,1.327274514,3.372828575,3,0.132,0.022,0.004,0.676,0.166
Kuching,2015_2020,78,0.469289152,772.4293333,1.49270533,0,78,0.250577449,922.6954266,1.302940032,168.5193684,78,78,0.489019475,0.915850699,5.797760108,Retained,-0.7565361717,-1.383987229,-0.6274510569,0.1777586714,-0.1359668573,12.0348119,-0.04384145199,2.708277149,1,0.186,0.598,0.17,0.044,0.002
Kuching,2015_2020,151,945.8187657,63.01858255,5.467233994,0,87,1.002309795,461.3477133,1.302940032,57.80166651,151,87,0.001034494,0.976189256,1489.857427,Retained,6.852050971,0.002307131524,-6.84974384,1.990722373,-1.434149546,10.96479019,-6.197473645,4.452775836,2,0,0,1,0,0
Kuching,2015_2020,117,16.42512033,267.9856871,3.063803777,0,108,0.835258163,692.02157,1.784124116,64.62422776,117,108,0.039342246,0.773654342,225.1444703,Retained,2.79881189,-0.1800144247,-2.978826315,0.9486835529,-0.5407296049,11.07636014,-3.171259415,4.589705726,2,0,0.016,0.984,0,0
Kuching,2015_2020,96,0.737454382,561.7667879,1.360876479,51.78467243,97,0.751732346,538.2389988,1.316442362,57.80166651,96,97,0.849677888,0.833539605,8.973243988,Retained,-0.3045510476,-0.2853749413,0.01917610634,-0.04278409842,-0.03319604426,0.109921391,1.72662279,2.918999162,3,0.128,0.02,0.006,0.692,0.154
Kuching,2015_2020,108,0.469289152,772.4293334,1.49270533,25.89233622,118,0.417629081,692.02157,1.261566261,28.90083325,108,118,0.656682249,0.737912834,19.26906599,Retained,-0.7565361717,-0.8731616064,-0.1166254347,-0.1099234011,-0.1682361181,0.1099193806,0.6471569846,3.909185936,3,0.038,0.074,0.026,0.844,0.018
Kuching,2015_2020,117,16.42512033,267.9856871,3.063803777,0,124,13.44765642,270.7910491,2.801255196,0,117,124,0.677368815,0.827345967,44.1175577,Retained,2.79881189,2.598804847,-0.2000070434,0.01041391421,-0.08958960736,0,0.7400865655,2.959839501,2,0.252,0.07,0.614,0.04,0.024
Kuching,2015_2020,108,0.469289152,772.4293334,1.49270533,25.89233622,124,13.44765642,270.7910491,2.801255196,0,108,124,0.057644809,0.002011658,257.7408793,Retained,-0.7565361717,2.598804847,3.355341019,-1.04819304,0.6294774697,-10.16174093,-2.777943809,6.502591645,4,0,0.014,0.396,0.052,0.538
Kuching,2015_2020,152,101.165333,157.6595326,4.473332295,25.89233621,159,824.5668582,70.0994297,5.678354346,0,152,159,0.907204053,0.111304015,2011.227149,Retained,4.616756139,6.714858228,2.098102089,-0.8105231925,0.2385278522,-10.16174093,2.270347435,5.870487707,4,0.014,0.016,0.066,0.004,0.9
Kuching,2015_2020,151,945.8187657,63.01858255,5.467233994,0,159,824.5668582,70.0994297,5.678354346,0,151,159,0.741886617,0.850980461,418.1476249,Retained,6.852050971,6.714858228,-0.137192743,0.1064850145,0.03788864277,0,1.053277693,3.182176389,1,0.202,0.472,0.276,0.036,0.014
Kuching,2015_2020,39,0.938578304,441.3881905,1.20628807,25.89233622,159,824.5668582,70.0994297,5.678354346,0,39,159,0.579050455,6.59115e-4,1211.185296,Retained,-0.06338899117,6.714858228,6.778247219,-1.84001008,1.549113529,-10.16174093,0.3182293459,7.703415007,4,0.002,0,0.192,0.018,0.788
Kuching,2015_2020,45,0.134082615,1158.644,1.196826841,0,159,824.5668582,70.0994297,5.678354346,0,45,159,0.03631886,5.91e-6,1400.163803,Retained,-2.009299139,6.714858228,8.724157367,-2.805090976,1.556987708,0,-3.252298793,8.821359738,4,0,0.014,0.306,0.072,0.608
Kuching,2015_2020,46,0.26816523,965.5366666,1.410473959,0,159,824.5668582,70.0994297,5.678354346,0,46,159,0.991984065,3.22613e-4,1493.318949,Retained,-1.316151959,6.714858228,8.031010187,-2.622769419,1.392735674,0,4.701721049,8.539197996,4,0,0.008,0.052,0.006,0.934
Kuching,2015_2020,50,0.737454382,631.9876363,1.530986039,25.89233621,159,824.5668582,70.0994297,5.678354346,0,50,159,0.699741401,6.25816e-4,1339.366774,Retained,-0.3045510476,6.714858228,7.019409276,-2.198955173,1.310749465,-10.16174093,0.84416989,7.924593438,4,0,0,0.09,0.002,0.908
Kuching,2015_2020,59,0.335206537,926.9152,1.513879513,25.89233622,159,824.5668582,70.0994297,5.678354346,0,59,159,0.152685758,6.21e-5,1568.482682,Retained,-1.093008409,6.714858228,7.807866637,-2.581947425,1.321985893,-10.16174093,-1.70834115,8.476733771,4,0,0,0.328,0.02,0.652
Kuching,2015_2020,111,0.737454382,631.9876363,1.530986039,0,124,13.44765642,270.7910491,2.801255196,0,111,124,0.615389193,0.033747252,130.5896745,Retained,-0.3045510476,2.598804847,2.903355895,-0.8475223442,0.6041556033,0,0.469049982,5.596708276,4,0,0,0.132,0.016,0.852
Kuching,2015_2020,148,0.26816523,772.4293333,1.128379167,25.89233622,156,0.167051633,1038.032355,1.196826841,28.90083325,148,156,0.558096284,0.895902753,10.72767155,Retained,-1.316151959,-1.789452335,-0.4733003761,0.2955417071,0.05889151774,0.1099193806,0.2329693006,3.603360664,1,0.232,0.496,0.012,0.258,0.002
Kuching,2015_2020,181,1.005619612,566.4481778,1.602404365,36.61729304,191,1.419938876,447.7786629,1.505196806,64.62422776,181,191,0.835491258,0.591706038,10.74300589,Retained,0.005603880888,0.3506138256,0.3450099447,-0.2350865441,-0.06258157165,0.5680569318,1.620192055,2.94391101,4,0.08,0,0.004,0.096,0.82
Kuching,2015_2020,179,301.1495531,63.28005224,3.097797383,0,192,299.6071029,62.7005883,3.061559726,0,179,192,0.965250875,0.970220208,14.72857594,Retained,5.707606996,5.702471959,-0.005135036205,-0.009199318626,-0.01176683685,0,3.296897712,0.4084188864,0,0.304,0.27,0.212,0.068,0.146
Kuching,2015_2020,278,0.402247845,643.691111,1.151647165,25.89233621,287,0.250577449,922.6954264,1.302940032,57.80166651,278,287,0.532546019,0.854887366,9.30084233,Retained,-0.9106868505,-1.383987229,-0.4733003781,0.3600802281,0.1234300391,0.8030492616,0.1301074551,3.257920849,1,0.3,0.556,0.022,0.118,0.004
Kuching,2015_2020,292,0.402247845,643.6911111,1.151647165,93.35614586,305,0.501154898,692.02157,1.381976598,104.2034362,292,305,0.686829038,0.551277637,29.19725355,Retained,-0.9106868505,-0.690840048,0.2198468025,0.07239815576,0.1823215568,0.1099222861,0.7836030131,4.401817266,3,0.006,0.004,0,0.502,0.488
Kuching,2015_2020,377,352.4361533,91.53956147,4.847793609,25.89233622,386,352.9800995,87.60803122,4.64316481,0,377,386,0.952476199,0.951008439,4.165453218,Retained,5.86486948,5.86641168,0.001542199533,-0.0438985703,-0.04312747061,-10.16174093,2.978060043,-0.9330046707,0,0.286,0.188,0.258,0.118,0.15
Kuching,2015_2020,174,1216.330441,58.96569623,5.801232706,0,58,2.171671223,505.7080704,2.102286932,0,174,58,0.001254323,0.702533185,627.0757076,Retained,7.10359377,0.77549702,-6.32809675,2.149003712,-1.015044663,0,-6.094651217,3.4616369320000002,2,0,0.004,0.996,0,0
Kuching,2015_2020,54,0.335206537,926.9152,1.513879513,25.89233622,55,0.167051632,1038.032355,1.196826841,28.90083326,54,55,0.107073578,0.214854315,26.16264963,Retained,-1.093008409,-1.789452341,-0.6964439319,0.1132201503,-0.2350018147,0.1099193809,-2.112811197,4.383240176,1,0.088,0.498,0.118,0.292,0.004
Kuching,2015_2020,100,0.335206537,926.9152,1.513879513,0,101,0.334103265,865.0269625,1.410473959,0,100,101,0.743787456,0.746243596,0.282885077,Retained,-1.093008409,-1.096305157,-0.00329674837,-0.06910140653,-0.0707497809,0,1.063196121,-0.1403166339,3,0.148,0.014,0.004,0.752,0.082
Kuching,2015_2020,221,0.201123922,1029.905778,1.302940032,25.89233622,386,352.9800995,87.60803122,4.64316481,0,221,386,0.726878681,4.14167e-4,732.10948,Retained,-1.603834034,5.86641168,7.470245714,-2.464349925,1.270772931,-10.16174093,0.9765636089,7.970213391,4,0,0,0.076,0.012,0.912
Kuching,2015_2020,174,1216.330441,58.96569623,5.801232706,0,130,0.584680714,593.1613457,1.279461712,28.90083325,174,130,3.96438e-4,0.824723184,1046.033933,Retained,7.10359377,-0.5366893688,-7.640283139,2.308510591,-1.511630979,10.27166031,-6.57443395,3.973330099,2,0,0,1,0,0
Kuching,2015_2020,331,708.3584547,69.01129005,5.181335981,0,179,0.250577449,922.6954266,1.302940032,0,331,179,3.53744e-4,1,1254.383851,Retained,6.562950258,-1.383987229,-7.946937486,2.593029083,-1.38043966,0,-6.605527239,4.425290387,2,0,0,1,0,0
Kuching,2015_2020,255,296.2555377,95.08973915,4.617022198,36.61729303,154,0.66820653,519.0161775,1.196826841,28.90083325,255,154,0.002053103,0.910262108,1530.860523,Retained,5.691222385,-0.4031579766,-6.094380362,1.697113985,-1.350076196,-0.2366428977,-5.790543171,5.060339693,2,0,0,1,0,0
Kuching,2015_2020,255,296.2555377,95.08973915,4.617022198,36.61729303,180,18.20862795,171.4181871,2.063433973,0,255,180,0.05664467,0.921612382,1058.521517,Retained,5.691222385,2.901895545,-2.78932684,0.5892850413,-0.8053783793,-10.5083032,-2.796204716,4.691383113,2,0,0,0.998,0,0.002
Kuching,2015_2020,100,0.335206537,926.9152,1.513879513,0,185,1209.787923,55.66177361,5.461434519,0,100,185,9.85338e-4,2.73e-7,844.8884507,Retained,-1.093008409,7.098200353,8.191208762,-2.812568463,1.283035918,0,-6.221980764,7.858074939,4,0,0.012,0.354,0.056,0.578
Kuching,2015_2020,174,1216.330441,58.96569623,5.801232706,0,185,1209.787923,55.66177361,5.461434519,0,174,185,0.964638066,0.969854832,2.64185904,Retained,7.10359377,7.098200353,-0.005393416873,-0.05766223432,-0.06035894282,0,3.279266633,-2.007570641,0,0.294,0.25,0.256,0.066,0.134
Kuching,2015_2020,255,296.2555377,95.08973915,4.617022198,36.61729303,266,270.2895414,90.03123639,4.175446304,0,255,266,0.878907339,0.963341653,70.63170991,Retained,5.691222385,5.59949376,-0.09172862496,-0.05466438724,-0.1005286996,-10.5083032,1.975036332,1.984247101,2,0.308,0.1,0.476,0.034,0.082
Kuching,2015_2020,138,0.134082615,1158.644,1.196826841,0,185,1209.787923,55.66177361,5.461434519,0,138,185,1,1.10832e-4,1886.468975,Retained,-2.009299139,7.098200353,9.107499492,-3.035712014,1.518037732,0,6.908754779,9.119477136,4,0,0.008,0.048,0.016,0.928
Kuching,2015_2020,190,78.90761889,91.22147606,2.28587055,77.67700865,204,74.83913137,95.77084227,2.337183136,57.80166651,190,204,0.915188481,0.964940965,8.733755552,Retained,4.368277787,4.315340895,-0.05293689222,0.04866792574,0.02219947973,-0.2955372804,2.368068857,0.5555360077,0,0.554,0.168,0.16,0.056,0.062
Kuching,2015_2020,225,0.53633046,579.322,1.196826841,139.4344978,242,0.417629081,692.02157,1.261566261,144.5041663,225,242,0.569260936,0.731060147,18.96532145,Retained,-0.623004778,-0.8731616064,-0.2501568284,0.1777586714,0.05268025799,0.03571314689,0.2782726513,3.826532183,1,0.1,0.488,0.008,0.402,0.002
Kuching,2015_2020,263,0.134082615,1158.644,1.196826841,25.89233622,270,0.334103265,692.0215699,1.128379167,28.90083326,263,270,0.720093954,0.288988739,18.48299086,Retained,-2.009299139,-1.096305157,0.912993982,-0.5153885093,-0.05889151774,0.1099193809,0.9427491819,4.493919511,4,0,0,0,0.388,0.612
Kuching,2015_2020,282,1.340826149,463.4576,1.513879513,0,290,1.252887244,415.212942,1.311058117,28.90083324,282,290,0.711698671,0.761652112,3.585672375,Retained,0.2932859531,0.225450683,-0.06783527005,-0.109923401,-0.1438410359,10.27166031,0.9015899039,1.702946824,3,0.14,0.048,0.078,0.686,0.048
Kuching,2015_2020,308,68.11396839,153.5735486,3.575440697,25.89233622,273,3.424558467,320.6929227,1.674120584,0,308,273,0.040459638,0.804736316,501.2400427,Retained,4.221182308,1.230972549,-2.990209759,0.7363044419,-0.7588004375,-10.16174093,-3.142775628,4.678860897,2,0,0.002,0.998,0,0
Kuching,2015_2020,308,68.11396839,153.5735486,3.575440697,25.89233622,311,64.31487852,141.9992312,3.212453041,0,308,311,0.859783755,0.910571337,29.72802637,Retained,4.221182308,4.163790997,-0.05739131128,-0.07835795275,-0.1070536079,-10.16174093,1.807550949,1.853897676,2,0.376,0.044,0.468,0.044,0.068
Kuching,2015_2020,342,168.7429709,133.8018233,4.903090903,25.89233621,312,0.751732346,538.2389989,1.316442362,28.90083325,342,312,0.003530582,0.792517364,890.966455,Retained,5.128376675,-0.2853749413,-5.413751616,1.391942923,-1.314932885,0.109919381,-5.394371082,4.800484506,2,0,0,1,0,0
Kuching,2015_2020,342,168.7429709,133.8018233,4.903090903,25.89233621,313,0.167051633,1038.032355,1.196826841,28.90083325,342,313,8.8414e-4,0.893091857,998.0178466,Retained,5.128376675,-1.789452335,-6.91782901,2.048722459,-1.410192047,0.109919381,-6.274399649,4.913948766,2,0,0,1,0,0
Kuching,2015_2020,331,708.3584547,69.01129005,5.181335981,0,338,722.6653623,74.38512021,5.640917613,0,331,338,0.95702629,0.938079655,49.57419893,Retained,6.562950258,6.582946269,0.01999601143,0.07498580953,0.08498381521,0,3.081283265,1.194380501,1,0.154,0.446,0.076,0.046,0.278
Kuching,2015_2020,193,0.26816523,965.5366666,1.410473959,25.89233622,338,722.6653623,74.38512021,5.640917613,0,193,338,0.639558804,2.37326e-4,2040.119443,Retained,-1.316151959,6.582946269,7.899098228,-2.563428153,1.386120961,-10.16174093,0.5722415649,8.851205048,4,0,0,0.136,0.01,0.854
Kuching,2015_2020,203,0.737454382,561.7667879,1.360876479,25.89233622,338,722.6653623,74.38512021,5.640917613,0,203,338,0.874030379,8.91917e-4,2088.224397,Retained,-0.3045510476,6.582946269,6.887497317,-2.021830871,1.421917788,-10.16174093,1.930310751,8.368710359,4,0.002,0.006,0.046,0,0.946
Kuching,2015_2020,237,0.134082615,1158.644,1.196826841,51.78467243,338,722.6653623,74.38512021,5.640917613,0,237,338,1,1.85539e-4,2115.251061,Retained,-2.009299139,6.582946269,8.592245408,-2.74574971,1.550372994,-10.8548688,6.908754779,9.233943775,4,0,0.006,0.042,0.01,0.942
Kuching,2015_2020,256,0.26816523,772.4293333,1.128379167,73.23458607,338,722.6653623,74.38512021,5.640917613,0,256,338,0.750907845,2.78645e-4,2317.814994,Retained,-1.316151959,6.582946269,7.899098228,-2.340284602,1.609264512,-11.20143673,1.1007843,8.978821562,4,0.002,0,0.07,0.006,0.922
Kuching,2015_2020,283,0.134082615,1158.644,1.196826841,25.89233622,338,722.6653623,74.38512021,5.640917613,0,283,338,0.836217283,1.55151e-4,2509.760006,Retained,-2.009299139,6.582946269,8.592245408,-2.74574971,1.550372994,-10.16174093,1.625455895,9.404957323,4,0.002,0.002,0.048,0.014,0.934
Kuching,2015_2020,285,0.938578305,496.5617142,1.357074079,36.61729304,338,722.6653623,74.38512021,5.640917613,0,285,338,0.633358571,8.22589e-4,2533.198907,Retained,-0.0633889901,6.582946269,6.646335259,-1.89845185,1.42471578,-10.5083032,0.5455062785,8.441298006,4,0.004,0,0.148,0.006,0.842
Kuching,2015_2020,317,4.424726293,234.0694949,1.388938741,36.61729304,322,4.844497343,238.6281276,1.481634433,28.90083325,317,322,0.921472943,0.841628194,10.57550999,Retained,1.487208422,1.577843492,0.09063507053,0.0192883307,0.06460586521,-0.236642898,2.450960742,2.187396235,4,0.076,0.008,0.004,0.108,0.804
Kuching,2015_2020,342,168.7429709,133.8018233,4.903090903,25.89233621,348,169.557407,120.3367558,4.420300048,0,342,348,0.929905392,0.925438762,14.7666499,Retained,5.128376675,5.133191554,0.004814878887,-0.1060656638,-0.1036582248,-10.16174093,2.572146155,0.7006155763,2,0.252,0.078,0.412,0.098,0.16
Kuching,2015_2020,315,0.53633046,579.3219999,1.196826841,132.0255276,323,0.835258163,484.415099,1.248886881,91.39245936,315,323,0.940618718,0.603983879,20.52006067,Retained,-0.623004778,-0.1800144247,0.4429903534,-0.1789162724,0.0425789041,-0.3678289538,2.746921278,3.90531904,4,0.002,0,0,0.024,0.974
Kuching,2015_2020,316,0.603371767,600.7783704,1.316442362,207.1386897,321,0.66820653,605.5188737,1.396297981,202.3058328,316,321,0.905370274,0.817523956,2.172672269,Retained,-0.5052217432,-0.4031579766,0.1020637666,0.007859634475,0.05889151724,-0.02360787595,2.2489642,1.601393842,4,0.074,0.004,0.002,0.366,0.554
Kuching,2015_2020,328,3.754313218,317.2477619,1.734039101,146.4691721,331,3.842187548,285.8349963,1.580519101,144.5041663,328,331,0.864723564,0.844946563,9.456966304,Retained,1.32290537,1.346041878,0.02313650787,-0.1042683436,-0.09270008968,-0.01350654446,1.848880207,2.157769639,3,0.2,0.022,0.056,0.444,0.278
Kuching,2015_2020,323,2.212363146,561.7667878,2.357107205,81.87875638,333,2.839877753,447.7786629,2.128669737,64.62422776,323,333,0.808592985,0.629921973,8.822171291,Retained,0.7940612411,1.043761007,0.2496997655,-0.2267877411,-0.1019378586,-0.2366469283,1.436918636,2.352715685,4,0.192,0.006,0.008,0.124,0.67
Kuching,2015_2020,333,0.871536997,534.7587692,1.408302327,188.4990529,337,1.002309795,461.3477133,1.302940032,129.2484555,333,337,0.508325424,0.442003489,38.91838401,Retained,-0.1374969628,0.002307131524,0.1398040944,-0.147663729,-0.07776168151,-0.3773539869,0.0332382853,4.302605854,3,0.028,0.012,0.038,0.516,0.406
Kuching,2015_2020,336,7.374543821,224.7067151,1.721387716,51.78467243,332,0.334103265,692.0215699,1.128379167,0,336,332,0.037284648,0.822970927,189.8938946,Retained,1.998034046,-1.096305157,-3.094339203,1.124821062,-0.4223485396,-10.8548688,-3.225746993,4.819818653,2,0,0.052,0.948,0,0
Kuching,2015_2020,336,7.374543821,224.7067151,1.721387716,51.78467243,340,6.765591118,205.0434281,1.504505556,0,336,340,0.806699034,0.879307866,18.62263341,Retained,1.998034046,1.911849637,-0.08618440887,-0.09157426239,-0.1346664672,-10.8548688,1.424781178,2.497779308,0,0.41,0.036,0.296,0.156,0.102
Kuching,2015_2020,341,8.648328663,305.3790387,2.533380274,57.89702387,341,5.930332955,331.390611,2.276537488,28.90083325,341,341,0.611399269,0.891616344,37.35975029,Retained,2.157366084,1.780080359,-0.3772857251,0.0817440184,-0.1068988446,-0.6947782266,0.4522620221,3.114302597,2,0.142,0.196,0.622,0.032,0.008
Kuching,2015_2020,341,8.648328663,305.3790387,2.533380274,57.89702387,347,1.002309795,519.0161775,1.465807536,28.90083325,341,347,0.093725727,0.808702946,145.2561997,Retained,2.157366084,0.002307131524,-2.155058953,0.5303812983,-0.5471481779,-0.6947782266,-2.259459168,4.472187863,2,0,0.01,0.99,0,0
Kuching,2015_2020,348,0.134082615,1158.644,1.196826841,25.89233622,359,6.180910404,299.2525708,2.098742621,28.90083326,348,359,0.566811871,0.012295862,235.0379683,Retained,-2.009299139,1.821465575,3.830764714,-1.3537177,0.5616646582,0.1099193809,0.2683122337,7.036765835,4,0,0.004,0.248,0.052,0.696
Kuching,2015_2020,353,5.698511135,327.1465412,2.203018284,25.89233622,359,6.180910404,299.2525708,2.098742621,28.90083326,353,359,0.868772858,0.800968051,21.88822744,Retained,1.740204936,1.821465575,0.08126063885,-0.08912027353,-0.04848995388,0.1099193809,1.883710878,2.788257093,4,0.066,0,0.004,0.034,0.896
Kuching,2015_2020,359,0.402247845,643.6911111,1.151647165,213.5136742,366,0.334103265,865.0269624,1.410473959,182.7849187,359,366,0.634845265,0.76432997,9.691485862,Retained,-0.9106868505,-1.096305157,-0.1856183067,0.295541707,0.2027325541,-0.1553899371,0.5518992224,3.2990593,3,0.318,0.174,0.012,0.468,0.028
Kuching,2015_2020,363,1.407867457,662.08228570000006,2.216092691,155.3540173,369,0.751732346,538.2389989,1.316442362,173.4049995,363,369,0.385684375,0.72232157,71.17867322,Retained,0.3420761177,-0.2853749413,-0.6274510589,-0.2070871495,-0.5208126783,0.1099227309,-0.4645265557,4.666534173,1,0.01,0.518,0.34,0.124,0.008
Kuching,2015_2020,364,2.212363146,327.6972929,1.374979203,51.78467243,371,2.338722855,321.2957289,1.386083521,246.9288275,364,371,0.919137334,0.869476914,5.176109738,Retained,0.7940612411,0.8496049919,0.05554375084,-0.01972832191,0.008043553501,1.56199068,2.419479897,1.819581257,4,0.156,0.004,0.002,0.418,0.42
Kuching,2015_2020,369,1.273784842,569.1584561,1.812075543,36.61729304,375,0.835258163,484.415099,1.248886881,246.9288275,369,375,0.557369519,0.849999309,28.39854999,Retained,0.2419926591,-0.1800144247,-0.4220070837,-0.1612166954,-0.3722202378,1.908556272,0.2300289977,3.797741913,1,0.038,0.642,0.198,0.118,0.004
Kuching,2015_2020,374,0.53633046,579.322,1.196826841,25.89233622,383,0.501154898,576.6846416,1.151647165,28.90083325,374,383,0.837144426,0.895902753,6.530487124,Retained,-0.623004778,-0.690840048,-0.06783527,-0.004562885508,-0.03848052031,0.1099193806,1.632205038,2.760501987,3,0.216,0.028,0.014,0.63,0.112
Kuching,2015_2020,383,0.871536997,534.7587692,1.408302327,57.89702387,390,0.334103265,865.0269623,1.410473959,64.62422776,383,390,0.366115204,0.955042899,21.33807159,Retained,-0.1374969628,-1.096305157,-0.9588081943,0.4809449302,0.001540833475,0.1099216032,-0.5477678527,3.701653164,1,0.046,0.878,0.056,0.02,0
Kuching,2015_2020,385,0.201123922,1029.905778,1.302940032,25.89233622,391,0.167051633,1038.032355,1.196826841,28.90083325,385,391,0.261051887,0.314296722,29.4679213,Retained,-1.603834034,-1.789452335,-0.1856183012,0.007859634391,-0.08494951877,0.1099193806,-1.03803754,4.757618152,3,0.016,0.078,0.006,0.894,0.006
Kuching,2015_2020,388,0.670413075,617.9434667,1.427299293,25.89233622,393,0.417629081,692.02157,1.261566261,40.87195035,388,393,0.471684947,0.757188082,24.66711874,Retained,-0.3998612267,-0.8731616064,-0.4733003797,0.1132201502,-0.123430039,0.4564828368,-0.1131547253,3.977807227,1,0.06,0.858,0.012,0.07,0
Kuching,2015_2020,389,0.26816523,965.5366669,1.410473959,77.67700864,396,0.250577449,922.6954266,1.302940032,86.70249976,389,396,0.417653317,0.446967989,13.69706122,Retained,-1.316151959,-1.383987229,-0.06783527,-0.04538488023,-0.07930251498,0.1099220611,-0.3317384914,3.847695228,3,0.026,0.05,0.008,0.908,0.008
Kuching,2015_2020,322,1.139702227,454.3701961,1.368360733,340.5605114,330,1.419938876,407.0715117,1.368360733,348.012117,322,330,0.882724154,0.708511233,15.74036253,Retained,0.1307670239,0.3506138256,0.2198468017,-0.1099234013,0,0.0216444121,2.011125397,3.263273235,4,0.056,0,0.002,0.218,0.724
Kuching,2015_2020,334,1.541950072,369.4227246,1.294058265,51.78467243,351,1.419938876,529.1929653,1.778868953,64.62422776,334,351,0.605777576,0.657830298,49.6454649,Retained,0.4330478959,0.3506138256,-0.08243407027,0.3594115556,0.3181945206,0.2214913402,0.4287135871,4.260768183,3,0.254,0.192,0.032,0.434,0.088
Kuching,2015_2020,343,0.134082615,1158.644,1.196826841,51.78467243,350,0.334103265,692.02157,1.128379167,57.80166651,343,350,0.834426735,0.334872872,13.71692226,Retained,-2.009299139,-1.096305157,0.912993982,-0.5153885092,-0.05889151774,0.109921391,1.612507412,4.195717685,4,0.004,0.002,0,0.312,0.682
Kuching,2015_2020,344,0.402247845,772.4293333,1.381976598,51.78467243,351,1.419938876,529.1929653,1.778868953,64.62422776,344,351,0.41552309,0.117711596,123.2528722,Retained,-0.9106868505,0.3506138256,1.261300676,-0.3781873876,0.2524629509,0.2214913402,-0.3404848476,5.841954598,4,0,0.004,0.128,0.024,0.844
Kuching,2015_2020,392,0.402247845,643.6911111,1.151647165,0,399,0.501154898,576.6846416,1.151647165,57.8016665,392,399,0.959742767,0.770329595,6.619131095,Retained,-0.9106868505,-0.690840048,0.2198468025,-0.1099234011,0,10.96479019,3.147880258,2.917823541,4,0.058,0.01,0.01,0.336,0.586
Kuching,2015_2020,395,0.53633046,675.8756666,1.396297981,0,399,0.501154898,576.6846416,1.151647165,57.8016665,395,399,0.013202914,0.014129614,108.6539516,Retained,-0.623004778,-0.690840048,-0.06783527,-0.1587135652,-0.1926312,10.96479019,-4.242030143,5.572044611,3,0.008,0.2,0.228,0.536,0.028
Kuching,2015_2020,350,108.4057942,107.0031977,3.142809607,51.78467243,356,0.334103265,692.0215699,1.128379167,57.8016665,350,356,0.002177632,0.706571758,902.4931072,Retained,4.68588154,-1.096305157,-5.782186697,1.866758406,-1.024334942,0.1099213908,-5.750440688,5.034586334,2,0,0,1,0,0
Kuching,2015_2020,355,0.871536997,653.5940513,1.7212584,77.67700865,362,0.250577449,922.6954266,1.302940032,122.615851,355,362,0.098537799,0.342725724,85.35587907,Retained,-0.1374969628,-1.383987229,-1.246490266,0.344812756,-0.2784323772,0.4564922727,-2.204589345,5.087954469,1,0,0.698,0.288,0.014,0
Kuching,2015_2020,360,0.134082615,1158.644,1.196826841,51.78467243,368,0.501154898,692.0215699,1.381976598,0,360,368,0.551413207,0.147529081,34.49011146,Retained,-2.009299139,-0.690840048,1.318459091,-0.5153885093,0.1438410365,-10.8548688,0.2059674065,5.117716165,4,0,0,0.002,0.108,0.89
Kuching,2015_2020,372,20.98392924,162.8764728,2.104732128,0,368,0.501154898,692.0215699,1.381976598,0,372,368,9.06355e-4,0.037950136,416.5305713,Retained,3.04375687,-0.690840048,-3.734596919,1.446625048,-0.4206734122,0,-6.262655878,5.082448768,2,0,0.03,0.97,0,0
Kuching,2015_2020,372,20.98392924,162.8764728,2.104732128,0,378,19.96267009,138.9834115,1.751730737,0,372,378,0.891215436,0.936808646,18.29494851,Retained,3.04375687,2.993864034,-0.04989283649,-0.1586374936,-0.1835839122,0,2.095187687,1.95716615,0,0.458,0.032,0.326,0.1,0.084
Kuching,2015_2020,373,75.28738828,86.6661585,2.121317773,93.35614586,382,82.10587739,72.51090713,1.853469865,104.2034362,373,382,0.969200953,0.888713598,33.0996704,Retained,4.321312634,4.408009602,0.08669696762,-0.1783264852,-0.1349780016,0.1099222861,3.418066897,1.911262162,4,0.14,0.016,0.158,0.036,0.65
Kuching,2015_2020,366,0.201123922,1029.905778,1.302940032,93.35614586,373,0.167051633,1038.032355,1.196826841,104.2034362,366,373,0.49017036,0.59014678,12.41018114,Retained,-1.603834034,-1.789452335,-0.1856183012,0.007859634391,-0.08494951877,0.1099222861,-0.03924511611,3.892879731,3,0.038,0.134,0.004,0.82,0.004
Kuching,2015_2020,370,1.541950072,503.7582608,1.764624906,0,379,1.503464693,461.3477133,1.595769122,28.90083325,370,379,0.773658572,0.793462515,20.86567948,Retained,0.4330478959,0.40777224,-0.02527565592,-0.08794449427,-0.1005823218,10.27166031,1.225969404,3.393994598,3,0.112,0.026,0.046,0.756,0.06
Kuching,2015_2020,386,27.35285345,130.6314314,1.927276708,0,392,26.47768376,115.7007672,1.679466332,81.74390069,386,392,0.910517536,0.940612972,10.57379553,Retained,3.308820854,3.276302256,-0.03251859838,-0.121372592,-0.1376318909,11.31135871,2.309954769,1.276427905,0,0.512,0.076,0.246,0.056,0.11
Kuching,2015_2020,378,12.73784842,219.5325474,2.210253174,36.61729304,388,12.61239826,206.2315937,2.066089372,57.8016665,378,388,0.877302233,0.886028409,10.90224866,Retained,2.544577752,2.534680319,-0.009897433004,-0.06250072268,-0.06744943911,0.4564869825,1.960149536,1.689136854,0,0.464,0.054,0.104,0.192,0.186
Kuching,2015_2020,379,2.681652299,308.9717333,1.427299293,106.7568371,389,2.756351937,293.5849085,1.374979203,115.603333,379,389,0.890454227,0.8663221,8.390109319,Retained,0.986433134,1.013908043,0.02747490945,-0.05108290087,-0.0373454464,0.07961037336,2.087424422,2.206321107,3,0.162,0.014,0.002,0.614,0.208
Kuching,2015_2020,380,2.011239224,437.7099555,1.751109716,103.5693449,387,0.334103265,692.02157,1.128379167,144.5041663,380,387,0.097221394,0.58525461,96.76205473,Retained,0.6987510614,-1.096305157,-1.795056219,0.4580606367,-0.4394674728,0.3330642171,-2.219360372,4.795254668,2,0,0.402,0.598,0,0
Kuching,2015_2020,391,1.877156609,358.6279047,1.386083521,312.8582888,398,3.090455202,261.8459994,1.298530747,57.8016665,391,398,0.930034315,0.564907074,28.54326077,Retained,0.6297581899,1.128318395,0.4985602047,-0.3145288314,-0.06524872871,-1.688718625,2.574099684,3.60894174,4,0.014,0,0.01,0.02,0.956
Kuching,2015_2020,393,2.145321839,410.3530833,1.695504692,93.35614586,401,2.088145407,359.8512164,1.466892917,104.2034362,393,401,0.614399067,0.631222188,29.81997776,Retained,0.7632895826,0.736276307,-0.02701327565,-0.1313273096,-0.144833948,0.1099222861,0.4648779667,3.585932249,3,0.052,0.048,0.072,0.792,0.036
Kuching,2015_2020,397,3.016858836,257.4764444,1.261566261,93.35614586,404,3.424558467,236.3000483,1.233562536,104.2034362,397,404,0.91780609,0.808539689,14.90326871,Retained,1.10421617,1.230972549,0.1267563791,-0.08582584927,-0.02244765957,0.1099222861,2.401900951,2.721904521,4,0.264,0,0,0.12,0.616
Kuching,2015_2020,398,0.201123922,1029.905778,1.302940032,181.2463535,405,0.250577449,922.6954267,1.302940032,323.1211388,398,405,0.681270474,0.546816111,17.04248634,Retained,-1.603834034,-1.383987229,0.2198468049,-0.1099234012,0,0.5781676982,0.7579507615,4.210050058,3,0.018,0.002,0,0.864,0.116
Kuching,2015_2020,405,1.273784842,691.1209824,2.200377445,208.7506883,409,0.334103265,692.02157,1.128379167,28.90083325,405,409,0.24044915,0.916724026,105.468044,Retained,0.2419926591,-1.096305157,-1.338297816,0.001302234142,-0.667846674,-1.977240424,-1.147384081,5.109786101,2,0,0.222,0.74,0.03,0.008
Kuching,2015_2020,435,7.642709051,257.4764444,2.007965444,0,445,7.767900913,267.8793174,2.106134441,40.87195034,435,445,0.895702605,0.881266952,12.68876423,Retained,2.033752128,2.049999975,0.01624784696,0.03960833302,0.04773225629,10.61822376,2.141935583,2.096284581,4,0.166,0.08,0.022,0.214,0.518
Kuching,2015_2020,438,0.201123922,1029.905778,1.302940032,57.89702387,450,0.584680714,593.1613457,1.279461712,40.87195034,438,450,1,0.343989313,10.42259003,Retained,-1.603834034,-0.5366893688,1.067144665,-0.5517561536,-0.01818382208,-0.3482147706,6.908754779,3.718353469,4,0,0,0.002,0.032,0.966
Kuching,2015_2020,439,1.005619612,566.4481777,1.602404365,233.0310259,448,1.169361428,494.3011214,1.507860088,231.206666,439,448,0.677755462,0.582851589,47.65383226,Retained,0.005603880888,0.1564578118,0.1508539309,-0.1362407093,-0.06081374396,-0.007859600647,0.741851798,4.433547039,3,0.058,0.002,0.022,0.582,0.336
Kuching,2015_2020,471,1854.831854,78.08887285,9.487165898,0,458,0.66820653,605.5188737,1.396297981,0,471,458,3.48141e-4,0.966383219,2670.381902,Retained,7.525549326,-0.4031579766,-7.928707303,2.048238159,-1.916115492,0,-6.609680319,4.69956743,2,0,0,1,0,0
Kuching,2015_2020,441,0.53633046,675.8756666,1.396297981,25.89233622,451,0.417629081,830.425884,1.513879513,57.8016665,441,451,0.558849342,0.717689276,21.0400729,Retained,-0.623004778,-0.8731616064,-0.2501568284,0.2059295485,0.08085113495,0.803049261,0.2360170362,3.930343712,1,0.09,0.558,0.01,0.342,0
Kuching,2015_2020,442,0.402247845,772.4293333,1.381976598,25.89233622,452,0.167051633,1038.032355,1.196826841,57.8016665,442,452,0.221280498,0.5328269,22.66485276,Retained,-0.9106868505,-1.789452335,-0.8787654842,0.2955417071,-0.1438410365,0.803049261,-1.254994153,4.148567876,1,0.022,0.874,0.048,0.056,0
Kuching,2015_2020,448,3.754313218,317.2477619,1.734039101,25.89233622,459,3.006929386,307.5651422,1.504505556,28.90083325,448,459,0.752375613,0.93938148,10.11856774,Retained,1.32290537,1.100919421,-0.22198595,-0.03099614252,-0.1419891177,0.1099193806,1.108620654,2.225383207,0,0.316,0.146,0.272,0.244,0.022
Kuching,2015_2020,447,8.313122126,280.3170968,2.279957412,51.78467243,461,8.185529994,282.4577837,2.279670174,168.5193684,447,461,0.863584299,0.877045453,19.48238853,Retained,2.117835245,2.102367961,-0.01546728482,0.00760765023,-1.259918688e-4,1.179943106,1.839238167,2.483009552,3,0.324,0.052,0.024,0.392,0.208
Kuching,2015_2020,450,0.201123922,1029.905778,1.302940032,103.5693449,467,0.334103265,692.02157,1.128379167,91.39245935,450,467,0.326719977,0.196679324,33.95531842,Retained,-1.603834034,-1.096305157,0.5075288764,-0.3976054737,-0.1438410365,-0.1250771275,-0.7214859739,4.899356906,4,0,0.022,0.01,0.376,0.592
Kuching,2015_2020,451,0.402247845,772.4293333,1.381976598,25.89233621,466,0.334103265,692.0215699,1.128379167,28.90083325,451,466,0.687237459,0.827408195,12.4099437,Retained,-0.9106868505,-1.096305157,-0.1856183067,-0.1099234012,-0.2027325542,0.109919381,0.7854974613,3.546287008,3,0.056,0.162,0.056,0.71,0.016
Kuching,2015_2020,453,0.26816523,965.5366667,1.410473959,238.7155448,469,0.250577449,922.6954266,1.302940032,362.12640270000003,453,469,0.584229504,0.625235975,16.0661402,Retained,-1.316151959,-1.383987229,-0.06783527,-0.04538488002,-0.07930251498,0.416719248,0.3394683838,4.007217127,3,0.012,0.026,0.004,0.948,0.01
Kuching,2015_2020,459,1.877156609,441.3881905,1.705948949,417.5013765,474,1.670516325,484.415099,1.766192765,434.4747919,459,474,0.757588196,0.851300657,7.997661319,Retained,0.6297581899,0.5131327553,-0.1166254346,0.09301744289,0.03470472544,0.03984999182,1.136704393,2.336760041,0,0.524,0.052,0.002,0.414,0.008
Kuching,2015_2020,460,2.949817528,333.5490303,1.616040819,25.89233621,476,2.672826121,324.3851109,1.496033551,28.90083325,460,476,0.818637856,0.903475285,12.56714259,Retained,1.081743314,0.9831363849,-0.09860692861,-0.0278584481,-0.07716191262,0.109919381,1.502868091,2.562658533,3,0.39,0.026,0.012,0.534,0.038
Kuching,2015_2020,465,31.04012536,210.2075507,3.303734307,0,480,3.090455202,374.0657135,1.855043924,0,465,480,0.085187933,0.855616391,365.3980802,Retained,3.435280734,1.128318395,-2.306962339,0.5763361072,-0.5771450624,0,-2.363280997,4.755714703,2,0.002,0.01,0.988,0,0
Kuching,2015_2020,465,31.04012536,210.2075507,3.303734307,0,483,26.64473539,171.3783825,2.495495628,0,465,483,0.774445713,0.90220046,42.14995625,Retained,3.435280734,3.282591585,-0.1526891492,-0.2042215042,-0.2805660789,0,1.230453384,2.595981947,2,0.256,0.03,0.586,0.09,0.038
Kuching,2015_2020,530,521.5143308,84.104338,5.418094658,0,484,0.334103265,692.0215699,1.128379167,155.6357501,530,484,3.71228e-4,0.57946378,1172.910811,Retained,6.256736754,-1.096305157,-7.353041911,2.107558978,-1.568961977,11.95528005,-6.592677165,4.511241229,2,0,0,1,0,0
Kuching,2015_2020,530,521.5143308,84.104338,5.418094658,0,488,0.751732346,538.2389988,1.316442362,28.90083324,530,488,0.001265427,0.87789011,909.7044001,Retained,6.256736754,-0.2853749413,-6.542111695,1.85624455,-1.414811297,10.27166031,-6.089726555,4.257117377,2,0,0,1,0,0
Kuching,2015_2020,466,0.402247845,643.6911111,1.151647165,81.87875638,486,0.334103265,692.02157,1.128379167,91.39245936,466,486,0.651668333,0.784584343,10.18994365,Retained,-0.9106868505,-1.096305157,-0.1856183067,0.07239815576,-0.02041099743,0.1099221298,0.6250472814,3.349207817,3,0.188,0.146,0.006,0.646,0.014
Kuching,2015_2020,469,0.335206537,772.4293333,1.261566261,150.9769669,491,0.417629081,692.0215699,1.261566261,168.5193684,469,491,0.773867097,0.621138036,13.82781802,Retained,-1.093008409,-0.8731616064,0.2198468023,-0.1099234012,0,0.1099227116,1.227156205,3.745623824,3,0.02,0.004,0,0.64,0.336
Kuching,2015_2020,395,0.53633046,675.8756666,1.396297981,0,402,0.167051633,1038.032355,1.196826841,57.8016665,395,402,0.252540522,0.810798287,22.77772075,Retained,-0.623004778,-1.789452335,-1.166447557,0.4290730998,-0.1541506797,10.96479019,-1.082493404,4.009694132,1,0.004,0.814,0.174,0.008,0
Kuching,2015_2020,406,0.335206537,772.4293332,1.261566261,36.61729303,412,0.334103265,692.02157,1.128379167,57.80166651,406,412,0.845222537,0.848013639,4.967538634,Retained,-1.093008409,-1.096305157,-0.00329674837,-0.1099234009,-0.1115717757,0.4564869829,1.692353902,2.721994907,3,0.184,0.02,0.03,0.658,0.108
Kuching,2015_2020,412,0.469289152,772.4293333,1.49270533,25.89233621,419,0.334103265,865.0269625,1.410473959,28.90083325,412,419,0.498470263,0.700162828,14.78094206,Retained,-0.7565361717,-1.096305157,-0.3397689854,0.1132201503,-0.05666434232,0.109919381,-0.006106753509,3.644039334,1,0.128,0.57,0.006,0.296,0
Kuching,2015_2020,473,1.340826149,502.0790667,1.640036139,0,492,0.417629081,830.425884,1.513879513,0,473,492,0.263211274,0.845057428,62.11213275,Retained,0.2932859531,-0.8731616064,-1.16644756,0.5031810718,-0.08004270762,0,-1.026908441,4.55467941,1,0.008,0.526,0.464,0.002,0
Kuching,2015_2020,471,1854.831854,78.08887285,9.487165898,0,421,0.835258163,553.617256,1.427299293,0,471,421,3.41702e-4,0.758806169,1548.073852,Retained,7.525549326,-0.1800144247,-7.705563751,1.958626001,-1.894155875,0,-6.614474403,4.154357687,2,0,0,1,0,0
Kuching,2015_2020,471,1854.831854,78.08887285,9.487165898,0,425,1.419938876,447.7786629,1.505196806,0,471,425,6.36305e-4,0.831189692,2099.121897,Retained,7.525549326,0.3506138256,-7.174935501,1.746451481,-1.841016269,0,-6.415678257,4.458865148,2,0,0,1,0,0
Kuching,2015_2020,411,0.670413075,540.7005333,1.248886881,51.78467243,420,0.751732346,538.2389989,1.316442362,40.87195036,411,420,0.737563239,0.657776713,13.30265764,Retained,-0.3998612267,-0.2853749413,0.1144862855,-0.00456288531,0.05268025837,-0.2366450331,1.030893387,3.360334564,3,0.048,0.006,0.006,0.618,0.322
Kuching,2015_2020,413,0.469289152,662.08228570000006,1.279461712,0,423,0.584680714,593.1613457,1.279461712,0,413,423,0.984463803,0.790171742,4.671987089,Retained,-0.7565361717,-0.5366893688,0.2198468029,-0.1099234011,0,0,4.087560661,2.49243153,4,0.034,0.002,0.008,0.32,0.636
Kuching,2015_2020,425,7.374543821,379.1925818,2.90484177,0,423,0.584680714,593.1613457,1.279461712,0,425,423,4.05857e-4,0.005119049,289.7082827,Retained,1.998034046,-0.5366893688,-2.534723414,0.4474222384,-0.8199394687,0,-6.567702164,5.242225867,2,0,0.026,0.974,0,0
Kuching,2015_2020,425,7.374543821,379.1925818,2.90484177,0,426,0.751732346,615.1302844,1.504505556,28.90083325,425,426,0.085019476,0.834046662,207.081377,Retained,1.998034046,-0.2853749413,-2.283408987,0.4837898825,-0.6579146107,10.27166031,-2.365421367,4.906464591,2,0,0.01,0.99,0,0
Kuching,2015_2020,415,1.139702227,636.1182745,1.915705026,25.89233622,427,0.835258163,622.819413,1.605711705,28.90083324,415,427,0.581988607,0.794118226,7.890133933,Retained,0.1307670239,-0.1800144247,-0.3107814486,-0.02112790225,-0.1765186265,0.1099193802,0.3302695337,2.572721273,1,0.16,0.402,0.24,0.184,0.014
Kuching,2015_2020,421,614.5006242,86.6307391,6.057985812,0,434,630.6199128,91.20019366,6.460627008,0,421,434,0.943429373,0.919314384,53.35227953,Retained,6.420809945,6.446703324,0.02589337937,0.05140231299,0.06434900257,0,2.797568417,1.338895418,1,0.142,0.406,0.096,0.036,0.32
Kuching,2015_2020,381,0.26816523,965.5366666,1.410473959,93.35614586,434,630.6199128,91.20019366,6.460627008,0,381,434,0.067068574,2.85e-5,2282.760154,Retained,-1.316151959,6.446703324,7.762855283,-2.359627057,1.521800584,-11.4441877,-2.618887378,8.963581944,4,0,0.008,0.304,0.05,0.638
Kuching,2015_2020,401,1.541950072,638.0937971,2.235191548,25.89233621,434,630.6199128,91.20019366,6.460627008,0,401,434,0.607440353,0.001485273,470.3491898,Retained,0.4330478959,6.446703324,6.013655428,-1.945428269,1.061399445,-10.16174093,0.4356662476,6.509318497,4,0,0,0.182,0.008,0.81
Kuching,2015_2020,409,0.871536997,475.3411282,1.251824291,25.89233622,434,630.6199128,91.20019366,6.460627008,0,409,434,0.867562761,0.001199,3028.223753,Retained,-0.1374969628,6.446703324,6.584200287,-1.65097569,1.641124453,-10.16174093,1.873208599,8.656845261,4,0.006,0.004,0.048,0.006,0.936
Kuching,2015_2020,419,2.748693606,414.4742764,1.938455413,51.78467243,431,3.591610099,402.3381221,2.150952622,28.90083325,419,431,0.893484695,0.683792412,29.57847654,Retained,1.011125746,1.278600597,0.2674748511,-0.02971807846,0.1040193469,-0.5832084896,2.118614583,3.45388283,4,0.036,0,0.002,0.064,0.898
Kuching,2015_2020,424,27.01764691,264.5043375,3.878391327,0,434,630.6199128,91.20019366,6.460627008,0,424,434,0.648426633,0.02778054,1773.796238,Retained,3.296490242,6.446703324,3.150213082,-1.064800629,0.5103059119,0,0.6108311366,6.404997682,4,0.006,0.026,0.19,0.014,0.764
Kuching,2015_2020,424,27.01764691,264.5043375,3.878391327,0,435,8.853736524,280.7257312,2.356354275,28.90083325,424,435,0.263660044,0.804572642,362.6905426,Retained,3.296490242,2.180839576,-1.115650666,0.05952049711,-0.4983048353,10.27166031,-1.024602906,4.81767255,2,0.014,0.028,0.938,0.01,0.01
Kuching,2015_2020,425,7.374543821,379.1925818,2.90484177,0,438,7.016168566,321.2957289,2.400767082,0,425,438,0.71730673,0.753945649,57.71458993,Retained,1.998034046,1.948217281,-0.04981676481,-0.1656822346,-0.1905906169,0,0.9290030591,3.628875247,2,0.254,0.02,0.366,0.276,0.084
Kuching,2015_2020,414,0.53633046,579.322,1.196826841,0,435,8.853736524,280.7257312,2.356354275,28.90083325,414,435,0.986570077,0.059763197,209.5338266,Retained,-0.623004778,2.180839576,2.803844354,-0.7244803071,0.6774418706,10.27166031,4.225943422,6.228757294,4,0,0,0.08,0.004,0.916
Kuching,2015_2020,423,1.273784842,447.1959298,1.423773641,25.89233621,436,1.586990509,437.0662547,1.553207608,28.90083325,423,436,0.806359326,0.647217691,7.4395653,Retained,0.2419926591,0.4618394611,0.219846802,-0.02291202409,0.08701137676,0.109919381,1.422613669,2.458315441,4,0.1,0.004,0,0.222,0.674
Kuching,2015_2020,428,0.603371767,600.7783704,1.316442362,106.7568371,440,0.167051633,1038.032355,1.196826841,119.1611882,428,440,0.276863522,1,22.81122847,Retained,-0.5052217432,-1.789452335,-1.284230592,0.5468561353,-0.09525916246,0.1099224264,-0.9578498151,3.952272543,1,0.004,0.774,0.218,0.004,0
Kuching,2015_2020,430,1.608991379,611.5065555,2.188129613,0,438,7.016168566,321.2957289,2.400767082,0,430,438,0.008672121,0.001988745,459.0290518,Retained,0.47560751,1.948217281,1.472609771,-0.6435637026,0.09274118286,0,-4.630805952,6.463676868,4,0.002,0.016,0.408,0.056,0.518
Kuching,2015_2020,430,1.608991379,611.5065555,2.188129613,0,443,0.835258163,692.0215699,1.784124116,0,430,443,0.426429653,0.821448565,61.9336304,Retained,0.47560751,-0.1800144247,-0.6556219347,0.1236914501,-0.2041195174,0,-0.2958328184,4.460640668,1,0.02,0.544,0.372,0.06,0.004
Kuching,2015_2020,471,1854.831854,78.08887285,9.487165898,0,454,46.35682803,169.5764568,3.256997914,0,471,454,0.023031398,0.921533525,2333.854058,Retained,7.525549326,3.836368596,-3.68918073,0.7754563241,-1.069134041,0,-3.70611634,4.56486699,2,0,0,1,0,0
Kuching,2015_2020,445,54.23641774,168.998754,3.510945348,25.89233622,456,49.53080905,172.7136465,3.42893642,0,445,456,0.864543882,0.946678698,18.8032264,Retained,3.993352597,3.902594881,-0.09075771582,0.02174365845,-0.02363519967,-10.16174093,1.847354992,1.509770298,0,0.514,0.076,0.322,0.046,0.042
Kuching,2015_2020,433,0.670413075,617.9434667,1.427299293,93.35614586,444,0.66820653,605.5188737,1.396297981,86.70249975,433,444,0.730409569,0.732821524,15.72679516,Retained,-0.3998612267,-0.4031579766,-0.003296749861,-0.0203112425,-0.02195961731,-0.073938167,0.9943672358,3.527725096,3,0.02,0.028,0.004,0.9,0.048
Kuching,2015_2020,471,1854.831854,78.08887285,9.487165898,0,494,1791.628759,71.36371621,8.521117188,0,471,494,0.928212745,0.960957229,80.44669853,Retained,7.525549326,7.490880406,-0.03466891985,-0.09005800973,-0.1073924695,0,2.546796846,1.197197545,2,0.296,0.212,0.348,0.042,0.102
Kuching,2015_2020,473,1.340826149,502.0790667,1.640036139,0,495,0.334103265,692.02157,1.128379167,28.90083325,473,495,0.239224485,0.960057795,26.97688641,Retained,0.2932859531,-1.096305157,-1.38959111,0.320859515,-0.37393604,10.27166031,-1.154078072,3.720739475,1,0.002,0.628,0.37,0,0
Kuching,2015_2020,530,521.5143308,84.104338,5.418094658,0,496,0.918783979,566.1994663,1.530986039,0,530,496,0.001166675,0.662220597,1175.271531,Retained,6.256736754,-0.08470424519,-6.341440999,1.906888283,-1.263832217,0,-6.134394856,4.513251907,2,0,0,1,0,0
Kuching,2015_2020,455,0.335206537,772.4293333,1.261566261,25.89233621,494,1791.628759,71.36371621,8.521117188,0,455,494,0.446477027,8.35e-5,2701.117879,Retained,-1.093008409,7.490880406,8.583888815,-2.381750963,1.910193444,-10.16174093,-0.214483036,9.020290513,4,0,0,0.376,0.002,0.622
Kuching,2015_2020,474,0.53633046,675.8756666,1.396297981,51.78467243,497,0.167051633,1038.032355,1.196826841,129.2484555,474,497,0.230460951,0.739910305,25.89461134,Retained,-0.623004778,-1.789452335,-1.166447557,0.4290730998,-0.1541506797,0.9146307836,-1.202679152,4.13794084,1,0.004,0.874,0.118,0.004,0
Kuching,2015_2020,530,521.5143308,84.104338,5.418094658,0,504,1.252887244,415.212942,1.311058117,28.90083325,530,504,0.001625408,0.676575959,853.5180452,Retained,6.256736754,0.225450683,-6.031286071,1.596733355,-1.41890968,10.27166031,-5.941893363,4.193364422,2,0,0.01,0.99,0,0
Kuching,2015_2020,476,0.737454382,561.7667879,1.360876479,103.5693449,500,0.918783979,503.2884145,1.360876479,173.4049995,476,500,0.919942526,0.738384306,3.979776133,Retained,-0.3045510476,-0.08470424519,0.2198468024,-0.1099234012,0,0.5153846202,2.430239172,2.106117275,4,0.082,0.002,0.004,0.35,0.562
Kuching,2015_2020,478,0.871536997,713.0116923,1.877736436,0,498,0.501154898,692.0215699,1.381976598,0,478,498,0.274844277,0.477969885,49.98114217,Retained,-0.1374969628,-0.690840048,-0.5533430852,-0.02988069351,-0.3065522362,0,-0.9679279936,4.552779209,1,0.002,0.674,0.25,0.072,0.002
Kuching,2015_2020,482,2.011239224,411.9623111,1.648103262,36.61729303,505,13.44765642,227.8083429,2.356611514,0,482,505,0.602484961,0.090108,192.151043,Retained,0.6987510614,2.598804847,1.900053786,-0.5924271931,0.3575996996,-10.5083032,0.4149758841,5.481276361,4,0,0.004,0.136,0.012,0.848
Kuching,2015_2020,479,0.335206537,772.4293333,1.261566261,77.67700864,505,13.44765642,227.8083429,2.356611514,0,479,505,1,0.024926763,195.3043785,Retained,-1.093008409,2.598804847,3.691813256,-1.221035853,0.6248707749,-11.26032747,6.908754779,6.393433524,4,0,0,0.016,0,0.984
Kuching,2015_2020,486,1.608991379,450.5837778,1.612306031,0,505,13.44765642,227.8083429,2.356611514,0,486,505,0.331840356,0.039704189,405.9526357,Retained,0.47560751,2.598804847,2.123197337,-0.6820393519,0.3795593165,0,-0.6983596988,6.340800143,4,0,0.006,0.48,0.028,0.486
Kuching,2015_2020,489,3.352065373,463.4576,2.393653682,51.78467243,506,3.842187548,451.3184152,2.495556475,115.603333,489,506,0.830400939,0.724472225,12.37320892,Retained,1.209576685,1.346041878,0.1364651932,-0.02654179215,0.04169080455,0.8030599212,1.583796025,2.483190981,4,0.306,0.002,0.002,0.122,0.568
Kuching,2015_2020,494,3.419106681,363.4961569,1.89605625,115.7940477,510,3.090455202,392.7689991,1.94779612,104.2034362,494,510,0.781430592,0.8645311,3.905694803,Retained,1.229379313,1.128318395,-0.1010609179,0.07745292608,0.02692246744,-0.1054670959,1.270736826,1.320366984,0,0.5,0.038,0.028,0.416,0.018
Kuching,2015_2020,502,1.206743534,643.6911111,1.994711402,25.89233622,515,0.417629081,692.0215699,1.261566261,40.87195034,502,515,0.277777111,0.802639842,27.5076263,Retained,0.1879254374,-0.8731616064,-1.061087044,0.07239815562,-0.4581453659,0.4564828366,-0.953304881,3.792901863,1,0.006,0.534,0.45,0.008,0.002
Kuching,2015_2020,530,521.5143308,84.104338,5.418094658,0,529,0.334103265,692.02157,1.128379167,57.8016665,530,529,4.78547e-4,0.746982157,2259.748545,Retained,6.256736754,-1.096305157,-7.353041911,2.1075589790000002,-1.568961977,10.96479019,-6.517216747,5.167005831,2,0,0,1,0,0
Kuching,2015_2020,492,28.6936796,187.693109,2.836197817,0,520,41.42880487,189.7478498,3.445268979,119.1611882,492,520,0.854689047,0.591959476,264.04696,Retained,3.356676876,3.723976409,0.3672995332,0.01088785438,0.1945376211,11.68824077,1.766172875,4.470157258,4,0.03,0.018,0.036,0.008,0.908
Kuching,2015_2020,503,15.2854181,162.6167017,1.793489661,103.5693449,519,16.4545858,161.588793,1.849054799,104.2034362,503,519,0.956110976,0.888175249,5.638700245,Retained,2.726899309,2.80060421,0.07370490181,-0.006341114886,0.0305113358,0.006103659599,3.059726037,0.9387462047,4,0.136,0.04,0,0.014,0.81
Kuching,2015_2020,504,15.15133549,205.0697345,2.251759971,0,520,41.42880487,189.7478498,3.445268979,119.1611882,504,520,0.825327947,0.301838785,533.1212511,Retained,2.718088679,3.723976409,1.005887729,-0.07765400513,0.4252898597,11.68824077,1.548372803,5.492071365,4,0.012,0.004,0.06,0.006,0.918
Kuching,2015_2020,506,1.810115302,371.9104197,1.411518368,155.3540173,525,2.171671223,346.010785,1.438406848,144.5041663,506,525,0.869483901,0.724725783,20.82549955,Retained,0.593390546,0.77549702,0.182106474,-0.07218307292,0.01887016384,-0.07239767221,1.889919995,3.311895863,4,0.08,0.002,0.002,0.176,0.74
Kuching,2015_2020,516,122.0151796,117.1376352,3.650046958,25.89233622,532,3.257506834,354.8828564,1.806852728,40.87195034,516,532,5.4065e-4,0.020250935,884.0533328,Retained,4.80414546,1.180962128,-3.623183332,1.10843814,-0.7031535253,0.4564828366,-6.476010118,4.954810736,2,0,0,1,0,0
Kuching,2015_2020,478,0.871536997,713.0116923,1.877736436,0,541,508.4216436,76.17125873,4.845049467,0,478,541,0.18481888,3.16817e-4,796.0726389,Retained,-0.1374969628,6.23131111,6.368808073,-2.236513609,0.9478904272,0,-1.479863855,7.320805117,4,0,0.014,0.414,0.03,0.542
Kuching,2015_2020,530,521.5143308,84.104338,5.418094658,0,541,508.4216436,76.17125873,4.845049467,0,530,541,0.937729413,0.961877465,20.91273394,Retained,6.256736754,6.23131111,-0.02542564363,-0.09907393758,-0.1117867593,0,2.697106712,0.4844026354,2,0.264,0.202,0.372,0.048,0.114
Kuching,2015_2020,517,0.80449569,514.9528888,1.302940032,25.89233622,532,3.257506834,354.8828564,1.806852728,40.87195034,517,532,0.963673122,0.237995163,54.32646383,Retained,-0.2175396699,1.180962128,1.398501798,-0.3722876654,0.3269632334,0.4564828366,3.252075653,4.676164657,4,0.008,0.002,0.006,0.004,0.98
Kuching,2015_2020,534,0.26816523,965.5366666,1.410473959,129.4616811,549,0.250577449,922.6954265,1.302940032,115.603333,534,549,0.460532152,0.492856443,19.44585317,Retained,-1.316151959,-1.383987229,-0.06783527,-0.04538488002,-0.07930251498,-0.11321922450000001,-0.1578834297,4.198126188,3,0.014,0.034,0.008,0.936,0.008
Kuching,2015_2020,539,0.335206537,772.4293333,1.261566261,0,551,0.167051633,1038.032355,1.196826841,0,539,551,0.273501324,0.548808932,30.85316668,Retained,-1.093008409,-1.789452335,-0.6964439259,0.2955417071,-0.05268025799,0,-0.9746560949,4.548140951,1,0.132,0.688,0.064,0.116,0
Kuching,2015_2020,558,339.5642223,112.2424461,5.834627749,0,569,462.1483414,112.0642195,6.79599011,0,558,569,0.937791288,0.689043641,703.8405242,Retained,5.827663096,6.135885925,0.3082228284,-0.001589133671,0.1525222811,0,2.698151044,4.215086618,4,0.022,0.05,0.034,0.012,0.882
Kuching,2015_2020,516,122.0151796,117.1376352,3.650046958,25.89233622,569,462.1483414,112.0642195,6.79599011,0,516,569,0.930134306,0.245571598,1898.4909,Retained,4.80414546,6.135885925,1.331740465,-0.04427751728,0.6215927158,-10.16174093,2.575617075,5.719107326,4,0.026,0.02,0.09,0.004,0.86
Kuching,2015_2020,558,339.5642223,112.2424461,5.834627749,0,552,0.334103265,865.0269624,1.410473959,28.90083325,558,552,6.79132e-4,0.690232515,746.80404,Retained,5.827663096,-1.096305157,-6.923968254,2.042099448,-1.419884678,10.27166031,-6.389799102,4.274337555,2,0,0,1,0,0
Kuching,2015_2020,505,1.005619612,566.4481778,1.602404365,25.89233622,569,462.1483414,112.0642195,6.79599011,0,505,569,0.766097816,0.001667004,1572.243573,Retained,0.005603880888,6.135885925,6.130282044,-1.620313503,1.444827519,-10.16174093,1.183445135,7.929822544,4,0.008,0,0.064,0.004,0.924
Kuching,2015_2020,541,0.402247845,772.4293333,1.381976598,51.78467243,557,0.918783979,566.1994663,1.530986039,28.90083325,541,557,0.901661447,0.394751519,16.30195634,Retained,-0.9106868505,-0.08470424519,0.8259826053,-0.3105940966,0.102397206,-0.5832084896,2.206813819,3.81905483,4,0.002,0,0,0.01,0.988
Kuching,2015_2020,543,5.430345905,286.0849383,1.880631945,0,558,4.92802316,304.9586579,1.909731914,57.8016665,543,558,0.825786351,0.90996033,14.37176498,Retained,1.692002834,1.594937926,-0.0970649086,0.06388746576,0.01535501173,10.96479019,1.551540239,2.391698621,0,0.65,0.022,0.056,0.228,0.044
Kuching,2015_2020,546,0.26816523,965.5366667,1.410473959,51.78467243,560,0.334103265,692.02157,1.128379167,28.90083325,546,560,0.558942866,0.448630869,22.80095212,Retained,-1.316151959,-1.096305157,0.2198468015,-0.3330669524,-0.2231435515,-0.5832084896,0.2363956174,4.357287074,3,0.002,0.014,0.014,0.642,0.328
Kuching,2015_2020,559,0.80449569,643.6911111,1.62867504,77.67700865,570,0.417629081,692.02157,1.261566261,64.62422775,559,570,0.434880855,0.8377285,7.368612273,Retained,-0.2175396699,-0.8731616064,-0.6556219365,0.07239815576,-0.2554128121,-0.1839673314,-0.2614356219,2.678499874,1,0.048,0.492,0.414,0.046,0
Kuching,2015_2020,560,0.134082615,1158.644,1.196826841,0,571,0.167051633,1038.032355,1.196826841,0,560,571,0.547834988,0.439715236,15.44273838,Retained,-2.009299139,-1.789452335,0.2198468044,-0.109923401,0,0,0.191541504,4.314218151,3,0.01,0.018,0.002,0.876,0.094
Kuching,2015_2020,568,153.9938832,126.1040488,4.41444219,0,578,150.8476242,135.2622448,4.686416636,40.87195034,568,578,0.913371378,0.932421744,3.246987746,Retained,5.036912882,5.016270216,-0.02064266608,0.07010809789,0.05978676514,10.61822376,2.345129131,-0.7680558486,1,0.232,0.464,0.144,0.032,0.128
Kuching,2015_2020,561,0.469289152,662.08228570000006,1.279461712,0,572,0.584680714,593.1613457,1.279461712,0,561,572,0.888748499,0.71334666,10.49776704,Retained,-0.7565361717,-0.5366893688,0.2198468029,-0.1099234011,0,0,2.070196939,3.301890854,4,0.024,0.002,0.008,0.412,0.554
Kuching,2015_2020,564,3.150941451,377.9973333,1.892796703,73.23458607,574,2.589300304,401.8189761,1.82396593,81.7439007,564,574,0.713253451,0.867964149,13.4847108,Retained,1.147701282,0.9513876863,-0.1963135952,0.06111453816,-0.03704225963,0.1099219797,0.9091578183,2.600144968,0,0.486,0.132,0.032,0.344,0.006
Kuching,2015_2020,565,0.670413075,617.9434666,1.427299293,129.4616811,575,0.66820653,519.0161775,1.196826841,91.39245936,565,575,0.66072041,0.662902236,15.75853292,Retained,-0.3998612267,-0.4031579766,-0.003296749861,-0.1744619221,-0.176110297,-0.3482187475,0.6650755221,3.529741003,3,0.042,0.06,0.048,0.796,0.054
Kuching,2015_2020,605,257.8408685,178.1447786,8.069452017,0,597,8.185529994,416.6252309,3.362513506,0,605,597,0.008149793,0.256715178,1634.719369,Retained,5.552342606,2.102367961,-3.449974645,0.8495905082,-0.8753968147,0,-4.686848548,5.195420681,2,0,0,1,0,0
Kuching,2015_2020,574,0.53633046,675.8756666,1.396297981,25.89233622,585,0.501154898,692.0215699,1.381976598,57.80166651,574,585,0.461795024,0.494207948,31.97931215,Retained,-0.623004778,-0.690840048,-0.06783527,0.02360799153,-0.01030964323,0.8030492612,-0.1528115447,4.3489878,3,0.004,0.034,0.012,0.938,0.012
Kuching,2015_2020,577,0.335206537,772.4293333,1.261566261,25.89233622,589,0.334103265,692.02157,1.128379167,57.8016665,577,589,0.669150975,0.671360612,17.38821984,Retained,-1.093008409,-1.096305157,-0.00329674837,-0.109923401,-0.1115717757,0.803049261,0.7028229013,3.974719612,3,0.018,0.028,0.004,0.934,0.016
Kuching,2015_2020,578,0.402247845,772.4293333,1.381976598,0,597,8.185529994,416.6252309,3.362513506,0,578,597,0.880651001,0.043276362,269.2006689,Retained,-0.9106868505,2.102367961,3.013054811,-0.6173534358,0.8891739698,0,1.99140044,6.623169165,4,0,0,0.098,0.004,0.898
Kuching,2015_2020,585,1.072660919,482.7683333,1.410473959,57.89702387,594,0.918783979,503.2884145,1.360876479,40.87195035,585,594,0.732365199,0.85502094,9.563026088,Retained,0.07014240159,-0.08470424519,-0.1548466468,0.04162649706,-0.03579682702,-0.3482147703,1.004290963,2.795302519,3,0.202,0.064,0.018,0.688,0.028
Kuching,2015_2020,586,2.212363146,561.7667879,2.357107205,0,597,8.185529994,416.6252309,3.362513506,0,586,597,0.82430078,0.222789809,223.7030774,Retained,0.7940612411,2.102367961,1.30830672,-0.2988997048,0.355253655,0,1.541298937,5.585658418,4,0.004,0,0.038,0.006,0.952
Kuching,2015_2020,588,1.877156609,358.6279047,1.386083521,0,597,8.185529994,416.6252309,3.362513506,0,588,597,0.97708053,0.224070176,44.69397811,Retained,0.6297581899,2.102367961,1.472609771,0.149901717,0.8862066022,0,3.710899237,4.057346997,4,0.038,0.008,0.05,0.058,0.846
Kuching,2015_2020,605,257.8408685,178.1447786,8.069452017,0,613,0.417629081,692.02157,1.261566261,40.87195035,605,613,8.93803e-4,0.551826894,2302.983961,Retained,5.552342606,-0.8731616064,-6.425504212,1.357020543,-1.855731563,10.61822376,-6.269274494,5.53815501,2,0,0,1,0,0
Kuching,2015_2020,601,0.53633046,675.8756666,1.396297981,25.89233622,609,0.417629081,830.425884,1.513879513,0,601,609,0.489454069,0.62857002,12.20871145,Retained,-0.623004778,-0.8731616064,-0.2501568284,0.2059295485,0.08085113495,-10.16174093,-0.0421057446,3.386098988,3,0.184,0.318,0.154,0.332,0.012
Kuching,2015_2020,608,1.474908764,456.4355151,1.563713104,25.89233622,616,1.754042142,428.3943052,1.600511388,40.87195035,608,616,0.959671121,0.806951761,1.665868095,Retained,0.388596133,0.5619229199,0.1733267869,-0.06340338539,0.02326000772,0.4564828368,3.14607062,0.8890133499,4,0.174,0.002,0,0.208,0.616
Kuching,2015_2020,611,0.402247845,643.6911111,1.151647165,132.0255276,619,0.501154898,576.6846416,1.151647165,119.1611882,611,619,0.931652356,0.747783065,9.913395293,Retained,-0.9106868505,-0.690840048,0.2198468025,-0.1099234011,0,-0.1025173778,2.598900349,3.321696139,4,0.04,0.002,0.004,0.36,0.594
Kuching,2015_2020,405,1.273784842,691.1209824,2.200377445,208.7506883,411,0.835258163,761.223727,1.962536528,28.90083325,405,411,0.39997654,0.609971941,73.90264105,Retained,0.2419926591,-0.1800144247,-0.4220070837,0.09661241395,-0.1143911281,-1.977240424,-0.4047310469,4.75413071,1,0.108,0.448,0.344,0.094,0.006
Kuching,2015_2020,421,614.5006242,86.6307391,6.057985812,0,416,3.675135916,330.283022,1.786150379,57.8016665,421,416,0.004335152,0.724858582,1549.169225,Retained,6.420809945,1.301590116,-5.119219829,1.338295222,-1.221314693,10.96479019,-5.230097178,4.707434698,2,0,0,1,0,0
Kuching,2015_2020,407,0.53633046,675.8756666,1.396297981,208.7506883,413,0.334103265,865.0269625,1.410473959,144.5041663,407,413,0.334428968,0.536853313,51.39409695,Retained,-0.623004778,-1.096305157,-0.4733003791,0.246751543,0.01010135404,-0.3678301915,-0.6867364944,4.82341011,1,0.012,0.688,0.064,0.234,0.002
Kuching,2015_2020,408,0.603371767,772.4293333,1.692568751,292.9383443,415,0.417629081,692.02157,1.261566261,317.9091658,408,415,0.495333596,0.715635777,7.901455287,Retained,-0.5052217432,-0.8731616064,-0.3679398632,-0.109923401,-0.2938933327,0.08180327384,-0.018628898,2.892149322,1,0.07,0.568,0.208,0.152,0.002
Kuching,2015_2020,420,0.402247845,901.1675555,1.612306031,25.89233622,432,0.334103265,865.0269624,1.410473959,28.90083326,420,432,0.506552341,0.609870076,10.10108447,Retained,-0.9106868505,-1.096305157,-0.1856183067,-0.04093052962,-0.1337396826,0.1099193809,0.02615854142,3.340450154,3,0.08,0.2,0.028,0.68,0.012
Kuching,2015_2020,416,0.469289152,662.08228570000006,1.279461712,73.23458607,430,0.501154898,576.6846416,1.151647165,57.8016665,416,430,0.855323735,0.800938308,5.931828455,Retained,-0.7565361717,-0.690840048,0.06569612369,-0.1380942781,-0.105246217,-0.2366465435,1.771261703,2.731134102,3,0.19,0.014,0.02,0.436,0.34
Kuching,2015_2020,437,0.402247845,772.4293333,1.381976598,25.89233622,446,0.250577449,922.6954267,1.302940032,81.74390069,437,446,0.324075855,0.520233631,32.13960306,Retained,-0.9106868505,-1.383987229,-0.4733003781,0.1777586715,-0.05889151771,1.149617784,-0.7335006657,4.497828492,1,0.076,0.672,0.018,0.234,0
Kuching,2015_2020,440,0.938578304,551.7352381,1.507860088,73.23458607,449,0.835258163,553.6172559,1.427299293,81.7439007,440,449,0.730782036,0.821178615,16.35693624,Retained,-0.06338899117,-0.1800144247,-0.1166254335,0.003405284068,-0.05490743313,0.1099219797,0.9962537972,3.398772615,3,0.118,0.036,0.002,0.828,0.016
Kuching,2015_2020,446,15.01725287,175.8656071,1.922521612,25.89233622,457,14.61701785,173.9939947,1.876543844,28.90083326,446,457,0.918266076,0.943409503,10.51004818,Retained,2.709199731,2.682186456,-0.02701327539,-0.01069932193,-0.02420595985,0.1099193809,2.407945885,1.570191989,0,0.562,0.088,0.036,0.156,0.158
Kuching,2015_2020,452,113.7690988,156.1244911,4.697624106,0,462,0.501154898,576.6846416,1.151647165,104.2034362,452,462,0.003321645,0.754059434,947.7609879,Retained,4.734170945,-0.690840048,-5.425010993,1.30664186,-1.405863637,11.55410998,-5.441794818,5.059382873,2,0,0,1,0,0
Kuching,2015_2020,443,0.26816523,965.5366667,1.410473959,51.78467243,453,0.501154898,807.3584984,1.612306031,28.90083326,443,453,0.912753393,0.488409311,11.39706805,Retained,-1.316151959,-0.690840048,0.6253119106,-0.1789162725,0.1337396826,-0.5832084893,2.337425477,3.663884794,4,0,0,0.002,0.012,0.986
Kuching,2015_2020,449,0.402247845,643.6911111,1.151647165,258.9233621,463,0.501154898,576.6846416,1.151647165,225.7227235,449,463,0.835631182,0.670712471,11.72344018,Retained,-0.9106868505,-0.690840048,0.2198468025,-0.1099234011,0,-0.1372241918,1.621205091,3.489383936,4,0.024,0.004,0.004,0.424,0.544
Kuching,2015_2020,452,113.7690988,156.1244911,4.697624106,0,464,90.20788157,172.3646318,4.618122682,0,452,464,0.69909441,0.881689489,96.07416842,Retained,4.734170945,4.502116802,-0.2320541432,0.09895847634,-0.01706859492,0,0.8411008448,2.77041036,2,0.31,0.226,0.424,0.038,0.002
Kuching,2015_2020,452,113.7690988,156.1244911,4.697624106,0,465,1.754042142,428.3943052,1.600511388,104.2034362,452,465,0.013899795,0.901555955,843.0150909,Retained,4.734170945,0.5619229199,-4.172248025,1.009390336,-1.076733676,11.55410998,-4.193424105,4.942265516,2,0,0,1,0,0
Kuching,2015_2020,454,0.26816523,965.5366666,1.410473959,417.5013765,470,0.334103265,865.0269625,1.410473959,463.3156028,454,470,0.897870945,0.720668733,7.591235922,Retained,-1.316151959,-1.096305157,0.2198468015,-0.109923401,0,0.1041203912,2.165158305,3.257567058,3,0.054,0.004,0,0.604,0.338
Kuching,2015_2020,457,0.402247845,772.4293334,1.381976598,0,472,0.250577449,922.6954266,1.302940032,0,457,472,0.524714756,0.842315912,9.971218846,Retained,-0.9106868505,-1.383987229,-0.4733003781,0.1777586712,-0.05889151771,0,0.09874184982,3.32751148,1,0.342,0.54,0.014,0.1,0.004
Kuching,2015_2020,457,0.402247845,772.4293334,1.381976598,0,478,1.586990509,546.3328184,1.94150951,0,457,478,0.003305248,8.37767e-4,126.0683163,Retained,-0.9106868505,0.4618394611,1.372526312,-0.3463121792,0.3399509767,0,-5.445612626,5.864540253,4,0,0.014,0.162,0.074,0.75
Kuching,2015_2020,461,1.944197916,506.0743908,1.990580135,0,478,1.586990509,546.3328184,1.94150951,0,461,478,0.628899994,0.770455837,12.85417527,Retained,0.6648495095,0.4618394611,-0.2030100484,0.07654467168,-0.02496035292,0,0.5263984156,2.793686663,0,0.368,0.284,0.046,0.298,0.004
Kuching,2015_2020,464,0.134082615,1158.644,1.196826841,25.89233622,481,0.250577449,922.6954266,1.302940032,155.6357501,464,481,0.382021781,0.20441775,36.49174588,Retained,-2.009299139,-1.383987229,0.6253119106,-0.2277064368,0.08494951877,1.79353912,-0.4799782277,5.1741280100000004,3,0,0.006,0.008,0.636,0.35
Kuching,2015_2020,467,0.335206537,926.9151999,1.513879513,25.89233622,487,0.167051633,1038.032355,1.196826841,115.603333,467,487,0.161166667,0.323397726,48.33426257,Retained,-1.093008409,-1.789452335,-0.6964439259,0.1132201504,-0.2350018147,1.496187791,-1.644578844,4.997030516,1,0.088,0.494,0.108,0.306,0.004
Kuching,2015_2020,477,2.815734914,386.2146666,1.828183198,51.78467243,499,2.756351937,335.5256097,1.571404804,57.8016665,477,499,0.633987828,0.647646487,55.70702162,Retained,1.035223298,1.013908043,-0.02131525474,-0.1406950595,-0.1513526868,0.1099213908,0.5482108165,4.074877445,3,0.064,0.068,0.08,0.716,0.072
Kuching,2015_2020,486,1.608991379,450.5837778,1.612306031,0,501,0.918783979,503.2884145,1.360876479,0,486,501,0.007544738,0.013212484,173.7625479,Retained,0.47560751,-0.08470424519,-0.5603117552,0.1106193684,-0.1695365096,0,-4.755873375,5.492256643,2,0.016,0.418,0.456,0.106,0.004
Kuching,2015_2020,491,14.3468398,231.0069034,2.468301181,0,508,21.80023805,220.0681621,2.898564056,0,491,508,0.86521599,0.569402754,82.51967628,Retained,2.663529695,3.081920889,0.4183911945,-0.04851026883,0.1606853282,0,1.853068827,3.653648979,4,0.036,0.002,0.006,0.018,0.938
Kuching,2015_2020,486,1.608991379,450.5837778,1.612306031,0,508,21.80023805,220.0681621,2.898564056,0,486,508,0.017350887,0.001280602,232.9151544,Retained,0.47560751,3.081920889,2.606313379,-0.7166066999,0.5865499897,0,-3.98159133,5.785239724,2,0,0.016,0.478,0.036,0.47
Kuching,2015_2020,488,1.407867457,514.9528889,1.723627649,0,508,21.80023805,220.0681621,2.898564056,0,488,508,0.008678137,5.60437e-4,435.0489515,Retained,0.3420761177,3.081920889,2.739844772,-0.8501380925,0.5197842932,0,-4.630178089,6.47678774,2,0,0.02,0.496,0.036,0.448
Kuching,2015_2020,480,0.670413075,617.9434667,1.427299293,0,508,21.80023805,220.0681621,2.898564056,0,480,508,0.754758265,0.023210747,217.0314697,Retained,-0.3998612267,3.081920889,3.481782116,-1.032459649,0.7084314089,0,1.121407854,6.152342529,4,0,0,0.062,0.006,0.932
Kuching,2015_2020,483,0.134082615,1158.644,1.196826841,0,508,21.80023805,220.0681621,2.898564056,0,483,508,1,0.006150512,154.9012451,Retained,-2.009299139,3.081920889,5.091220029,-1.661068309,0.884541706,0,6.908754779,6.619808754,4,0,0,0.028,0.016,0.956
Kuching,2015_2020,493,0.53633046,675.8756666,1.396297981,81.87875639,509,0.417629081,692.02157,1.261566261,86.70249975,493,509,0.575251503,0.738753378,21.11972345,Retained,-0.623004778,-0.8731616064,-0.2501568284,0.02360799167,-0.1014704217,0.0572424636,0.3026954133,3.934122044,3,0.052,0.446,0.03,0.47,0.002
Kuching,2015_2020,502,1.206743534,643.6911111,1.994711402,25.89233622,518,0.501154898,576.6846416,1.151647165,40.87195034,502,518,0.209539061,0.504554391,120.581843,Retained,0.1879254374,-0.690840048,-0.8787654854,-0.1099234011,-0.5493061442,0.4564828366,-1.324209329,5.270739235,1,0.006,0.578,0.37,0.038,0.008
Kuching,2015_2020,496,0.201123922,1029.905778,1.302940032,25.89233622,512,0.417629081,692.0215699,1.261566261,40.87195035,496,512,0.968639305,0.466482222,16.18018414,Retained,-1.603834034,-0.8731616064,0.7306724271,-0.3976054739,-0.03226926078,0.4564828368,3.399979583,4.158131054,4,0,0.002,0,0.122,0.876
Kuching,2015_2020,497,0.201123922,1029.905778,1.302940032,173.6910716,514,0.334103265,692.02157,1.128379167,129.2484555,497,514,0.633551357,0.381386071,25.0133602,Retained,-1.603834034,-1.096305157,0.5075288764,-0.3976054737,-0.1438410365,-0.2955397274,0.5463346628,4.593732028,4,0.002,0.01,0.002,0.408,0.578
Kuching,2015_2020,501,0.53633046,579.322,1.196826841,51.78467243,516,0.501154898,576.6846416,1.151647165,57.80166651,501,516,0.792022098,0.847613335,5.330773529,Retained,-0.623004778,-0.690840048,-0.06783527,-0.004562885508,-0.03848052031,0.109921391,1.333622573,2.557551259,3,0.226,0.03,0.01,0.658,0.076
Kuching,2015_2020,507,5.698511135,436.1953882,2.937357712,36.61729304,521,0.584680714,593.1613457,1.279461712,28.90083325,507,521,0.072871763,0.710234761,192.4963266,Retained,1.740204936,-0.5366893688,-2.276894305,0.3073761648,-0.8310709878,-0.236642898,-2.530839252,4.962344741,2,0.002,0.022,0.976,0,0
Kuching,2015_2020,507,5.698511135,436.1953882,2.937357712,36.61729304,523,1.754042142,428.3943052,1.600511388,0,507,523,0.25348857,0.823530614,159.3897763,Retained,1.740204936,0.5619229199,-1.178282016,-0.01804623574,-0.6071872442,-10.5083032,-1.077493673,4.773621374,2,0.02,0.026,0.944,0.01,0
Kuching,2015_2020,507,5.698511135,436.1953882,2.937357712,36.61729304,524,2.422248672,405.6678169,1.781045384,0,507,524,0.372040209,0.875250876,60.68849805,Retained,1.740204936,0.884696312,-0.8555086243,-0.07255564131,-0.5003099535,-10.5083032,-0.5223811166,3.808033144,2,0.032,0.116,0.828,0.012,0.012
Kuching,2015_2020,512,3.150941451,427.3013333,2.139683229,36.61729304,530,3.090455202,392.7689992,1.94779612,81.74390069,512,530,0.759571606,0.774437904,12.70589848,Retained,1.147701282,1.128318395,-0.01938288689,-0.08426781218,-0.09395925569,0.8030555056,1.14749734,2.540659336,3,0.192,0.03,0.034,0.686,0.058
Kuching,2015_2020,605,257.8408685,178.1447786,8.069452017,0,566,1.085835611,532.3242846,1.564780364,28.90083325,605,566,0.001629444,0.38692528,346.1005128,Retained,5.552342606,0.08234983897,-5.469992767,1.094656279,-1.640340105,10.27166031,-5.94035322,3.642925762,2,0,0,1,0,0
Kuching,2015_2020,605,257.8408685,178.1447786,8.069452017,0,577,1.169361428,444.8710093,1.357074079,28.90083325,605,577,2.02212e-4,0.044587269,777.9588872,Retained,5.552342606,0.1564578118,-5.395884794,0.9151877908,-1.782754607,10.27166031,-6.724389556,4.452868604,2,0,0.004,0.996,0,0
Kuching,2015_2020,566,0.26816523,772.4293333,1.128379167,25.89233622,576,0.334103265,692.0215699,1.128379167,28.90083325,566,576,0.75388823,0.605102181,14.85954197,Retained,-1.316151959,-1.096305157,0.2198468015,-0.1099234012,0,0.1099193806,1.116728954,3.929150433,3,0.02,0.004,0,0.784,0.192
Kuching,2015_2020,567,0.871536997,475.3411282,1.251824291,25.89233621,577,1.169361428,444.8710093,1.357074079,28.90083325,567,577,0.835037011,0.6223616,19.79596811,Retained,-0.1374969628,0.1564578118,0.2939547746,-0.0662483375,0.08072904946,0.109919381,1.616908078,3.626642225,4,0.012,0.002,0,0.244,0.742
Kuching,2015_2020,569,0.26816523,772.4293333,1.128379167,57.89702387,580,0.167051633,1038.032355,1.196826841,64.62422776,569,580,0.324579834,0.521042645,25.14109011,Retained,-1.316151959,-1.789452335,-0.4733003761,0.2955417071,0.05889151774,0.1099216032,-0.731206733,4.454984261,1,0.106,0.542,0.012,0.34,0
Kuching,2015_2020,601,0.53633046,675.8756666,1.396297981,25.89233622,611,244.4800642,165.0259842,7.278956518,0,601,611,0.058830746,1.29061e-4,2031.768595,Retained,-0.623004778,5.499133769,6.122138547,-1.409906192,1.651163081,-10.16174093,-2.756665258,8.500529746,4,0,0.012,0.388,0.044,0.556
Kuching,2015_2020,605,257.8408685,178.1447786,8.069452017,0,611,244.4800642,165.0259842,7.278956518,0,605,611,0.861025029,0.908079922,41.06474609,Retained,5.552342606,5.499133769,-0.05320883729,-0.07649364111,-0.1030980598,0,1.817820678,1.511367986,2,0.364,0.124,0.412,0.036,0.064
Kuching,2015_2020,508,0.670413075,617.9434666,1.427299293,36.61729304,527,0.918783979,503.2884145,1.360876479,57.8016665,508,527,0.584903528,0.426789075,27.47834829,Retained,-0.3998612267,-0.08470424519,0.3151569815,-0.2052335808,-0.04765509029,0.4564869825,0.3422380108,4.085730308,4,0.006,0,0.004,0.254,0.736
Kuching,2015_2020,510,10.72660919,265.5225833,2.45317066,544.3551956,526,10.7748303,268.2254147,2.483706151,558.1678015,510,526,0.875339955,0.871422529,13.52034432,Retained,2.372727495,2.377212886,0.004485391861,0.01012783004,0.01237052557,0.02505762437,1.942173887,1.990270693,0,0.364,0.052,0.036,0.346,0.202
Kuching,2015_2020,514,0.335206537,772.4293333,1.261566261,129.4616811,531,0.751732346,692.02157,1.692568751,28.90083325,514,531,0.128629138,0.057357289,75.95103137,Retained,-1.093008409,-0.2853749413,0.8076334675,-0.109923401,0.2938933327,-1.499487635,-1.906537045,5.448971122,4,0,0.024,0.05,0.086,0.84
Kuching,2015_2020,518,0.335206537,772.4293333,1.261566261,51.78467243,533,0.835258163,484.415099,1.248886881,28.90083325,518,533,0.792803381,0.318168551,28.94049232,Retained,-1.093008409,-0.1800144247,0.9129939841,-0.4665983449,-0.0101013539,-0.5832084896,1.338352883,4.484145433,4,0,0,0,0.038,0.962
Kuching,2015_2020,519,0.938578305,662.08228570000006,1.809432105,36.61729304,534,0.918783979,629.1105181,1.701095599,57.8016665,519,534,0.62321839,0.636645019,30.82745617,Retained,-0.0633889901,-0.08470424519,-0.02131525509,-0.05108290114,-0.06174052842,0.4564869825,0.5021840138,4.032497603,3,0.034,0.024,0.002,0.928,0.012
Kuching,2015_2020,521,1.743073994,356.5058461,1.327760167,155.3540173,535,1.33641306,389.2621331,1.269426563,204.3597517,521,535,0.735744267,0.959625959,19.40599142,Retained,0.5556502177,0.289989204,-0.2656610138,0.08790234237,-0.0449281643,0.2741738907,1.021546449,3.260173218,1,0.32,0.328,0.036,0.306,0.01
Kuching,2015_2020,523,0.938578305,496.5617142,1.357074079,77.67700865,536,0.66820653,519.0161775,1.196826841,57.8016665,523,536,0.580992014,0.816074789,28.7464336,Retained,-0.0633889901,-0.4031579766,-0.3397689865,0.04422727895,-0.1256572143,-0.2955372805,0.3261830006,3.962607935,1,0.08,0.6,0.124,0.19,0.006
Kuching,2015_2020,526,0.402247845,643.6911111,1.151647165,129.4616811,538,0.334103265,692.02157,1.128379167,115.603333,526,538,0.57136151,0.687897921,19.72551548,Retained,-0.9106868505,-1.096305157,-0.1856183067,0.07239815576,-0.02041099743,-0.11321922450000001,0.2868266681,4.009672062,3,0.028,0.134,0.008,0.828,0.002
Kuching,2015_2020,527,0.26816523,772.4293333,1.128379167,57.89702387,540,0.751732346,692.02157,1.692568751,115.603333,527,540,0.959251766,0.342193574,16.77864612,Retained,-1.316151959,-0.2853749413,1.030777017,-0.109923401,0.4054651084,0.6914901843,3.135538355,4.050607534,4,0,0,0.018,0.024,0.958
Kuching,2015_2020,528,0.53633046,579.322,1.196826841,409.3937819,539,0.66820653,519.0161775,1.196826841,297.5522899,528,539,0.812099655,0.65182507,14.24718874,Retained,-0.623004778,-0.4031579766,0.2198468015,-0.109923401,0,-0.3190865928,1.459634078,3.540497125,4,0.034,0.004,0.002,0.402,0.558
Kuching,2015_2020,533,0.871536997,475.3411282,1.251824291,103.5693449,547,0.417629081,692.02157,1.261566261,147.3659127,533,547,0.479186865,1,13.30866934,Retained,-0.1374969628,-0.8731616064,-0.7356646436,0.3755844147,0.007752093107,0.352674439,-0.08313421464,3.229604213,1,0.106,0.816,0.054,0.024,0
Kuching,2015_2020,544,0.53633046,675.8756666,1.396297981,25.89233621,559,0.334103265,692.02157,1.128379167,40.87195035,544,559,0.526975181,0.845944583,13.82550321,Retained,-0.623004778,-1.096305157,-0.4733003791,0.02360799167,-0.2130421975,0.4564828372,0.1077895958,3.510454605,1,0.058,0.814,0.036,0.092,0
Kuching,2015_2020,549,0.26816523,965.5366666,1.410473959,25.89233622,561,0.167051633,1038.032355,1.196826841,0,549,561,0.284916612,0.45737195,15.38045796,Retained,-1.316151959,-1.789452335,-0.4733003761,0.07239815581,-0.1642520337,-10.16174093,-0.918096422,3.963603678,3,0.044,0.378,0.146,0.426,0.006
Kuching,2015_2020,556,0.335206537,926.9151999,1.513879513,93.35614587,567,0.334103265,865.0269624,1.410473959,104.2034362,556,567,0.707376183,0.709712088,12.6487784,Retained,-1.093008409,-1.096305157,-0.00329674837,-0.06910140654,-0.0707497809,0.109922286,0.8806758705,3.656508845,3,0.018,0.02,0.004,0.932,0.026
Kuching,2015_2020,605,257.8408685,178.1447786,8.069452017,0,581,0.66820653,519.0161775,1.196826841,0,605,581,0.002062587,0.79589051,1554.716821,Retained,5.552342606,-0.4031579766,-5.955500582,1.069338471,-1.908411821,0,-5.787432143,5.145242983,2,0,0,1,0,0
Kuching,2015_2020,605,257.8408685,178.1447786,8.069452017,0,584,0.334103265,865.0269624,1.410473959,0,605,584,0.001072792,0.827916801,1164.956696,Retained,5.552342606,-1.096305157,-6.648647763,1.580164094,-1.744159787,0,-6.178785994,4.856633693,2,0,0,1,0,0
Kuching,2015_2020,580,160.1616835,160.0470992,5.713762544,0,590,164.6293839,150.6226553,5.451789059,0,580,590,0.922271091,0.897242546,6.56305246,Retained,5.076183827,5.103696789,0.02751296245,-0.06069040426,-0.04693392355,0,2.461912478,-0.08411880524,4,0.232,0.116,0.17,0.054,0.428
Kuching,2015_2020,549,0.26816523,965.5366666,1.410473959,25.89233622,590,164.6293839,150.6226553,5.451789059,0,549,590,0.081320132,1.32463e-4,749.0820317,Retained,-1.316151959,5.103696789,6.419848748,-1.85790634,1.352018033,-10.16174093,-2.413409945,7.849290756,4,0,0.008,0.306,0.046,0.64
Kuching,2015_2020,547,0.335206537,772.4293333,1.261566261,0,590,164.6293839,150.6226553,5.451789059,0,547,590,0.856933929,0.001744827,927.1979423,Retained,-1.093008409,5.103696789,6.196705198,-1.634762789,1.463589809,0,1.78425507,7.951037299,4,0.002,0.002,0.056,0.004,0.936
Kuching,2015_2020,563,0.80449569,579.322,1.465807536,25.89233622,590,164.6293839,150.6226553,5.451789059,0,563,590,0.900157363,0.004398806,750.9936719,Retained,-0.2175396699,5.103696789,5.321236459,-1.347080717,1.313537513,-10.16174093,2.190118644,7.302533335,4,0,0,0.046,0.002,0.952
Kuching,2015_2020,572,1.474908764,386.2146666,1.323141857,25.89233622,582,1.002309795,461.3477133,1.302940032,28.90083326,572,582,0.665557893,0.979375005,1.873091544,Retained,0.388596133,0.002307131524,-0.3862890014,0.1777586715,-0.01538582906,0.1099193809,0.6866776129,1.006190909,0,0.556,0.28,0.06,0.098,0.006
Kuching,2015_2020,581,5.631469827,257.4764444,1.723627649,25.89233621,591,6.26443622,230.6738567,1.62867504,28.90083325,581,591,0.912232218,0.820059121,11.65531857,Retained,1.728370479,1.834888595,0.1065181169,-0.1099234007,-0.05666434268,0.109919381,2.330966426,2.164028103,4,0.048,0.002,0.002,0.036,0.912
Kuching,2015_2020,591,33.31952981,273.5363434,4.454095629,25.89233621,587,1.837567958,346.010785,1.323141857,57.8016665,591,587,0.048433805,0.878221452,291.8993532,Retained,3.506143706,0.6084429354,-2.89770077,0.2350354494,-1.213814936,0.8030492614,-2.958525099,4.495705578,2,0.002,0.038,0.96,0,0
Kuching,2015_2020,576,1.139702227,499.8072157,1.505196806,25.89233622,588,1.002309795,519.0161775,1.465807536,28.90083326,576,588,0.747142919,0.849558115,22.89117696,Retained,0.1307670239,0.002307131524,-0.1284598924,0.03771259773,-0.02651734804,0.1099193809,1.080822592,3.637776666,3,0.156,0.062,0.024,0.75,0.008
Kuching,2015_2020,583,1.474908764,596.8772121,2.044855597,109.8518791,593,1.586990509,509.9106305,1.812075543,104.2034362,583,593,0.773836023,0.719183564,9.048586196,Retained,0.388596133,0.4618394611,0.0732433281,-0.1574759413,-0.1208542771,-0.05278730555,1.226979301,2.580785909,3,0.164,0.018,0.018,0.438,0.362
Kuching,2015_2020,591,33.31952981,273.5363434,4.454095629,25.89233621,596,31.99038763,254.7651211,4.064852483,57.8016665,591,596,0.81669247,0.850624561,11.22789909,Retained,3.506143706,3.465435471,-0.04070823474,-0.0710924687,-0.09144658617,0.8030492614,1.489880591,1.237783821,0,0.568,0.114,0.18,0.052,0.086
Kuching,2015_2020,592,0.335206537,772.4293332,1.261566261,36.61729304,601,0.167051633,1038.032355,1.196826841,28.90083326,592,601,0.392714116,0.788021863,15.01985056,Retained,-1.093008409,-1.789452335,-0.6964439259,0.2955417072,-0.05268025799,-0.2366428977,-0.4350199234,3.828308421,1,0.184,0.604,0.056,0.156,0
Kuching,2015_2020,593,18.03411171,281.405482,3.37112611,25.89233622,602,17.79099886,285.9056251,3.401871729,28.90083325,593,602,0.833806008,0.845199943,27.65396431,Retained,2.892265059,2.878692647,-0.01357241209,0.01586514854,0.009078942861,0.1099193806,1.608044605,2.446037666,0,0.538,0.098,0.066,0.19,0.108
Kuching,2015_2020,594,0.335206537,772.4293333,1.261566261,36.61729304,603,0.167051633,1038.032355,1.196826841,57.8016665,594,603,0.330605914,0.663395286,23.63492239,Retained,-1.093008409,-1.789452335,-0.6964439259,0.2955417071,-0.05268025799,0.4564869825,-0.7039184697,4.281636837,1,0.16,0.682,0.032,0.126,0
Kuching,2015_2020,595,0.26816523,772.4293333,1.128379167,36.61729304,606,0.334103265,692.0215699,1.128379167,40.87195034,595,606,0.943142407,0.757005453,6.657051057,Retained,-1.316151959,-1.096305157,0.2198468015,-0.1099234012,0,0.109920558,2.792292311,3.12626773,3,0.07,0.004,0,0.568,0.358
Kuching,2015_2020,597,0.737454382,631.9876363,1.530986039,25.89233621,604,0.167051633,1038.032355,1.196826841,28.90083325,597,604,0.05848713,0.258193165,57.64545121,Retained,-0.3045510476,-1.789452335,-1.484901287,0.4962124026,-0.2462382425,0.109919381,-2.762789588,4.778969154,1,0.002,0.806,0.188,0.004,0
Kuching,2015_2020,598,3.352065373,370.76608,1.914922946,0,607,3.925713364,368.0965798,2.05738772,0,598,607,0.748293769,0.638948739,55.83070596,Retained,1.209576685,1.367548084,0.1579713984,-0.007226002777,0.07175969625,0,1.08690345,3.989918516,4,0.05,0,0.002,0.142,0.806
Kuching,2015_2020,600,3.95543714,353.4846102,1.983183142,0,607,3.925713364,368.0965798,2.05738772,0,600,607,0.192890835,0.194351315,269.1771119,Retained,1.375091124,1.367548084,-0.007543040047,0.04050539996,0.0367338797,0,-1.42740186,5.480192668,3,0.034,0.074,0.394,0.4,0.098
Kuching,2015_2020,600,3.95543714,353.4846102,1.983183142,0,608,2.589300304,312.5258703,1.418640168,0,600,608,0.577346747,0.881959796,38.8592822,Retained,1.375091124,0.9513876863,-0.4237034372,-0.1231526982,-0.3350044167,0,0.311258276,3.544792087,2,0.066,0.39,0.458,0.07,0.016
Kuching,2015_2020,603,5.832593749,346.2614253,2.359011426,25.89233622,612,5.679755506,325.6572094,2.189377173,28.90083325,603,612,0.772798592,0.793594062,53.47792896,Retained,1.763461798,1.736908187,-0.02655361125,-0.06134873097,-0.0746255365,0.1099193806,1.221083015,3.669921769,0,0.394,0.028,0.06,0.378,0.14
Kuching,2015_2020,602,2.212363146,444.7320404,1.866043204,25.89233622,610,1.670516325,519.0161775,1.892349392,28.90083325,602,610,0.603824537,0.799680412,16.40502277,Retained,0.7940612411,0.5131327553,-0.2809284858,0.1544631088,0.01399886623,0.1099193806,0.4205602391,2.972982832,0,0.548,0.298,0.066,0.08,0.008
Kuching,2015_2020,607,0.603371767,600.7783703,1.316442362,0,614,0.751732346,538.2389989,1.316442362,0,607,614,0.715016843,0.573902369,20.27996595,Retained,-0.5052217432,-0.2853749413,0.2198468019,-0.1099234009,0,0,0.9177707729,3.834658623,3,0.006,0,0.006,0.556,0.432
Kuching,2015_2020,612,9.318741738,338.9797794,2.91909009,0,615,0.167051633,1038.032355,1.196826841,0,612,615,0.007027461,0.392017066,281.8653354,Retained,2.232027613,-1.789452335,-4.021479948,1.119141776,-0.8915981994,0,-4.818841291,5.097784107,2,0,0.004,0.996,0,0
Kuching,2015_2020,612,9.318741738,338.9797794,2.91909009,0,620,8.519633259,318.8726842,2.625565371,0,612,620,0.806909113,0.882594049,3.118135973,Retained,2.232027613,2.142373295,-0.08965431773,-0.06114854379,-0.1059757024,0,1.426123029,0.5939071682,0,0.502,0.04,0.196,0.17,0.092
Kuching,2015_2020,609,0.402247845,643.6911111,1.151647165,0,617,0.167051633,1038.032355,1.196826841,28.90083325,609,617,0.297556889,0.716494739,26.47701118,Retained,-0.9106868505,-1.789452335,-0.8787654842,0.4778632639,0.03848052031,10.27166031,-0.85702651,4.30402299,1,0.036,0.804,0.094,0.066,0
Kuching,2015_2020,610,3.888395833,319.625931,1.77796132,0,618,3.842187548,315.9228906,1.746889533,0,610,618,0.824924381,0.834845364,8.514500464,Retained,1.35799669,1.346041878,-0.01195481196,-0.01165317967,-0.01763058532,0,1.545589665,2.035254685,3,0.166,0.012,0.022,0.708,0.092
Kuching,2015_2020,613,7.173419899,332.0724237,2.508944223,25.89233621,621,7.684375096,293.3569699,2.294012378,28.90083326,613,621,0.887483766,0.828472555,13.912401,Retained,1.970382514,2.039189059,0.06880654466,-0.123962894,-0.08955962186,0.1099193813,2.057570519,2.220026162,4,0.092,0.012,0.03,0.05,0.816
Kuching,2015_2020,314,0.53633046,772.4293333,1.595769122,25.89233622,320,0.250577449,922.6954266,1.302940032,28.90083326,314,320,0.351549308,0.75244838,33.42200436,Retained,-0.623004778,-1.383987229,-0.7609824506,0.1777586714,-0.2027325541,0.1099193809,-0.610936423,4.393111748,1,0.02,0.782,0.152,0.046,0
Kuching,2015_2020,319,1.273784842,406.5417544,1.294339674,81.87875638,325,0.835258163,553.617256,1.427299293,91.39245935,319,325,0.637609336,0.972366571,9.215685818,Retained,0.2419926591,-0.1800144247,-0.4220070837,0.3087869338,0.09778339145,0.1099221297,0.5638144347,2.672384131,0,0.544,0.294,0.074,0.076,0.012
Kuching,2015_2020,614,0.871536997,534.7587692,1.408302327,57.89702387,622,1.085835612,479.0918561,1.408302327,40.87195035,614,622,0.884828347,0.710200191,14.07730039,Retained,-0.1374969628,0.08234983989,0.2198468027,-0.1099234011,0,-0.3482147703,2.031454328,3.285748057,4,0.078,0,0.004,0.342,0.576
Kuching,2015_2020,320,1.206743534,514.9528889,1.595769122,51.78467243,327,1.33641306,562.2675256,1.833616147,57.8016665,320,327,0.797647267,0.72025311,7.912445299,Retained,0.1879254374,0.289989204,0.1020637666,0.08790234221,0.1389342255,0.1099213908,1.367977308,2.546965474,4,0.124,0.002,0,0.34,0.534
Kuching,2015_2020,325,0.201123922,1029.905778,1.302940032,109.8518791,334,0.250577449,922.6954267,1.302940032,91.39245936,325,334,0.690367147,0.554117501,8.873140853,Retained,-1.603834034,-1.383987229,0.2198468049,-0.1099234012,0,-0.1839680926,0.8000593319,3.557423485,3,0.028,0.012,0,0.824,0.136
Kuching,2015_2020,326,0.603371767,600.7783703,1.316442362,155.3540173,328,0.417629081,692.0215699,1.261566261,204.3597517,326,328,0.638131016,0.921943069,8.43314988,Retained,-0.5052217432,-0.8731616064,-0.3679398632,0.1413910272,-0.04257890447,0.2741738907,0.5660676227,2.957264741,1,0.39,0.412,0.018,0.178,0.002
Kuching,2015_2020,327,0.469289152,662.08228570000006,1.279461712,36.61729304,329,0.334103265,692.0215699,1.128379167,0,327,329,0.585991223,0.823096812,9.061412766,Retained,-0.7565361717,-1.096305157,-0.3397689854,0.04422727865,-0.1256572144,-10.5083032,0.346710198,3.154768423,1,0.19,0.41,0.166,0.226,0.008
Kuching,2015_2020,350,108.4057942,107.0031977,3.142809607,51.78467243,346,0.584680714,593.1613457,1.279461712,0,350,346,0.003392098,0.628929734,432.6243954,Retained,4.68588154,-0.5366893688,-5.222570908,1.712607727,-0.8986777272,-10.8548688,-5.425553298,4.299296389,2,0,0,1,0,0
Kuching,2015_2020,330,0.402247845,772.4293333,1.381976598,57.89702387,335,0.250577449,922.6954266,1.302940032,57.8016665,330,335,0.543488294,0.872452796,15.29309694,Retained,-0.9106868505,-1.383987229,-0.4733003781,0.1777586714,-0.05889151771,-0.001648346112,0.1740439722,3.755175301,1,0.162,0.632,0.012,0.194,0
Kuching,2015_2020,338,0.134082615,1158.644,1.196826841,36.61729304,344,0.167051633,1038.032355,1.196826841,0,338,344,0.428536438,0.343961239,17.17459083,Retained,-2.009299139,-1.789452335,0.2198468044,-0.109923401,0,-10.5083032,-0.2872425102,4.420503751,3,0.012,0.02,0.014,0.818,0.136
Kuching,2015_2020,340,3.687271911,280.8833939,1.521506159,25.89233622,345,2.756351937,335.5256097,1.571404804,28.90083326,340,345,0.695204435,0.930000186,11.29371999,Retained,1.304886865,1.013908043,-0.2909788216,0.1777586716,0.03226926058,0.1099193809,0.8227265552,2.344256869,0,0.828,0.076,0.032,0.062,0.002
Kuching,2015_2020,347,58.99635057,120.253203,2.605579296,25.89233621,357,56.96460669,124.8074092,2.657284093,40.87195035,347,357,0.90770235,0.940077186,18.37658754,Retained,4.077475587,4.04243014,-0.03504544754,0.03717227796,0.01964955455,0.4564828372,2.276222673,1.444759003,0,0.474,0.24,0.164,0.034,0.088
Kuching,2015_2020,339,1.273784842,487.8501052,1.553207608,36.61729304,349,1.33641306,475.7648293,1.551521355,0,339,349,0.700578933,0.667747736,21.61139042,Retained,0.2419926591,0.289989204,0.04799654492,-0.02508452114,-0.001086248227,-10.5083032,0.8481483663,3.524635394,3,0.038,0.008,0.07,0.666,0.218
Kuching,2015_2020,346,2.011239224,411.9623111,1.648103262,51.78467243,353,2.00461959,403.6792492,1.612306031,57.8016665,346,353,0.759643759,0.762152255,22.11082513,Retained,0.6987510614,0.6954543121,-0.003296749364,-0.02031124225,-0.02195961691,0.1099213908,1.147891106,3.319101951,3,0.07,0.008,0,0.898,0.024
Kuching,2015_2020,349,0.402247845,643.6911111,1.151647165,25.89233621,357,56.96460669,124.8074092,2.657284093,40.87195035,349,357,0.989320843,0.006985955,573.9875569,Retained,-0.9106868505,4.04243014,4.95311699,-1.640447147,0.8361113486,0.4564828372,4.440223174,7.380317829,4,0,0.004,0.044,0.004,0.948
Kuching,2015_2020,352,0.26816523,965.5366666,1.410473959,51.78467243,358,0.334103265,865.0269624,1.410473959,40.87195035,352,358,0.4958345,0.397977471,21.0026842,Retained,-1.316151959,-1.096305157,0.2198468015,-0.1099234011,0,-0.2366450334,-0.01662912571,4.275138783,3,0,0,0,0.854,0.146
Kuching,2015_2020,356,14.41388111,337.7132899,3.616876562,0,363,15.36875019,319.6838774,3.535371673,0,356,363,0.821480385,0.770441353,67.57334144,Retained,2.668191708,2.732336239,0.06414453111,-0.05486465639,-0.02279239051,0,1.522040157,3.451497435,4,0.112,0.01,0.012,0.034,0.832
Kuching,2015_2020,305,1.072660919,482.7683333,1.410473959,25.89233621,363,15.36875019,319.6838774,3.535371673,0,305,363,0.891236659,0.062203806,437.0527005,Retained,0.07014240159,2.732336239,2.662193838,-0.412204273,0.9188926457,-10.16174093,2.095404808,6.617349814,4,0.006,0,0.082,0.006,0.906
Kuching,2015_2020,337,0.737454382,491.5459394,1.19076692,51.78467243,364,25.97652886,171.3365302,2.463403728,104.2034362,337,364,0.867599472,0.024630506,478.2036316,Retained,-0.3045510476,3.257193394,3.561744442,-1.053925768,0.7269464527,0.6992411853,1.873526021,6.894679207,4,0,0,0.064,0,0.936
Kuching,2015_2020,358,22.72700323,184.5627611,2.482048328,51.78467243,364,25.97652886,171.3365302,2.463403728,104.2034362,358,364,0.936628429,0.819461167,31.81546822,Retained,3.123553787,3.257193394,0.133639607,-0.07435993883,-0.007540135107,0.6992411853,2.678681648,2.470572074,4,0.164,0.012,0.01,0.01,0.804
Kuching,2015_2020,362,10.86069181,238.4041152,2.216346002,36.61729304,370,11.19245938,242.7239835,2.290712166,0,362,370,0.896723969,0.870143235,19.60187367,Retained,2.385150015,2.415240282,0.03009026686,0.01795773059,0.03300286396,-10.5083032,2.15282111,2.355466107,4,0.256,0.054,0.068,0.156,0.466
Kuching,2015_2020,410,2.815734914,312.6499682,1.479957827,1289.947771,418,2.505774488,346.010785,1.545096808,896.3918521,410,418,0.763581773,0.858035684,23.51736976,Retained,1.035223298,0.9185978636,-0.1166254346,0.1013856928,0.04307297519,-0.3639790163,1.169505726,3.212535102,0,0.492,0.074,0.024,0.388,0.022
