OBJECTID,FID_medan_2007_Project,ID_2007,AREA_2007,ED_2007,SHAPE_2007,ENN_2007,POINT_X_2007,POINT_Y_2007,FID_RasterT_Majori16_Project,ID_2015,AREA_2015,ED_2015,SHAPE_2015,ENN_2015,POINT_X_2015,POINT_Y_2015,Shape_Length,Shape_Area,OVERLAP_07_15,MAX_OVERLAP_07_15,RETENTION_07_15,CENTROID_07_15,EVENT TYPE,log_area_parent,log_area_child,log_change_area,log_change_ED,log_change_shape_index,log_change_ENN,logit_retention_ratio,log_centroid_shift,Predicted_Typology,Prob_0,Prob_1,Prob_2,Prob_3,Prob_4
1,517,517,27.90432931,155.151392,2.311993128,24.26420062,-2854142.915,2033549.106,589,589,29.29955173,171.2023562,2.614178829,25.00135275,-2854089.618,2033533.758,4672.03599,255385.3258,25.53853258,25.53853258,0.9152175739,55.46220021,Retain,3.328781849,3.377572216,0.04879036708,0.09844486311,0.1228400467,0.02992667968,2.368439702,2.92369376,0,0.386,0.106,0.036,0.11,0.362
3,522,522,2.547799072,348.6314983,1.569799831,34.83938781,-2853813.332,2033095.148,592,592,6.854791358,322.6574002,2.3830536430000002,25.00135275,-2853981.87,2033084.848,888.243154,23658.13185,2.365813185,2.365813185,0.9285713348,168.8526034,Retain,0.9352298775,1.924947876,0.9897179985,-0.07742440571,0.4174345936,-0.3318073529,2.552121401,5.233782092,4,0.002,0.002,0.07,0.014,0.912
4,524,524,6.005546952,287.7281387,1.989086581,88.31000559,-2853663.304,2032755.423,597,597,4.731645581,249.8829352,1.533337546,111.1582094,-2853675.242,2032707.352,1429.421267,41250.23869,4.125023869,4.125023869,0.6868689733,49.53088479,Retain,1.792683534,1.554273045,-0.2384104892,-0.1410235222,-0.2602287668,0.2300987537,0.7837881928,3.578639775,2,0.17,0.106,0.564,0.126,0.034
5,529,529,0.6066253849,729.6855137,1.60321247,150.0168247,-2854581.718,2031876.969,602,602,0.2426503839,1018.196741,1.414872359,200.0224391,-2854566.831,2031887.151,247.0658302,2426.502711,0.2426502711,0.2426502711,0.4000001931,18.03574681,Retain,-0.4998438368,-1.416133621,-0.9162897841,0.3331748029,-0.1249700891,0.287680437,-0.4046327043,3.714698028,1,0.012,0.946,0.036,0.006,0
6,528,528,0.5459626831,633.0027154,1.319417137,78.83465063,-2854254.774,2031944.957,603,603,0.5459626831,633.0027154,1.319417137,78.83465063,-2854254.774,2031944.957,345.5958609,5459.626831,0.5459626831,0.5459626831,1,0,Retain,-0.6052046516,-0.6052046516,0,0,0,0,6.908754779,-6.03278801,3,0.144,0.016,0.002,0.63,0.208
7,530,530,0.3033145613,974.5380045,1.514050909,25.00334699,-2855105.168,2031195.14,606,606,0.1213256107,1212.062999,1.19095816,69.67955376,-2855094.955,2031216.186,147.0542835,1213.256107,0.1213256107,0.1213256107,0.3999992951,23.39377539,Retain,-1.192984856,-2.10927735,-0.9162924942,0.2181156272,-0.2400306199,1.024871591,-0.4046364381,4.321370095,1,0.116,0.664,0.124,0.096,0
8,532,532,7.946828594,322.9260819,2.56800056,34.83971122,-2854536.181,2031437.952,611,611,7.52218833,328.0571848,2.538146718,34.83971122,-2854533.532,2031434.805,2467.707927,75221.88719,7.522188719,7.522188719,0.9465648629,4.113004342,Retain,2.07277293,2.017857097,-0.05491583312,0.01576448859,-0.01169342797,0,2.856885544,0.9503753246,0,0.554,0.06,0.044,0.198,0.144
9,533,533,5.095686747,367.6763377,2.341327198,25.00334699,-2854884.695,2031188.932,609,609,0.2426517033,1024.312962,1.423375245,25.00353679,-2854999.92,2031112.075,248.551067,2426.514467,0.2426514467,0.2426514467,0.04761898812,138.5056676,Retain,1.628394446,-1.416128184,-3.04452263,1.024574351,-0.4976869634,7.590986143e-6,-2.97600047,4.689086186,2,0,0.044,0.956,0,0
10,533,533,5.095686747,367.6763377,2.341327198,25.00334699,-2854884.695,2031188.932,610,610,2.972482688,381.4461601,1.855188239,34.83971122,-2854823.938,2031219.006,1133.842107,29724.82929,2.972482929,2.972482929,0.5833331359,67.79279072,Retain,1.628394446,1.089397525,-0.5389969205,0.03676668005,-0.2327317802,0.3317368764,0.3357871194,3.974638328,2,0.082,0.314,0.564,0.032,0.008
11,533,533,5.095686747,367.6763377,2.341327198,25.00334699,-2854884.695,2031188.932,613,613,0.2426520734,812.1144215,1.128507095,25.00353679,-2855026.833,2031009.105,197.0612482,2426.520734,0.2426520734,0.2426520734,0.04761911112,229.2181003,Retain,1.628394446,-1.416126658,-3.044521104,0.7924382094,-0.7298223427,7.590986143e-6,-2.975997811,5.192846036,2,0,0.03,0.97,0,0
12,535,535,0.242652263,1005.970254,1.397888011,25.00359283,-2854658.665,2030980.786,615,615,0.242652263,1005.970254,1.397888011,25.00359283,-2854658.665,2030980.786,244.1009588,2426.52263,0.242652263,0.242652263,1,0,Retain,-1.416125877,-1.416125877,0,0,0,0,6.908754779,-5.627327398,3,0.23,0.028,0,0.576,0.166
13,537,537,0.9099486442,589.8406861,1.587224049,24.2616399,-2855205.78,2030864.276,616,616,0.4246422516,806.8705497,1.483236944,24.2616399,-2855257.967,2030856.52,342.6314172,4246.428322,0.4246428322,0.4246428322,0.4666668113,52.75985956,Retain,-0.094367116,-0.8565082255,-0.7621411094,0.3133107693,-0.06775978539,0,-0.1332634927,4.58531812,1,0.016,0.794,0.15,0.036,0.004
14,537,537,0.9099486442,589.8406861,1.587224049,24.2616399,-2855205.78,2030864.276,617,617,0.2426522276,812.1142129,1.128507164,48.52326115,-2855135.96,2030873.324,197.0613414,2426.522742,0.2426522742,0.2426522742,0.2666659,70.403349,Retain,-0.094367116,-1.416126023,-1.321758907,0.3197885097,-0.3410909438,0.6931261883,-1.009224541,4.873803538,1,0,0.674,0.322,0.004,0
15,539,539,0.3033156151,809.6672542,1.25790843,24.26162649,-2854778.769,2030884.16,620,620,0.3033156151,809.6672542,1.25790843,24.26169286,-2854778.769,2030884.16,245.5847212,3033.156151,0.3033156151,0.3033156151,1,0,Retain,-1.192981382,-1.192981382,0,0,0,2.735708796e-6,6.908754779,-5.738899645,3,0.216,0.016,0,0.598,0.17
16,486,486,0.181983355,1082.833977,1.303085092,24.26434679,-2855692.404,2034257.278,551,551,0.181983355,1082.833977,1.303085092,24.26434679,-2855692.404,2034257.278,197.0577601,1819.83355,0.181983355,0.181983355,1,0,Retain,-1.703840052,-1.703840052,0,0,0,0,6.908754779,-5.48347031,3,0.236,0.03,0,0.568,0.166
18,540,540,0.3639786581,816.1917186,1.389073454,24.26162649,-2854698.821,2030889.132,618,618,0.1819890775,1082.819763,1.303088474,24.26169286,-2854696.737,2030910.255,197.0613698,1819.890775,0.1819890775,0.1819890775,0.4999993089,21.22520631,Retain,-1.010660045,-1.703808607,-0.6931485627,0.2826745329,-0.06389974841,2.735708796e-6,-2.758687646e-6,4.13293153,1,0.138,0.702,0.058,0.102,0
19,543,543,0.3033162041,809.6653326,1.257906666,88.30843403,-2854889.762,2030768.295,623,623,0.3033162041,809.6653326,1.257906666,88.30843403,-2854889.762,2030768.295,245.5846153,3033.162041,0.3033162041,0.3033162041,1,0,Retain,-1.19297944,-1.19297944,0,0,0,0,6.908754779,-5.738900616,3,0.216,0.016,0,0.598,0.17
20,487,487,0.1213222894,1212.123534,1.191001339,34.83913032,-2858495.72,2033961.204,552,552,0.1213222894,1212.123534,1.191001339,34.83913032,-2858495.72,2033961.204,147.0576021,1213.222894,0.1213222894,0.1213222894,1,0,Retain,-2.109304726,-2.109304726,0,0,0,0,6.908754779,-5.280737973,3,0.222,0.052,0,0.564,0.162
21,490,490,0.3033056938,814.5518805,1.265476545,50.00029036,-2858798.499,2033837.41,555,555,0.3033056938,814.5518805,1.265476545,50.00029036,-2858798.499,2033837.41,247.0582233,3033.056938,0.3033056938,0.3033056938,1,0,Retain,-1.193014092,-1.193014092,0,0,0,0,6.908754779,-5.73888329,3,0.216,0.016,0,0.598,0.17
24,500,500,0.6672749653,515.7023455,1.188356074,34.83924474,-2857795.621,2033547.439,570,570,1.516533404,390.7908853,1.357580165,50.00079757,-2857822.949,2033590.351,344.1152647,6672.75086,0.667275086,0.667275086,1.000000181,50.87424977,Retain,-0.4045530762,0.4164270746,0.8209801509,-0.2773571525,0.1331329229,0.3612857795,6.908935994,4.704018034,4,0,0,0.002,0.018,0.98
25,504,504,1.759179848,703.0382059,2.630444334,25.00049365,-2858811.26,2033432.029,567,567,1.03124246,767.2090884,2.197805217,24.26401835,-2858733.363,2033597.035,494.1184378,6066.131238,0.6066131238,0.6066131238,0.3448272355,182.4685438,Retain,0.5648477051,0.03076434754,-0.5340833575,0.08734813245,-0.1796935463,-0.0298998301,-0.6404847838,5.496524366,1,0.03,0.452,0.446,0.072,0
26,505,505,379.7372334,127.7073518,7.020249676,0,-2859146.12,2034242.089,565,565,253.9259698,98.85849416,4.443883026,0,-2858217.157,2034551.696,24896.87907,2141932.185,214.1932185,214.1932185,0.5640564046,979.1981751,Retain,5.939479522,5.537042767,-0.4024367554,-0.2560518565,-0.4572702341,0,0.2571214429,4.489360251,2,0.012,0.152,0.738,0.062,0.036
27,506,506,14.25542456,293.7986964,3.129212169,24.26401835,-2858483.406,2033482.919,576,576,14.19476323,301.8917514,3.208561672,24.26401835,-2858484.63,2033485.047,4188.225242,140127.7958,14.01277958,14.01277958,0.9829787617,2.455388753,Retain,2.657137505,2.65287311,-0.004264395025,0.02717368715,0.02504148964,0,4.000053348,0.1424884754,0,0.424,0.168,0.044,0.202,0.162
28,505,505,379.7372334,127.7073518,7.020249676,0,-2859146.12,2034242.089,489,489,5.398784655,246.7838625,1.617557872,24.26512443,-2859520.557,2034890.384,1627.917849,33969.87789,3.396987789,3.396987789,0.008945627373,748.658698,Retain,5.939479522,1.686173864,-4.253305658,0.6587715708,-1.467881258,10.0968366,-4.602644922,4.22090972,2,0,0.002,0.998,0,0
30,505,505,379.7372334,127.7073518,7.020249676,0,-2859146.12,2034242.089,515,515,0.4852856425,612.1232694,1.202908735,24.26479777,-2860997.589,2034392.029,297.0546341,4852.855297,0.4852855297,0.4852855297,0.001277950875,1857.530571,Retain,5.939479522,-0.7230176079,-6.66249713,1.567192351,-1.764056214,10.09682314,-6.08420099,5.129628955,2,0,0,1,0,0
31,505,505,379.7372334,127.7073518,7.020249676,0,-2859146.12,2034242.089,539,539,0.9099125884,814.5501358,2.191859566,34.83899929,-2861520.535,2034121.174,247.0564005,2426.432829,0.2426432829,0.2426432829,6.389768019e-4,2377.491976,Retain,5.939479522,-0.09440674082,-6.033886263,1.852894648,-1.164048484,10.45852141,-6.414044091,5.376427022,2,0,0,1,0,0
32,505,505,379.7372334,127.7073518,7.020249676,0,-2859146.12,2034242.089,542,542,0.4246267212,692.6456353,1.273238699,69.67806692,-2860148.521,2034118.337,294.1157549,4246.263822,0.4246263822,0.4246263822,0.001118211081,1010.011422,Retain,5.939479522,-0.856544799,-6.796024321,1.690777188,-1.707234973,11.15165522,-6.157065158,4.520343091,2,0,0,1,0,0
33,505,505,379.7372334,127.7073518,7.020249676,0,-2859146.12,2034242.089,546,546,0.2426438775,812.1265482,1.128504888,24.26450217,-2860303.284,2034005.179,197.0575347,2426.439903,0.2426439903,0.2426439903,6.389786646e-4,1181.167363,Retain,5.939479522,-1.416160435,-7.355639958,1.849914843,-1.827905135,10.09681096,-6.414042953,4.676884547,2,0,0,1,0,0
34,505,505,379.7372334,127.7073518,7.020249676,0,-2859146.12,2034242.089,554,554,2.547765663,520.0595993,2.34168204,24.26434679,-2855439.152,2034260.661,1324.990099,23657.83289,2.365783289,2.365783289,0.006230053524,3707.01451,Retain,5.939479522,0.9352167643,-5.004262758,1.404202087,-1.097929292,10.09680455,-4.924265062,5.820607569,2,0,0,1,0,0
35,505,505,379.7372334,127.7073518,7.020249676,0,-2859146.12,2034242.089,559,559,0.1213226027,1212.118198,1.190997634,0,-2860115.152,2033558.291,147.0573345,1213.226027,0.1213226027,0.1213226027,3.194909322e-4,1186.003598,Retain,5.939479522,-2.109302143,-8.048781666,2.250383353,-1.77400748,0,-6.631189552,4.680970638,2,0,0,1,0,0
36,505,505,379.7372334,127.7073518,7.020249676,0,-2859146.12,2034242.089,560,560,1.516530266,549.8183683,1.910028527,48.52853808,-2855040.334,2034095.015,833.8160876,15165.30289,1.516530289,1.516530289,0.003993630741,4108.419,Retain,5.939479522,0.416425006,-5.523054516,1.459846652,-1.301680606,10.78992792,-5.29659391,5.923418987,2,0,0,1,0,0
37,505,505,379.7372334,127.7073518,7.020249676,0,-2859146.12,2034242.089,566,566,1.88050175,391.7882786,1.515595746,24.26395767,-2859939.919,2033445.932,786.7595556,10312.43585,1.031243585,1.031243585,0.002715676775,1124.270073,Retain,5.939479522,0.6315386293,-5.307940893,1.120980256,-1.53299019,10.09678852,-5.593477293,4.6275153510000004,2,0,0,1,0,0
38,505,505,379.7372334,127.7073518,7.020249676,0,-2859146.12,2034242.089,569,569,0.303306974,809.6957605,1.257934799,34.83924986,-2860027.985,2033330.429,245.586371,3033.070948,0.3033070948,0.3033070948,7.987288791e-4,1268.388803,Retain,5.939479522,-1.1930098710000001,-7.132489393,1.846917241,-1.719327456,10.4585286,-6.320876293,4.748128685,2,0,0,1,0,0
39,504,504,1.759179848,703.0382059,2.630444334,25.00049365,-2858811.26,2033432.029,574,574,0.7885986215,626.579337,1.569636697,48.52767578,-2858851.95,2033311.656,494.1196014,7885.986215,0.7885986215,0.7885986215,0.4482762933,127.0643849,Retain,0.5648477051,-0.2374978056,-0.8023455107,-0.1151358357,-0.516308591,0.6632193072,-0.2072201996,5.134642886,2,0.014,0.46,0.464,0.06,0.002
40,505,505,379.7372334,127.7073518,7.020249676,0,-2859146.12,2034242.089,575,575,140.9763388,143.9428875,4.821236015,0,-2860592.523,2033809.571,20098.42358,1310279.413,131.0279413,131.0279413,0.3450489701,1509.686839,Retain,5.939479522,4.948592066,-0.9908874561,0.119675274,-0.3757684541,0,-0.6395058396,4.922283361,2,0.006,0.136,0.842,0.012,0.004
41,507,507,0.9099225169,651.3189518,1.752633019,48.52757467,-2858373.539,2033272.923,577,577,0.9099225169,651.3189518,1.752633019,48.52757467,-2858373.539,2033272.923,592.6497799,9099.225169,0.9099225169,0.9099225169,1,0,Retain,-0.09439582931,-0.09439582931,0,0,0,0,6.908754779,-6.288192421,3,0.13,0.012,0,0.692,0.166
42,525,525,2.183840793,496.9721717,2.071751328,75.0067583,-2855793.478,2032264.088,598,598,2.911787541,388.378989,1.869522243,75.0067583,-2855796.255,2032281.093,1085.308102,21838.40817,2.183840817,2.183840817,1.000000011,17.22936653,Retain,0.7810851584,1.068767168,0.2876820095,-0.2465523934,-0.1027113887,0,6.908765621,3.028495687,4,0.132,0,0.008,0.12,0.74
43,526,526,0.3033117923,974.5420472,1.514050279,75.0067583,-2855719.418,2032081.849,599,599,0.3033117923,974.5420472,1.514050279,75.0067583,-2855719.418,2032081.849,295.590095,3033.117923,0.3033117923,0.3033117923,1,0,Retain,-1.192993985,-1.192993985,0,0,0,0,6.908754779,-5.738893344,3,0.216,0.016,0,0.598,0.17
44,527,527,1.395237598,494.3321686,1.647168493,361.9506108,-2855241.164,2031912.193,601,601,1.455900492,473.7349429,1.612487416,69.67921566,-2855241.119,2031909.832,689.7109366,13952.37984,1.395237984,1.395237984,1.000000276,2.361885087,Retain,0.3330647221,0.3756246042,0.04255988209,-0.04255972422,-0.02127978317,-1.647594104,6.909031254,1.265715949,3,0.16,0.008,0.014,0.566,0.252
45,541,541,28.02631208,224.7896885,3.357023879,0,-2855627.528,2031001.676,621,621,26.32774924,229.9079136,3.327789558,0,-2855644.927,2030991.392,6052.957897,263277.4904,26.32774904,26.32774904,0.9393939866,20.21105692,Retain,3.333143786,3.270623487,-0.06252029891,0.02251360545,-0.008746544002,0,2.725539435,1.912072353,0,0.664,0.082,0.112,0.05,0.092
46,541,541,28.02631208,224.7896885,3.357023879,0,-2855627.528,2031001.676,605,605,0.4246400254,692.6081211,1.273189684,25.00325674,-2855182.921,2031319.164,294.1091301,4246.397955,0.4246397955,0.4246397955,0.01515146888,546.3277984,Retain,3.333143786,-0.8565134681,-4.189657254,1.12529911,-0.9695295171,10.12680136,-4.111491725,5.209014039,2,0,0,1,0,0
47,534,534,3.700443042,292.4928837,1.587220391,34.83974582,-2856223.366,2030969.731,612,612,3.215137786,381.9195557,1.93182045,34.83974582,-2856212.637,2030982.652,1227.923976,30331.49923,3.033149923,3.033149923,0.8196721009,16.79429301,Retain,1.308452554,1.167870214,-0.1405823397,0.266769662,0.1964784921,0,1.50981665,2.739237335,0,0.644,0.098,0.056,0.15,0.052
48,538,538,0.5459680701,630.285117,1.313759116,24.2616056,-2856178.047,2030768.772,619,619,0.5459680701,630.285117,1.313759116,24.2616056,-2856178.047,2030768.772,344.1155489,5459.680701,0.5459680701,0.5459680701,1,0,Retain,-0.6051947847,-0.6051947847,0,0,0,0,6.908754779,-6.032792944,3,0.144,0.016,0.002,0.63,0.208
49,542,542,0.3033158563,809.6659929,1.257906971,48.52314443,-2855324.569,2030727.589,622,622,0.3033158563,809.6659929,1.257906971,48.52314443,-2855324.569,2030727.589,245.584534,3033.158563,0.3033158563,0.3033158563,1,0,Retain,-1.192980586,-1.192980586,0,0,0,0,6.908754779,-5.738900043,3,0.216,0.016,0,0.598,0.17
50,544,544,0.6672952919,590.6272248,1.361029568,0,-2855458.879,2030714.101,624,624,0.6672952919,590.6272248,1.361029568,0,-2855458.879,2030714.101,394.1227664,6672.952919,0.6672952919,0.6672952919,1,0,Retain,-0.4045226145,-0.4045226145,0,0,0,0,6.908754779,-6.133129029,3,0.146,0.016,0,0.648,0.19
51,292,292,0.9705542597,454.5651951,1.263284472,24.99768099,-2860314.235,2036201.135,310,310,0.9705542597,454.5651951,1.263284472,24.99768099,-2860314.235,2036201.135,441.1801864,9705.542597,0.9705542597,0.9705542597,1,0,Retain,-0.0298879689,-0.0298879689,0,0,0,0,6.908754779,-6.320446352,3,0.128,0.012,0,0.702,0.158
52,310,310,0.3032988848,809.7214889,1.257957995,76.97052593,-2864336.591,2035612.78,331,331,0.1819793785,1082.844854,1.303083945,121.3304774,-2864325.472,2035615.498,197.0554337,1819.793785,0.1819793785,0.1819793785,0.600000157,11.44614857,Retain,-1.193036541,-1.703861903,-0.5108253621,0.2906566338,0.03524395272,0.4550907221,0.4046341601,3.606623879,1,0.34,0.462,0.026,0.17,0.002
53,316,316,0.4246185337,817.303058,1.502372637,97.06414866,-2864718.672,2035551.073,335,335,0.5459378409,724.5772954,1.510258846,121.3301492,-2864726.577,2035561.091,347.0420261,4246.182732,0.4246182732,0.4246182732,0.9999993863,12.76103408,Retain,-0.8565640808,-0.6052501542,0.2513139266,-0.120421522,0.00523544124,0.2231411894,6.908140676,3.547121659,4,0.012,0.002,0.002,0.276,0.708
54,340,340,26.5082614,249.4709968,3.62331217,24.99768099,-2860194.034,2036269.109,388,388,36.09250377,199.5635354,3.382086901,24.26584004,-2860127.341,2035953.841,6465.982924,256590.2799,25.65902799,25.65902799,0.9679634437,322.2442845,Retain,3.277456435,3.586085192,0.3086287566,-0.2232100047,-0.06889562635,-0.02971225189,3.37861217,4.708949734,4,0.042,0.006,0.036,0.026,0.89
55,327,327,0.4246191108,696.1140138,1.279602892,24.99790345,-2860482.686,2035862.53,346,346,0.4246191108,696.1140138,1.279602892,24.99790345,-2860482.686,2035862.53,295.5833135,4246.191108,0.4246191108,0.4246191108,1,0,Retain,-0.8565627219,-0.8565627219,0,0,0,0,6.908754779,-5.907108975,3,0.184,0.016,0,0.604,0.196
56,332,332,2.911673766,355.559544,1.711507337,69.67739863,-2864474.185,2035479.655,355,355,2.365734664,354.3159813,1.537336102,34.83864576,-2864482.225,2035474.595,838.2175987,23657.34652,2.365734652,2.365734652,0.8124999029,9.499620884,Retain,1.068728093,0.8610886137,-0.2076394793,-0.003503611581,-0.1073233512,-0.6931343662,1.462247285,2.289358049,0,0.352,0.108,0.196,0.306,0.038
57,334,334,0.2426400763,812.132103,1.128503767,24.99790345,-2860444.846,2035774.615,363,363,0.3639597637,678.7884995,1.155197475,24.99790345,-2860443.679,2035762.17,197.0557052,2426.3985,0.24263985,0.24263985,0.9999990676,12.49898869,Retain,-1.416176101,-1.010711957,0.4054641446,-0.1793534246,0.0233786477,0,6.907821926,3.806180733,4,0.004,0.002,0,0.378,0.616
58,366,366,17.34875552,235.6465752,2.768792206,69.67752252,-2864013.144,2035314.501,396,396,13.40585652,290.3643617,2.999063511,24.99826928,-2864021.415,2035319.085,3794.054963,129205.77,12.920577,12.920577,0.7447552639,9.45588978,Retain,2.853520776,2.595691665,-0.2578291109,0.2088034342,0.07988887874,-1.025045533,1.068264494,1.392348108,0,0.632,0.082,0.25,0.02,0.016
59,351,351,0.4246204359,699.5619562,1.285942937,55.57401261,-2864514.937,2035272.499,382,382,0.7279199493,541.4219202,1.303084904,49.99611555,-2864497.003,2035279.264,297.0483028,4246.206071,0.4246206071,0.4246206071,1.000000403,19.1679421,Retain,-0.8565596011,-0.3175641967,0.5389954044,-0.2562554979,0.01324220425,-0.1057683721,6.909158439,3.953936114,4,0,0,0,0.018,0.982
60,372,372,2.426404987,426.0670256,1.87221033,55.57401261,-2864506.777,2035043.794,393,393,0.4852805105,815.1505562,1.601877577,34.83877561,-2864591.955,2035165.73,197.0558011,1819.80069,0.181980069,0.181980069,0.07499987428,148.7404887,Retain,0.8864107327,-0.7230281832,-1.609438916,0.6487761569,-0.1559433011,-0.4669739753,-2.500142684,5.1313694,2,0,0.064,0.934,0.002,0
61,366,366,17.34875552,235.6465752,2.768792206,69.67752252,-2864013.144,2035314.501,398,398,0.1213200666,1224.237083,1.20289278,24.99826928,-2863980.373,2035141.559,148.5245244,1213.202851,0.1213202851,0.1213202851,0.006993025232,176.020058,Retain,2.853520776,-2.109323047,-4.962843823,1.64774002,-0.833681892,-1.025045533,-4.823174908,4.316208191,2,0,0,1,0,0
62,372,372,2.426404987,426.0670256,1.87221033,55.57401261,-2864506.777,2035043.794,411,411,1.637823676,480.368413,1.734215577,34.83877561,-2864492.73,2035022.306,786.7587599,16378.23808,1.637823808,1.637823808,0.675000182,25.67121978,Retain,0.8864107327,0.4933683335,-0.3930423992,0.1199566657,-0.07656453385,-0.4669739753,0.7292965222,3.374569041,0,0.456,0.246,0.158,0.124,0.016
63,381,381,0.5459421367,724.5790238,1.510268391,74.99509111,-2864202.446,2034968.661,423,423,0.4246220327,813.8565598,1.496043421,99.99347865,-2864196.422,2034958.068,345.5814267,4246.221421,0.4246221421,0.4246221421,0.7777786574,12.18657793,Retain,-0.6052422855,-0.8565558407,-0.2513135551,0.1161933046,-0.009463472967,0.2876789773,1.249563022,3.375403316,3,0.316,0.16,0.004,0.478,0.042
64,410,410,2.305094683,426.1641558,1.825224843,34.83879189,-2863929.571,2034702.966,461,461,0.303301799,809.7114096,1.25794838,174.1944119,-2863880.25,2034646.278,245.5869272,3033.01799,0.303301799,0.303301799,0.1315788897,75.13953792,Retain,0.8351217529,-1.193026933,-2.028148686,0.6418532856,-0.3722210574,1.609417547,-1.880649738,4.474164266,2,0,0.444,0.556,0,0
65,417,417,7.461220712,290.3218757,2.237071025,24.26535694,-2863183.408,2034797.395,462,462,2.062450447,477.7239786,1.935369399,243.8721153,-2863241.403,2034821.755,1082.343272,17591.486,1.7591486,1.7591486,0.2357722239,62.90355445,Retain,2.009719035,0.7238948131,-1.285824222,0.4980428913,-0.1448692198,2.307557168,-1.173074938,3.709123994,2,0.004,0.114,0.882,0,0
66,412,412,1.577169141,468.0717419,1.658237097,34.83879189,-2864224.711,2034628.999,463,463,0.5459430706,635.6876292,1.324989714,24.26522802,-2864259.088,2034620.191,347.0492562,5459.431173,0.5459431173,0.5459431173,0.3461538163,35.48737216,Retain,0.4556315574,-0.605240575,-1.060872132,0.3060857148,-0.2243503514,-0.3616745885,-0.6346324175,3.913754262,2,0.036,0.372,0.578,0.014,0
67,412,412,1.577169141,468.0717419,1.658237097,34.83879189,-2864224.711,2034628.999,464,464,0.3033022619,974.5553788,1.514047203,24.26522802,-2864173.588,2034603.669,295.5848507,3033.022619,0.3033022619,0.3033022619,0.1923080118,57.05371461,Retain,0.4556315574,-1.193025407,-1.648656964,0.7333597665,-0.09096871557,-0.3616745885,-1.43113328,4.388559877,2,0.006,0.396,0.59,0.008,0
68,431,431,1.880476674,442.6290192,1.712256907,49.99827381,-2862467.53,2034536.388,483,483,0.7279264009,539.402562,1.298230501,49.99826121,-2862483.849,2034539.244,392.6452567,7279.260152,0.7279260152,0.7279260152,0.3870965405,16.56733489,Retain,0.6315252949,-0.3175553335,-0.9490806284,0.1977301696,-0.2768101446,-2.520151116e-7,-0.4585835592,3.064095632,1,0.056,0.472,0.462,0.01,0
69,353,353,0.3033000612,814.5466342,1.265456644,24.99824103,-2859561.871,2035689.184,383,383,0.6672599217,517.9089411,1.193427378,48.53158519,-2859553.856,2035736.042,197.0557798,1819.800739,0.1819800739,0.1819800739,0.6000001225,47.53878997,Retain,-1.193032662,-0.4045756212,0.7884570412,-0.452832244,-0.05860372345,0.6633899664,0.4046340167,5.030448318,4,0,0.004,0.002,0.072,0.922
70,352,352,0.4852803437,709.1061447,1.393486183,78.82230752,-2860022.27,2035654.178,387,387,1.516500292,421.8257913,1.465377257,48.53160853,-2859979.6,2035663.075,344.1152736,4852.804418,0.4852804418,0.4852804418,1.000000202,43.58788999,Retain,-0.7230285269,0.4164052404,1.139433767,-0.5194128138,0.05030406989,-0.484972821,6.908957248,4.708681507,4,0,0,0,0.012,0.988
71,439,439,1.637836822,481.2610434,1.737445104,24.99914341,-2862062.285,2034526.959,485,485,0.3639634214,678.7908955,1.155207357,48.53005302,-2862131.081,2034524.223,247.0550567,3639.635575,0.3639635575,0.3639635575,0.2222221119,68.85070679,Retain,0.4933763601,-1.010701907,-1.504078267,0.3439032881,-0.4081358455,0.6633223002,-1.249558588,4.557631778,1,0,0.54,0.46,0,0
72,439,439,1.637836822,481.2610434,1.737445104,24.99914341,-2862062.285,2034526.959,486,486,0.8492480221,522.947095,1.35947146,24.99915196,-2862020.249,2034548.971,444.1117861,8492.479236,0.8492479236,0.8492479236,0.5185180308,47.45031121,Retain,0.4933763601,-0.1634040009,-0.6567803611,0.08307046956,-0.245319711,3.417095984e-7,0.0739579673,4.185380921,1,0.036,0.588,0.326,0.048,0.002
73,436,436,0.7885872502,626.57559,1.569615993,224.9936873,-2861467.546,2034615.451,487,487,0.7885872502,626.57559,1.569615993,224.9936873,-2861467.546,2034615.451,494.1095215,7885.872502,0.7885872502,0.7885872502,1,0,Retain,-0.2375122253,-0.2375122253,0,0,0,0,6.908754779,-6.216634223,3,0.14,0.016,0,0.666,0.178
74,382,382,1.213201973,654.5371708,2.033742371,24.99824103,-2859553.692,2035458.958,399,399,0.2426400189,1024.222893,1.423215819,24.26584004,-2859585.661,2035578.99,248.5174621,2426.401316,0.2426401316,0.2426401316,0.1999997833,124.2164723,Retain,0.1932631228,-1.416176338,-1.609439461,0.4477610743,-0.356958656,-0.02973465435,-1.382557388,5.29776722,1,0,0.548,0.45,0.002,0
75,382,382,1.213201973,654.5371708,2.033742371,24.99824103,-2859553.692,2035458.958,428,428,0.485281939,815.1516847,1.601882152,69.67752832,-2859561.933,2035358.381,297.0500289,3033.00784,0.303300784,0.303300784,0.2500002397,100.9139673,Retain,0.1932631228,-0.7230252395,-0.9162883623,0.2194458357,-0.2386983454,1.025046746,-1.095951438,5.090011636,1,0.006,0.504,0.448,0.042,0
76,387,387,4.003574424,295.3201393,1.666909746,49.99721633,-2859805.897,2035363.945,433,433,4.003574424,295.3201393,1.666909746,49.99724952,-2859805.897,2035363.945,1182.336157,40035.74424,4.003574424,4.003574424,1,0,Retain,1.387187568,1.387187568,0,0,0,6.637778196e-7,6.908754779,-7.02898412,3,0.174,0.038,0.016,0.644,0.128
77,399,399,0.1819807901,1082.841076,1.303084451,49.99721633,-2859824.857,2035184.127,449,449,0.4852821445,609.0980771,1.196959491,49.99724952,-2859836.679,2035169.419,197.0562745,1819.807901,0.1819807901,0.1819807901,1,18.87104347,Retain,-1.703854146,-0.7230248159,0.9808293305,-0.5753641909,-0.08494952561,6.637778196e-7,6.908754779,4.361973662,4,0.006,0,0,0.07,0.924
78,452,452,9.28107207,218.4994704,1.877779222,0,-2859929.914,2034666.854,510,510,8.189180429,241.1685979,1.946865936,34.83890431,-2859948.157,2034675.788,1777.916328,77038.95718,7.703895718,7.703895718,0.8300652834,20.31335568,Retain,2.227977065,2.102813823,-0.1251632417,0.09871267453,0.03613105368,10.45851868,1.581426643,2.469704223,0,0.712,0.066,0.028,0.142,0.052
81,499,499,0.8492599937,519.4772516,1.350460653,54.5893478,-2859741.795,2033363.721,568,568,0.3033069316,809.6954325,1.257934201,24.26395767,-2859750.086,2033381.597,245.5862371,3033.069316,0.3033069316,0.3033069316,0.357142611,19.70508539,Retain,-0.1633899043,-1.193010011,-1.029620106,0.4438351472,-0.070974906,-0.8108238484,-0.5865459941,3.634987386,1,0.096,0.596,0.286,0.022,0
82,501,501,0.4246301093,692.6353607,1.273224891,24.26376789,-2859808.226,2033199.656,571,571,0.363968673,674.7451421,1.148330334,48.52763533,-2859801.157,2033198.525,245.586094,3639.687975,0.3639687975,0.3639687975,0.8571431689,7.158845448,Retain,-0.8565368201,-1.010687478,-0.1541506581,-0.02616863327,-0.1032439623,0.6931286259,1.785952373,2.969121748,3,0.25,0.066,0.05,0.55,0.084
83,503,503,1.334553159,442.97643,1.443589204,24.26376789,-2859957.473,2033199.847,573,573,0.667277135,590.6343488,1.361027467,48.52763533,-2859940.545,2033172.9,394.1167961,6672.768627,0.6672768627,0.6672768627,0.5000002123,31.82286281,Retain,0.2885965232,-0.4045498247,-0.6931463479,0.2876805634,-0.0588926105,0.6931286259,8.476961128e-7,3.888283092,1,0.04,0.788,0.166,0.006,0
84,510,510,39.2478855,181.9499694,3.215549406,24.26439949,-2859267.546,2033501.187,581,581,39.55118873,178.0262761,3.158340475,0,-2859265.996,2033512.046,6845.564144,385199.4886,38.51994886,38.51994886,0.9814528446,10.96925733,Retain,3.66989757,3.67759575,0.007698180172,-0.02180059812,-0.01795150804,-10.09680673,3.917222573,1.132603889,0,0.374,0.126,0.208,0.114,0.178
85,509,509,0.4246310809,813.8585157,1.496062956,50.00162669,-2859880.5,2033042.216,580,580,0.2426460725,812.1233558,1.128505556,72.79113253,-2859915.353,2032986.933,98.5293258,606.6158402,0.06066158402,0.06066158402,0.1428571453,65.35232192,Retain,-0.856534532,-1.416151389,-0.559616857,-0.002134292543,-0.281942721,0.375532342,-1.785949822,5.18044048,1,0.02,0.702,0.1,0.176,0.002
86,514,514,0.3639702033,678.7953419,1.155225687,0,-2860062.282,2032734.603,587,587,0.2426465533,812.1226573,1.128505703,102.9066929,-2860061.115,2032722.157,197.0587636,2426.465533,0.2426465533,0.2426465533,0.6666659827,12.50061668,Retain,-1.010683274,-1.416149408,-0.405466134,0.1793317134,-0.02340135364,11.54158768,0.6916474777,3.60356455,1,0.244,0.504,0.02,0.226,0.006
87,515,515,0.9099263364,541.414672,1.456894844,121.317263,-2859635.324,2032729.438,588,588,0.7279414522,608.0777889,1.463532711,281.9164682,-2859640.313,2032717.67,442.6450287,7279.414522,0.7279414522,0.7279414522,0.800000421,12.78160446,Retain,-0.09439163172,-0.3175346568,-0.2231430251,0.1161173391,0.004545826552,0.8431969972,1.382558659,3.167645979,0,0.436,0.136,0.008,0.386,0.034
88,430,430,1.213210676,446.0661457,1.385997489,49.99831829,-2863972.57,2034396.564,472,472,0.1213209306,1224.242855,1.202902735,134.086084,-2864038.069,2034458.209,98.52831256,606.6046529,0.06066046529,0.06066046529,0.04999994352,89.94534908,Retain,0.1932702969,-2.109315926,-2.302586223,1.009610604,-0.141682507,0.9864800981,-2.925689597,4.974943166,2,0,0.458,0.538,0.002,0.002
89,441,441,0.8492482507,638.9657154,1.661077726,49.99847048,-2862745.241,2034464.793,491,491,0.6066056814,732.1265217,1.608549554,49.99847048,-2862754.928,2034403.417,444.1121076,6066.058135,0.6066058135,0.6066058135,0.7142856202,62.13568223,Retain,-0.1634037317,-0.4998763178,-0.3364725861,0.1361025436,-0.03213374947,0,0.914195404,4.78340332,1,0.206,0.444,0.032,0.308,0.01
90,443,443,0.6066059427,567.2797792,1.246366311,24.26490681,-2863068.297,2034330.805,496,496,0.606605972,647.282431,1.422139595,123.6872985,-2863076.246,2034337.592,344.1153754,4852.847357,0.4852847357,0.4852847357,0.7999999696,10.45170992,Retain,-0.4998758871,-0.4998758388,4.829579198e-8,0.1319301034,0.1319301275,1.628692325,1.38255585,3.169164154,3,0.222,0.028,0.002,0.636,0.112
91,456,456,2.487088635,337.0311902,1.499376824,24.99915792,-2861973.668,2034344.858,514,514,2.123123952,371.9503971,1.528860181,24.99915196,-2861960.507,2034350.117,789.6967973,21231.23952,2.123123952,2.123123952,0.8536583388,14.17330599,Retain,0.9111128035,0.7528885665,-0.1582242369,0.09858502578,0.01947290733,-2.384522366e-7,1.757947669,2.768239429,0,0.57,0.086,0.012,0.31,0.022
92,446,446,0.9099094512,431.5212316,1.161171384,24.99914341,-2862203.959,2034391.839,494,494,0.1213212565,1212.140679,1.191013116,49.99838639,-2862170.057,2034420.13,147.0584302,1213.212565,0.1213212565,0.1213212565,0.1333333293,44.15586361,Retain,-0.09441018859,-2.109313239,-2.01490305,1.032826518,0.02537499278,0.6931291718,-1.865483377,4.407318413,1,0,0.746,0.25,0.004,0
93,447,447,1.637838194,389.6796895,1.406819359,24.26495965,-2862456.95,2034356.008,504,504,1.759159575,363.6398685,1.360564635,48.5299193,-2862445.386,2034367.451,589.7021419,13951.95387,1.395195387,1.395195387,0.8518517835,16.268151,Retain,0.4933771981,0.5648361805,0.07145898247,-0.06916108714,-0.0334315959,0.6931265754,1.74364522,3.114947082,4,0.146,0.004,0.004,0.37,0.476
94,458,458,0.3639639199,674.7555027,1.148340468,69.67807514,-2861608.968,2034284.458,519,519,0.4852855695,706.0713065,1.387529801,48.52967026,-2861584.809,2034286.724,245.5866577,3033.032382,0.3033032382,0.3033032382,0.8333332552,24.26485563,Retain,-1.010700537,-0.7230177583,0.2876827791,0.04536582609,0.1892072156,-0.3617040849,1.604654562,4.266785456,4,0.01,0,0.002,0.154,0.834
95,467,467,7.339948206,194.3421334,1.485280679,24.26495965,-2862692.597,2034179.348,531,531,7.885894894,193.5682595,1.533397339,48.5299193,-2862698.424,2034179.134,1426.460994,72792.87764,7.279287764,7.279287764,0.9917355762,5.831204306,Retain,1.993331786,2.065075707,0.07174392096,-0.003989967225,0.03188199325,0.6931265754,4.6742826730000004,1.339094076,4,0.086,0.024,0,0.03,0.86
98,466,466,7.521932099,314.957995,2.43675805,24.26490681,-2863312.212,2034112.663,506,506,0.4246244512,817.3167741,1.502408318,24.99933642,-2863393.307,2034265.86,347.0525965,4246.243731,0.4246243731,0.4246243731,0.05645150309,173.3367067,Retain,2.017823033,-0.8565501449,-2.874373178,0.9535874675,-0.4835991214,0.02981692839,-2.799765865,4.71869518,2,0,0.062,0.938,0,0
99,466,466,7.521932099,314.957995,2.43675805,24.26490681,-2863312.212,2034112.663,518,518,0.5459469117,630.309244,1.313783948,24.26479275,-2863347.137,2034136.677,344.1153852,5459.469117,0.5459469117,0.5459469117,0.07258067536,42.38363194,Retain,2.017823033,-0.6052335392,-2.623056572,0.6937712817,-0.6177570044,-4.700299665e-6,-2.535101061,3.310239269,2,0,0.058,0.942,0,0
100,475,475,2.305110765,406.382829,1.740509174,24.26474071,-2860303.06,2034269.51,523,523,0.3639646001,937.3890965,1.595307983,34.8390564,-2860286.478,2034345.732,341.1764477,3639.648229,0.3639648229,0.3639648229,0.1578947218,78.00485257,Retain,0.83512872950000006,-1.010698669,-1.845827398,0.83580281,-0.08711088902,0.3617022625,-1.66884998,4.511584435,2,0,0.314,0.684,0.002,0
101,466,466,7.521932099,314.957995,2.43675805,24.26490681,-2863312.212,2034112.663,528,528,1.516520096,488.730109,1.69780672,24.26479275,-2863431.767,2034043.583,741.1689416,15165.1964,1.51651964,1.51651964,0.2016130458,138.0776037,Retain,2.017823033,0.4164182996,-1.601404733,0.4393711321,-0.3613312346,-4.700299665e-6,-1.372547145,4.491276541,2,0.002,0.042,0.956,0,0
102,466,466,7.521932099,314.957995,2.43675805,24.26490681,-2863312.212,2034112.663,529,529,1.941144729,382.5771411,1.503637139,48.52967775,-2863188.712,2034067.154,742.6376009,19411.45042,1.941145042,1.941145042,0.2580646856,131.6191253,Retain,2.017823033,0.6632778655,-1.354545167,0.1944910284,-0.4827815553,0.69312377570000006,-1.053531199,4.443373362,2,0.002,0.04,0.952,0.006,0
103,475,475,2.305110765,406.382829,1.740509174,24.26474071,-2860303.06,2034269.51,535,535,0.4852872297,712.1253152,1.399429176,49.99898153,-2860302.861,2034228.065,345.5853214,4852.871089,0.4852871089,0.4852871089,0.21052659,41.44508085,Retain,0.83512872950000006,-0.7230143372,-1.558143067,0.5609582566,-0.2181132768,0.7229571278,-1.318281308,3.879193904,2,0.002,0.354,0.644,0,0
104,481,481,0.2426435334,1018.189191,1.414841894,34.83906053,-2861729.802,2033883.924,545,545,0.7885921134,688.1165805,1.723785825,24.264496,-2861699.375,2033929.272,247.0570229,2426.435334,0.2426435334,0.2426435334,1,54.61006302,Retain,-1.416161853,-0.2375060584,1.178655795,-0.3918227531,0.1975051443,-0.3617124657,6.908754779,5.280682351,4,0,0,0.002,0.006,0.992
105,492,492,0.4852898075,712.1259898,1.399434219,0,-2861627.269,2033472.954,557,557,0.4852898075,712.1259898,1.399434219,0,-2861627.269,2033472.954,345.5874846,4852.898075,0.4852898075,0.4852898075,1,0,Retain,-0.7230090252,-0.7230090252,0,0,0,0,6.908754779,-5.973885823,3,0.154,0.016,0.004,0.616,0.21
106,496,496,2.547774702,348.053313,1.567188913,69.67846209,-2861191.923,2033383.164,558,558,0.1213225005,1212.11963,1.19099854,34.83923174,-2861105.636,2033465.393,147.0573845,1213.226213,0.1213226213,0.1213226213,0.04761905408,119.1938246,Retain,0.9352203123,-2.109302985,-3.044523298,1.2477702,-0.2744914485,-0.6931328093,-2.975999044,4.885514122,2,0,0.154,0.846,0,0
107,496,496,2.547774702,348.053313,1.567188913,69.67846209,-2861191.923,2033383.164,564,564,2.183806989,338.0478235,1.409224996,34.83923174,-2861204.81,2033375.179,738.2311996,21838.06989,2.183806989,2.183806989,0.857142897,15.16007729,Retain,0.9352203123,0.781069679,-0.1541506334,-0.02916829108,-0.1062436078,-0.6931328093,1.785950165,2.823486226,3,0.312,0.102,0.15,0.384,0.052
108,502,502,3.942993043,324.4759187,1.817567482,69.67846209,-2861404.325,2033118.279,572,572,3.639685532,337.7778575,1.81785055,78.82886955,-2861407.088,2033077.091,1229.405181,36396.85894,3.639685894,3.639685894,0.9230769253,41.28061657,Retain,1.37194009,1.291897286,-0.08004280478,0.04017713032,1.557279295e-4,0.1233863674,2.473073202,3.606812179,3,0.306,0.042,0.032,0.534,0.086
109,513,513,4.064328998,387.5164938,2.203838106,24.26389545,-2860163.188,2032963.13,579,579,1.395215917,495.3922365,1.650687929,24.26389545,-2860178.3,2033028.327,691.1791336,13952.16065,1.395216065,1.395216065,0.3432832494,66.92564935,Retain,1.402248661,0.3330491827,-1.069199479,0.2455914331,-0.2890083062,0,-0.6473096506,4.074837846,2,0.002,0.18,0.806,0.012,0
110,513,513,4.064328998,387.5164938,2.203838106,24.26389545,-2860163.188,2032963.13,578,578,0.1213233962,1224.25902,1.202930842,72.79113253,-2860028.731,2033026.523,148.5312621,1213.232717,0.1213232717,0.1213232717,0.02985075071,148.651136,Retain,1.402248661,-2.109295603,-3.511544264,1.150332645,-0.6054394866,1.098577205,-3.449319079,4.872849531,2,0,0.026,0.974,0,0
111,511,511,1.577200958,405.5941025,1.436912145,50.00209187,-2860630.519,2032946.906,582,582,1.455878182,406.0614925,1.38213159,50.00209187,-2860634.95,2032950.837,591.175977,13952.16435,1.395216435,1.395216435,0.8846155132,5.922616579,Retain,0.4556517304,0.3756092797,-0.0800424507,0.001151695442,-0.03886952991,0,2.029383647,2.123486249,3,0.266,0.02,0.014,0.602,0.098
112,512,512,0.4246316996,696.1048732,1.279605058,50.00209187,-2860573.752,2032787.079,585,585,0.2426468289,812.1221457,1.128505633,50.00209187,-2860580.096,2032799.04,197.0588633,2426.468289,0.2426468289,0.2426468289,0.5714289091,13.53872754,Retain,-0.856533075,-1.416148272,-0.559615197,0.1541504257,-0.1256571728,0,0.2871013036,3.606259625,1,0.132,0.74,0.04,0.088,0
113,523,523,7.158099997,261.5306414,1.973860823,34.83937233,-2860208.53,2032514.679,591,591,3.093752545,397.8602597,1.974096673,0,-2860278.379,2032595.676,1180.878368,30330.90607,3.033090607,3.033090607,0.4237284487,106.9545347,Retain,1.968244582,1.12938477,-0.8388598121,0.4195493854,1.194793156e-4,-10.45853212,-0.3068627616,4.260655836,2,0.034,0.136,0.82,0.008,0.002
114,523,523,7.158099997,261.5306414,1.973860823,34.83937233,-2860208.53,2032514.679,594,594,2.487139482,316.9252445,1.409944355,0,-2860130.284,2032417.093,788.2372886,24871.39226,2.487139226,2.487139226,0.3474580164,125.0819846,Retain,1.968244582,0.9111332478,-1.057111334,0.1921144723,-0.3364411949,-10.45853212,-0.6288890219,4.417220046,2,0,0.052,0.938,0.006,0.004
118,84,84,0.5459225279,632.9978361,1.319358446,97.07367811,-2863618.82,2038588.58,66,66,0.5459225279,632.9978361,1.319358446,124.9728148,-2863618.82,2038588.58,345.5677788,5459.225279,0.5459225279,0.5459225279,1,0,Retain,-0.6052782037,-0.6052782037,0,0,0,0.2526236741,6.908754779,-6.032751234,3,0.148,0.016,0.002,0.634,0.2
121,96,96,0.7885562363,686.2763405,1.719136773,48.53630387,-2863370.052,2038386.418,75,75,0.7885562363,686.2763405,1.719136773,48.53630387,-2863370.052,2038386.418,541.1674881,7885.562363,0.7885562363,0.7885562363,1,0,Retain,-0.2375515545,-0.2375515545,0,0,0,0,6.908754779,-6.216614559,3,0.14,0.016,0,0.666,0.178
122,101,101,0.2426332376,1018.173246,1.41478972,48.53628518,-2863226.884,2038344.336,78,78,0.3032913972,979.3634345,1.521489638,48.53628518,-2863224.077,2038353.386,247.042671,2426.331168,0.2426331168,0.2426331168,0.9999995021,9.475365452,Retain,-1.416204286,-1.193061229,0.2231430573,-0.03886256104,0.07270896762,0,6.908256487,3.529267938,3,0.032,0.004,0,0.63,0.334
124,107,107,2.729620007,433.1430799,2.018726781,48.53628518,-2862992.99,2038355.549,82,82,2.486987417,435.1996242,1.93606696,48.53628518,-2863003.002,2038351.725,1132.325913,23656.71295,2.365671295,2.365671295,0.8666668944,10.71745516,Retain,1.004162408,0.9110721051,-0.0930903029,0.00473672025,-0.0418084312,0,1.865485301,2.442250776,3,0.378,0.014,0.016,0.532,0.06
125,108,108,0.3639493053,674.7881644,1.148372997,24.99513288,-2862666.106,2038277.718,84,84,0.4852655455,612.1036954,1.202845362,48.53630999,-2862680.522,2038301.47,197.0525728,2426.328702,0.2426328702,0.2426328702,0.6666666667,27.78469871,Retain,-1.010740692,-0.7230590214,0.2876816708,-0.09749710594,0.04634372944,0.6636116521,0.6916505478,4.402256742,4,0.002,0.004,0,0.428,0.566
126,111,111,2.001725487,344.5451476,1.375129077,48.536117,-2862133.453,2038268.74,86,86,2.18369977,292.9407663,1.221156556,48.53591788,-2862128.187,2038259.852,639.6945035,18197.49606,1.819749606,1.819749606,0.9090904909,10.33129787,Retain,0.6940095523,0.7810205804,0.08701102812,-0.1622547085,-0.1187491945,-4.102546308e-6,2.292739539,2.560634872,4,0.186,0.008,0.018,0.292,0.496
128,288,288,919.5201975,96.99499977,8.297075669,0,-2865417.839,2037900.451,112,112,98.93337984,154.3033566,4.329541079,0,-2862342.317,2038933.285,14087.80363,767325.2724,76.73252724,76.73252724,0.08344844131,3244.315891,Retain,6.82385201,4.594446693,-2.229405317,0.4642610847,-0.6504415737,0,-2.385567587,5.245099034,2,0,0.008,0.992,0,0
129,288,288,919.5201975,96.99499977,8.297075669,0,-2865417.839,2037900.451,233,233,452.2073129,85.42791629,5.124643657,0,-2865002.79,2038122.024,45469.25067,4039235.185,403.9235185,403.9235185,0.4392763962,470.4903179,Retain,6.82385201,6.114140732,-0.7097112779,-0.1269864925,-0.4818421314,0,-0.243607218,3.314216444,2,0.008,0.204,0.772,0.012,0.004
130,288,288,919.5201975,96.99499977,8.297075669,0,-2865417.839,2037900.451,63,63,0.121316033,1224.201577,1.202837898,48.53690502,-2866044.855,2038437.453,148.5152789,1213.16033,0.121316033,0.121316033,1.319340601e-4,825.5426093,Retain,6.82385201,-2.109356296,-8.933208305,2.535384708,-1.931219444,10.79010032,-6.784695241,3.876481028,2,0,0.002,0.998,0,0
131,288,288,919.5201975,96.99499977,8.297075669,0,-2865417.839,2037900.451,96,96,0.3639511569,678.7841322,1.155176383,48.53540168,-2865681.661,2037555.236,247.0442702,3639.511569,0.3639511569,0.3639511569,3.958055059e-4,434.4823807,Retain,6.82385201,-1.010735605,-7.834587614,1.945643728,-1.971650079,10.79006935,-6.574887619,3.234596633,2,0,0,1,0,0
132,288,288,919.5201975,96.99499977,8.297075669,0,-2865417.839,2037900.451,116,116,0.4246106277,928.1601081,1.706135017,24.26743653,-2864914.017,2037415.01,394.106646,4246.105149,0.4246105149,0.4246105149,4.617739948e-4,699.6355676,Retain,6.82385201,-0.8565827002,-7.68043471,2.25854482,-1.581672535,10.09693188,-6.528642597,3.710999949,2,0,0,1,0,0
133,288,288,919.5201975,96.99499977,8.297075669,0,-2865417.839,2037900.451,125,125,0.4852698793,709.1217602,1.393501845,24.26743653,-2865028.046,2037343.607,344.115431,4852.698793,0.4852698793,0.4852698793,5.277424908e-4,679.7154013,Retain,6.82385201,-0.7230500905,-7.5469021,1.989367819,-1.784083232,10.09693188,-6.484436275,3.682114592,2,0,0,1,0,0
134,288,288,919.5201975,96.99499977,8.297075669,0,-2865417.839,2037900.451,133,133,1.152515175,644.3229261,1.951290719,24.26741515,-2867445.402,2037150.326,742.5919501,11525.15175,1.152515175,1.152515175,0.001253387558,2161.873899,Retain,6.82385201,0.1419466631,-6.681905346,1.89354061,-1.447412063,10.096931,-6.095067194,4.839170071,2,0,0,1,0,0
135,288,288,919.5201975,96.99499977,8.297075669,0,-2865417.839,2037900.451,137,137,0.2426355943,812.1387559,1.128502589,24.26741515,-2867385.013,2037006.027,197.0537697,2426.355943,0.2426355943,0.2426355943,2.638719573e-4,2160.964533,Retain,6.82385201,-1.416194573,-8.240046583,2.125011779,-1.995011512,10.096931,-6.674311145,4.838749345,2,0,0,1,0,0
136,288,288,919.5201975,96.99499977,8.297075669,0,-2865417.839,2037900.451,138,138,0.2426352542,812.1393296,1.128502595,49.9918033,-2864993.075,2037230.777,148.5186694,1213.173936,0.1213173936,0.1213173936,1.319355398e-4,793.02436,Retain,6.82385201,-1.416195975,-8.240047984,2.125012485,-1.995011507,10.81963434,-6.784693932,3.836294139,2,0,0.002,0.998,0,0
137,183,183,5.156003242,430.9449458,2.7604091,34.83827478,-2860919.281,2037499.258,166,166,0.2426358457,812.1384543,1.128502754,24.26723239,-2860934.808,2037360.607,197.0539007,2426.358421,0.2426358421,0.2426358421,0.04705890022,139.5183478,Retain,1.640161714,-1.416193537,-3.056355251,0.6336904899,-0.8944871355,-0.36157715,-2.988174583,4.690487372,2,0,0.062,0.938,0,0
138,183,183,5.156003242,430.9449458,2.7604091,34.83827478,-2860919.281,2037499.258,181,181,3.214920654,522.8082821,2.644372647,24.26723239,-2860903.496,2037513.437,1632.252073,31542.61942,3.154261942,3.154261942,0.6117649261,21.21768553,Retain,1.640161714,1.167802678,-0.4723590362,0.1932344776,-0.04294504056,-0.36157715,0.453797917,2.807166272,0,0.426,0.23,0.314,0.03,0
139,288,288,919.5201975,96.99499977,8.297075669,0,-2865417.839,2037900.451,187,187,0.24263618780000001,812.137928,1.128502819,24.26710843,-2865972.765,2036762.152,197.0540509,2426.362332,0.2426362332,0.2426362332,2.638726521e-4,1266.359169,Retain,6.82385201,-1.416192127,-8.240044136,2.125010759,-1.995011309,10.09691836,-6.674310595,4.304340994,2,0,0,1,0,0
140,288,288,919.5201975,96.99499977,8.297075669,0,-2865417.839,2037900.451,199,199,0.1819774364,1074.832315,1.293434839,74.98959106,-2866240.09,2036624.055,195.5952293,1819.773156,0.1819773156,0.1819773156,1.979046421e-4,1518.3155,Retain,6.82385201,-1.703872575,-8.527724585,2.405260514,-1.858601778,11.22511793,-6.727983154,4.485796373,2,0,0,1,0,0
141,221,221,0.7885695956,499.7766969,1.251961819,55.57159987,-2864305.326,2036645.497,223,223,0.970547814,506.0813694,1.406448666,89.32524701,-2864315.038,2036629.135,344.1153365,4246.144172,0.4246144172,0.4246144172,0.5384615634,19.02809848,Retain,-0.2375346133,-0.02989461024,0.207640003,0.01253607286,0.1163560744,0.4746050925,0.1538418775,3.637101556,3,0.018,0.012,0,0.646,0.324
142,288,288,919.5201975,96.99499977,8.297075669,0,-2865417.839,2037900.451,239,239,260.8305181,95.95178731,4.371468355,24.26664652,-2866741.656,2036795.682,25618.31234,2531875.559,253.1875559,253.1875559,0.2753474655,1724.23993,Retain,6.82385201,5.563870841,-1.259981169,-0.01081357866,-0.6408041631,10.09689932,-0.9654122907,4.61298113,2,0.006,0.04,0.936,0.01,0.008
143,288,288,919.5201975,96.99499977,8.297075669,0,-2865417.839,2037900.451,266,266,4.79209546,267.2850308,1.650564253,55.57263333,-2867028.178,2035952.192,1280.855183,46707.76726,4.670776726,4.670776726,0.005079580349,2527.628444,Retain,6.82385201,1.566967781,-5.256884228,1.013656192,-1.614785923,10.92546415,-5.098731682,4.995476102,2,0,0,1,0,0
144,288,288,919.5201975,96.99499977,8.297075669,0,-2865417.839,2037900.451,296,296,58.71827898,104.7360865,2.264008585,24.26664652,-2866087.942,2036180.376,6542.572353,565952.0221,56.59520221,56.59520221,0.06154862325,1845.994394,Retain,6.82385201,4.072751075,-2.751100935,0.07678429564,-1.298766172,10.09689932,-2.709351837,4.681212858,2,0.006,0.038,0.938,0.008,0.01
145,365,365,0.3639602834,816.1578195,1.3889807,49.99672029,-2867716.23,2034782.179,402,402,0.3639602834,816.1578195,1.3889807,49.99672029,-2867716.23,2034782.179,297.0490313,3639.602834,0.3639602834,0.3639602834,1,0,Retain,-1.010710529,-1.010710529,0,0,0,0,6.908754779,-5.830035072,3,0.2,0.018,0,0.604,0.178
146,396,396,6.915263122,398.9416682,2.959435112,24.26552349,-2867546.972,2034614.623,442,442,6.490642041,448.1494095,3.220784932,49.99672029,-2867546.214,2034612.261,2908.777398,64906.42524,6.490642524,6.490642524,0.93859661,2.480639903,Retain,1.933731015,1.870361454,-0.06336956168,0.116311469,0.08462668814,0.7228796438,2.711831045,0.514419028,0,0.654,0.112,0.004,0.148,0.082
147,401,401,0.1213207168,1212.15081,1.191020421,49.99731691,-2865719.841,2034588.998,445,445,0.3033015758,964.8853635,1.499022391,72.79609664,-2865683.602,2034592.402,147.0590052,1213.207168,0.1213207168,0.1213207168,1,36.39806007,Retain,-2.109317688,-1.193027669,0.9162900189,-0.2281422895,0.2300027199,0.37568673,6.908754779,5.221566739,4,0.002,0.002,0,0.334,0.662
148,403,403,0.3639617628,953.5304853,1.622772092,34.8387519,-2867820.37,2034420.865,451,451,0.3639617628,953.5304853,1.622772092,34.8387519,-2867820.37,2034420.865,347.0486363,3639.617628,0.3639617628,0.3639617628,1,0,Retain,-1.010706464,-1.010706464,0,0,0,0,6.908754779,-5.830037104,3,0.2,0.018,0,0.604,0.178
149,409,409,0.4246229826,810.4022712,1.489695362,34.8387519,-2867883.39,2034288.797,460,460,0.4246229826,810.4022712,1.489695362,34.8387519,-2867883.39,2034288.797,344.1154295,4246.229826,0.4246229826,0.4246229826,1,0,Retain,-0.8565536035,-0.8565536035,0,0,0,0,6.908754779,-5.907113534,3,0.184,0.016,0,0.604,0.196
150,459,459,2.851046727,463.1934197,2.206274861,34.83900564,-2866471.398,2033826.537,513,513,0.363964897,674.7546139,1.148340497,48.52961232,-2866539.654,2033846.568,245.5867757,3033.039841,0.3033039841,0.3033039841,0.1063833789,71.13490768,Retain,1.047686199,-1.010697853,-2.058384052,0.3762043699,-0.6529876562,0.3314284667,-2.119989859,4.313114083,2,0,0.256,0.742,0.002,0
151,459,459,2.851046727,463.1934197,2.206274861,34.83900564,-2866471.398,2033826.537,517,517,0.9705732873,654.5546363,1.819093988,48.52961232,-2866319.89,2033846.762,636.7619052,9099.081999,0.9099081999,0.9099081999,0.3191488205,152.8523169,Retain,1.047686199,-0.02986836426,-1.077554564,0.3458103398,-0.192966942,0.3314284667,-0.7560254706,5.078000592,2,0.004,0.184,0.796,0.014,0.002
153,488,488,345.3391813,141.4063524,7.412879067,0,-2865607.604,2034621.574,530,530,26.75137944,196.6352049,2.868992637,0,-2864522.326,2034069.487,5210.263501,262054.3249,26.20543249,26.20543249,0.075883172,1217.632032,Retain,5.844527068,3.28658604,-2.557941028,0.329712583,-0.9492579312,0,-2.487633007,4.754765524,2,0,0.004,0.996,0,0
154,488,488,345.3391813,141.4063524,7.412879067,0,-2865607.604,2034621.574,309,309,4.852767275,434.2626448,2.698623346,24.26633532,-2866140.053,2035685.132,2107.3751,44888.10346,4.488810346,4.488810346,0.01299826544,1189.39348,Retain,5.844527068,1.579549114,-4.264977954,1.122011846,-1.010477131,10.0968865,-4.256751028,4.731301025,2,0,0,1,0,0
155,488,488,345.3391813,141.4063524,7.412879067,0,-2865607.604,2034621.574,553,553,65.33165076,199.83829,4.556544213,24.26483857,-2865422.623,2033551.118,12516.06216,641184.3764,64.11843764,64.11843764,0.1856680073,1086.320876,Retain,5.844527068,4.179476616,-1.665050452,0.3458708123,-0.4866544136,10.09682482,-1.474263706,4.640654252,2,0,0.034,0.966,0,0
156,488,488,345.3391813,141.4063524,7.412879067,0,-2865607.604,2034621.574,457,457,46.46556239,155.0132238,2.980776512,0,-2866980.077,2035012.495,7005.716559,456769.8694,45.67698694,45.67698694,0.1322670274,1427.060563,Retain,5.844527068,3.838711444,-2.005815624,0.09187275103,-0.9110350609,0,-1.874680957,4.913474167,2,0.002,0.026,0.964,0.006,0.002
157,488,488,345.3391813,141.4063524,7.412879067,0,-2865607.604,2034621.574,285,285,0.1819787962,1082.846115,1.303083377,0,-2867015.789,2035714.253,197.0550325,1213.191727,0.1213191727,0.1213191727,3.513043967e-4,1782.395488,Retain,5.844527068,-1.703865103,-7.548392171,2.035710469,-1.738485617,0,-6.607333419,5.135815488,2,0,0,1,0,0
158,488,488,345.3391813,141.4063524,7.412879067,0,-2865607.604,2034621.574,319,319,0.9705550456,657.5981157,1.827535045,24.26633532,-2866277.283,2035577.043,638.2351691,9705.5517,0.97055517,0.97055517,0.002810440351,1166.787151,Retain,5.844527068,-0.02988715918,-5.874414227,1.536956301,-1.400250813,10.0968865,-5.568198438,4.712111491,2,0,0,1,0,0
159,488,488,345.3391813,141.4063524,7.412879067,0,-2865607.604,2034621.574,325,325,0.2426388768,812.1339978,1.128503611,72.79837055,-2866725.599,2035436.05,197.0552811,2426.387982,0.2426387982,0.2426387982,7.026101044e-4,1383.215042,Retain,5.844527068,-1.416181044,-7.260708113,1.748027671,-1.882326385,11.19546259,-6.375890196,4.882267941,2,0,0,1,0,0
160,488,488,345.3391813,141.4063524,7.412879067,0,-2865607.604,2034621.574,326,326,0.6065974174,734.5381956,1.613837231,24.26608007,-2865652.051,2035579.611,445.5689724,6065.973046,0.6065973046,0.6065973046,0.001756526156,959.0673925,Retain,5.844527068,-0.4998899412,-6.344417009,1.647604319,-1.524604186,10.09687598,-5.893027219,4.516063798,2,0,0,1,0,0
161,488,488,345.3391813,141.4063524,7.412879067,0,-2865607.604,2034621.574,328,328,0.4246186856,692.6680142,1.273267788,49.99527757,-2866283.042,2035450.739,294.1197817,4246.186856,0.4246186856,0.4246186856,0.001229569966,1069.453557,Retain,5.844527068,-0.8565637232,-6.701090791,1.588913151,-1.761632244,10.81970383,-6.105716956,4.625005446,2,0,0,1,0,0
162,488,488,345.3391813,141.4063524,7.412879067,0,-2865607.604,2034621.574,332,332,0.3639587074,812.133052,1.382128144,24.26608007,-2865547.618,2035479.785,295.5828958,3639.589603,0.3639589603,0.3639589603,0.001053917366,860.3045744,Retain,5.844527068,-1.010714859,-6.855241927,1.748026507,-1.679594457,10.09687598,-6.18795248,4.407389054,2,0,0,1,0,0
163,488,488,345.3391813,141.4063524,7.412879067,0,-2865607.604,2034621.574,354,354,0.3032992774,814.5469944,1.265455569,149.9869887,-2866290.718,2035243.415,247.0515148,3032.992774,0.3032992774,0.3032992774,8.78264888e-4,923.7590589,Retain,5.844527068,-1.193035247,-7.037562315,1.750994446,-1.767786711,11.91831049,-6.277528588,4.47855377,2,0,0,1,0,0
164,488,488,345.3391813,141.4063524,7.412879067,0,-2865607.604,2034621.574,384,384,0.7279198924,537.397168,1.29339815,210.8918004,-2866009.372,2035076.519,391.1820887,7279.198924,0.7279198924,0.7279198924,0.002107840442,606.9535229,Retain,5.844527068,-0.3175642747,-6.162091343,1.335099749,-1.745945922,12.25910523,-5.772718731,4.058555276,2,0,0,1,0,0
165,488,488,345.3391813,141.4063524,7.412879067,0,-2865607.604,2034621.574,391,391,1.819802051,486.4739407,1.851257045,174.1934894,-2866555.997,2035031.848,885.2862751,18198.02183,1.819802183,1.819802183,0.005269608205,1033.331646,Retain,5.844527068,0.598727732,-5.245799336,1.235545658,-1.38735401,12.06792771,-5.067762665,4.590645845,2,0,0.002,0.998,0,0
166,488,488,345.3391813,141.4063524,7.412879067,0,-2865607.604,2034621.574,392,392,8.492401024,289.0125297,2.375893593,24.2658412,-2865275.388,2035202.328,2454.410014,84317.4077,8.43174077,8.43174077,0.02441582429,669.0610689,Retain,5.844527068,2.139171766,-3.705355302,0.7148323654,-1.137845286,10.09686614,-3.648688965,4.155978243,2,0,0.01,0.99,0,0
167,488,488,345.3391813,141.4063524,7.412879067,0,-2865607.604,2034621.574,395,395,3.275642734,270.2634885,1.37984629,24.2658412,-2864833.282,2035135.392,885.2866323,31543.22148,3.154322148,3.154322148,0.009133982817,929.2915309,Retain,5.844527068,1.186514105,-4.658012964,0.6477596891,-1.681246793,10.09686614,-4.583693623,4.484524986,2,0,0,1,0,0
168,488,488,345.3391813,141.4063524,7.412879067,0,-2865607.604,2034621.574,418,418,0.3639615114,678.7892755,1.155201569,149.9915378,-2866562.297,2034735.813,247.0531706,3639.615985,0.3639615985,0.3639615985,0.001053925006,961.5041133,Retain,5.844527068,-1.010707155,-6.855234223,1.568673057,-1.858944055,11.91834082,-6.187948753,4.518601292,2,0,0,1,0,0
169,488,488,345.3391813,141.4063524,7.412879067,0,-2865607.604,2034621.574,419,419,0.5459411696,635.6850244,1.324981978,49.99703361,-2865213.584,2034893.224,347.0466258,5459.413018,0.5459413018,0.5459413018,0.001580884334,478.5866842,Retain,5.844527068,-0.605244057,-6.449771125,1.503065519,-1.721820044,10.81973896,-5.95904212,3.820940851,2,0,0,1,0,0
170,488,488,345.3391813,141.4063524,7.412879067,0,-2865607.604,2034621.574,426,426,0.4246219543,806.9513354,1.483349997,69.67756033,-2865863.963,2034733.283,342.649253,4246.219543,0.4246219543,0.4246219543,0.001229579432,279.6409416,Retain,5.844527068,-0.8565560253,-6.701083094,1.741625686,-1.608915861,11.15164795,-6.105712701,3.283611414,2,0,0,1,0,0
171,488,488,345.3391813,141.4063524,7.412879067,0,-2865607.604,2034621.574,436,436,0.3033015813,974.5565246,1.514047285,24.99867082,-2865185.615,2034739.62,295.584535,3033.015813,0.3033015813,0.3033015813,8.782715595e-4,438.1887792,Retain,5.844527068,-1.193027651,-7.037554719,1.930344844,-1.588432516,10.12661794,-6.277525029,3.732753511,2,0,0,1,0,0
172,488,488,345.3391813,141.4063524,7.412879067,0,-2865607.604,2034621.574,443,443,0.5459433788,630.3131836,1.313787909,48.53081618,-2865985.721,2034608.654,344.1153092,5459.434015,0.5459434015,0.5459434015,0.001580890415,378.3376848,Retain,5.844527068,-0.6052400104,-6.449767079,1.494579136,-1.730304404,10.78997487,-5.959039758,3.585891195,2,0,0,1,0,0
173,488,488,345.3391813,141.4063524,7.412879067,0,-2865607.604,2034621.574,444,444,0.1213205971,1212.151797,1.191020803,24.26535508,-2865214.84,2034661.549,147.0589798,1213.205971,0.1213205971,0.1213205971,3.513085212e-4,394.7931279,Retain,5.844527068,-2.109318675,-7.953845743,2.148514727,-1.828408145,10.09684611,-6.607330362,3.628465843,2,0,0.004,0.996,0,0
174,488,488,345.3391813,141.4063524,7.412879067,0,-2865607.604,2034621.574,446,446,0.181980863,1082.841208,1.303084872,24.26535508,-2865290.564,2034646.066,197.0563776,1819.80863,0.181980863,0.181980863,5.269626873e-4,317.9843967,Retain,5.844527068,-1.703853746,-7.548380814,2.035705937,-1.73848447,10.09684611,-6.484947614,3.412106868,2,0,0,1,0,0
175,488,488,345.3391813,141.4063524,7.412879067,0,-2865607.604,2034621.574,447,447,0.3033011178,969.7222047,1.506535652,34.83879787,-2865086.329,2034668.599,294.1178287,3033.011178,0.3033011178,0.3033011178,8.782702174e-4,523.3913974,Retain,5.844527068,-1.193029179,-7.037556247,1.925371966,-1.593406157,10.45851563,-6.277525745,3.910432873,2,0,0.002,0.998,0,0
176,488,488,345.3391813,141.4063524,7.412879067,0,-2865607.604,2034621.574,448,448,0.1819807016,1082.842029,1.303085282,97.06156335,-2864928.178,2034680.106,197.0563522,1819.807016,0.1819807016,0.1819807016,5.2696222e-4,681.9421167,Retain,5.844527068,-1.703854633,-7.548381701,2.035706695,-1.738484155,11.48311103,-6.48494792,4.175047657,2,0,0.002,0.998,0,0
177,488,488,345.3391813,141.4063524,7.412879067,0,-2865607.604,2034621.574,452,452,0.7279242853,741.4303371,1.784467014,97.06165753,-2866461.495,2034527.677,442.6437332,4852.828359,0.4852828359,0.4852828359,0.001405235381,859.0387867,Retain,5.844527068,-0.3175582399,-6.162085308,1.656943531,-1.424099123,11.483112,-6.029702191,4.405916647,2,0,0,1,0,0
178,488,488,345.3391813,141.4063524,7.412879067,0,-2865607.604,2034621.574,453,453,0.6672627377,733.9051915,1.691155196,76.96885754,-2866198.663,2034532.593,539.7049884,6066.020782,0.6066020782,0.6066020782,0.001756539979,597.7192345,Retain,5.844527068,-0.404571401,-6.249098469,1.646742176,-1.477807058,11.25116916,-5.89302219,4.043224218,2,0,0.002,0.998,0,0
179,488,488,345.3391813,141.4063524,7.412879067,0,-2865607.604,2034621.574,454,454,0.5459430069,541.420203,1.128504198,48.53081618,-2865852.715,2034576.513,295.5844647,5459.427123,0.5459427123,0.5459427123,0.001580888419,249.2190154,Retain,5.844527068,-0.6052406917,-6.44976776,1.342558016,-1.882325864,10.78997487,-5.959040534,3.168437511,2,0,0,1,0,0
180,488,488,345.3391813,141.4063524,7.412879067,0,-2865607.604,2034621.574,477,477,0.2426419986,812.1293428,1.128504402,24.26509354,-2863467.998,2034486.623,197.0566868,2426.419986,0.2426419986,0.2426419986,7.026193717e-4,2143.857029,Retain,5.844527068,-1.416168179,-7.260695247,1.748021939,-1.882325684,10.09683533,-6.375884743,5.320463711,2,0,0,1,0,0
181,488,488,345.3391813,141.4063524,7.412879067,0,-2865607.604,2034621.574,498,498,0.2426430373,1012.131363,1.406422699,34.83898971,-2865678.72,2034021.629,245.586628,2426.430373,0.2426430373,0.2426430373,7.026223795e-4,604.1453515,Retain,5.844527068,-1.416163898,-7.260690966,1.968175969,-1.662169514,10.45852114,-6.375882974,4.053917881,2,0,0,1,0,0
182,488,488,345.3391813,141.4063524,7.412879067,0,-2865607.604,2034621.574,499,499,0.3033033276,809.7069403,1.257944606,0,-2864210.228,2034163.331,197.0570453,1819.818089,0.18198180890000001,0.18198180890000001,5.269654264e-4,1470.59341,Retain,5.844527068,-1.193021893,-7.037548961,1.745034703,-1.773739778,0,-6.484945817,4.943523367,2,0,0,1,0,0
183,488,488,345.3391813,141.4063524,7.412879067,0,-2865607.604,2034621.574,500,500,1.819820336,485.6627792,1.848179487,24.26488203,-2864074.627,2034224.609,883.818803,18198.20193,1.819820193,1.819820193,0.005269660355,1583.540448,Retain,5.844527068,0.5987377799,-5.245789288,1.233876836,-1.389017808,10.09682661,-5.067754294,5.017520449,2,0,0.004,0.996,0,0
184,488,488,345.3391813,141.4063524,7.412879067,0,-2865607.604,2034621.574,501,501,0.667266981,738.2985769,1.701284388,48.52990709,-2863880.337,2034241.331,492.6422625,6672.669697,0.6672669697,0.6672669697,0.001932207539,1768.625486,Retain,5.844527068,-0.4045650417,-6.24909211,1.652710641,-1.471835414,10.78995613,-5.831067071,5.128059936,2,0,0,1,0,0
185,488,488,345.3391813,141.4063524,7.412879067,0,-2865607.604,2034621.574,502,502,3.882276683,381.8198061,2.122251076,24.26502121,-2863576.876,2034388.912,1482.33013,38822.77127,3.882277127,3.882277127,0.01124192486,2044.012525,Retain,5.844527068,1.356421756,-4.488105313,0.9933111083,-1.250741548,10.09683235,-4.39259402,5.272771977,2,0,0,1,0,0
186,488,488,345.3391813,141.4063524,7.412879067,0,-2865607.604,2034621.574,505,505,1.577176759,500.7024577,1.773842171,24.26502121,-2863735.132,2034286.746,789.6962796,15165.16152,1.516516152,1.516516152,0.004391381673,1902.172151,Retain,5.844527068,0.4556363875,-5.388890681,1.264374351,-1.43007099,10.09683235,-5.219556441,5.200853684,2,0,0,1,0,0
187,488,488,345.3391813,141.4063524,7.412879067,0,-2865607.604,2034621.574,520,520,0.9705706708,454.5516054,1.263257385,49.99873828,-2863842.768,2034065.384,392.6447486,8492.491935,0.8492491935,0.8492491935,0.002459174167,1850.403349,Retain,5.844527068,-0.02987106005,-5.874398128,1.167673773,-1.7695252909999999,10.81977305,-5.665265159,5.17326087,2,0,0,1,0,0
188,472,472,0.6066079887,647.2790771,1.42213459,102.9000269,-2866664.486,2033618.892,532,532,0.6066079887,647.2790771,1.42213459,121.3233894,-2866664.486,2033618.892,392.644659,6066.079887,0.6066079887,0.6066079887,1,0,Retain,-0.4998725142,-0.4998725142,0,0,0,0.1647002396,6.908754779,-6.085454079,3,0.144,0.016,0,0.646,0.194
189,488,488,345.3391813,141.4063524,7.412879067,0,-2865607.604,2034621.574,533,533,0.2426439219,1018.186096,1.414838726,0,-2864327.404,2033840.97,247.0566675,2426.438454,0.2426438454,0.2426438454,7.026247195e-4,1499.418045,Retain,5.844527068,-1.416160252,-7.26068732,1.974140309,-1.656203352,0,-6.375881597,4.962934418,2,0,0,1,0,0
190,488,488,345.3391813,141.4063524,7.412879067,0,-2865607.604,2034621.574,534,534,0.3639649899,808.089245,1.375258063,24.9996041,-2864187.714,2033845.718,294.1161939,3639.649899,0.3639649899,0.3639649899,0.001053934826,1618.035651,Retain,5.844527068,-1.010697597,-6.855224666,1.743034827,-1.684577506,10.12665527,-6.187943962,5.039070158,2,0,0,1,0,0
191,488,488,345.3391813,141.4063524,7.412879067,0,-2865607.604,2034621.574,541,541,0.4246260924,696.1085332,1.279603337,24.9996912,-2864096.927,2033787.284,295.5858464,4246.262169,0.4246262169,0.4246262169,0.001229591775,1725.741592,Retain,5.844527068,-0.8565462798,-6.701073348,1.59386791,-1.756668765,10.12665875,-6.105707153,5.103514134,2,0,0,1,0,0
192,478,478,1.516521983,422.790945,1.468740601,134.0879295,-2866365.591,2033571.151,543,543,1.516521983,422.790945,1.468740601,149.9971603,-2866365.591,2033571.151,641.1717624,15165.21983,1.516521983,1.516521983,1,0,Retain,0.416419544,0.416419544,0,0,0,0.1121197963,6.908754779,-6.543600108,3,0.104,0.014,0,0.736,0.146
193,485,485,5.277500437,337.1667143,2.185012374,102.8995735,-2866863.031,2033487.004,550,550,4.852875759,356.6685119,2.216457581,121.3233894,-2866857.373,2033467.051,1730.867866,48528.75494,4.852875494,4.852875494,0.9195405197,20.73943335,Retain,1.663452584,1.579571469,-0.08388111425,0.05622930298,0.01428874586,0.1647046455,2.424855296,2.772723748,0,0.428,0.044,0.034,0.396,0.098
194,25,25,1.031165287,526.2103248,1.507365515,297.1413941,-2868339.643,2040258.86,18,18,1.031165287,526.2103248,1.507365515,297.1413941,-2868339.643,2040258.86,542.6098206,10311.65287,1.031165287,1.031165287,1,0,Retain,0.03068950931,0.03068950931,0,0,0,0,6.908754779,-6.350735091,3,0.124,0.012,0.002,0.712,0.15
195,28,28,2.183649423,472.0996325,1.967977768,34.83766046,-2868861.223,2040068.059,20,20,2.183649423,472.0996325,1.967977768,34.83766046,-2868861.223,2040068.059,1030.90009,21836.49423,2.183649423,2.183649423,1,0,Retain,0.7809975245,0.7809975245,0,0,0,0,6.908754779,-6.725889098,3,0.102,0.02,0.002,0.75,0.126
196,33,33,0.7278847434,541.4332574,1.303080678,100.2441629,-2867315.736,2039899.571,25,25,0.7278847434,541.4332574,1.303080678,109.1918265,-2867315.736,2039899.571,394.1010076,7278.847434,0.7278847434,0.7278847434,1,0,Retain,-0.3176125629,-0.3176125629,0,0,0,0.08549655497,6.908754779,-6.176584055,3,0.144,0.018,0,0.654,0.184
197,35,35,1.455771073,472.7597646,1.609096605,100.2441629,-2867091.836,2039851.581,28,28,1.455770727,473.753879,1.612480005,109.1918265,-2867088.523,2039848.754,639.6908162,13344.56812,1.334456812,1.334456812,0.9166666636,4.354707084,Retain,0.3755357073,0.3755354699,-2.373869823e-7,0.00210058198,0.002100463286,0.08549655497,2.387056976,1.856084048,3,0.1,0.016,0,0.732,0.152
200,70,70,0.4852626579,815.1367522,1.601820985,49.98857087,-2866041.151,2038657.466,53,53,0.3032895832,814.5375216,1.265420629,24.99438032,-2866030.434,2038647.176,247.0407454,2426.317944,0.2426317944,0.2426317944,0.5000009592,14.85735339,Retain,-0.7230649719,-1.19306721,-0.4700022378,-7.353992912e-4,-0.2357365182,-0.6931233805,3.829081095e-6,3.632459654,1,0.058,0.652,0.13,0.156,0.004
202,123,123,0.1819755476,1082.855252,1.303082741,24.99560053,-2868602.956,2037213.709,99,99,0.1819755476,1082.855252,1.303082741,34.83824952,-2868602.956,2037213.709,197.0531775,1819.755476,0.1819755476,0.1819755476,1,0,Retain,-1.703882955,-1.703882955,0,0,0,0.3320047744,6.908754779,-5.483448859,3,0.236,0.034,0,0.57,0.16
203,139,139,0.3032934471,814.5410872,1.265434229,0,-2867757.41,2037104.081,121,121,0.3032934471,814.5410872,1.265434229,0,-2867757.41,2037104.081,247.0449741,3032.934471,0.3032934471,0.3032934471,1,0,Retain,-1.19305447,-1.19305447,0,0,0,0,6.908754779,-5.738863101,3,0.216,0.016,0,0.598,0.17
204,150,150,2.183714282,426.2940544,1.777060652,0,-2867791.549,2036980.362,136,136,1.819763093,484.0808958,1.84213069,0,-2867791.411,2036990.417,880.9125484,18197.63059,1.819763059,1.819763059,0.8333338635,10.05635166,Retain,0.781027226,0.5987063242,-0.1823209018,0.1271226561,0.0359622052,0,1.604658919,2.490155206,0,0.722,0.06,0.014,0.19,0.014
205,170,170,0.1819768242,1082.85178,1.303083134,24.99606068,-2867096.113,2036828.148,186,186,1.031203017,529.0364969,1.515489003,24.99639361,-2867128.905,2036729.563,98.52685509,606.5884806,0.06065884806,0.06065884806,0.3333328205,103.8954923,Retain,-1.70387594,0.0307260982,1.734602038,-0.7162959556,0.1510050634,1.331873182e-5,-0.6916528497,6.06769805,4,0.002,0.002,0.196,0.028,0.772
206,162,162,1.819766032,352.3272438,1.340753908,122.6610174,-2868949.458,2036768.544,156,156,1.698447572,377.4936365,1.387812439,122.6610174,-2868952.035,2036766.329,641.1532406,16377.89149,1.637789149,1.637789149,0.8999998464,3.398393895,Retain,0.5987079391,0.529714641,-0.06899329804,0.06899329804,0.03449664902,0,2.18838305,1.496608123,3,0.294,0.04,0.008,0.558,0.1
207,163,163,1.455812877,506.0850689,1.722548151,24.26725347,-2868032.509,2036817.531,157,157,1.637788256,448.9636554,1.620821279,48.5346065,-2868041.909,2036815.484,686.7728579,13344.95003,1.334495003,1.334495003,0.9166665746,9.619474422,Retain,0.3755644229,0.4933467073,0.1177822844,-0.1197628366,-0.06087169439,0.6931286286,2.387055825,2.648476311,4,0.162,0,0.006,0.274,0.558
209,232,232,431.3997727,98.16947581,5.7519022379999996,0,-2868754.82,2038183.822,232,232,415.9319089,107.1483529,6.164412426,0,-2868754.274,2038202.921,45454.60899,4087136.236,408.7136236,408.7136236,0.9474127004,19.10761708,Retain,6.067035207,6.030521566,-0.03651364083,0.08751902028,0.06926219986,0,2.873477653,0.4889867286,1,0.148,0.672,0.076,0.06,0.044
210,232,232,431.3997727,98.16947581,5.7519022379999996,0,-2868754.82,2038183.822,37,37,0.5459173717,632.997159,1.319350804,0,-2869154.675,2039019.588,345.5641453,5459.172396,0.5459172396,0.5459172396,0.001265455557,926.4935926,Retain,6.067035207,-0.6052876485,-6.672322856,1.863770604,-1.472390824,0,-6.089713921,4.370255549,2,0,0,1,0,0
211,232,232,431.3997727,98.16947581,5.7519022379999996,0,-2868754.82,2038183.822,87,87,0.1819752392,1074.860835,1.293461351,34.8381197,-2868396.7,2037526.005,195.5980576,1819.752392,0.1819752392,0.1819752392,4.218250696e-4,748.9808931,Retain,6.067035207,-1.70388465,-7.770919857,2.393251147,-1.492208782,10.45849616,-6.55639198,4.157562148,2,0,0,1,0,0
212,232,232,431.3997727,98.16947581,5.7519022379999996,0,-2868754.82,2038183.822,95,95,0.5459271546,808.1411462,1.684417077,24.9954916,-2868469.859,2037295.964,441.18619639999997,5459.271945,0.5459271945,0.5459271945,0.001265478633,932.4666597,Retain,6.067035207,-0.6052697287,-6.672304936,2.108041399,-1.2281110690000001,10.12649076,-6.089703712,4.376681809,2,0,0,1,0,0
213,232,232,431.3997727,98.16947581,5.7519022379999996,0,-2868754.82,2038183.822,180,180,0.2426359886,1006.156318,1.398099677,0,-2869404.739,2036452.058,244.1297329,2426.357697,0.2426357697,0.2426357697,5.624383345e-4,1849.702606,Retain,6.067035207,-1.416192948,-7.483228155,2.327197394,-1.414416683,0,-6.461945109,5.061628032,2,0,0,1,0,0
214,209,209,1.577136501,497.926931,1.763986779,0,-2868137.65,2036436.035,206,206,0.8492269114,637.2496434,1.656595751,134.0759487,-2868207.335,2036419.413,392.6492711,5459.319894,0.5459319894,0.5459319894,0.3461539245,71.63938874,Retain,0.4556108618,-0.1634288594,-0.6190397212,0.2467081424,-0.06281171822,11.80616916,-0.6346319407,4.616218516,1,0.024,0.548,0.41,0.016,0.002
216,283,283,15.9534461,178.9188197,2.015943459,48.53256848,-2867507.834,2035815.844,292,292,16.13542326,176.9009818,2.004543533,54.5919523,-2867506.099,2035814.34,2804.377652,158927.8572,15.89278572,15.89278572,0.9961976632,2.296132907,Retain,2.769674862,2.781017058,0.0113421956,-0.01134203104,-0.005670933241,0.1176491035,5.335846379,0.01918929485,4,0.362,0.08,0.024,0.108,0.426
217,290,290,0.3639581963,678.787471,1.155193237,34.83855694,-2867709.533,2035531.869,306,306,0.2426386602,812.1342807,1.1285035,34.83855694,-2867708.363,2035519.425,197.0551738,2426.386602,0.2426386602,0.2426386602,0.6666662892,12.49876621,Retain,-1.010716263,-1.416181938,-0.4054656743,0.1793576212,-0.02337521591,0,0.6916488534,3.603433015,1,0.266,0.476,0.014,0.242,0.002
219,297,297,2.305064581,471.4522291,2.019176626,24.99728832,-2865299.723,2035817.799,312,312,5.520017985,313.2866012,2.076381427,121.3311182,-2865263.843,2035957.321,988.2000008,20017.66284,2.001766284,2.001766284,0.8684209116,144.0619791,Retain,0.8351086937,1.708381119,0.8732724248,-0.4086993499,0.02793686254,1.579724209,1.88064801,5.125061155,4,0.03,0,0.01,0.01,0.95
220,301,301,0.7279163382,543.4325057,1.307920703,97.06485522,-2865107.545,2035703.155,320,320,0.7885760533,501.6299924,1.256609548,121.3311182,-2865109.594,2035706.665,395.5733996,7279.163382,0.7279163382,0.7279163382,1,4.063369216,Retain,-0.3175691574,-0.237526424,0.08004273338,-0.08004273338,-0.04002136669,0.223141896,6.908754779,2.133408078,4,0.094,0.006,0.002,0.4,0.498
221,315,315,0.7279173855,543.4328374,1.307922442,72.79814563,-2868640.044,2035189.107,333,333,0.6672582005,517.9087516,1.193425402,76.97064998,-2868637.387,2035184.411,345.5787527,6672.57695,0.667257695,0.667257695,0.9166667925,5.395354922,Retain,-0.3175677187,-0.4045782008,-0.08701048214,-0.04810705312,-0.09161229419,0.0557329527,2.387058646,2.416872513,3,0.232,0.034,0.016,0.564,0.154
222,309,309,0.4246187039,928.1520373,1.706136407,24.99766322,-2867857.871,2035313.472,338,338,0.4852791928,818.1641188,1.607797439,74.99369594,-2867885.45,2035264.25,197.0554852,1819.79553,0.181979553,0.181979553,0.428571684,56.42209948,Retain,-0.85656368,-0.7230308985,0.1335327815,-0.1261326019,-0.05936621116,1.098595038,-0.287098887,5.033525423,3,0.002,0.012,0.062,0.73,0.194
223,339,339,7.521818334,301.4696676,2.332384304,34.83855694,-2867441.075,2035298.131,344,344,0.6065981863,649.7070702,1.427457591,34.83864591,-2867333.166,2035235.827,394.1111304,6065.981863,0.6065981863,0.6065981863,0.08064515246,124.6043119,Retain,2.017807909,-0.4998886736,-2.517696582,0.767852194,-0.4909960971,2.553706482e-6,-2.422376852,4.388612226,2,0,0.056,0.944,0,0
224,326,326,2.487057274,393.8076827,1.751951768,49.99592907,-2865200.895,2035433.868,345,345,1.759136447,502.4181299,1.879793459,69.67734855,-2865247.584,2035435.099,883.8221154,15164.98003,1.516498003,1.516498003,0.6097559631,46.70478191,Retain,0.9111001939,0.5648230335,-0.3462771604,0.2435700258,0.07043144563,0.3319280468,0.4453659732,3.960682813,1,0.326,0.388,0.154,0.13,0.002
225,339,339,7.521818334,301.4696676,2.332384304,34.83855694,-2867441.075,2035298.131,362,362,5.338063524,424.7982392,2.768660118,34.83855694,-2867465.998,2035243.983,2267.599986,53380.6326,5.33806326,5.33806326,0.709677238,59.60807172,Retain,2.017807909,1.674862951,-0.3429449572,0.3429449189,0.1714724403,0,0.8917865712,3.651268761,0,0.632,0.196,0.096,0.058,0.018
226,344,344,0.6672590028,592.8366298,1.366083729,76.97009681,-2868445.648,2034983.317,369,369,1.091877282,448.5033912,1.322049494,48.5318035,-2868405.009,2034993.606,295.5834347,4852.792628,0.4852792628,0.4852792628,0.7272727094,41.92104221,Retain,-0.4045769984,0.08789849219,0.4924754906,-0.2790026205,-0.03276487519,-0.4611900552,0.978543258,4.510465198,4,0.01,0,0,0.094,0.896
227,355,355,218.4346404,138.024767,5.754569594,0,-2868907.814,2035782.532,244,244,0.3639553261,957.524407,1.629554765,122.6604302,-2867897.399,2036104.23,198.5147458,1819.778748,0.1819778748,0.1819778748,8.330998897e-4,1060.390741,Retain,5.386486841,-1.010724149,-6.39721099,1.936918071,-1.261687424,11.71718324,-6.301913703,4.845515208,2,0,0,1,0,0
228,355,355,218.4346404,138.024767,5.754569594,0,-2868907.814,2035782.532,367,367,151.8912956,152.6108039,5.305750104,0,-2869152.889,2035722.727,25680.27734,1392134.649,139.2134649,139.2134649,0.6373232041,252.2658685,Retain,5.386486841,5.023165105,-0.3633217364,0.1004577747,-0.08120309349,0,0.5625791948,3.409609052,2,0.062,0.37,0.558,0.008,0.002
229,355,355,218.4346404,138.024767,5.754569594,0,-2868907.814,2035782.532,185,185,5.883914312,325.9108251,2.230113792,24.26714455,-2867704.886,2036821.883,1917.631098,56412.78978,5.641278978,5.641278978,0.02582593571,1589.744544,Retain,5.386486841,1.77222224,-3.614264601,0.8591906613,-0.9479416394,10.09691985,-3.593246813,5.250450769,2,0,0,1,0,0
230,355,355,218.4346404,138.024767,5.754569594,0,-2868907.814,2035782.532,222,222,9.584142932,292.605478,2.555372174,24.26714455,-2867638.617,2036340.022,2804.372724,95841.42853,9.584142853,9.584142853,0.04387647874,1386.238969,Retain,5.386486841,2.260109955,-3.126376886,0.7513920699,-0.8117963731,10.09691985,-3.060018656,5.113471825,2,0,0.006,0.994,0,0
231,355,355,218.4346404,138.024767,5.754569594,0,-2868907.814,2035782.532,256,256,0.3639566899,941.4693936,1.602234679,48.53309863,-2867991.164,2035848.526,98.52757157,606.59672,0.060659672,0.060659672,2.777017047e-4,919.0234029,Retain,5.386486841,-1.010720402,-6.397207243,1.920008699,-1.278594922,10.79002189,-6.663414396,4.702434198,2,0,0,1,0,0
232,321,321,0.2426396026,1018.182042,1.414820501,0,-2870850.03,2034910.041,342,342,1.213196689,489.6925964,1.521542943,0,-2870863.918,2034992.847,247.0512861,2426.396026,0.2426396026,0.2426396026,1,83.96199922,Retain,-1.416178053,0.1932587678,1.609436821,-0.7319961645,0.07272224602,0,6.908754779,5.710830186,4,0.002,0,0.012,0.022,0.964
233,349,349,2.123099419,417.6678902,1.716766864,24.26576006,-2867903.047,2035001.47,360,360,0.3639597515,678.7885126,1.155197477,48.53180944,-2867836.53,2035067.985,247.0516983,3032.997291,0.3032997291,0.3032997291,0.1428570543,94.06699283,Retain,0.7528770113,-1.01071199,-1.763589002,0.4856230144,-0.3961714865,0.6931325374,-1.785950561,4.739944286,2,0.002,0.398,0.6,0,0
234,345,345,1.698477661,432.9159554,1.591580391,24.26576006,-2868154.328,2035004.027,370,370,0.6065979337,727.3004802,1.59793609,54.59152898,-2868190.503,2035022.147,441.1788595,6065.973217,0.6065973217,0.6065973217,0.357141772,40.45867887,Retain,0.5297323565,-0.4998890901,-1.029621447,0.5187960967,0.003985373418,0.8107895264,-0.5865496398,4.007804659,1,0.064,0.638,0.294,0.004,0
235,355,355,218.4346404,138.024767,5.754569594,0,-2868907.814,2035782.532,375,375,2.244416128,440.9475669,1.863518502,24.26599072,-2869719.159,2034924.169,989.6698309,22444.16159,2.244416159,2.244416159,0.01027500105,1181.12958,Retain,5.386486841,0.8084454109,-4.57804143,1.161492832,-1.127527883,10.0968723,-4.475849019,4.9533489,2,0,0,1,0,0
236,349,349,2.123099419,417.6678902,1.716766864,24.26576006,-2867903.047,2035001.47,377,377,1.091879029,495.63301740000003,1.460974246,48.53180944,-2867970.485,2035009.358,444.1077316,7885.796684,0.7885796684,0.7885796684,0.3714285168,67.89790034,Retain,0.7528770113,0.08790009159,-0.6649769197,0.171149173,-0.1613392869,0.6931325374,-0.5249942844,4.413946276,1,0.026,0.504,0.45,0.016,0.004
237,355,355,218.4346404,138.024767,5.754569594,0,-2868907.814,2035782.532,390,390,8.795696713,263.1594625,2.201654572,48.53176935,-2869231.618,2034843.103,2314.670639,87350.38214,8.735038214,8.735038214,0.03998925353,993.6676384,Retain,5.386486841,2.174262592,-3.212224249,0.6453270294,-0.9607850951,10.78999451,-3.154675668,4.780525312,2,0,0.036,0.964,0,0
238,347,347,3.578937217,412.1303151,2.199412399,24.99783768,-2868764.984,2034953.865,376,376,3.700257693,331.0602858,1.7964624279999999,48.53176935,-2868741.057,2034937.648,1277.932874,26083.77678,2.608377678,2.608377678,0.7288134773,28.90485911,Retain,1.27506589,1.308402464,0.03333657461,-0.2190391072,-0.2023708199,0.6634098956,0.9863014144,3.29887631,3,0.098,0.038,0.108,0.562,0.194
239,348,348,1.698477995,580.9567868,2.135840709,0,-2870882.04,2034759.965,379,379,1.698477995,580.9567868,2.135840709,0,-2870882.04,2034693.522,986.7423185,16984.77995,1.698477995,1.698477995,1,66.44273339,Retain,0.529732553,0.529732553,0,0,0,0,6.908754779,4.503854141,3,0.062,0.02,0.012,0.738,0.168
240,350,350,1.21320015,407.2732301,1.265456324,24.2658074,-2870758.85,2034705.202,381,381,1.21320015,407.2732301,1.265456324,24.2658074,-2870758.85,2034705.202,494.1039438,12132.0015,1.21320015,1.21320015,1,0,Retain,0.1932616203,0.1932616203,0,0,0,0,6.908754779,-6.432021146,3,0.11,0.022,0,0.72,0.148
241,367,367,0.3033008338,809.7154346,1.257952631,74.99484824,-2869271.628,2034596.566,404,404,0.3033008338,809.7154346,1.257952631,74.99484824,-2869271.628,2034596.566,245.5873665,3033.008338,0.3033008338,0.3033008338,1,0,Retain,-1.193030115,-1.193030115,0,0,0,0,6.908754779,-5.738875278,3,0.216,0.016,0,0.598,0.17
242,368,368,0.1819802597,1082.842551,1.303084328,34.83878513,-2868501.916,2034670.637,405,405,0.5459409912,630.3159988,1.313790903,97.06258636,-2868510.49,2034675.41,197.0559686,1819.802714,0.1819802714,0.1819802714,1.000000064,9.812452968,Retain,-1.703857061,-0.6052443837,1.098612677,-0.5411235752,0.008182763493,1.024606309,6.908819128,3.70804767,4,0.004,0,0,0.048,0.948
243,369,369,0.3033006109,814.5471079,1.265458527,208.1074057,-2870482.533,2034462.544,406,406,0.3033006109,814.5471079,1.265458527,208.1074057,-2870482.533,2034462.544,247.0526354,3033.006109,0.3033006109,0.3033006109,1,0,Retain,-1.19303085,-1.19303085,0,0,0,0,6.908754779,-5.738874911,3,0.216,0.016,0,0.598,0.17
244,370,370,1.941124529,355.3074813,1.396452342,99.99257898,-2869570.209,2034591.859,407,407,1.941124529,355.3074813,1.396452342,102.8948827,-2869570.209,2034591.859,689.6960674,19411.24529,1.941124529,1.941124529,1,0,Retain,0.6632674594,0.6632674594,0,0,0,0.02861165595,6.908754779,-6.667024066,3,0.102,0.022,0.002,0.742,0.132
245,371,371,0.4852815917,609.0981377,1.196958928,24.26558705,-2868704.081,2034606.637,417,417,0.4246213468,935.0536175,1.718828296,123.6857457,-2868725.092,2034575.517,197.0561184,1819.8044400000001,0.181980444,0.181980444,0.374999685,37.54880568,Retain,-0.723025955,-0.8565574558,-0.1335315009,0.4286244721,0.3618587217,1.62865174,-0.5097625688,4.559546124,3,0.046,0.414,0.018,0.462,0.06
246,378,378,0.2426407965,812.1311184,1.128504074,76.96937239,-2870714.123,2034307.671,422,422,0.2426407965,812.1311184,1.128504074,76.96937239,-2870714.123,2034307.671,197.0561414,2426.407965,0.2426407965,0.2426407965,1,0,Retain,-1.416173133,-1.416173133,0,0,0,0,6.908754779,-5.62730377,3,0.23,0.028,0,0.576,0.166
247,390,390,0.2426410761,1012.141675,1.406431345,24.26544609,-2869107.163,2034389.823,434,434,0.2426410761,1012.141675,1.406431345,24.26551246,-2869107.163,2034389.823,245.5871451,2426.410761,0.2426410761,0.2426410761,1,0,Retain,-1.416171981,-1.416171981,0,0,0,2.735141601e-6,6.908754779,-5.627304346,3,0.23,0.028,0,0.576,0.166
248,393,393,1.213206435,568.4910085,1.766387655,24.26544609,-2868973.156,2034377.32,431,431,0.3033010923,814.5481412,1.265461136,24.26551246,-2869022.377,2034434.207,197.0561066,1213.203447,0.1213203447,0.1213203447,0.09999975371,75.22567159,Retain,0.1932668013,-1.193029263,-1.386296064,0.3596480346,-0.3334999976,2.735141601e-6,-2.188387453,4.796237386,2,0,0.496,0.5,0.002,0.002
249,393,393,1.213206435,568.4910085,1.766387655,24.26544609,-2868973.156,2034377.32,439,439,0.2426415387,1012.139962,1.406430306,24.99866226,-2868998.635,2034337.26,245.5871979,2426.415387,0.2426415387,0.2426415387,0.2000002074,47.47610627,Retain,0.1932668013,-1.416170074,-1.609436875,0.5768366461,-0.22788179150000001,0.02976773836,-1.382554748,4.335979164,1,0,0.842,0.156,0.002,0
250,413,413,6.551319913,323.459919,2.335500396,54.59104599,-2868472.472,2034242.37,441,441,0.3639618239,816.1600047,1.388987358,72.79625595,-2868500.718,2034398.738,297.0510839,3639.618239,0.3639618239,0.3639618239,0.05555549549,158.8984843,Retain,1.879666543,-1.010706296,-2.890372839,0.9255352116,-0.519651208,0.2877900671,-2.816432815,4.7008035,2,0,0.026,0.974,0,0
251,413,413,6.551319913,323.459919,2.335500396,54.59104599,-2868472.472,2034242.37,456,456,0.3639621369,957.5587112,1.629628393,49.99766657,-2868607.998,2034330.061,98.52808559,606.6020001,0.06066020001,0.06066020001,0.009259233378,161.4212216,Retain,1.879666543,-1.010705436,-2.890371979,1.085311828,-0.3598741615,-0.08789185785,-4.571283632,4.716555098,2,0,0.132,0.868,0,0
252,407,407,1.516508867,519.7633512,1.805606871,199.9879736,-2869436.296,2034222.519,459,459,1.516508867,519.7633512,1.805606871,199.9879736,-2869436.296,2034222.519,788.2257306,15165.08867,1.516508867,1.516508867,1,0,Retain,0.4164108949,0.4164108949,0,0,0,0,6.908754779,-6.543595784,3,0.102,0.014,0,0.74,0.144
253,413,413,6.551319913,323.459919,2.335500396,54.59104599,-2868472.472,2034242.37,466,466,4.36754853,269.3663384,1.588024727,49.99766657,-2868471.417,2034191.553,1276.465832,40035.8695,4.00358695,4.00358695,0.6111115016,50.8272904,Retain,1.879666543,1.474201875,-0.4054646682,-0.1830029025,-0.3857352366,-0.08789185785,0.4510536616,3.560984769,2,0.064,0.194,0.646,0.074,0.022
254,440,440,0.1819818011,1082.838504,1.303084976,99.99714647,-2867927.74,2033921.141,490,490,0.1819818011,1082.838504,1.303084976,99.99714647,-2867927.74,2033921.141,197.0569012,1819.818011,0.1819818011,0.1819818011,1,0,Retain,-1.703848591,-1.703848591,0,0,0,0,6.908754779,-5.483466041,3,0.236,0.03,0,0.568,0.166
255,450,450,0.3033034531,809.7064321,1.257944077,99.99714647,-2867950.117,2033761.683,508,508,0.3033034531,809.7064321,1.257944077,99.99714647,-2867950.117,2033761.683,245.5867569,3033.034531,0.3033034531,0.3033034531,1,0,Retain,-1.193021479,-1.193021479,0,0,0,0,6.908754779,-5.738879596,3,0.216,0.016,0,0.598,0.17
256,531,531,0.7886182437,688.1138597,1.723807568,1950.67766,-2851919.167,2031501.733,607,607,0.3639775385,816.1886102,1.389066027,1951.808423,-2851946.324,2031464.745,297.0743213,3639.77834,0.363977834,0.363977834,0.4615386937,45.88749162,Retain,-0.2374729236,-1.010663121,-0.773190197,0.1706911502,-0.2159039483,5.795089377e-4,-0.1538408451,4.517315763,1,0.014,0.65,0.268,0.068,0
257,546,546,0.5459763272,721.874127,1.504677583,25.00531508,-2841588.939,2030635.958,626,626,0.5459763272,721.874127,1.504677583,25.00531508,-2841588.939,2030635.958,394.1261846,5459.763272,0.5459763272,0.5459763272,1,0,Retain,-0.6051796609,-0.6051796609,0,0,0,0,6.908754779,-6.032800506,3,0.144,0.016,0.002,0.63,0.208
258,545,545,1.819919144,404.0082736,1.537486722,50.01054472,-2841013.646,2030740.62,632,632,8.978280663,356.2543181,3.011284535,0,-2841108.362,2030561.159,735.2622825,18199.18649,1.819918649,1.819918649,0.9999997282,202.9217636,Retain,0.5987920735,2.194808401,1.596016328,-0.1257905046,0.6722176592,-10.82000915,6.908482706,5.585794338,4,0,0,0.098,0.004,0.898
262,549,549,2.608551018,377.154144,1.718357882,50.01084002,-2841328.465,2030644.652,625,625,0.6673035345,515.6805941,1.18833139,24.26045835,-2841421.2,2030687.354,344.1154831,6066.396768,0.6066396768,0.6066396768,0.2325581032,102.094396,Retain,0.9587949018,-0.4045102624,-1.363305164,0.3128335963,-0.3688189858,-0.7233707627,-1.190934072,4.718875123,2,0.006,0.066,0.926,0.002,0
263,550,550,1.152617029,639.1991912,1.93585935,25.00531508,-2841704.246,2030489.512,627,627,1.152617029,639.1991912,1.93585935,25.00531508,-2841704.246,2030489.512,736.7518724,11526.17029,1.152617029,1.152617029,1,0,Retain,0.142035034,0.142035034,0,0,0,0,6.908754779,-6.406407853,3,0.116,0.014,0,0.72,0.15
266,554,554,0.4246488378,699.6022565,1.286060026,145.5618373,-2840502.755,2030451.326,629,629,0.5459772797,633.0045116,1.319438519,145.5618373,-2840497.372,2030455.814,297.0852851,4246.488378,0.4246488378,0.4246488378,1,7.00851992,Retain,-0.8564927155,-0.6051779163,0.2513147992,-0.1000344191,0.0256229805,0,6.908754757,2.947880514,4,0.038,0,0,0.216,0.746
267,555,555,1.395275892,599.7190784,1.998356549,50.01084002,-2841359.608,2030382.894,630,630,1.395275892,599.7190784,1.998356549,50.01084002,-2841359.608,2030382.894,836.7735722,13952.75892,1.395275892,1.395275892,1,0,Retain,0.333092168,0.333092168,0,0,0,0,6.908754779,-6.50193642,3,0.108,0.016,0,0.72,0.156
269,556,556,3.093870778,351.2844354,1.743030798,34.84025447,-2840766.829,2030471.259,631,631,3.336527232,340.2786647,1.753384346,24.2601816,-2840771.563,2030466.601,1038.308196,30332.06771,3.033206771,3.033206771,0.9803921974,6.641711195,Retain,1.129422986,1.204930515,0.07550752918,-0.03183136856,0.005922396035,-0.3619245497,3.863302403,1.901173643,4,0.22,0.002,0.002,0.206,0.57
270,558,558,0.3639852175,812.107554,1.382135084,34.84025447,-2840911.109,2030276.359,633,633,0.3639852175,812.107554,1.382135084,0,-2840911.109,2030276.359,295.5951447,3639.852175,0.3639852175,0.3639852175,1,0,Retain,-1.010642023,-1.010642023,0,0,0,-10.45855744,6.908754779,-5.830069324,3,0.278,0.016,0.014,0.548,0.144
271,559,559,0.1213287735,1224.306883,1.20300453,150.034979,-2840915.936,2030066.626,634,634,0.1213287735,1224.306883,1.20300453,150.034979,-2840915.936,2030066.626,148.5436524,1213.287735,0.1213287735,0.1213287735,1,0,Retain,-2.109251282,-2.109251282,0,0,0,0,6.908754779,-5.280764695,3,0.222,0.052,0,0.564,0.162
272,32,32,0.4245989953,699.535134,1.285861167,0,-2869060.049,2039766.055,24,24,0.4245989953,699.535134,1.285861167,0,-2869060.049,2039766.055,297.0219151,4245.989953,0.4245989953,0.4245989953,1,0,Retain,-0.8566100958,-0.8566100958,0,0,0,0,6.908754779,-5.907085288,3,0.184,0.016,0,0.604,0.196
273,27,27,0.6672257035,594.9874102,1.371005599,436.8580745,-2870195.64,2039924.284,19,19,0.1819708345,1090.810714,1.31263916,461.1279239,-2870179.48,2039893.855,198.495736,1819.708345,0.1819708345,0.1819708345,0.2727275547,34.453527,Retain,-0.4046269042,-1.7039088550000001,-1.29928195,0.6061362273,-0.04350474787,0.05406700606,-0.9785419305,4.314318792,1,0.002,0.778,0.218,0.002,0
274,31,31,0.5459125562,632.9974178,1.319345524,24.9927941,-2868953.989,2039880.825,21,21,0.5459125562,632.9974178,1.319345524,24.9927941,-2868953.989,2039880.825,345.5612384,5459.125562,0.5459125562,0.5459125562,1,0,Retain,-0.6052964695,-0.6052964695,0,0,0,0,6.908754779,-6.032742101,3,0.144,0.016,0.002,0.63,0.208
276,38,38,0.9098579554,488.0846058,1.31333941,24.26955148,-2869446.127,2039509.312,30,30,0.9098579554,488.0846058,1.31333941,24.26955304,-2869446.127,2039509.312,444.0876615,9098.579554,0.9098579554,0.9098579554,1,0,Retain,-0.09446678467,-0.09446678467,0,0,0,6.433571269e-8,6.908754779,-6.288156944,3,0.13,0.012,0,0.692,0.166
277,39,39,0.2426289529,812.1486909,1.128500949,145.6168813,-2869660.313,2039428.079,31,31,0.2426289529,812.1486909,1.128500949,145.6168813,-2869660.313,2039428.079,197.0507865,2426.289529,0.2426289529,0.2426289529,1,0,Retain,-1.416221945,-1.416221945,0,0,0,0,6.908754779,-5.627279363,3,0.23,0.028,0,0.576,0.166
278,42,42,1.395120013,422.6910754,1.408393236,314.4501172,-2870546.071,2039104.076,34,34,1.395120013,422.6910754,1.408393236,314.4501172,-2870546.071,2039104.076,589.7047786,13951.20013,1.395120013,1.395120013,1,0,Retain,0.3329804424,0.3329804424,0,0,0,0,6.908754779,-6.501880557,3,0.108,0.016,0,0.72,0.156
279,46,46,0.6672329049,592.8244754,1.366029007,314.4501172,-2870875.395,2038787.713,38,38,0.545917945,635.651873,1.324884698,314.4501172,-2870869.593,2038794.092,347.0137642,5459.176727,0.5459176727,0.5459176727,0.8181815806,8.622121566,Retain,-0.4046161113,-0.6052865985,-0.2006704872,0.069752683,-0.0305825606,0,1.499812353,2.929120148,3,0.294,0.142,0.034,0.472,0.058
280,91,91,0.3639490783,678.7823604,1.155170069,74.98437915,-2870432.152,2037786.437,73,73,0.3639490783,678.7823604,1.155170069,74.98437915,-2870432.152,2037786.437,247.0422145,3639.490783,0.3639490783,0.3639490783,1,0,Retain,-1.010741316,-1.010741316,0,0,0,0,6.908754779,-5.830019678,3,0.2,0.018,0,0.604,0.178
281,103,103,1.091849047,451.1900622,1.329951774,142.6405548,-2870219.27,2037668.389,79,79,1.091849047,451.1900622,1.329951774,142.6405548,-2870219.27,2037668.389,492.6314396,10918.49047,1.091849047,1.091849047,1,0,Retain,0.08787263284,0.08787263284,0,0,0,0,6.908754779,-6.379326652,3,0.118,0.01,0.002,0.716,0.154
283,116,116,39.91311084,175.337759,3.124843766,24.26796214,-2870980.92,2037626.09,93,93,42.82469283,209.2608783,3.863049206,24.26796214,-2870910.301,2037665.338,7586.524597,371834.9533,37.18349533,37.18349533,0.9316110558,80.79241422,Retain,3.686704862,3.757114871,0.07041000911,0.1768675297,0.2120725343,0,2.598260689,3.120907967,4,0.23,0.042,0.096,0.066,0.566
284,144,144,0.6065873622,734.5282173,1.613801932,69.67653632,-2870962.312,2036815.162,120,120,0.4852697052,712.1235864,1.399400511,69.67653632,-2870963.951,2036832.582,345.5720028,4852.697052,0.4852697052,0.4852697052,0.7999996957,17.49711373,Retain,-0.4999065178,-0.7230504495,-0.2231439316,-0.03097693914,-0.142548905,0,1.382554145,3.68441129,3,0.142,0.192,0.056,0.556,0.054
285,153,153,0.2426352236,812.1393975,1.128502618,72.80213606,-2870907.802,2036624.463,141,141,0.2426352236,812.1393975,1.128502618,97.06961431,-2870907.802,2036624.463,197.0536243,2426.352236,0.2426352236,0.2426352236,1,0,Retain,-1.416196101,-1.416196101,0,0,0,0.2876796641,6.908754779,-5.627292286,3,0.23,0.03,0,0.58,0.16
286,160,160,0.3032939964,814.5425979,1.265437722,24.2673471,-2869208.755,2036726.58,152,152,0.3032939964,814.5425979,1.265437722,24.2673471,-2869208.755,2036726.58,247.0458798,3032.939964,0.3032939964,0.3032939964,1,0,Retain,-1.193052659,-1.193052659,0,0,0,0,6.908754779,-5.738864007,3,0.216,0.016,0,0.598,0.17
287,180,180,0.2426359148,1012.167989,1.406452951,24.996363,-2869350.19,2036519.956,174,174,0.2426359148,1012.167989,1.406452951,24.996363,-2869350.19,2036519.956,245.5883059,2426.359148,0.2426359148,0.2426359148,1,0,Retain,-1.416193252,-1.416193252,0,0,0,0,6.908754779,-5.62729371,3,0.23,0.028,0,0.576,0.166
288,195,195,1.031200066,808.6044985,2.316342028,24.26698204,-2869022.634,2036421.541,190,190,0.3032948461,969.7572538,1.506574527,74.9895353,-2869068.59,2036428.443,294.1221592,3032.937202,0.3032937202,0.3032937202,0.2941172428,46.47176205,Retain,0.03072323666,-1.193049857,-1.223773094,0.1817358659,-0.430150681,1.128204039,-0.8734921103,4.395869703,1,0.016,0.592,0.382,0.01,0
289,267,267,0.3639573634,678.7868521,1.155190862,48.53286341,-2870124.756,2035555.78,269,269,0.3639573634,678.7868521,1.155190862,48.53286341,-2870124.756,2035555.78,247.049473,3639.573634,0.3639573634,0.3639573634,1,0,Retain,-1.010718552,-1.010718552,0,0,0,0,6.908754779,-5.83003106,3,0.2,0.018,0,0.604,0.178
290,285,285,0.4852768089,606.0877643,1.191037274,48.53252665,-2870950.435,2035264.659,293,293,0.4852768089,606.0877643,1.191037274,34.83854486,-2870950.435,2035264.659,294.1203362,4852.768089,0.4852768089,0.4852768089,1,0,Retain,-0.7230358108,-0.7230358108,0,0,0,-0.3315017421,6.908754779,-5.973872431,3,0.19,0.016,0.004,0.614,0.176
291,282,282,0.6672556058,592.8343555,1.366075011,99.98911569,-2870687.241,2035352.201,294,294,0.8492344981,581.817681,1.512501441,72.79890329,-2870692.648,2035337.344,395.572047,6672.55727,0.667255727,0.667255727,1.000000182,15.80978749,Retain,-0.4045820893,-0.1634199258,0.2411621636,-0.01875789113,0.1018231907,-0.3173567112,6.908936503,3.535348447,4,0.018,0.002,0,0.234,0.746
292,7,7,0.1213125107,1224.1725,1.202791867,48.5414895,-2874681.486,2040587.027,1,1,0.1213125107,1224.1725,1.202791867,48.5414895,-2874681.486,2040587.027,148.5074395,1213.125107,0.1213125107,0.1213125107,1,0,Retain,-2.10938533,-2.10938533,0,0,0,0,6.908754779,-5.280697671,3,0.222,0.052,0,0.564,0.162
293,8,8,0.3639371832,678.7760289,1.155140417,24.27081582,-2874764.887,2040566.617,2,2,0.3639371832,678.7760289,1.155140417,24.27081582,-2874764.887,2040566.617,247.031836,3639.371832,0.3639371832,0.3639371832,1,0,Retain,-1.010774,-1.010774,0,0,0,0,6.908754779,-5.830003336,3,0.2,0.018,0,0.604,0.178
299,14,14,32.87565812,236.4908764,3.825134289,24.2708137,-2871133.972,2040926.654,7,7,1.455748965,577.7523525,1.966436992,24.27080121,-2871641.258,2040877.536,841.062389,14557.48847,1.455748847,1.455748847,0.04428044732,509.658498,Retain,3.492732509,0.3755205204,-3.117211989,0.8932356913,-0.665370303,-5.147141939e-7,-3.050634987,5.05974154,2,0,0.006,0.994,0,0
300,14,14,32.87565812,236.4908764,3.825134289,24.2708137,-2871133.972,2040926.654,8,8,2.183626468,383.1871939,1.597332137,24.99144881,-2870664.076,2040862.818,836.7376989,20623.13966,2.062313966,2.062313966,0.06273072795,474.2120989,Retain,3.492732509,0.7809870122,-2.711745497,0.4826139969,-0.8732587515,0.02925798448,-2.689370147,4.987655485,2,0,0.004,0.996,0,0
301,18,18,0.7885334695,751.509923,1.882521103,34.83741938,-2871561.447,2040511.092,11,11,0.4852515539,815.1261053,1.601781736,24.99197647,-2871583.201,2040530.526,395.5412092,3639.382662,0.3639382662,0.3639382662,0.461538134,29.1702059,Retain,-0.2375804264,-0.7230878547,-0.4855074284,0.08125841838,-0.1614952958,-0.3321259388,-0.1538430927,4.06433728,1,0.032,0.73,0.134,0.104,0
302,21,21,3.760704612,433.2341721,2.370022038,54.59681046,-2872303.39,2040315.048,14,14,3.457422473,456.7802387,2.3959546880000002,34.83755283,-2872296.137,2040329.36,1579.282263,34574.22563,3.457422563,3.457422563,0.9193549932,16.0451267,Retain,1.324606337,1.240523361,-0.08408297521,0.05292400202,0.01088251442,-0.4492691669,2.422378794,2.685529268,3,0.398,0.064,0.034,0.42,0.084
303,34,34,368.1248397,104.5686096,5.659707188,24.27037007,-2873449.659,2040100.341,27,27,290.4234288,104.535403,5.025442292,24.2707153,-2874037.376,2040130.083,29284.40433,2763511.929,276.3511929,276.3511929,0.7506996625,588.4693552,Retain,5.908422119,5.671339957,-0.2370821617,-3.176081814e-4,-0.118858689,1.422353485e-5,1.099675312,3.995680435,2,0.076,0.066,0.814,0.022,0.022
304,34,34,368.1248397,104.5686096,5.659707188,24.27037007,-2873449.659,2040100.341,23,23,127.1361721,115.400123,3.670590238,24.27080121,-2871281.802,2040334.27,9796.719153,809160.871,80.9160871,80.9160871,0.2198061048,2180.441625,Retain,5.908422119,4.845258733,-1.063163386,0.09856201262,-0.4330196804,1.776297022e-5,-1.263538422,5.305437057,2,0.002,0.044,0.952,0.002,0
305,34,34,368.1248397,104.5686096,5.659707188,24.27037007,-2873449.659,2040100.341,13,13,0.1819696911,1082.870259,1.303079831,55.56490115,-2875512.919,2040010.804,197.0495665,1819.696911,0.1819696911,0.1819696911,4.943151655e-4,2065.201822,Retain,5.908422119,-1.703915138,-7.612337257,2.337527035,-1.468641594,0.8282722549,-6.506592817,5.251137603,2,0,0,1,0,0
306,65,65,1.031182253,573.2794572,1.642211778,34.83798377,-2874527.705,2037981.149,50,50,1.031182253,573.2794572,1.642211778,34.83798377,-2874527.705,2037981.149,591.1556024,10311.82253,1.031182253,1.031182253,1,0,Retain,0.03070596281,0.03070596281,0,0,0,0,6.908754779,-6.350743317,3,0.124,0.012,0.002,0.712,0.15
307,69,69,0.1213159119,1212.233474,1.191078057,147.7408872,-2871146.149,2038120.924,55,55,0.1213159119,1212.233474,1.191078057,48.53708005,-2871146.149,2038120.924,147.0632093,1213.159119,0.1213159119,0.1213159119,1,0,Retain,-2.109357293,-2.109357293,0,0,0,-1.1131181,6.908754779,-5.280711689,3,0.268,0.042,0,0.542,0.148
310,74,74,0.3639473556,949.4971048,1.615875875,74.98367987,-2871344.374,2038068.793,54,54,0.1213155489,1212.235334,1.191078103,72.80574072,-2871363.605,2038100.456,147.062995,1213.155603,0.1213155603,0.1213155603,0.3333327153,37.04569842,Retain,-1.010746049,-2.109360286,-1.098614236,0.2442888371,-0.3050182811,-0.02947528102,-0.6916533217,4.689917204,1,0.01,0.638,0.304,0.048,0
311,86,86,0.3639487202,674.7901998,1.148375538,24.99467125,-2872312.865,2037697.275,67,67,0.2426324873,812.1434402,1.128501872,24.99476769,-2872324.946,2037696.137,197.0523829,2426.324873,0.2426324873,0.2426324873,0.6666666863,12.13416288,Retain,-1.0107423,-1.416207378,-0.4054650787,0.1852751476,-0.01745739176,3.858071718e-6,0.6916506357,3.573843355,1,0.288,0.462,0.016,0.232,0.002
312,114,114,0.3639509975,674.785141,1.148370522,72.80341284,-2872350.93,2037066.049,91,91,0.3639509975,674.785141,1.148370522,72.80341284,-2872350.93,2037066.049,245.5887252,3639.509975,0.3639509975,0.3639509975,1,0,Retain,-1.010736043,-1.010736043,0,0,0,0,6.908754779,-5.830022315,3,0.2,0.018,0,0.604,0.178
313,328,328,723.3457082,108.1299728,8.203782097,0,-2873509.882,2037885.554,521,521,1048.785056,114.4683211,10.45739774,0,-2873415.386,2036962.248,81076.96098,6922884.628,692.2884628,692.2884628,0.9570644506,928.1292769,Retain,6.583887266,6.955387684,0.3715004177,0.05696415726,0.2427143661,0,3.082191279,4.113593418,4,0.03,0.068,0.042,0.008,0.852
314,121,121,0.7885610638,691.8108463,1.733006132,48.53525288,-2872214.658,2036933.072,109,109,2.062392007,526.914413,2.134620887,48.5353741,-2872277.461,2036821.524,545.5350969,7885.609547,0.7885609547,0.7885609547,0.9999998617,128.0129875,Retain,-0.2375454326,0.7238664776,0.9614119102,-0.2722744435,0.2084315116,2.497364743e-6,6.908616316,5.543277195,4,0,0,0.014,0.006,0.98
315,118,118,1.516462505,486.804919,1.691086663,194.1419868,-2872680.525,2037004.382,90,90,0.6065850985,567.2991751,1.246387511,24.26773158,-2872634.316,2037046.895,344.115226,6065.849968,0.6065849968,0.6065849968,0.3999999965,62.79049693,Retain,0.4163803234,-0.4999102496,-0.916290573,0.1530233444,-0.3051219421,-2.079406177,-0.4046335218,4.503994446,2,0.034,0.264,0.654,0.042,0.006
316,118,118,1.516462505,486.804919,1.691086663,194.1419868,-2872680.525,2037004.382,94,94,0.6672441687,592.8288405,1.366050596,24.26773158,-2872727.04,2036965.583,395.5614779,6672.436782,0.6672436782,0.6672436782,0.440000116,60.571851530000004,Retain,0.4163803234,-0.40459923,-0.8209795534,0.1970422583,-0.2134475184,-2.079406177,-0.2406755603,4.468021579,2,0.028,0.248,0.69,0.028,0.006
317,125,125,1.455805852,473.7487811,1.612482106,24.26768673,-2871005.063,2037021.193,100,100,1.273830473,503.3250334,1.602505084,24.99542125,-2870995.046,2037014.963,641.1507655,12738.30586,1.273830586,1.273830586,0.8750003197,11.79664751,Retain,0.3755595976,0.2420284819,-0.1335311157,0.06055896759,-0.006206590274,0.02954575695,1.939087086,2.852485292,3,0.274,0.052,0.01,0.588,0.076
318,328,328,723.3457082,108.1299728,8.203782097,0,-2873509.882,2037885.554,275,275,0.2426384977,812.1344631,1.128503375,24.26630943,-2874056.909,2035122.757,148.5221591,1213.192525,0.1213192525,0.1213192525,1.677195995e-4,2816.431778,Retain,6.583887266,-1.416182607,-8.000069873,2.016331966,-1.983702971,10.09688543,-6.753534427,5.223647701,2,0,0,1,0,0
319,328,328,723.3457082,108.1299728,8.203782097,0,-2873509.882,2037885.554,282,282,0.4852761899,612.1141909,1.202879179,48.53271373,-2873955.582,2035082.088,297.0444423,4852.764388,0.4852764388,0.4852764388,6.708776084e-4,2838.673993,Retain,6.583887266,-0.7230370864,-7.306924352,1.733584896,-1.91987728,10.79001396,-6.394735345,5.23151398,2,0,0,1,0,0
322,136,136,2.305027625,407.0182619,1.743199251,0,-2873897.491,2036671.299,119,119,2.729638012,451.4561535,2.104084483,0,-2873902.712,2036662.409,938.1883375,23050.27594,2.305027594,2.305027594,0.9999999865,10.30954905,Retain,0.8350926612,1.004169004,0.1690763429,0.1036202013,0.1881583727,0,6.908741241,2.487986163,4,0.156,0.008,0.004,0.194,0.638
323,141,141,0.5459291218,719.2326737,1.499106915,169.8723453,-2872563.568,2036620.614,128,128,0.7885636616,561.3267313,1.406141975,24.26739161,-2872555.425,2036609.364,392.6500619,5459.287707,0.5459287707,0.5459287707,0.999999357,13.88758381,Retain,-0.6052661253,-0.2375421383,0.367723987,-0.247881768,-0.0640197745,-1.945878385,6.908111344,3.506065199,4,0.024,0.004,0.012,0.064,0.896
324,142,142,2.547664577,464.0800731,2.089580531,0,-2873090.212,2036670.643,126,126,2.547664577,464.0800731,2.089580531,0,-2873090.212,2036670.643,1182.320363,25476.64577,2.547664577,2.547664577,1,0,Retain,0.9351770875,0.9351770875,0,0,0,0,6.908754779,-6.80297888,3,0.11,0.022,0.002,0.744,0.122
326,143,143,0.3639521147,678.7848827,1.15517918,89.32427329,-2872805.214,2036583.909,127,127,0.3639521147,678.7848827,1.15517918,144.6380532,-2872805.214,2036583.909,247.0451935,3639.521147,0.3639521147,0.3639521147,1,0,Retain,-1.010732973,-1.010732973,0,0,0,0.4819568875,6.908754779,-5.83002385,3,0.202,0.02,0,0.604,0.174
329,156,156,0.4246120387,817.2864378,1.502330595,48.53461942,-2874054.009,2036329.978,145,145,0.4246120387,817.2864378,1.502330595,48.53461942,-2874054.009,2036329.978,347.0296605,4246.120387,0.4246120387,0.4246120387,1,0,Retain,-0.8565793771,-0.8565793771,0,0,0,0,6.908754779,-5.907100647,3,0.184,0.016,0,0.604,0.196
330,165,165,1.819765597,352.3274028,1.340754353,89.32427329,-2872882.871,2036373.231,155,155,0.9705421727,506.0848616,1.406454284,24.9962046,-2872884.66,2036359.882,491.1767012,9705.422821,0.9705422821,0.9705422821,0.5333336798,13.46895216,Retain,0.5987076998,-0.02990042271,-0.6286081225,0.3621435011,0.04783943989,-1.273520461,0.1332654619,2.873472532,1,0.332,0.368,0.282,0.012,0.006
332,166,166,0.7885654965,561.3260072,1.406141797,24.26734904,-2872271.744,2036404.325,149,149,0.181976779,1082.850928,1.303081947,97.06937311,-2872251.688,2036443.551,147.0614725,1213.177488,0.1213177488,0.1213177488,0.1538461287,44.05654307,Retain,-0.2375398114,-1.703876188,-1.466336377,0.6570507359,-0.07611745242,1.386263219,-1.699450439,4.476631425,1,0.002,0.884,0.112,0.002,0
334,266,266,93.41444907,179.9329173,4.905832521,24.26712687,-2871489.523,2036725.39,213,213,16.13527235,228.6703867,2.591153518,24.26695586,-2871908.361,2036363.683,2460.258735,107366.2624,10.73662624,10.73662624,0.1149353911,553.4045868,Retain,4.537046034,2.781007705,-1.75603833,0.2396975075,-0.6383216573,-7.046412599e-6,-2.033756807,4.619933088,2,0,0.02,0.976,0.002,0.002
335,266,266,93.41444907,179.9329173,4.905832521,24.26712687,-2871489.523,2036725.39,208,208,66.5424881,159.976942,3.681306492,0,-2871500.083,2036935.679,11084.9881,647227.3164,64.72273164,64.72273164,0.69285568,210.5545751,Retain,4.537046034,4.197840662,-0.3392053718,-0.1175544075,-0.2871570934,-10.09691912,0.8116957404,3.653591559,2,0.024,0.036,0.902,0.022,0.016
336,266,266,93.41444907,179.9329173,4.905832521,24.26712687,-2871489.523,2036725.39,129,129,0.2426349474,812.1398058,1.128502543,24.26745367,-2871910.1,2036655.644,197.0534991,2426.348347,0.2426348347,0.2426348347,0.002597401549,426.3206297,Retain,4.537046034,-1.416197239,-5.953243273,1.5070884,-1.469533237,1.346615729e-5,-5.625944807,4.359035987,2,0,0,1,0,0
337,173,173,0.7885662375,689.9671338,1.728393249,76.97357388,-2874782.724,2036109.839,162,162,0.7885658094,686.2696895,1.719130547,24.2672972,-2874765.943,2036130.734,444.0996948,4246.12102,0.424612102,0.424612102,0.5384609203,26.79874007,Retain,-0.2375388717,-0.2375394146,-5.429165813e-7,-0.005373280299,-0.005373551757,-1.154304301,0.1538392952,3.979526567,3,0.012,0.016,0.022,0.92,0.03
338,192,192,1.455815832,473.7473769,1.612482854,24.26721705,-2871480.287,2036232.681,193,193,1.273839631,465.223815,1.481202323,48.53431669,-2871470.745,2036236.12,641.1546778,11525.21131,1.152521131,1.152521131,0.7916668481,10.14283878,Retain,0.3755664526,0.2420356712,-0.1335307813,-0.01815560724,-0.0849209979,0.693124158,1.331476006,2.701448221,3,0.286,0.03,0.032,0.622,0.03
339,266,266,93.41444907,179.9329173,4.905832521,24.26712687,-2871489.523,2036725.39,268,268,13.89099398,245.072749,2.576657842,0,-2870983.705,2035722.73,3655.735458,101907.7086,10.19077086,10.19077086,0.1090920191,1123.02187,Retain,4.537046034,2.631240715,-1.905805319,0.3089710013,-0.6439316584,-10.09691912,-2.092046413,5.327621245,2,0,0.002,0.996,0.002,0
340,174,174,0.8492250917,580.0995433,1.508026594,49.99249541,-2873776.173,2036171.441,167,167,0.8492250917,580.0995433,1.508026594,49.99249541,-2873776.173,2036171.441,492.6350879,8492.250917,0.8492250917,0.8492250917,1,0,Retain,-0.1634310022,-0.1634310022,0,0,0,0,6.908754779,-6.253674835,3,0.134,0.016,0,0.676,0.174
341,185,185,0.1213182281,1224.216968,1.202863902,24.99647679,-2874730.905,2035938.008,178,178,0.3032948662,809.7339673,1.257969047,49.99286339,-2874704.023,2035963.138,98.52707884,606.5911404,0.06065911404,0.06065911404,0.5,36.7981895,Retain,-2.109338202,-1.193049791,0.9162884106,-0.4133509501,0.04479325516,0.6931253745,1.525291e-10,5.232509864,4,0.002,0.006,0,0.408,0.584
342,186,186,0.3032952245,969.7562323,1.506573879,76.97303034,-2872136.338,2036184.933,184,184,0.3032952323,809.7328258,1.257968033,72.80128459,-2872140.702,2036179.501,245.5882144,2426.362584,0.2426362584,0.2426362584,0.8000002597,6.967681818,Retain,-1.193048609,-1.193048584,2.555393775e-8,-0.1803403844,-0.1803403716,-0.05572076016,1.382557655,3.110315332,3,0.15,0.022,0.034,0.71,0.084
343,200,200,1.091862496,449.8521691,1.326016296,24.99647679,-2874774.782,2035843.208,203,203,1.516476936,485.8397019,1.687741675,24.99656696,-2874723.184,2035833.23,394.1084618,7885.672795,0.7885672795,0.7885672795,0.7222221498,52.55371801,Retain,0.08788495043,0.4163898391,0.3285048887,0.07695972239,0.2412121667,3.607353891e-6,0.9533012071,4.490277342,4,0,0.002,0,0.072,0.926
344,201,201,5.519970221,366.5687816,2.429511233,24.99617448,-2873541.893,2036060.114,201,201,5.398651711,365.8162381,2.397732348,24.99617448,-2873543.066,2036065.307,1974.91446,53379.9257,5.33799257,5.33799257,0.9670328564,5.324382619,Retain,1.708372465,1.686149239,-0.02222322619,-0.002055049541,-0.01316666263,0,3.349872338,1.390663273,3,0.302,0.05,0.02,0.47,0.158
345,216,216,0.4246140577,810.4191582,1.489710749,89.32521084,-2873420.575,2035815.78,215,215,0.4246140577,810.4191582,1.489710749,89.32550068,-2873420.575,2035815.78,344.1153673,4246.140577,0.4246140577,0.4246140577,1,0,Retain,-0.8565746221,-0.8565746221,0,0,0,3.244790083e-6,6.908754779,-5.907103025,3,0.184,0.016,0,0.604,0.196
346,217,217,0.1819777809,1082.848686,1.303082836,145.6013424,-2871654.85,2035972.5,218,218,0.5459323856,813.4741512,1.695540838,72.80061224,-2871656.152,2035986.326,148.5204365,1213.183569,0.1213183569,0.1213183569,0.666665767,13.88704358,Retain,-1.703870682,-0.6052601469,1.098610535,-0.2860363686,0.2632688991,-0.6931411222,0.6916465092,4.05532858,4,0,0,0.006,0.048,0.946
347,220,220,0.4246145135,699.5547565,1.285920734,124.9827296,-2871454.367,2035975.831,219,219,0.6065920985,567.2928054,1.246380708,76.97256322,-2871473.674,2035981.187,247.0477313,3639.555017,0.3639555017,0.3639555017,0.8571433386,20.03625728,Retain,-0.8565735487,-0.4998987097,0.356674839,-0.2095684883,-0.03123106883,-0.484721538,1.78595375,3.998245122,4,0.004,0,0.004,0.084,0.908
348,222,222,0.788569715,688.1178018,1.723764404,24.26686981,-2872953.269,2035816.757,221,221,1.516479054,455.7591546,1.583247011,48.53374431,-2872993.325,2035843.113,444.1016365,6065.918884,0.6065918884,0.6065918884,0.7692305156,47.94941501,Retain,-0.2375344618,0.4163912358,0.6539256977,-0.4119955467,-0.08503269788,0.6931266735,1.200946565,4.56129963,4,0.022,0.002,0.002,0.028,0.946
349,227,227,0.242636958,1012.162138,1.406447845,89.32550068,-2873469.027,2035674.022,226,226,0.1819778642,1082.848304,1.303082674,89.32550068,-2873479.289,2035675.148,197.0544216,1819.778642,0.1819778642,0.1819778642,0.7500006004,10.32349979,Retain,-1.416188953,-1.703870225,-0.287681272,0.06750611427,-0.07633452172,0,1.095955904,3.614979111,3,0.216,0.202,0.022,0.546,0.014
350,231,231,0.424615229,692.6780512,1.273281056,0,-2871905.917,2035779.089,238,238,3.214940157,306.0125516,1.547821072,34.83845048,-2871874.331,2035814.141,294.1216494,4246.153498,0.4246153498,0.4246153498,1.000000284,47.18338869,Retain,-0.8565718636,1.167808744,2.024380607,-0.8169391995,0.1952511043,10.45850566,6.9090396,4.854713964,4,0.004,0,0.024,0.008,0.964
352,242,242,0.5459342816,808.1229416,1.684390127,97.06682705,-2873518.39,2035515.239,245,245,0.5459342816,808.1229416,1.684390127,48.53337601,-2873518.39,2035515.239,441.1820175,5459.342816,0.5459342816,0.5459342816,1,0,Retain,-0.6052566738,-0.6052566738,0,0,0,-0.6931376516,6.908754779,-6.032761999,3,0.186,0.018,0.004,0.602,0.19
353,264,264,0.1213190531,1212.178916,1.191039871,88.31308769,-2871840.094,2035394.326,265,265,0.1213190681,1224.22588,1.202876823,99.98920417,-2871829.185,2035407.907,98.52741074,606.5946796,0.06065946796,0.06065946796,0.4999995171,17.41926626,Retain,-2.109331401,-2.109331278,1.236652264e-7,0.009889211619,0.009889273452,0.1241725846,-1.927707482e-6,4.4846649,3,0.008,0.072,0,0.914,0.006
354,276,276,0.2426381112,1018.180406,1.414813879,99.98985623,-2873129.294,2035172.486,283,283,0.5459362671,632.9987869,1.319377029,24.26635271,-2873139.961,2035149.163,247.0493706,2426.381112,0.2426381112,0.2426381112,1,25.64666278,Retain,-1.4161842,-0.6052530371,0.8109311629,-0.4753038919,-0.06983831043,-1.415946807,6.908754779,4.524909491,4,0.008,0.002,0.008,0.032,0.95
356,329,329,10.43347659,288.094234,2.625089756,49.99508649,-2871270.12,2035034.286,350,350,13.76975787,196.8256375,2.060344708,24.26626284,-2871251.084,2035071.387,3005.824536,100695.1798,10.06951798,10.06951798,0.9651162675,41.69930146,Retain,2.345019539,2.622474729,0.2774551898,-0.3809693802,-0.2422417854,-0.7228164985,3.293000128,3.130363531,4,0.056,0.004,0.116,0.078,0.746
357,330,330,0.2426392173,812.1335221,1.128503741,76.97043147,-2871128.045,2034821.102,366,366,0.7885791669,749.6604105,1.877942515,49.99611303,-2871143.92,2034706.722,197.0554422,2426.392287,0.2426392287,0.2426392287,1.000000047,115.4766217,Retain,-1.416179641,-0.2375224758,1.178657165,-0.08004444482,0.5092841379,-0.4314690687,6.908801688,6.029531523,4,0,0,0.072,0.032,0.896
358,420,420,35.60757059,192.2897345,3.236848253,0,-2871236.673,2034190.662,471,471,33.54512393,187.8921556,3.06985892,24.26553391,-2871215.048,2034192.07,6599.915397,318466.3583,31.84663583,31.84663583,0.8943782265,21.67152922,Retain,3.572558272,3.512891516,-0.05966675669,-0.02313511061,-0.05296848896,10.09685347,2.127958483,1.862131331,0,0.584,0.074,0.218,0.03,0.094
359,363,363,1.577160073,530.5456442,1.879557898,78.82317379,-2871716.227,2034476.981,401,401,0.242640218,812.1320124,1.128503971,74.99518319,-2871648.557,2034395.472,197.0558885,2426.402063,0.2426402063,0.2426402063,0.1538462776,105.9384957,Retain,0.4556258073,-1.416175517,-1.871801324,0.4257569094,-0.5101437528,-0.04978250248,-1.699449302,5.007420175,2,0,0.36,0.638,0.002,0
360,420,420,35.60757059,192.2897345,3.236848253,0,-2871236.673,2034190.662,414,414,0.4246215306,692.6601803,1.273257653,0,-2871728.132,2034260.641,294.118426,4246.215079,0.4246215079,0.4246215079,0.0119250345,496.4157625,Retain,3.572558272,-0.856557023,-4.429115295,1.28153625,-0.9330213974,0,-4.337604038,4.993501628,2,0,0,1,0,0
361,377,377,2.426405962,345.4578571,1.518000361,0,-2871882.277,2034295.628,421,421,1.395183187,458.5058903,1.527761651,0,-2871863.523,2034264.425,639.6996003,13951.83589,1.395183589,1.395183589,0.5750000662,36.40545109,Retain,0.8864111345,0.3330257235,-0.553385411,0.2831024792,0.0064097737,0,0.3016685847,3.723905362,1,0.134,0.652,0.184,0.03,0
362,420,420,35.60757059,192.2897345,3.236848253,0,-2871236.673,2034190.662,429,429,0.1819806373,1082.841267,1.303084135,24.26554328,-2871720.467,2034166.905,197.0561439,1819.807694,0.1819807694,0.1819807694,0.005110732533,484.376683,Retain,3.572558272,-1.703854986,-5.276413258,1.7283404,-0.9098662289,10.09685386,-5.093589417,4.968950746,2,0,0,1,0,0
363,423,423,0.4852832402,712.1265246,1.399425801,0,-2872174.351,2033702.539,474,474,0.5459436508,724.5820493,1.510276791,34.83884692,-2872175.575,2033708.353,345.5830673,4852.832402,0.4852832402,0.4852832402,1,5.940897202,Retain,-0.723022558,-0.6052395123,0.1177830457,0.01733940615,0.07623092902,10.45851704,6.908754779,2.715904699,4,0.074,0.008,0.012,0.338,0.568
364,427,427,1.759154681,391.2281358,1.463784562,48.53018762,-2871947.475,2033682.883,480,480,1.334531548,404.4148433,1.317912502,121.3255449,-2871939.978,2033690.083,539.7042768,13345.31072,1.334531072,1.334531072,0.7586206527,10.39447904,Retain,0.564833399,0.2885803301,-0.2762530689,0.03315033372,-0.1049762007,0.9162789933,1.142315118,2.631319248,3,0.284,0.23,0.158,0.316,0.012
365,442,442,4.003596249,368.782834,2.081569435,121.3255449,-2871547.218,2033652.495,493,493,4.246237506,335.9349407,1.952775809,102.8978704,-2871544.529,2033656.651,1476.457372,40035.95645,4.003595645,4.003595645,0.9999998491,4.950006157,Retain,1.387193019,1.446033298,0.05884027855,-0.09329043254,-0.06387029327,-0.164738963,6.908603786,1.478359253,4,0.182,0.006,0.01,0.164,0.638
366,249,249,0.3639563411,674.7730176,1.14835832,76.97184263,-2874623.95,2035320.401,267,267,5.277373263,251.9036188,1.632444334,48.53314845,-2874642.917,2035224.387,245.5879186,3639.564656,0.3639564656,0.3639564656,1.000000342,97.86998087,Retain,-1.01072136,1.663428486,2.674149846,-0.9853298149,0.3517451082,-0.4611850245,6.909097065,5.661375713,4,0,0.002,0.066,0.004,0.928
367,461,461,1.213214008,489.6988368,1.521573194,174.9944038,-2872025.945,2033343.006,522,522,1.273874456,466.3799371,1.484903538,199.9935896,-2872025.072,2033346.675,594.1094887,12132.14008,1.213214008,1.213214008,1,3.771794853,Retain,0.1932730435,0.2420630091,0.04878996562,-0.04878996562,-0.02439498281,0.1335306047,6.908754779,1.803544488,3,0.144,0.006,0,0.552,0.298
368,463,463,2.487089145,455.87922150000003,2.028105496,48.52965742,-2873175.533,2033216.36,525,525,2.183785299,474.750487,1.979089597,48.52965742,-2873170.918,2033228.193,1036.753134,21837.85679,2.183785679,2.183785679,0.8780488161,12.70110745,Retain,0.9111130086,0.7810597466,-0.1300532619,0.04056146609,-0.02446516488,0,1.967053034,2.65857636,3,0.394,0.03,0.03,0.478,0.068
369,470,470,0.4246258735,817.3194739,1.502415797,274.9933422,-2872378.373,2033105.35,526,526,0.2426433736,812.1272682,1.128504717,24.99963092,-2872359.792,2033148.352,148.527803,1213.216754,0.1213216754,0.1213216754,0.2857142794,46.84524146,Retain,-0.8565467954,-1.416162512,-0.5596157165,-0.006372989199,-0.2861808474,-2.397849462,-0.9141958946,4.847509121,1,0.022,0.526,0.274,0.172,0.006
370,470,470,0.4246258735,817.3194739,1.502415797,274.9933422,-2872378.373,2033105.35,537,537,0.4852873013,609.0950575,1.196959916,24.99963092,-2872408.67,2033052.724,148.5279307,1213.215761,0.1213215761,0.1213215761,0.2857140454,60.72315742,Retain,-0.8565467954,-0.7230141896,0.1335326058,-0.294055708,-0.227289405,-2.397849462,-0.9141970377,5.10697994,3,0.008,0.084,0.09,0.51,0.308
372,293,293,0.3639578622,674.7692681,1.148354338,166.7187586,-2874794.473,2034802.168,311,311,0.3639578622,674.7692681,1.148354338,97.06494817,-2874794.473,2034802.168,245.5875803,3639.578622,0.3639578622,0.3639578622,1,0,Retain,-1.010717181,-1.010717181,0,0,0,-0.540923685,6.908754779,-5.830031745,3,0.242,0.018,0.002,0.594,0.144
373,419,419,0.3033023503,809.7103708,1.257947909,0,-2874082.944,2033510.823,469,469,0.1213207974,1224.24412,1.202903318,34.83886242,-2874063.852,2033515.133,148.5262728,1213.207974,0.1213207974,0.1213207974,0.3999995293,19.57242946,Retain,-1.193025115,-2.109317024,-0.9162919087,0.413402271,-0.04474368336,10.45851748,-0.4046354643,4.143050507,1,0.126,0.722,0.07,0.082,0
374,433,433,2.123118981,394.1169554,1.619971424,0,-2874174.705,2033442.63,484,484,2.001798394,393.7593129,1.571578485,24.99916487,-2874176.299,2033438.719,788.2267602,20017.98157,2.001798157,2.001798157,0.9428572656,4.223526861,Retain,0.752886225,0.6940459735,-0.05884025142,-9.078647241e-4,-0.03032799043,10.1266377,2.787074027,1.6368291,3,0.302,0.01,0.026,0.55,0.112
376,444,444,3.457653817,399.7898455,2.097092474,34.83887342,-2874568.027,2033311.454,497,497,3.457653817,399.7898455,2.097092474,34.83887342,-2874568.027,2033298.495,1382.334885,34576.53817,3.457653817,3.457653817,1,12.9594474,Retain,1.240590271,1.240590271,0,0,0,0,6.908754779,2.513972019,3,0.118,0.022,0.008,0.732,0.12
377,449,449,2.001800971,491.4656325,1.961546778,24.26490622,-2873830.362,2033302.395,507,507,2.001800971,491.4656325,1.961546778,24.26490622,-2873830.362,2033223.404,983.8163804,20018.00971,2.001800971,2.001800971,1,78.99111128,Retain,0.694047261,0.694047261,0,0,0,0,6.908754779,4.594689303,3,0.066,0.026,0.012,0.718,0.178
378,451,451,0.788588652,499.771555,1.251964066,24.26490622,-2873942.938,2033206.858,509,509,0.788588652,499.771555,1.251964066,24.26490622,-2873942.938,2033206.858,394.1141769,7885.88652,0.788588652,0.788588652,1,0,Retain,-0.2375104477,-0.2375104477,0,0,0,0,6.908754779,-6.216635112,3,0.14,0.016,0,0.666,0.178
379,453,453,1.091893282,449.8367022,1.325989398,48.52969777,-2874582.231,2033110.556,511,511,1.091893282,449.8367022,1.325989398,48.52969777,-2874582.231,2033110.556,491.173673,10918.93282,1.091893282,1.091893282,1,0,Retain,0.08791314504,0.08791314504,0,0,0,0,6.908754779,-6.379346909,3,0.118,0.01,0.002,0.716,0.154
380,454,454,4.306906585,342.4707713,2.004939656,24.99916487,-2874293.543,2033213.212,512,512,4.306906585,342.4707713,2.004939656,24.99916487,-2874293.543,2033213.212,1474.98962,43069.06585,4.306906585,4.306906585,1,0,Retain,1.460219917,1.460219917,0,0,0,0,6.908754779,-7.065500294,3,0.17,0.038,0.014,0.648,0.13
383,460,460,309.3658026,104.1440337,5.16732307,0,-2872978.794,2034515.265,413,413,0.3639608729,674.7626418,1.148347811,24.26556882,-2871962.984,2034240.322,148.5248805,1213.20235,0.121320235,0.121320235,3.921578725e-4,1052.361139,Retain,5.734524404,-1.010708909,-6.745233313,1.868586107,-1.50403055,10.09685491,-6.577507967,4.663895314,2,0,0,1,0,0
384,474,474,9.220429565,299.0454867,2.561579845,24.2647879,-2873594.383,2033195.438,536,536,10.85826484,299.5787345,2.784750336,24.2647879,-2873588.017,2033246.794,2708.797692,89777.87477,8.977787477,8.977787477,0.9736842968,51.7488496,Retain,2.221421627,2.384926526,0.1635048994,0.001781578399,0.08353402809,0,3.574651873,3.408075655,4,0.026,0.004,0,0.034,0.936
385,460,460,309.3658026,104.1440337,5.16732307,0,-2872978.794,2034515.265,298,298,0.1213189689,1224.230709,1.202881076,34.838663940000004,-2873690.184,2034981.553,98.52748493,606.5954279,0.06065954279,0.06065954279,1.960770786e-4,850.5880777,Retain,5.734524404,-2.109332095,-7.843856499,2.464293052,-1.457635197,10.45851179,-6.729511779,4.451031883,2,0,0,1,0,0
386,460,460,309.3658026,104.1440337,5.16732307,0,-2872978.794,2034515.265,299,299,0.7279156483,543.431926,1.307918687,24.26638664,-2872287.003,2035157.658,345.5775072,5459.361112,0.5459361112,0.5459361112,0.001764694438,944.0573759,Retain,5.734524404,-0.3175701052,-6.052094509,1.652129567,-1.373917688,10.09688861,-5.890060174,4.555290744,2,0,0,1,0,0
387,460,460,309.3658026,104.1440337,5.16732307,0,-2872978.794,2034515.265,322,322,0.8492358678,521.2252683,1.354985644,48.53232208,-2872199.015,2035009.018,442.643193,7279.168162,0.7279168162,0.7279168162,0.002352932386,922.956091,Retain,5.734524404,-0.1634183128,-5.897942717,1.610407444,-1.338563914,10.79000589,-5.696566128,4.532685486,2,0,0,1,0,0
388,460,460,309.3658026,104.1440337,5.16732307,0,-2872978.794,2034515.265,415,415,0.3639615001,812.1302098,1.38212861,0,-2874429.626,2033991.224,197.0559648,1213.201801,0.1213201801,0.1213201801,3.92157695e-4,1542.573258,Retain,5.734524404,-1.010707186,-6.74523159,2.053885804,-1.318729991,0,-6.577508094,5.046310637,2,0,0,1,0,0
389,460,460,309.3658026,104.1440337,5.16732307,0,-2872978.794,2034515.265,435,435,0.7279229919,539.4063535,1.298236586,0,-2872067.057,2034094.515,392.6462867,7279.229919,0.7279229919,0.7279229919,0.002352952349,1004.139446,Retain,5.734524404,-0.3175600168,-6.052084421,1.644694309,-1.381347901,0,-5.696560155,4.616989918,2,0,0,1,0,0
390,460,460,309.3658026,104.1440337,5.16732307,0,-2872978.794,2034515.265,458,458,0.5459432359,630.3134194,1.313788228,0,-2873691.806,2033791.52,344.1153478,5459.431265,0.5459431265,0.5459431265,0.001764717114,1015.968865,Retain,5.734524404,-0.6052402722,-6.339764676,1.800442306,-1.369440032,0,-5.890051949,4.628701708,2,0,0,1,0,0
391,462,462,0.788590066,563.1737496,1.410792436,24.2647879,-2873798.732,2033089.101,524,524,0.788590066,563.1737496,1.410792436,24.2647879,-2873798.732,2033089.101,444.1132244,7885.90066,0.788590066,0.788590066,1,0,Retain,-0.2375086546,-0.2375086546,0,0,0,0,6.908754779,-6.216636009,3,0.14,0.016,0,0.666,0.178
393,272,272,2.669017536,332.7848047,1.533678288,97.06591172,-2875437.47,2035065.112,261,261,0.8492320849,697.8371077,1.814104599,34.83857774,-2875469.498,2035129.509,542.631292,7279.13482,0.727913482,0.727913482,0.2727271261,71.92223432,Retain,0.9817104406,-0.1634227673,-1.145133208,0.7404896564,0.1679230524,-1.02464652,-0.9785440848,4.357109083,2,0.02,0.102,0.856,0.014,0.008
394,272,272,2.669017536,332.7848047,1.533678288,97.06591172,-2875437.47,2035065.112,273,273,0.1819784692,1082.847318,1.303083654,24.99723,-2875381.257,2034993.755,197.0548974,1819.784692,0.1819784692,0.1819784692,0.06818181851,90.83883398,Retain,0.9817104406,-1.7038669,-2.68557734,1.179853208,-0.1629354624,-1.35659553,-2.601472217,4.590607612,2,0.002,0.088,0.91,0,0
395,476,476,0.8492525269,754.9829785,1.962685221,123.6882206,-2874253.027,2032862.379,540,540,0.8492525269,754.9829785,1.962685221,123.6882206,-2874253.027,2032862.379,641.1712023,8492.525269,0.8492525269,0.8492525269,1,0,Retain,-0.1633986965,-0.1633986965,0,0,0,0,6.908754779,-6.253690988,3,0.134,0.016,0,0.676,0.174
396,482,482,0.3639659147,674.7515424,1.148336875,123.6882206,-2874421.291,2032652.812,547,547,0.4852875046,609.0951224,1.196960294,123.6882206,-2874417.391,2032643.763,245.5865623,3639.660241,0.3639660241,0.3639660241,1.000000301,9.853367837,Retain,-1.010695057,-0.7230137707,0.287681286,-0.1023700878,0.04147055515,0,6.9090557,3.365627263,4,0.01,0.002,0.002,0.198,0.788
397,484,484,0.2426442756,1018.188256,1.41484276,181.603131,-2874165.467,2032589.033,548,548,0.1213219006,1224.253455,1.20291796,195.7189201,-2874170.334,2032576.019,148.5287561,1213.218889,0.1213218889,0.1213218889,0.4999989743,13.89415228,Retain,-1.416158795,-2.10930793,-0.6931491354,0.1843064053,-0.1622681624,0.07485544423,-4.094801028e-6,3.911984363,1,0.196,0.544,0.08,0.18,0
398,275,275,13.28441808,174.6788116,1.796000959,54.59250678,-2875056.52,2035197.141,281,281,24.68834809,229.7394928,3.220154742,24.99723,-2875022.021,2035382.664,2417.572969,126778.2431,12.67782431,12.67782431,0.9543379496,188.7033281,Retain,2.586591776,3.206331395,0.6197396194,0.2739971013,0.5838669111,-0.78110993,3.019133942,4.519250444,4,0.094,0.028,0.058,0.052,0.768
399,317,317,0.1213193272,1212.169565,1.191032028,169.8620654,-2874830.241,2034535.157,336,336,0.3639590139,937.4350002,1.595373861,72.79794938,-2874878.559,2034530.603,147.0595059,1213.190973,0.1213190973,0.1213190973,0.9999981053,48.53210701,Retain,-2.109329142,-1.010714017,1.098615125,-0.2570196396,0.2922879229,-0.8472910911,6.906859974,5.509275698,4,0.004,0.002,0.01,0.182,0.802
400,320,320,0.3639590408,812.1335594,1.382129641,121.330028,-2875056.116,2034518.052,341,341,0.2426395482,1012.150398,1.406439039,49.99594399,-2875059.165,2034507.303,245.5877154,2426.394388,0.2426394388,0.2426394388,0.6666668816,11.17338561,Retain,-1.010713943,-1.416178278,-0.4054643349,0.2201676452,0.01743547781,-0.8865606953,0.6916515124,3.491346074,0,0.342,0.27,0.054,0.322,0.012
401,319,319,0.2426392253,812.13348,1.128503701,69.67735034,-2875239.77,2034484.001,351,351,0.606598777,814.5461729,1.789622951,24.26595055,-2875230.481,2034437.17,197.0554385,2426.392253,0.2426392253,0.2426392253,1,47.74337924,Retain,-1.416179608,-0.4998877,0.9162919083,0.002966404201,0.4611123584,-1.054774292,6.908754779,5.146316095,4,0.002,0,0.034,0.028,0.936
402,335,335,0.8492386223,640.6903764,1.665551773,123.6849171,-2875738.627,2034383.167,343,343,0.4246190744,696.1140021,1.279602816,24.99791936,-2875758.013,2034422.589,295.5832832,4246.190744,0.4246190744,0.4246190744,0.4999997212,43.93098106,Retain,-0.1634150694,-0.8565628076,-0.6931477382,0.08296713492,-0.2636067342,-1.598912828,-1.113017575e-6,4.43671503,2,0.018,0.392,0.504,0.082,0.004
403,335,335,0.8492386223,640.6903764,1.665551773,123.6849171,-2875738.627,2034383.167,357,357,0.2426396666,1018.183346,1.414822499,24.99791936,-2875712.389,2034326.456,247.0516677,2426.396666,0.2426396666,0.2426396666,0.2857143567,62.48692002,Retain,-0.1634150694,-1.41617779,-1.25276272,0.4632289772,-0.1631523829,-1.598912828,-0.9141955168,4.789045736,2,0.004,0.364,0.624,0.008,0
404,341,341,0.6672586846,592.8362856,1.366082611,69.67735034,-2875319.718,2034356.627,358,358,0.5459391023,632.9994996,1.319381941,24.26595055,-2875319.398,2034366.295,345.5791786,5459.3898150000005,0.5459389815,0.5459389815,0.8181819047,9.673137287,Retain,-0.4045774753,-0.6052478437,-0.2006703684,0.06555134902,-0.03478383519,-1.054774292,1.499814521,3.044109746,3,0.306,0.14,0.044,0.444,0.066
405,337,337,0.9705587175,457.5788675,1.271662705,72.7976792,-2875463.941,2034373.418,364,364,1.152538692,470.8172664,1.425854487,0,-2875466.19,2034361.56,444.1071588,9705.585853,0.9705585853,0.9705585853,0.9999998638,12.069442220000001,Retain,-0.02988337591,0.1419670678,0.1718504437,0.02852079149,0.1144460133,-11.195453090000001,6.90861846,3.078066303,4,0.174,0.004,0.006,0.298,0.518
406,374,374,6.005349592,254.1819027,1.757150019,48.53140332,-2875117.514,2034086.808,412,412,4.610165594,384.6940779,2.330069265,24.99843409,-2875129.831,2034035.562,1574.983034,40642.25613,4.064225613,4.064225613,0.6767675305,52.70505961,Retain,1.792650671,1.528263777,-0.2643868938,0.4143982525,0.2822048057,-0.6633784964,0.7373435969,3.64077004,0,0.568,0.11,0.216,0.072,0.034
407,356,356,0.7885807276,563.1739414,1.410784563,24.99821866,-2875793.814,2034106.318,389,389,0.5459403568,632.9995378,1.319383536,24.26584345,-2875797.223,2034120.375,345.5799935,5459.401079,0.5459401079,0.5459401079,0.6923071904,14.46469732,Retain,-0.2375204966,-0.6052455459,-0.3677250493,0.1168811569,-0.06698136768,-0.02973361896,0.8091265383,3.362905336,1,0.318,0.416,0.022,0.242,0.002
409,361,361,0.9099015534,539.8104294,1.4525582,48.53142209,-2875439.355,2034075.998,394,394,2.001782802,491.4690964,1.961551701,24.99815418,-2875414.974,2034105.688,491.1746563,7885.814215,0.7885814215,0.7885814215,0.8666667493,38.41791746,Retain,-0.09441886838,0.6940381847,0.788457053,-0.09381895979,0.3004095667,-0.6633900796,1.865484054,4.268124358,4,0.002,0,0,0.024,0.974
410,383,383,0.3033006961,979.3919768,1.521557305,169.8588842,-2874838.702,2033926.723,424,424,0.3033006961,979.3919768,1.521557305,194.1244675,-2874838.702,2033926.723,297.0502683,3033.006961,0.3033006961,0.3033006961,1,0,Retain,-1.193030569,-1.193030569,0,0,0,0.1335308033,6.908754779,-5.738875051,3,0.214,0.016,0,0.602,0.168
411,376,376,1.455843666,543.434525,1.84969305,34.8387277,-2875649.427,2033949.479,438,438,3.154331162,484.8519622,2.429169775,55.57404814,-2875707.991,2033867.18,644.0964644,11525.42825,1.152542825,1.152542825,0.7916666135,101.0085898,Retain,0.3755855715,1.148776481,0.7731909091,-0.1140656182,0.2725298364,0.4669759897,1.33147459,4.999787618,4,0.01,0,0.004,0.01,0.976
412,402,402,2.244430393,503.8582231,2.129396272,49.99685202,-2875327.831,2033765.52,450,450,3.336315142,353.505308,1.82148056,24.99843409,-2875354.222,2033758.972,1130.874529,21231.0989,2.12310989,2.12310989,0.9459459722,27.19079355,Retain,0.8084517665,1.204866947,0.39641518059999997,-0.3543964245,-0.1561888342,-0.6931268567,2.844927013,3.47105428,4,0.026,0,0.016,0.022,0.936
413,418,418,2.123116577,464.0740782,1.907520875,99.99521464,-2875318.922,2033451.006,468,468,2.001795042,467.9564748,1.867713824,99.9951921,-2875326.173,2033453.605,936.7529511,20017.95042,2.001795042,2.001795042,0.9428568661,7.702702514,Retain,0.7528850926,0.694044299,-0.05884079355,0.00833109831,-0.02108929846,-2.254454623e-7,2.787066734,2.237623456,3,0.274,0.02,0.014,0.588,0.104
414,10,10,2.486905697,395.5934202,1.759842437,24.2707153,-2874930.118,2040518.598,4,4,2.486905697,395.5934202,1.759842437,24.2707153,-2874930.118,2040518.598,983.8035304,24869.05697,2.486905697,2.486905697,1,0,Retain,0.91103924570000006,0.91103924570000006,0,0,0,0,6.908754779,-6.790909959,3,0.108,0.02,0.002,0.744,0.126
415,457,457,0.4246255024,810.3973276,1.489690695,34.83892927,-2875259.882,2033016.788,516,516,0.4246255024,810.3973276,1.489690695,34.83892927,-2875259.882,2033016.788,344.1153724,4246.255024,0.4246255024,0.4246255024,1,0,Retain,-0.8565476693,-0.8565476693,0,0,0,0,6.908754779,-5.907116501,3,0.184,0.016,0,0.604,0.196
416,479,479,5.338153296,415.9808945,2.711215091,34.83892927,-2875161.142,2032830.186,544,544,5.520135896,402.2672313,2.666150181,34.83892927,-2875156.522,2032829.511,2220.569783,53381.53296,5.338153296,5.338153296,1,4.668675429,Retain,1.674879768,1.708402479,0.0335227103,-0.0335227103,-0.01676135515,0,6.908754779,1.276014627,4,0.166,0.018,0.008,0.338,0.47
417,495,495,0.4852904843,612.1283323,1.202924685,558.500857,-2874937.374,2032051.727,563,563,0.4852904843,612.1283323,1.202924685,558.500857,-2874937.374,2032051.727,297.0600549,4852.904843,0.4852904843,0.4852904843,1,0,Retain,-0.7230076306,-0.7230076306,0,0,0,0,6.908754779,-5.973886521,3,0.154,0.016,0.004,0.616,0.21
418,13,13,0.242624996,812.1546629,1.128500045,24.9916792,-2875474.554,2040336.571,6,6,0.1213122677,1212.290118,1.191115823,49.98340817,-2875475.726,2040349.011,147.0656634,1213.122677,0.1213122677,0.1213122677,0.49999905100000003,12.49583533,Retain,-1.416238254,-2.109387333,-0.6931490785,0.400575716,0.05400117679,0.6931281704,-3.788320214e-6,3.805959508,1,0.14,0.678,0.042,0.14,0
419,15,15,0.8491897889,640.6678489,1.665445325,74.97548458,-2875867.103,2040215.295,10,10,0.8491897889,640.6678489,1.665445325,74.97548458,-2875867.103,2040215.295,544.0485954,8491.897889,0.8491897889,0.8491897889,1,0,Retain,-0.1634725736,-0.1634725736,0,0,0,0,6.908754779,-6.253654049,3,0.134,0.016,0,0.676,0.174
420,17,17,1.759035837,448.0849468,1.676458341,149.9519768,-2876283.029,2040098.055,12,12,1.759035837,448.0849468,1.676458341,174.9440204,-2876283.029,2040098.055,788.1974796,17590.35837,1.759035837,1.759035837,1,0,Retain,0.5647658392,0.5647658392,0,0,0,0.1541499983,6.908754779,-6.617773256,3,0.104,0.016,0,0.75,0.13
421,24,24,1.698383592,580.959129,2.135789963,24.99197502,-2875849.739,2039947.975,16,16,2.001666534,517.9064407,2.067008412,72.81078103,-2875853.53,2039933.055,986.6914522,16983.83592,1.698383592,1.698383592,1,15.39336012,Retain,0.5296769704,0.6939801007,0.1643031304,-0.1148857989,-0.03273423376,1.069282983,6.908754783,3.041527674,4,0.18,0,0.002,0.196,0.622
423,22,22,0.4245960471,696.1305987,1.279598626,149.9519768,-2876225.384,2039822.907,15,15,0.2426265651,812.1522428,1.128500331,123.8980375,-2876229.724,2039813.533,197.049709,2426.265651,0.2426265651,0.2426265651,0.5714291659,10.33036308,Retain,-0.8566170394,-1.416231787,-0.5596147475,0.1541505292,-0.1256568446,-0.1908547369,0.2871023501,3.335857691,1,0.306,0.55,0.06,0.084,0
424,30,30,5.034525302,215.8430076,1.366193818,176.6330763,-2876117.503,2039297.701,22,22,5.216495623,236.7829999,1.525580083,163.7891298,-2876112.848,2039301.47,1135.206791,47918.97737,4.791897737,4.791897737,0.9518072607,5.989486596,Retain,1.616319242,1.65182584,0.03550659765,0.0925927826,0.1103460814,-0.07549431524,2.963666602,1.554377965,3,0.292,0.042,0.008,0.36,0.298
425,37,37,0.5459150371,635.6473079,1.324871654,24.99320442,-2876914.125,2038813.195,29,29,0.5459150371,635.6473079,1.324871654,34.83764938,-2876914.125,2038813.195,347.0094237,5459.150371,0.5459150371,0.5459150371,1,0,Retain,-0.605291925,-0.605291925,0,0,0,0.3320834099,6.908754779,-6.032744374,3,0.15,0.016,0.002,0.632,0.2
426,40,40,0.7885439341,561.3388813,1.406154822,24.99328587,-2875646.386,2038807.421,32,32,0.7278866347,472.7590643,1.137802294,49.98655171,-2875646.774,2038801.591,344.1150945,6672.295325,0.66722953250000006,0.66722953250000006,0.8461539093,5.842719841,Retain,-0.2375671556,-0.3176099645,-0.08004280888,-0.1717389089,-0.2117603133,0.6931267751,1.699450729,2.456516074,3,0.23,0.042,0.06,0.584,0.084
427,41,41,2.365634427,395.9681023,1.718023445,24.99320442,-2876850.059,2038619.906,35,35,3.942728284,375.9396678,2.105773449,34.83764938,-2876865.891,2038512.073,838.1904134,21230.05449,2.123005449,2.123005449,0.8974359792,108.9887658,Retain,0.8610462428,1.371872942,0.5108266987,-0.05190498573,0.2035083636,0.3320834099,2.160465471,4.833095808,4,0.018,0,0.016,0.01,0.956
429,55,55,7.278912367,419.2106869,3.190514032,24.2690481,-2876456.572,2038153.907,42,42,7.824829651,390.1486727,3.078666511,24.2690481,-2876454.741,2038156.576,3051.397763,72182.54521,7.218254521,7.218254521,0.9916666333,3.236825901,Retain,1.984981451,2.057301966,0.07232051545,-0.07184574775,-0.03568549003,0,4.666799092,0.7547763039,4,0.072,0.01,0.002,0.024,0.892
430,45,45,7.824807233,201.2776804,1.588281621,24.99328587,-2875670.091,2038546.794,36,36,8.734668105,191.4252639,1.595943552,49.98655171,-2875691.029,2038543.762,1623.497905,73395.48954,7.339548954,7.339548954,0.9379846347,21.15601612,Retain,2.057299101,2.167299947,0.1100008454,-0.05018798344,0.004812439286,0.6931267751,2.701420526,2.595686974,4,0.092,0.002,0.002,0.022,0.882
431,48,48,1.395123405,425.8068191,1.41877652,0,-2876085.552,2038245.04,39,39,1.395123405,425.8068191,1.41877652,0,-2876085.552,2038245.04,594.0530595,13951.23405,1.395123405,1.395123405,1,0,Retain,0.3329828739,0.3329828739,0,0,0,0,6.908754779,-6.501881773,3,0.108,0.016,0,0.72,0.156
432,51,51,0.2426307235,1012.193481,1.406473327,0,-2876105.852,2038111.872,40,40,0.2426307235,1012.193481,1.406473327,0,-2876105.852,2038111.872,245.5892365,2426.307235,0.2426307235,0.2426307235,1,0,Retain,-1.416214648,-1.416214648,0,0,0,0,6.908754779,-5.627283012,3,0.23,0.028,0,0.576,0.166
434,57,57,0.4246043401,699.540563,1.28587924,48.53773551,-2876305.998,2038018.583,43,43,0.4246043401,699.540563,1.28587924,48.53773551,-2876305.998,2038018.583,297.0279591,4246.043401,0.4246043401,0.4246043401,1,0,Retain,-0.8565975082,-0.8565975082,0,0,0,0,6.908754779,-5.907091582,3,0.184,0.016,0,0.604,0.196
435,61,61,0.1819734389,1074.888061,1.293487715,88.31530762,-2876161.327,2037924.631,47,47,0.4852622288,709.1327411,1.393512439,34.83791545,-2876162.001,2037899.463,195.6010769,1819.734389,0.1819734389,0.1819734389,1,25.17757942,Retain,-1.703894543,-0.7230658562,0.9808286864,-0.4159290736,0.07448526956,-0.9301897528,6.908754759,4.650305824,4,0,0,0,0.018,0.982
437,154,154,0.1213176618,1212.20218,1.191055899,99.9840198,-2877282.616,2035986.147,142,142,0.7279058768,612.1071593,1.473194674,74.98764925,-2877272.378,2036049.88,147.0615341,1213.176618,0.1213176618,0.1213176618,1,64.55027616,Retain,-2.109342869,-0.3175835292,1.79175934,-0.6832866034,0.2125930665,-0.2876836139,6.908754779,5.794496265,4,0,0,0.034,0.02,0.946
439,147,147,2.608324814,283.0254768,1.289440881,171.702024,-2877705.253,2036130.784,134,134,2.911619197,287.8829691,1.385729072,163.7802754,-2877707.555,2036141.162,738.2223741,26083.25757,2.608325757,2.608325757,1.000000362,10.6300559,Retain,0.9587081815,1.068709352,0.1100011702,0.01701712279,0.07201770787,-0.04723452881,6.909116975,2.456790372,4,0.124,0.002,0.004,0.234,0.636
440,151,151,0.5459296371,719.2321918,1.499106618,54.59327181,-2876349.874,2036132.699,140,140,0.5459296371,719.2321918,1.499106618,54.59327181,-2876349.874,2036132.699,392.6501695,5459.296371,0.5459296371,0.5459296371,1,0,Retain,-0.6052651813,-0.6052651813,0,0,0,0,6.908754779,-6.032757745,3,0.144,0.016,0.002,0.63,0.208
441,155,155,1.880423092,548.9964631,2.123696261,24.99613856,-2876979.409,2036085.208,143,143,0.6065883373,732.1267846,1.608527135,34.83836386,-2877045.71,2036058.707,444.099569,6065.883373,0.6065883373,0.6065883373,0.3225807744,71.40128188,Retain,0.6314968005,-0.4999049103,-1.131401711,0.287861703,-0.2778391523,0.3319865322,-0.7403166518,4.524946371,2,0.008,0.322,0.658,0.012,0
443,172,172,0.9098833916,706.2568238,1.900424383,121.3361021,-2874987.298,2036123.906,161,161,1.455812769,407.0708141,1.385535941,24.26738008,-2874993.518,2036138.174,642.6113542,9098.833916,0.9098833916,0.9098833916,1,15.5653962,Retain,-0.09443882875,0.3755643488,0.4700031776,-0.5509917838,-0.315990195,-1.609398368,6.908754774,3.364698859,4,0.028,0.014,0.052,0.074,0.832
444,177,177,0.3639538632,812.1380603,1.38212747,0,-2877030.291,2035809.09,170,170,0.3639538632,812.1380603,1.38212747,74.98915954,-2877030.291,2035809.09,295.5807845,3639.538632,0.3639538632,0.3639538632,1,0,Retain,-1.010728169,-1.010728169,0,0,0,11.22511218,6.908754779,-5.830026252,3,0.202,0.028,0.008,0.582,0.18
445,188,188,0.6672488941,667.7562089,1.538710559,34.83833081,-2877374.451,2035726.412,189,189,0.6672488941,667.7562089,1.538710559,34.83833081,-2877374.451,2035726.412,445.5595919,6672.488941,0.6672488941,0.6672488941,1,0,Retain,-0.4045921481,-0.4045921481,0,0,0,0,6.908754779,-6.133094262,3,0.146,0.016,0,0.648,0.19
446,194,194,0.6065911231,569.6987485,1.251665721,0,-2876994.196,2035641.765,197,197,0.6065911231,569.6987485,1.251665721,74.98915954,-2876994.196,2035641.765,345.5742037,6065.911231,0.6065911231,0.6065911231,1,0,Retain,-0.4999003176,-0.4999003176,0,0,0,11.22511218,6.908754779,-6.085440177,3,0.15,0.024,0.008,0.612,0.206
450,212,212,0.3639546477,812.1377546,1.382128439,24.99660488,-2877578.712,2035464.437,211,211,1.637795622,450.7422992,1.627246089,72.80106175,-2877594.12,2035522.498,295.5813104,3639.546477,0.3639546477,0.3639546477,1,60.07022957,Retain,-1.010726013,0.4933512046,1.504077218,-0.5887741968,0.1632644121,1.06896426,6.908754779,5.173258967,4,0,0,0,0.004,0.996
451,198,198,0.1819772391,1090.867937,1.31273112,34.83833081,-2877426.256,2035570.881,200,200,0.1819772391,1090.867937,1.31273112,34.83833081,-2877426.256,2035570.881,198.5131354,1819.772391,0.1819772391,0.1819772391,1,0,Retain,-1.70387366,-1.70387366,0,0,0,0,6.908754779,-5.483453506,3,0.236,0.03,0,0.568,0.166
452,233,233,53.5618767,186.5864664,3.852149209,34.8383048,-2875947.067,2035893.438,252,252,59.99169637,225.9313834,4.936477943,24.99590004,-2876072.059,2035932.528,9502.746599,418546.9941,41.85469941,41.85469941,0.7814270521,130.9621745,Retain,3.980837559,4.094206159,0.1133685994,0.1913365816,0.2480208813,-0.3319943792,1.27071618,3.456862336,4,0.132,0.014,0.172,0.11,0.572
454,82,82,1.51645055,618.6661667,2.149144223,24.99470349,-2875494.617,2037554.672,65,65,1.51645055,618.6661667,2.149144223,24.99470349,-2875494.617,2037554.672,938.176649,15164.5055,1.51645055,1.51645055,1,0,Retain,0.4163724399,0.4163724399,0,0,0,0,6.908754779,-6.543576556,3,0.102,0.014,0,0.74,0.144
455,233,233,53.5618767,186.5864664,3.852149209,34.8383048,-2875947.067,2035893.438,131,131,0.7885641499,624.7223412,1.564950553,34.83824099,-2876231.35,2036261.041,492.6336419,7885.641499,0.7885641499,0.7885641499,0.01472248917,464.7028403,Retain,3.980837559,-0.237541519,-4.218379078,1.208412538,-0.9007770008,-1.831566439e-6,-4.138845647,4.723346463,2,0,0.002,0.998,0,0
456,233,233,53.5618767,186.5864664,3.852149209,34.8383048,-2875947.067,2035893.438,146,146,0.4852707683,709.1201305,1.393499919,54.59327181,-2876213.237,2036083.862,344.1152705,4852.707683,0.4852707683,0.4852707683,0.009060003087,327.2733928,Retain,3.980837559,-0.7230482587,-4.703885818,1.33513019,-1.016812719,0.4491827676,-4.591095147,4.372745104,2,0,0,1,0,0
457,233,233,53.5618767,186.5864664,3.852149209,34.8383048,-2875947.067,2035893.438,182,182,0.1819768708,1082.852265,1.303083885,24.99639968,-2876390.282,2035785.759,197.0540668,1819.768708,0.1819768708,0.1819768708,0.00339750737,456.107508,Retain,3.980837559,-1.703875683,-5.684713243,1.758459067,-1.083897555,-0.3319743912,-5.424317019,4.704676901,2,0,0,1,0,0
458,213,213,0.3032957476,814.5426453,1.265441449,88.31364078,-2877092.656,2035496.897,212,212,0.3032957476,814.5426453,1.265441449,88.31364078,-2877092.656,2035496.897,247.0473206,3032.957476,0.3032957476,0.3032957476,1,0,Retain,-1.193046885,-1.193046885,0,0,0,0,6.908754779,-5.738866894,3,0.216,0.016,0,0.598,0.17
459,94,94,0.3032908543,814.5389556,1.265425508,0,-2875305.166,2037272.268,74,74,0.3032908543,814.5389556,1.265425508,0,-2875305.166,2037272.268,247.0422157,3032.908543,0.3032908543,0.3032908543,1,0,Retain,-1.193063019,-1.193063019,0,0,0,0,6.908754779,-5.738858827,3,0.216,0.016,0,0.598,0.17
460,87,87,0.3639492625,678.7818242,1.155169449,24.99470349,-2875365.756,2037372.001,69,69,0.3639492625,678.7818242,1.155169449,24.99470349,-2875365.756,2037372.001,247.0421443,3639.492625,0.3639492625,0.3639492625,1,0,Retain,-1.01074081,-1.01074081,0,0,0,0,6.908754779,-5.830019931,3,0.2,0.018,0,0.604,0.178
461,88,88,0.545923274,721.9048293,1.504668468,34.83805799,-2875505.915,2037350.42,71,71,0.545923274,721.9048293,1.504668468,34.83805799,-2875505.915,2037350.42,394.104648,5459.23274,0.545923274,0.545923274,1,0,Retain,-0.6052768369,-0.6052768369,0,0,0,0,6.908754779,-6.032751918,3,0.144,0.016,0.002,0.63,0.208
462,98,98,0.2426331061,1024.163548,1.423113083,99.98023377,-2877587.748,2037024.388,76,76,0.2426331061,1024.163548,1.423113083,69.67616773,-2877587.748,2037024.388,248.4959827,2426.331061,0.2426331061,0.2426331061,1,0,Retain,-1.416204828,-1.416204828,0,0,0,-0.3611098212,6.908754779,-5.627287922,3,0.264,0.026,0.002,0.57,0.138
464,100,100,0.4246078336,696.1216638,1.279599962,24.26818593,-2875192.29,2037212.611,77,77,0.4246078336,696.1216638,1.279599962,24.26818593,-2875192.29,2037212.611,295.5787116,4246.078336,0.4246078336,0.4246078336,1,0,Retain,-0.8565892805,-0.8565892805,0,0,0,0,6.908754779,-5.907095696,3,0.184,0.016,0,0.604,0.196
465,104,104,1.273822211,580.6725083,1.848760875,69.67632604,-2877053.804,2037049.05,80,80,1.455796438,610.1056067,2.076588336,88.31468603,-2877063.381,2037064.435,739.6735385,12738.22332,1.273822332,1.273822332,1.000000095,18.12254974,Retain,0.2420219957,0.375553131,0.1335311353,0.04944513907,0.1162107067,0.2370427796,6.908849717,3.348566128,4,0.066,0.014,0,0.286,0.634
466,105,105,2.244352756,438.9965285,1.855246893,191.8871609,-2876316.174,2037128.37,81,81,2.123036668,487.6283725,2.004300258,191.8871609,-2876316.063,2037123.638,1035.252915,21230.36881,2.123036881,2.123036881,0.9459461645,4.733645255,Retain,0.8084171749,0.7528474541,-0.05556972074,0.1050620787,0.07727721836,0,2.844930709,1.72306316,0,0.452,0.06,0.006,0.416,0.066
467,119,119,37.91148957,203.8372833,3.540496054,0,-2877598.065,2036724.048,108,108,41.67231209,222.0360014,4.043358637,34.8382399,-2877618.663,2036522.058,7774.855284,365770.0447,36.57700447,36.57700447,0.9647999822,203.0369575,Retain,3.635254221,3.72983693,0.09458270842,0.08551749263,0.1328088468,10.45849961,3.283897145,4.068130777,4,0.09,0.048,0.044,0.034,0.784
469,120,120,0.6672443955,592.8296167,1.366052616,49.99098286,-2876966.184,2036472.48,97,97,0.6672443955,592.8296167,1.366052616,34.8382399,-2876966.184,2036472.48,395.5622393,6672.443955,0.6672443955,0.6672443955,1,0,Retain,-0.4045988901,-0.4045988901,0,0,0,-0.3611183151,6.908754779,-6.133090891,3,0.186,0.018,0.002,0.63,0.164
470,126,126,20.92717953,270.4703471,3.490358822,48.53539794,-2875928.639,2036703.658,102,102,20.74520427,272.8428773,3.505633792,48.53539794,-2875929.676,2036638.391,5660.181223,207452.0429,20.74520429,20.74520429,0.9913043588,65.274866,Retain,3.04104877,3.0323151,-0.008733669687,0.008733618577,0.004366783734,0,4.628353447,3.230462939,0,0.466,0.084,0.074,0.212,0.164
472,130,130,0.4246101287,699.5503058,1.285905914,49.99156711,-2876229.317,2036429.806,105,105,0.4246101287,699.5503058,1.285905914,49.99156711,-2876229.317,2036429.806,297.0361454,4246.101287,0.4246101287,0.4246101287,1,0,Retain,-0.8565838753,-0.8565838753,0,0,0,0,6.908754779,-5.907098398,3,0.184,0.016,0,0.604,0.196
473,131,131,0.485269526,709.1217849,1.393501386,54.59353062,-2875135.087,2036508.754,106,106,0.727904229,608.10458,1.463559772,69.67656476,-2875155.192,2036517.32,344.1151924,4852.69526,0.485269526,0.485269526,1,21.85327531,Retain,-0.7230508187,-0.317585793,0.4054650257,-0.153680408,0.04905210488,0.243944677,6.908754779,4.018286921,4,0.002,0,0.004,0.062,0.932
474,133,133,3.700176739,318.3498999,1.727472013,99.98336328,-2877239.573,2036319.888,114,114,4.185446003,304.9800801,1.760100287,74.98764925,-2877248.788,2036310.996,1177.950804,37001.76626,3.700176626,3.700176626,0.9999999695,12.80559022,Retain,1.308380586,1.43161327,0.1232326842,-0.04290462862,0.01871171349,-0.2876770477,6.908724202,2.468134549,4,0.176,0,0.004,0.086,0.734
476,140,140,0.6672460117,663.3861629,1.528637361,48.53496866,-2875189.776,2036386.626,122,122,0.6065873526,647.31015849999994,1.422178688,48.53496866,-2875187.132,2036382.082,392.6501554,6065.874621,0.6065874621,0.6065874621,0.9090911768,5.257217868,Retain,-0.4045964679,-0.49990653350000003,-0.09531006566,-0.02453170935,-0.07218674218,0,2.292747756,2.434455338,3,0.234,0.036,0.01,0.554,0.166
477,218,218,1.031205374,526.2081646,1.507388627,34.83848826,-2877986,2035379.242,220,220,1.395160019,459.5573464,1.531252434,34.83848826,-2877974.523,2035383.792,542.6286874,10312.05262,1.031205262,1.031205262,0.9999998907,12.34662957,Retain,0.03072838444,0.3330091179,0.3022807335,-0.1354331489,0.01570721785,0,6.908645398,3.070464858,4,0.04,0,0,0.05,0.91
478,229,229,2.001754846,442.254376,1.765113559,74.98995228,-2876545.551,2035403.634,225,225,0.4852743179,709.1145948,1.393494137,48.53359631,-2876459.968,2035404.667,344.1149022,4246.150581,0.4246150581,0.4246150581,0.2121214088,85.58884691,Retain,0.6940242188,-0.723040944,-1.417065163,0.4721319143,-0.2364006671,-0.4350906004,-1.308750434,4.674919499,2,0.008,0.196,0.794,0.002,0
479,229,229,2.001754846,442.254376,1.765113559,74.98995228,-2876545.551,2035403.634,228,228,0.4852737224,812.1369553,1.595944294,48.53359631,-2876613.692,2035387.032,394.1087234,4852.737117,0.4852737117,0.4852737117,0.2424241474,70.13508511,Retain,0.6940242188,-0.7230421712,-1.41706639,0.6077837621,-0.1007494329,-0.4350906004,-1.136637413,4.475790261,2,0.006,0.234,0.76,0,0
480,230,230,0.7279113206,541.4246355,1.303083716,34.83848826,-2877848.809,2035248.555,230,230,0.7279113206,541.4246355,1.303083716,34.83840098,-2877848.809,2035248.555,394.1091214,7279.113206,0.7279113206,0.7279113206,1,0,Retain,-0.3175760506,-0.3175760506,0,0,0,-2.505216001e-6,6.908754779,-6.176602311,3,0.144,0.016,0,0.656,0.184
481,238,238,0.1819778543,1082.848972,1.303083443,49.99374042,-2877782.515,2035127.178,242,242,0.3032965535,814.5442467,1.265445617,34.83840098,-2877761.218,2035142.578,98.52722118,606.5925234,0.06065925234,0.06065925234,0.3333331551,26.2813026,Retain,-1.703870279,-1.193044228,0.5108260511,-0.2847220339,-0.0293090083,-0.3611688501,-0.6916513477,4.69319589,3,0,0.004,0.002,0.686,0.308
482,244,244,0.3639560546,678.7869403,1.155188935,230.887554,-2878094.352,2035030.801,248,248,0.3639560546,678.7869403,1.155188935,230.887554,-2878094.352,2035030.801,247.0486167,3639.560546,0.3639560546,0.3639560546,1,0,Retain,-1.010722148,-1.010722148,0,0,0,0,6.908754779,-5.830029262,3,0.2,0.018,0,0.604,0.178
484,248,248,1.334506438,481.5402537,1.569235058,24.26653469,-2877077.475,2035162.114,250,250,1.334506438,481.5402537,1.569235058,24.26653469,-2877077.475,2035162.114,642.6185689,13345.06438,1.334506438,1.334506438,1,0,Retain,0.2885615143,0.2885615143,0,0,0,0,6.908754779,-6.479671093,3,0.11,0.016,0,0.72,0.154
485,260,260,0.3032976828,814.5442609,1.265447996,151.93277,-2877812.564,2034911.761,257,257,0.3032976828,814.5442609,1.265447996,157.6393001,-2877812.564,2034911.761,247.0493869,3032.976828,0.3032976828,0.3032976828,1,0,Retain,-1.193040504,-1.193040504,0,0,0,0.03687115359,6.908754779,-5.738870084,3,0.216,0.016,0,0.596,0.172
486,261,261,0.7279126674,543.4316404,1.307915322,24.26653469,-2876980.315,2035020.82,258,258,0.7279126674,543.4316404,1.307915322,24.26653469,-2876980.315,2035020.82,395.5707749,7279.126674,0.7279126674,0.7279126674,1,0,Retain,-0.3175742003,-0.3175742003,0,0,0,0,6.908754779,-6.176603236,3,0.144,0.016,0,0.656,0.184
487,277,277,1.152531582,512.9273493,1.553378685,24.26634561,-2878503.35,2034681.656,272,272,0.3639576146,812.1346031,1.382128709,69.67705898,-2878447.014,2034721.332,197.0550548,2426.382974,0.2426382974,0.2426382974,0.2105263763,68.90495542,Retain,0.1419608983,-1.010717862,-1.15267876,0.459531878,-0.116807502,1.054753832,-1.318282588,4.734127104,1,0.002,0.746,0.246,0.006,0
488,279,279,2.669019931,461.7140281,2.127864878,121.3317324,-2876522.189,2034895.499,280,280,0.1819788898,1090.879823,1.312751377,24.26639758,-2876454.894,2034833.939,198.517099,1819.787771,0.1819787771,0.1819787771,0.06818187265,91.20405061,Retain,0.9817113382,-1.703864589,-2.685575927,0.859794114,-0.4829938495,-1.60940284,-2.601471376,4.594619549,2,0,0.148,0.852,0,0
489,279,279,2.669019931,461.7140281,2.127864878,121.3317324,-2876522.189,2034895.499,286,286,2.365721004,438.8483674,1.904106861,24.26639758,-2876524.887,2034920.046,988.1981716,20624.23871,2.062423871,2.062423871,0.7727270398,24.69436059,Retain,0.9817113382,0.8610828399,-0.1206284983,-0.05079176366,-0.1111060128,-1.60940284,1.220677043,3.288124669,3,0.226,0.142,0.184,0.392,0.056
491,277,277,1.152531582,512.9273493,1.553378685,24.26634561,-2878503.35,2034681.656,297,297,1.880447502,445.752968,1.72432815,69.67705898,-2878585.333,2034605.414,297.044448,3032.977377,0.3032977377,0.3032977377,0.263157854,111.9560756,Retain,0.1419608983,0.6315097814,0.4895488831,-0.1403693007,0.1044051408,1.054753832,-1.027183051,5.219500038,4,0,0.014,0.04,0.13,0.816
492,280,280,0.5459362784,632.9993871,1.319378294,121.3316526,-2876276.423,2034836.82,316,316,1.759130053,534.9977037,2.001686039,74.99302919,-2876292.407,2034741.902,345.5773296,5459.362979,0.5459362979,0.5459362979,1.000000036,96.25458877,Retain,-0.6052530162,0.564819399,1.170072415,-0.1682069992,0.4168292085,-0.481127469,6.90879047,5.441998488,4,0.002,0,0.016,0.012,0.97
495,284,284,2.06242799,523.3711587,2.120285051,121.3316526,-2875995.902,2034839.558,307,307,4.124854439,274.5152331,1.572772223,145.5979178,-2875958.204,2034831.297,1030.882877,17591.29676,1.759129676,1.759129676,0.8529411375,38.5928074,Retain,0.7238839245,1.417030732,0.6931468071,-0.6452841315,-0.2987107279,0.1823197342,1.752252352,3.863514814,4,0.012,0.018,0.046,0.078,0.846
496,302,302,0.6065978323,567.287457,1.246374848,142.6362394,-2876515.512,2034572.117,315,315,0.2426391715,812.1334726,1.128503566,145.5971391,-2876517.154,2034589.538,197.055393,2426.391833,0.2426391833,0.2426391833,0.400000083,17.49836736,Retain,-0.4998892573,-1.41617983,-0.9162905728,0.3587985477,-0.09934673872,0.02054573487,-0.4046331622,3.684474301,1,0.022,0.924,0.046,0.008,0
497,311,311,0.6065986732,649.7060553,1.427455934,49.99561515,-2876279.333,2034471.357,329,329,0.2426389905,812.133831,1.128503643,74.99302919,-2876239.671,2034490.162,148.5230825,1213.195106,0.1213195106,0.1213195106,0.1999996307,43.89439103,Retain,-0.499887871,-1.416180576,-0.916292705,0.2231451051,-0.2350012474,0.4054531934,-1.382558337,4.604118205,1,0.004,0.774,0.2,0.022,0
498,323,323,0.1819797658,1082.844288,1.30308465,49.99561515,-2876248.46,2034367.975,340,340,0.121319745,1212.16647,1.191031038,74.9935176,-2876229.11,2034378.169,98.52787496,606.5999332,0.06065999332,0.06065999332,0.3333337256,21.87120719,Retain,-1.703859775,-2.109325698,-0.4054659228,0.1128180509,-0.08991491051,0.4054597059,-0.6916487871,4.509511583,3,0.082,0.266,0.008,0.644,0
499,360,360,0.3639609226,937.4214834,1.595355041,24.99821866,-2875877.499,2034009.58,400,400,0.4852801165,806.0941451,1.5840799,49.99649743,-2875876.913,2034003.358,341.184788,3639.60877,0.363960877,0.363960877,0.9999998749,6.249541947,Retain,-1.010708773,-0.7230289949,0.2876797778,-0.1509324623,-0.007092573379,0.6931283821,6.908629518,2.910387501,4,0.04,0.004,0.004,0.176,0.776
