OBJECTID,FID_RasterT_Raster11,ID_1996,AREA_1996,ED_1996,SHAPE_1996,ENN_1996,POINT_X_1996,POINT_Y_1996,FID_medan_2007_Project,ID_2007,AREA_2007,ED_2007,SHAPE_2007,ENN_2007,POINT_X_2007,POINT_Y_2007,Shape_Length,Shape_Area,OVERLAP_96_07,MAX_OVERLAP_96_07,RETENTION_96_07,CENTROID_96_07,EVENT TYPE,log_area_parent,log_area_child,log_change_area,log_change_ED,log_change_shape_index,log_change_ENN,logit_retention_ratio,log_centroid_shift,Predicted_Typology,Prob_0,Prob_1,Prob_2,Prob_3,Prob_4
1,327,327,2.454674531,375.5239345,1.659700209,30.72630125,-2854179.425,2033122.113,516,516,0.5459553634,627.5961666,1.308139075,55.57846606,-2854273.849,2033190.362,298.8041744,3495.474239,0.3495474239,0.3495474239,0.1424007214,116.5073392,Retain,0.8979941784,-0.6052180587,-1.503212237,0.5135747034,-0.2380314151,0.5926622668,-1.789659357,4.881330706,2,0,0.168,0.828,0.004,0
2,317,317,32.85487449,144.022781,2.328767689,30.72630125,-2854076.875,2033515.442,517,517,27.90432931,155.151392,2.311993128,24.26420062,-2854142.915,2033549.106,3985.095307,255245.9559,25.52459559,25.52459559,0.7768891524,74.12521276,Retain,3.49210012,3.328781849,-0.1633182708,0.0744298747,-0.007229260704,-0.2361083002,1.244443252,3.132084101,0,0.478,0.104,0.338,0.048,0.032
3,331,331,4.909349062,237.8318252,1.486541345,30.72630125,-2853808.936,2033045.888,522,522,2.547799072,348.6314983,1.569799831,34.83938781,-2853813.332,2033095.148,830.512668,21167.23753,2.116723753,2.116723753,0.4311617948,49.45536819,Retain,1.591141359,0.9352298775,-0.6559114815,0.3824516786,0.05449593788,0.1256257321,-0.2765524267,3.677885094,2,0.036,0.422,0.54,0.002,0
4,347,347,6.325507444,213.7310353,1.516388015,30.72630125,-2853642.314,2032722.512,524,524,6.005546952,287.7281387,1.989086581,88.31000559,-2853663.304,2032755.423,1559.168153,43381.95441,4.338195441,4.338195441,0.6858256795,39.03430392,Retain,1.84459026,1.792683534,-0.05190672564,0.297297691,0.2713443282,1.055713187,0.7789546341,3.314536278,0,0.634,0.078,0.046,0.162,0.08
5,355,355,0.755284471,488.1811148,1.196826841,122.905205,-2854234.082,2031914.628,528,528,0.5459626831,633.0027154,1.319417137,78.83465063,-2854254.774,2031944.957,273.1525295,2826.629291,0.2826629291,0.2826629291,0.3742469757,36.7146994,Retain,-0.2806608179,-0.6052046516,-0.3245438337,0.2597882379,0.09751632105,-0.4440561899,-0.5129681514,4.315899792,3,0.08,0.308,0.1,0.5,0.012
6,359,359,0.8496950298,578.585025,1.504505556,1918.118734,-2851895.042,2031470.377,531,531,0.7886182437,688.1138597,1.723807568,1950.67766,-2851919.167,2031501.733,313.8456824,2121.335722,0.2121335722,0.2121335722,0.249658483,39.5626792,Retain,-0.1628777823,-0.2374729236,-0.07459514126,0.1733688073,0.1360712366,0.01683194147,-1.097768911,4.33171534,3,0.044,0.196,0.032,0.698,0.03
8,378,378,0.6608739122,650.908153,1.49270533,43.45355195,-2841566.616,2030602.725,546,546,0.5459763272,721.874127,1.504677583,25.00531508,-2841588.939,2030635.958,276.4326823,1174.069578,0.1174069578,0.1174069578,0.1776540966,40.03481192,Retain,-0.4141922104,-0.6051796609,-0.1909874504,0.1034822381,0.007988512851,-0.5525872129,-1.527924893,4.4692354,3,0.042,0.27,0.044,0.626,0.018
10,381,381,0.755284471,488.1811148,1.196826841,43.45355195,-2841690.07,2030470.492,550,550,1.152617029,639.1991912,1.93585935,25.00531508,-2841704.246,2030489.512,404.3223931,5437.071767,0.5437071767,0.5437071767,0.719870721,23.72209582,Retain,-0.2806608179,0.142035034,0.422695852,0.2695296552,0.4808775811,-0.5525872129,0.9416451847,3.879144433,4,0.04,0.024,0.022,0.186,0.728
11,380,380,1.132926707,488.1811148,1.465807536,0,-2840743.956,2030528.104,556,556,3.093870778,351.2844354,1.743030798,34.84025447,-2840766.829,2030471.259,524.8926591,10517.0676,1.05170676,1.05170676,0.9283096199,61.27446404,Retain,0.1248042902,1.129422986,1.004618696,-0.3290902214,0.1732191265,10.45855744,2.548232913,4.6253423,4,0.008,0,0.018,0.006,0.968
13,382,382,0.755284471,488.1811148,1.196826841,153.6315063,-2840468.699,2030432.084,554,554,0.4246488378,699.6022565,1.286060026,145.5618373,-2840502.755,2030451.326,219.451253,2600.79063,0.260079063,0.260079063,0.3443458365,39.11637577,Retain,-0.2806608179,-0.8564927155,-0.5758318977,0.3598254946,0.07190954578,-0.05395556251,-0.6426111531,4.379262113,1,0.012,0.88,0.026,0.082,0
14,383,383,1.321747824,464.9343951,1.507860088,68.7060983,-2841347.142,2030345.941,555,555,1.395275892,599.7190784,1.998356549,50.01084002,-2841359.608,2030382.894,551.7086398,6513.049582,0.6513049582,0.6513049582,0.4927603785,38.99933888,Retain,0.27895497,0.333092168,0.05413719805,0.2545650331,0.2816336321,-0.3175927392,-0.02890269643,4.096457793,3,0.072,0.176,0.022,0.502,0.228
17,385,385,10.66839315,293.7727063,2.706799066,0,-2841107.391,2030546.866,545,545,1.819919144,404.0082736,1.537486722,50.01054472,-2841013.646,2030740.62,574.6043225,12753.65572,1.275365572,1.275365572,0.1195461729,215.2409445,Retain,2.367285459,0.5987920735,-1.768493386,0.3186289966,-0.5656176962,10.82000915,-1.989539763,4.760484932,2,0,0.016,0.984,0,0
18,385,385,10.66839315,293.7727063,2.706799066,0,-2841107.391,2030546.866,547,547,0.24265632,1005.925634,1.397837692,50.01054472,-2841052.667,2030618.951,225.0338958,1530.52922,0.153052922,0.153052922,0.01434638936,90.5040909,Retain,2.367285459,-1.416109158,-3.783394617,1.230857065,-0.6608402436,10.82000915,-4.163438801,3.894128315,2,0,0.018,0.982,0,0
19,385,385,10.66839315,293.7727063,2.706799066,0,-2841107.391,2030546.866,549,549,2.608551018,377.154144,1.718357882,50.01084002,-2841328.465,2030644.652,807.625521,16616.71223,1.661671223,1.661671223,0.1557564667,241.734769,Retain,2.367285459,0.9587949018,-1.408490557,0.2498476135,-0.4543976652,10.82001506,-1.684931357,4.876567479,2,0.002,0.032,0.966,0,0
20,385,385,10.66839315,293.7727063,2.706799066,0,-2841107.391,2030546.866,551,551,0.1819923901,1082.810331,1.303088982,48.52059017,-2841182.752,2030489.635,152.6744768,1214.430909,0.1214430909,0.1214430909,0.01138344727,94.62841669,Retain,2.367285459,-1.703790405,-4.071075865,1.304508738,-0.7310291942,10.78976414,-4.380956864,3.9386906,2,0,0,1,0,0
21,385,385,10.66839315,293.7727063,2.706799066,0,-2841107.391,2030546.866,552,552,0.1213281626,1212.020932,1.190929351,48.52059017,-2841089.382,2030489.962,147.0522727,1213.281626,0.1213281626,0.1213281626,0.01137267448,59.68579051,Retain,2.367285459,-2.109256317,-4.476541776,1.417238077,-0.8210328112,10.78976414,-4.381838063,3.477832945,2,0,0.004,0.996,0,0
22,385,385,10.66839315,293.7727063,2.706799066,0,-2841107.391,2030546.866,553,553,0.1819924632,1074.619118,1.293231672,0,-2840969.084,2030375.6,182.5604446,1034.607908,0.1034607908,0.1034607908,0.009697879453,220.13876,Retain,2.367285459,-1.703790004,-4.071075463,1.296915208,-0.738622523,0,-4.528973812,4.782984831,2,0,0,1,0,0
23,385,385,10.66839315,293.7727063,2.706799066,0,-2841107.391,2030546.866,557,557,1.39527653,423.7082447,1.411861603,0,-2841071.932,2030331.078,640.0504052,10333.813,1.0333813,1.0333813,0.0968638187,218.6823599,Retain,2.367285459,0.3330926248,-2.034192834,0.366238756,-0.6508576612,0,-2.223403085,4.776347052,2,0,0.006,0.994,0,0
24,385,385,10.66839315,293.7727063,2.706799066,0,-2841107.391,2030546.866,558,558,0.3639852175,812.107554,1.382135084,34.84025447,-2840911.109,2030276.359,84.67841977,437.3265233,0.04373265233,0.04373265233,0.004099272655,334.2167607,Retain,2.367285459,-1.010642023,-3.377927483,1.016826427,-0.6721373146,10.45855744,-5.275553281,5.200514972,2,0,0.012,0.988,0,0
25,353,353,0.1888211177,976.3622297,1.196826841,61.45260251,-2855674.377,2032049.056,526,526,0.3033117923,974.5420472,1.514050279,75.0067583,-2855719.418,2032081.849,9.792051877,5.9623919,5.9623919e-4,5.9623919e-4,0.003157693362,55.71367018,Retain,-1.666955179,-1.192993985,0.4739611942,-0.001865989022,0.2351146081,0.1993090929,-5.480634814,5.426086023,3,0,0.012,0.036,0.564,0.388
26,356,356,1.604979501,382.8871489,1.368360733,68.7060983,-2855224.327,2031890.906,527,527,1.395237598,494.3321686,1.647168493,361.9506108,-2855241.164,2031912.193,559.5094656,10664.44566,1.066444566,1.066444566,0.6644599293,27.14062002,Retain,0.4731109844,0.3330647221,-0.1400462623,0.2554674021,0.1854442709,1.661658014,0.6817612016,3.636877795,0,0.492,0.1,0.026,0.352,0.03
27,357,357,0.7552844709,569.544634,1.396297981,122.905205,-2854564.39,2031857.017,529,529,0.6066253849,729.6855137,1.60321247,150.0168247,-2854581.718,2031876.969,373.7700642,3260.607956,0.3260607956,0.3260607956,0.4317059441,26.42603429,Retain,-0.280660818,-0.4998438368,-0.2191830188,0.2477764844,0.138184975,0.1993326148,-0.2743387105,3.987082864,3,0.098,0.414,0.024,0.458,0.006
28,364,364,4.342885708,254.7031903,1.497333885,61.4526025,-2854571.57,2031273.551,532,532,7.946828594,322.9260819,2.56800056,34.83971122,-2854536.181,2031437.952,1049.209774,33768.55533,3.376855533,3.376855533,0.7775603044,168.1666929,Retain,1.468539037,2.07277293,0.6042338933,0.2373245407,0.5394414873,-0.5674958936,1.248304891,4.963057078,4,0.054,0.02,0.05,0.07,0.806
29,365,365,1.416158383,477.3326456,1.602404365,43.45355196,-2855022.98,2031068.887,530,530,0.3033145613,974.5380045,1.514050909,25.00334699,-2855105.168,2031195.14,42.99844617,80.44417615,0.008044417615,0.008044417615,0.005680450515,150.647727,Retain,0.3479478414,-1.192984856,-1.540932697,0.7137498991,-0.05671644959,-0.5526659201,-5.003878413,5.413341837,2,0.002,0.142,0.848,0.008,0
30,363,363,1.69939006,433.9387687,1.595769122,43.45355196,-2854822.576,2031164.821,533,533,5.095686747,367.6763377,2.341327198,25.00334699,-2854884.695,2031188.932,686.7951996,12344.00462,1.234400462,1.234400462,0.7263785353,66.63383457,Retain,0.5302693982,1.628394446,1.098125048,-0.1657004044,0.3833621195,-0.5526659202,0.9740533656,4.506457726,4,0,0.002,0.08,0.012,0.906
32,368,368,1.132926707,433.9387687,1.302940032,61.45260251,-2855136.667,2030850.73,537,537,0.9099486442,589.8406861,1.587224049,24.2616399,-2855205.78,2030864.276,309.2280758,4295.311146,0.4295311146,0.4295311146,0.3791340712,70.42784125,Retain,0.1248042902,-0.094367116,-0.2191714062,0.3069490386,0.1973633355,-0.9293447449,-0.4922005116,4.764565654,3,0.126,0.316,0.158,0.328,0.072
33,369,369,0.8496950299,506.2618968,1.316442362,68.7060983,-2854732.104,2030855.851,539,539,0.3033156151,809.6672542,1.25790843,24.26162649,-2854778.769,2030884.16,152.1213061,1174.602245,0.1174602245,0.1174602245,0.1382380976,54.58019312,Retain,-0.1628777823,-1.192981382,-1.030103599,0.4695692479,-0.04548255177,-1.040915355,-1.823953358,4.653493209,1,0.016,0.616,0.366,0.002,0
34,369,369,0.8496950299,506.2618968,1.316442362,68.7060983,-2854732.104,2030855.851,540,540,0.3639786581,816.1917186,1.389073454,24.26162649,-2854698.821,2030889.132,237.2743542,2344.662568,0.2344662567,0.2344662567,0.2759416597,47.06785141,Retain,-0.1628777823,-1.010660045,-0.8477822623,0.4775951585,0.05370402738,-1.040915355,-0.962445252,4.505415287,1,0.084,0.598,0.284,0.03,0.004
36,375,375,22.65853413,189.8482113,2.549279671,0,-2855672.713,2030938.172,541,541,28.02631208,224.7896885,3.357023879,0,-2855627.528,2031001.676,4768.679126,181990.6445,18.19906445,18.19906445,0.8031880769,77.93859207,Retain,3.120536564,3.333143786,0.2126072224,0.1689403824,0.2752439936,0,1.402516472,3.368030727,4,0.152,0.008,0.014,0.072,0.754
37,374,374,0.1888211177,976.3622297,1.196826841,68.7060983,-2854844.767,2030727.825,543,543,0.3033162041,809.6653326,1.257906666,88.30843403,-2854889.762,2030768.295,26.69346383,33.89117841,0.003389117841,0.003389117841,0.0179488284,60.51710583,Retain,-1.666955179,-1.19297944,0.4739757394,-0.1872126618,0.04977520796,0.2509944256,-3.948919072,5.508785123,3,0.002,0.018,0.056,0.606,0.318
39,376,376,0.4720527943,650.9081531,1.261566261,0,-2855453.148,2030700.171,544,544,0.6672952919,590.6272248,1.361029568,0,-2855458.879,2030714.101,303.2380715,4054.153956,0.4054153956,0.4054153956,0.8588348601,15.06257314,Retain,-0.7506644472,-0.4045226145,0.3461418328,-0.09718348137,0.07588743501,0,1.799751008,3.659976621,4,0,0,0.002,0.14,0.858
40,139,139,0.5664633533,542.4234609,1.151647165,30.72630125,-2859530.528,2035659.396,353,353,0.3033000612,814.5466342,1.265456644,24.99824103,-2859561.871,2035689.184,149.0383069,1277.999116,0.1277999116,0.1277999116,0.2256102021,43.23929979,Retain,-0.5683428903,-1.193032662,-0.6246897721,0.4065846919,0.09423980587,-0.2063060856,-1.230134498,4.623309314,1,0.004,0.884,0.044,0.068,0
41,151,151,0.5664633532,650.9081531,1.381976598,30.72630125,-2859566.376,2035510.886,382,382,1.213201973,654.5371708,2.033742371,24.99824103,-2859553.692,2035458.958,344.0804508,3490.817603,0.3490817603,0.3490817603,0.6162477384,53.45484343,Retain,-0.5683428904,0.1932631228,0.7616060132,0.005559830145,0.3863628367,-0.2063060856,0.4726708133,4.835392345,4,0,0,0.004,0.074,0.922
42,377,377,0.3776422354,650.9081531,1.128379167,68.70609831,-2855290.299,2030697.099,542,542,0.3033158563,809.6659929,1.257906971,48.52314443,-2855324.569,2030727.589,100.4925681,614.0142438,0.06140142438,0.06140142438,0.1625915182,45.87068213,Retain,-0.9738079986,-1.192980586,-0.2191725876,0.2182532617,0.1086669679,-0.3477910198,-1.634132852,4.885116922,3,0.014,0.26,0.02,0.696,0.01
43,284,284,0.3776422355,650.908153,1.128379167,43.45355195,-2858793.097,2033800.455,490,490,0.3033056938,814.5518805,1.265476545,50.00029036,-2858798.499,2033837.41,169.2720501,1159.001821,0.1159001821,0.1159001821,0.3069047135,37.34754226,Retain,-0.9738079984,-1.193014092,-0.2192060932,0.2242695758,0.1146665292,0.1403332032,-0.8128188882,4.679562824,3,0.022,0.362,0.022,0.592,0.002
46,303,303,1.69939006,397.7772047,1.462788361,30.72630125,-2857813.269,2033588.785,498,498,0.2426452323,1018.190805,1.414849091,34.83924474,-2857863.396,2033650.089,218.8131504,1529.424749,0.15294247489999999,0.15294247489999999,0.08999845209,79.18867724,Retain,0.5302693983,-1.416154852,-1.94642425,0.9398905496,-0.03332157534,0.1256216257,-2.3037021,4.679076196,2,0,0.36,0.64,0,0
47,303,303,1.69939006,397.7772047,1.462788361,30.72630125,-2857813.269,2033588.785,500,500,0.6672749653,515.7023455,1.188356074,34.83924474,-2857795.621,2033547.439,339.4360313,4846.484693,0.4846484693,0.4846484693,0.2851896576,44.95483663,Retain,0.5302693983,-0.4045530762,-0.9348224745,0.2596376879,-0.2077735493,0.1256216257,-0.9167605174,4.112910843,1,0.01,0.512,0.466,0.012,0
48,312,312,2.171442854,566.0070896,2.352833209,30.72630126,-2858781.742,2033417.712,504,504,1.759179848,703.0382059,2.630444334,25.00049365,-2858811.26,2033432.029,882.3952264,6474.351432,0.6474351432,0.6474351432,0.2981589601,32.80737117,Retain,0.7753918564,0.5648477051,-0.2105441513,0.2168046333,0.1115325576,-0.2062159819,-0.8541556784,3.675352716,1,0.134,0.47,0.214,0.158,0.024
49,320,320,13.7839416,267.4965013,2.80155973,30.72630125,-2858457.844,2033448.786,506,506,14.25542456,293.7986964,3.129212169,24.26401835,-2858483.406,2033482.919,3815.811123,101948.259,10.1948259,10.1948259,0.7396161561,42.6433829,Retain,2.623504262,2.657137505,0.03363324293,0.09378833991,0.1106049614,-0.2361158119,1.04149249,3.013508375,0,0.372,0.052,0.064,0.266,0.246
50,330,330,477.7174279,104.9685875,6.472021689,0,-2859195.071,2034156.097,505,505,379.7372334,127.7073518,7.020249676,0,-2859146.12,2034242.089,48570.02853,3430035.749,343.0035749,343.0035749,0.7180051529,98.9489555,Retain,6.169019403,5.939479522,-0.2295398803,0.1960801931,0.08131025295,0,0.9324398352,2.082469464,1,0.274,0.398,0.312,0.01,0.006
52,330,330,477.7174279,104.9685875,6.472021689,0,-2859195.071,2034156.097,400,400,0.3033009953,979.3923755,1.521558675,49.997179,-2859591.882,2035229.404,242.0283142,1444.401895,0.1444401895,0.1444401895,3.023548672e-4,1144.311133,Retain,6.169019403,-1.193029583,-7.362048985,2.233271215,-1.447753277,10.81974186,-6.644278619,4.530414219,2,0,0,1,0,0
54,330,330,477.7174279,104.9685875,6.472021689,0,-2859195.071,2034156.097,458,458,0.3639639199,674.7555027,1.148340468,69.67807514,-2861608.968,2034284.458,67.7288282,48.87795923,0.004887795923,0.004887795923,1.023156292e-5,2417.307331,Retain,6.169019403,-1.010700537,-7.17971994,1.860689268,-1.729170702,11.15165534,-6.898564983,5.278265182,2,0,0,1,0,0
55,330,330,477.7174279,104.9685875,6.472021689,0,-2859195.071,2034156.097,464,464,0.9705725571,557.5808628,1.54959045,0,-2860118.636,2034342.639,480.8804962,6311.330503,0.6311330503,0.6311330503,0.00132114303,942.2155208,Retain,6.169019403,-0.02986911662,-6.198888519,1.669946399,-1.42949786,0,-6.065374335,4.336090342,2,0,0,1,0,0
56,330,330,477.7174279,104.9685875,6.472021689,0,-2859195.071,2034156.097,473,473,0.4852870686,709.0960746,1.393476049,0,-2860156.45,2034226.102,342.6710274,4662.804468,0.4662804468,0.4662804468,9.760591085e-4,963.9246737,Retain,6.169019403,-0.7230146691,-6.892034072,1.910329885,-1.53568715,0,-6.226674708,4.358869431,2,0,0,1,0,0
57,330,330,477.7174279,104.9685875,6.472021689,0,-2859195.071,2034156.097,475,475,2.305110765,406.382829,1.740509174,24.26474071,-2860303.06,2034269.51,821.0926231,14322.86255,1.432286255,1.432286255,0.002998187152,1113.77845,Retain,6.169019403,0.83512872950000006,-5.333890673,1.353634505,-1.313310832,10.09682079,-5.519914046,4.503369662,2,0,0,1,0,0
58,330,330,477.7174279,104.9685875,6.472021689,0,-2859195.071,2034156.097,477,477,0.7279310102,743.4395813,1.789311108,24.99980298,-2861616.854,2034022.162,56.75391413,38.55140229,0.003855140229,0.003855140229,8.069917494e-6,2425.483923,Retain,6.169019403,-0.3175490014,-6.486568404,1.957626361,-1.285657841,10.12666322,-6.900709188,5.281641993,2,0,0,1,0,0
59,330,330,477.7174279,104.9685875,6.472021689,0,-2859195.071,2034156.097,480,480,0.1213219728,1212.128831,1.19100499,24.26449296,-2856199.805,2034427.382,70.51295539,278.6127126,0.02786127126,0.02786127126,5.832165551e-5,3007.526182,Retain,6.169019403,-2.109307335,-8.278326738,2.446472318,-1.692691051,10.09681058,-6.852012205,5.496728727,2,0,0,1,0,0
60,330,330,477.7174279,104.9685875,6.472021689,0,-2859195.071,2034156.097,483,483,0.1819832415,1082.83408,1.30308481,0,-2859019.518,2034046.028,148.5997359,751.2329351,0.07512329351,0.07512329351,1.572546638e-4,207.2052914,Retain,6.169019403,-1.703840676,-7.872860078,2.333675892,-1.602754147,0,-6.762547138,2.821570116,2,0.002,0.004,0.994,0,0
61,330,330,477.7174279,104.9685875,6.472021689,0,-2859195.071,2034156.097,489,489,0.5459499627,630.3060641,1.313780991,97.05705034,-2859572.601,2033793.302,333.2601118,3860.588148,0.3860588148,0.3860588148,8.081321556e-4,523.5925021,Retain,6.169019403,-0.6052279508,-6.774247353,1.792544378,-1.594579298,11.48306454,-6.315652774,3.748570866,2,0,0,1,0,0
62,330,330,477.7174279,104.9685875,6.472021689,0,-2859195.071,2034156.097,492,492,0.4852898075,712.1259898,1.399434219,0,-2861627.269,2033472.954,399.6976621,3725.463141,0.3725463141,0.3725463141,7.798466046e-4,2526.315954,Retain,6.169019403,-0.7230090252,-6.892028428,1.914593709,-1.531420505,0,-6.331448225,5.322373013,2,0,0,1,0,0
63,330,330,477.7174279,104.9685875,6.472021689,0,-2859195.071,2034156.097,499,499,0.8492599937,519.4772516,1.350460653,54.5893478,-2859741.795,2033363.721,370.5235901,4735.957085,0.4735957085,0.4735957085,9.913720555e-4,962.6872053,Retain,6.169019403,-0.1633899043,-6.332409307,1.599161881,-1.567042772,10.90761237,-6.218940031,4.357584827,2,0,0,1,0,0
65,316,316,1.510568942,406.8175957,1.410473959,30.72630125,-2858347.566,2033247.382,507,507,0.9099225169,651.3189518,1.752633019,48.52757467,-2858373.539,2033272.923,543.5186422,4934.687893,0.4934687893,0.4934687893,0.3266774363,36.427503,Retain,0.4124863627,-0.09439582931,-0.506882192,0.4706345464,0.2171934504,0.4570012419,-0.721678879,3.961473279,1,0.058,0.736,0.178,0.026,0.002
66,330,330,477.7174279,104.9685875,6.472021689,0,-2859195.071,2034156.097,510,510,39.2478855,181.9499694,3.215549406,24.26439949,-2859267.546,2033501.187,6619.570706,323328.9293,32.33289293,32.33289293,0.067682046,658.9079549,Retain,6.169019403,3.66989757,-2.499121833,0.5500706168,-0.6994902995,10.09680673,-2.609258104,3.97844061,2,0,0.016,0.984,0,0
67,341,341,0.3776422355,650.9081531,1.128379167,184.3578075,-2859591.981,2032725.035,515,515,0.9099263364,541.414672,1.456894844,121.317263,-2859635.324,2032729.438,176.4365178,1928.252548,0.1928252548,0.1928252548,0.5106029906,43.56654292,Retain,-0.9738079984,-0.09439163172,0.8794163667,-0.1841830693,0.255525114,-0.4184665345,0.04233362876,4.833581387,4,0.002,0,0.01,0.068,0.92
68,349,349,1.69939006,397.7772046,1.462788361,245.81041,-2859238.628,2032612.371,520,520,1.455883964,473.7375174,1.612487026,208.0944474,-2859284.269,2032634.912,527.7686031,7840.380918,0.7840380918,0.7840380918,0.4613644097,50.90366434,Retain,0.5302693983,0.3756132518,-0.1546561465,0.1747613463,0.09743327299,-0.1665677599,-0.1545407332,4.2371848,1,0.1,0.52,0.08,0.262,0.038
69,351,351,2.54908509,337.5079312,1.520096704,61.45260251,-2855749.486,2032232.845,525,525,2.183840793,496.9721717,2.071751328,75.0067583,-2855793.478,2032264.088,669.0608606,12157.37389,1.215737389,1.215737389,0.4769308778,53.95765906,Retain,0.9357345064,0.7810851584,-0.154649348,0.3869450221,0.3096203481,0.1993090929,-0.09215747312,4.09271587,1,0.184,0.616,0.046,0.114,0.04
71,367,367,4.437296267,235.4348639,1.39902365,30.72630125,-2856207.838,2030951.735,534,534,3.700443042,292.4928837,1.587220391,34.83974582,-2856223.366,2030969.731,990.5390795,31394.6385,3.13946385,3.13946385,0.7075172945,23.76937752,Retain,1.490045242,1.308452554,-0.1815926885,0.2170060485,0.1262097043,0.1256360076,0.8813557562,2.995782485,0,0.756,0.09,0.052,0.08,0.022
72,371,371,0.3776422354,650.9081531,1.128379167,43.45355195,-2856396.445,2030758.551,536,536,0.2426524276,812.11386,1.128507139,54.58666654,-2856420.892,2030803.23,85.3329185,331.17936,0.033117936,0.033117936,0.08769658924,50.9292177,Retain,-0.9738079986,-1.416125198,-0.4423171998,0.2212720056,1.134057322e-4,0.2280923605,-2.331846712,4.989725358,1,0.024,0.612,0.05,0.312,0.002
73,39,39,0.2832316766,867.8775373,1.302940032,92.17890376,-2863601.763,2038609.121,84,84,0.5459225279,632.9978361,1.319358446,97.07367811,-2863618.82,2038588.58,213.667061,2266.79921,0.226679921,0.226679921,0.8003339305,26.6999685,Retain,-1.261490071,-0.6052782037,0.6562118672,-0.315583615,0.01252231855,0.05173841651,1.384635571,4.487809816,4,0,0,0,0.032,0.968
74,43,43,2.171442854,481.1060262,1.999908227,61.45260251,-2863306.523,2038369.99,93,93,0.1213161397,1224.205689,1.202842467,49.98980226,-2863218.69,2038451.801,75.18163306,322.0216428,0.03220216428,0.03220216428,0.01482984653,120.0322223,Retain,0.7753918564,-2.109355416,-2.884747272,0.9339598212,-0.5084138149,-0.2064434256,-4.13193173,4.972437572,2,0,0.144,0.856,0,0
75,43,43,2.171442854,481.1060262,1.999908227,61.45260251,-2863306.523,2038369.99,96,96,0.7885562363,686.2763405,1.719136773,48.53630387,-2863370.052,2038386.418,485.7453026,3823.035251,0.3823035251,0.3823035251,0.1760596759,65.61817628,Retain,0.7753918564,-0.2375515545,-1.012943411,0.3551927009,-0.1512790046,-0.2359498052,-1.538824222,4.368536989,2,0.014,0.218,0.76,0.006,0.002
76,43,43,2.171442854,481.1060262,1.999908227,61.45260251,-2863306.523,2038369.99,101,101,0.2426332376,1018.173246,1.41478972,48.53628518,-2863226.884,2038344.336,212.9962878,2011.916898,0.2011916898,0.2011916898,0.09265345822,83.66935734,Retain,0.7753918564,-1.416204286,-2.191596142,0.7496776905,-0.3461203807,-0.2359501903,-2.272024604,4.611553776,2,0,0.218,0.782,0,0
78,45,45,0.3776422354,650.9081531,1.128379167,30.72630126,-2862633.885,2038255.769,108,108,0.3639493053,674.7881644,1.148372997,24.99513288,-2862666.106,2038277.718,135.6254239,1143.749322,0.1143749322,0.1143749322,0.3028658383,38.98707664,Retain,-0.9738079986,-1.010740692,-0.03693269351,0.03603026467,0.01756391792,-0.2064304231,-0.8318250106,4.722524814,3,0,0.02,0.006,0.962,0.012
79,47,47,2.265853413,298.3329035,1.266811881,30.72630126,-2862102.576,2038231.444,111,111,2.001725487,344.5451476,1.375129077,48.536117,-2862133.453,2038268.74,605.0645866,12853.78676,1.285378676,1.285378676,0.5672823621,48.41948416,Retain,0.8179514707,0.6940095523,-0.1239419184,0.1440151455,0.08204418631,0.4571772531,0.270224693,4.043312158,3,0.154,0.394,0.024,0.41,0.018
81,71,71,2.737906207,448.9021745,2.09534751,0,-2860855.468,2037377.95,183,183,5.156003242,430.9449458,2.7604091,34.83827478,-2860919.281,2037499.258,1236.352349,17719.45934,1.771945934,1.771945934,0.6471901518,137.0687242,Retain,1.00719347,1.640161714,0.6329682435,-0.04082464403,0.2756594777,10.45850062,0.6054244806,4.98925794,4,0.024,0.006,0.038,0.014,0.918
82,114,114,0.9441055887,455.6357072,1.248886881,30.72630126,-2860283.323,2036166.38,292,292,0.9705542597,454.5651951,1.263284472,24.99768099,-2860314.235,2036201.135,305.2389565,3888.074429,0.3888074429,0.3888074429,0.4118262275,46.51356426,Retain,-0.05751726671,-0.0298879689,0.0276292978,-0.002352255669,0.01146239323,-0.2063284882,-0.355694422,4.44088905,3,0.012,0.016,0.03,0.822,0.12
84,143,143,34.93190678,219.9014031,3.666352474,30.72630125,-2860103.034,2036118.63,340,340,26.5082614,249.4709968,3.62331217,24.99768099,-2860194.034,2036269.109,6336.845007,222463.3694,22.24633694,22.24633694,0.6368486288,175.8545312,Retain,3.553400646,3.277456435,-0.2759442106,0.1261633852,-0.01180872003,-0.2063284881,0.56053136,3.965327432,2,0.244,0.274,0.442,0.036,0.004
85,131,131,0.6608739121,557.9212741,1.279461712,30.72630126,-2860458.901,2035848.144,327,327,0.4246191108,696.1140138,1.279602892,24.99790345,-2860482.686,2035862.53,257.0196303,2872.694321,0.2872694321,0.2872694321,0.43468115,27.79684086,Retain,-0.4141922105,-0.8565627219,-0.4423705114,0.2212955934,1.103377322e-4,-0.2063195891,-0.2622465904,4.104419399,1,0.028,0.598,0.042,0.332,0
87,136,136,0.3776422355,650.9081531,1.128379167,30.72630126,-2860421.591,2035736.212,334,334,0.2426400763,812.132103,1.128503767,24.99790345,-2860444.846,2035774.615,99.82105858,551.2769144,0.05512769144,0.05512769144,0.1459786175,44.89530872,Retain,-0.9738079985,-1.416176101,-0.4423681028,0.221294469,1.104176366e-4,-0.2063195891,-1.76083936,4.863624522,1,0.026,0.578,0.046,0.348,0.002
88,143,143,34.93190678,219.9014031,3.666352474,30.72630125,-2860103.034,2036118.63,352,352,0.4852803437,709.1061447,1.393486183,78.82230752,-2860022.27,2035654.178,269.4766146,3106.056337,0.3106056337,0.3106056337,0.00889174575,471.4213327,Retain,3.553400646,-0.7230285269,-4.276429173,1.170825948,-0.9673886387,0.9420571828,-4.608131582,4.951418985,2,0,0,1,0,0
89,191,191,24.92438754,212.038262,2.986218292,30.72630125,-2864110.144,2035272.059,332,332,2.911673766,355.559544,1.711507337,69.67739863,-2864474.185,2035479.655,783.1761904,20676.74619,2.067674619,2.067674619,0.08295789074,419.0734704,Retain,3.215846744,1.068728093,-2.147118651,0.5169259896,-0.5566333357,0.8187387995,-2.391927888,5.002490209,2,0.002,0.006,0.992,0,0
90,191,191,24.92438754,212.038262,2.986218292,30.72630125,-2864110.144,2035272.059,366,366,17.34875552,235.6465752,2.768792206,69.67752252,-2864013.144,2035314.501,4026.295998,143808.3536,14.38083536,14.38083536,0.5769784849,105.8788107,Retain,3.215846744,2.853520776,-0.3623259676,0.1055663803,-0.07559660353,0.8187405776,0.3097524474,3.62674616,2,0.146,0.398,0.436,0.01,0.01
91,191,191,24.92438754,212.038262,2.986218292,30.72630125,-2864110.144,2035272.059,372,372,2.426404987,426.0670256,1.87221033,55.57401261,-2864506.777,2035043.794,741.2828958,11042.53131,1.104253131,1.104253131,0.044304123,457.6271737,Retain,3.215846744,0.8864107327,-2.329436011,0.6978299314,-0.466888074,0.5925821358,-3.050087509,5.090498578,2,0,0.046,0.954,0,0
92,162,162,3.776422355,276.635965,1.516505499,61.4526025,-2859792.47,2035336.77,387,387,4.003574424,295.3201393,1.666909746,49.99721633,-2859805.897,2035363.945,973.3882521,28769.63635,2.876963635,2.876963635,0.7618225304,30.31077037,Retain,1.328777095,1.387187568,0.05841047368,0.06535754955,0.09456278639,-0.2062951277,1.159819583,3.319512494,4,0.094,0.014,0.014,0.31,0.568
94,226,226,1.69939006,397.7772047,1.462788361,30.72630125,-2863878.3,2034667.62,410,410,2.305094683,426.1641558,1.825224843,34.83879189,-2863929.571,2034702.966,591.5488053,10294.95669,1.029495669,1.029495669,0.605803043,62.27402133,Retain,0.5302693983,0.8351217529,0.3048523546,0.06893255295,0.2213587302,0.125608628,0.4288199963,4.438790647,4,0.006,0.026,0.018,0.124,0.826
95,227,227,0.2832316766,867.8775375,1.302940032,30.72630125,-2862546.827,2034635.186,415,415,0.1819816405,1074.774486,1.293380187,74.9969771,-2862570.214,2034658.776,104.2730427,506.1832286,0.05061832286,0.05061832286,0.1787170258,33.21742329,Retain,-1.261490071,-1.703849474,-0.4423594026,0.2138155188,-0.007364182503,0.8923095902,-1.520701051,4.706214619,1,0.102,0.494,0.012,0.392,0
96,242,242,7.836076387,196.0566726,1.548196303,30.72630125,-2859933.487,2034638.024,452,452,9.28107207,218.4994704,1.877779222,0,-2859929.914,2034666.854,1540.356466,64196.90094,6.419690094,6.419690094,0.8192480238,29.04981285,Retain,2.058738248,2.227977065,0.1692388167,0.1083798273,0.1929992356,-10.33290683,1.506963773,2.912042283,4,0.2,0.012,0.018,0.072,0.698
97,236,236,9.818698123,200.2794317,1.77034689,30.72630126,-2863179.867,2034761.243,405,405,0.3033020454,974.5552195,1.514046415,24.26535694,-2863351.396,2034776.278,201.0445139,1564.088129,0.1564088129,0.1564088129,0.01592968956,172.1863591,Retain,2.28428854,-1.193026121,-3.47731466,1.582267632,-0.1563896983,-0.2360606482,-4.063644161,4.578803854,2,0,0.104,0.896,0,0
98,236,236,9.818698123,200.2794317,1.77034689,30.72630126,-2863179.867,2034761.243,417,417,7.461220712,290.3218757,2.237071025,24.26535694,-2863183.408,2034797.395,2001.238321,59436.89312,5.943689312,5.943689312,0.6053439303,36.32499608,Retain,2.28428854,2.009719035,-0.2745695043,0.3712766738,0.2339919217,-0.2360606482,0.4269020438,3.022754304,0,0.366,0.268,0.286,0.04,0.04
99,233,233,0.8496950297,650.9081532,1.692568751,239.9800844,-2861450.922,2034611.288,436,436,0.7885872502,626.57559,1.569615993,224.9936873,-2861467.546,2034615.451,463.071403,5252.763083,0.5252763083,0.5252763083,0.6181939283,17.13696662,Retain,-0.1628777824,-0.2375122253,-0.07463444292,-0.03809912501,-0.07541634645,-0.06448331529,0.4808899959,3.495100107,3,0.054,0.034,0.012,0.872,0.028
100,240,240,2.360263972,338.4722396,1.466892917,30.72630125,-2862458.745,2034516.378,431,431,1.880476674,442.6290192,1.712256907,49.99827381,-2862467.53,2034536.388,744.4369571,15208.8666,1.52088666,1.52088666,0.6443714256,21.8538275,Retain,0.8587734652,0.6315252949,-0.2272481703,0.2682899118,0.1546658266,0.4868569305,0.5931311724,3.227400046,0,0.682,0.124,0.028,0.158,0.008
101,241,241,1.510568942,447.4993552,1.551521355,30.72630125,-2862025.12,2034511.001,439,439,1.637836822,481.2610434,1.737445104,24.99914341,-2862062.285,2034526.959,563.7016983,9971.573468,0.9971573468,0.9971573468,0.6601203818,40.44617529,Retain,0.4124863627,0.4933763601,0.08088999747,0.07273473571,0.1131797344,-0.2062699896,0.6624065549,4.06611857,3,0.026,0.018,0.002,0.508,0.446
102,250,250,1.038516148,532.5612161,1.530986039,43.45355196,-2862727.46,2034433.138,441,441,0.8492482507,638.9657154,1.661077726,49.99847048,-2862745.241,2034464.793,432.3126796,3566.399795,0.3566399795,0.3566399795,0.3434130324,36.30708427,Retain,0.03779291321,-0.1634037317,-0.2011966449,0.1821529485,0.08155462601,0.1402968056,-0.6467354126,4.14550891,1,0.142,0.448,0.038,0.358,0.014
104,253,253,1.604979501,382.8871489,1.368360733,43.45355196,-2863952.404,2034374.314,430,430,1.213210676,446.0661457,1.385997489,49.99831829,-2863972.57,2034396.564,450.0062488,10083.92024,1.008392024,1.008392024,0.6282896597,30.02880196,Retain,0.4731109844,0.1932702969,-0.2798406875,0.1527269544,0.0128066107,0.1402937618,0.5237901085,3.737999738,1,0.298,0.432,0.038,0.222,0.01
105,258,258,0.755284471,569.544634,1.396297981,30.72630125,-2863060.212,2034303.598,443,443,0.6066059427,567.2797792,1.246366311,24.26490681,-2863068.297,2034330.805,307.8699616,3397.442123,0.3397442123,0.3397442123,0.4498228487,28.38300472,Retain,-0.280660818,-0.4998758871,-0.2192150691,-0.003984533966,-0.1135920685,-0.2360791977,-0.2009818005,4.058521124,3,0.012,0.37,0.114,0.49,0.014
106,252,252,0.9441055888,455.6357071,1.248886881,30.72630125,-2862179.135,2034375.037,446,446,0.9099094512,431.5212316,1.161171384,24.99914341,-2862203.959,2034391.839,302.7556308,5450.142124,0.5450142124,0.5450142124,0.5772809937,29.97561661,Retain,-0.05751726658,-0.09441018859,-0.03689292202,-0.05437688888,-0.0728233499,-0.2062699896,0.3109893842,4.001541208,3,0.016,0.034,0.026,0.882,0.042
107,261,261,3.021137884,305.1131968,1.496033552,30.72630125,-2861968.468,2034308.399,456,456,2.487088635,337.0311902,1.499376824,24.99915792,-2861973.668,2034344.858,827.1318694,18393.33583,1.839333583,1.839333583,0.6088214619,36.82757524,Retain,1.105633543,0.9111128035,-0.1945207397,0.0994926339,0.002232264035,-0.2062694095,0.4414490385,3.625822216,1,0.25,0.396,0.12,0.222,0.012
108,259,259,2.360263972,312.4359135,1.354055001,0,-2862434.164,2034320.959,447,447,1.637838194,389.6796895,1.406819359,24.26495965,-2862456.95,2034356.008,469.2622484,11393.29936,1.139329936,1.139329936,0.4827129292,41.80503631,Retain,0.8587734653,0.4933771981,-0.3653962672,0.2209257215,0.03822758786,10.09682981,-0.06903767013,3.876018949,1,0.112,0.558,0.232,0.086,0.012
109,272,272,7.269613033,202.8804633,1.543088884,0,-2862669.998,2034151.014,467,467,7.339948206,194.3421334,1.485280679,24.26495965,-2862692.597,2034179.348,1347.795594,58702.97589,5.870297589,5.870297589,0.8075117014,36.24201514,Retain,1.983703062,1.993331786,0.009628724053,-0.04299677501,-0.03818241298,10.09682981,1.429978114,3.170760089,4,0.33,0.008,0.04,0.266,0.356
110,277,277,6.608739121,306.8567007,2.225307253,0,-2863263.335,2034084.015,466,466,7.521932099,314.957995,2.43675805,24.26490681,-2863312.212,2034112.663,1931.511288,46669.34766,4.666934766,4.666934766,0.7061762737,56.6545852,Retain,1.888392882,2.017823033,0.1294301505,0.02605841491,0.09077349016,10.09682763,0.8749023212,3.665159076,4,0.044,0.012,0.026,0.096,0.822
111,309,309,3.776422355,357.9994842,1.962536528,43.45355195,-2861172.849,2033387.186,496,496,2.547774702,348.053313,1.567188913,69.67846209,-2861191.923,2033383.164,801.3273608,20373.50728,2.037350728,2.037350728,0.5394922857,19.49364425,Retain,1.328777095,0.9352203123,-0.3935567822,-0.02817587931,-0.2249542704,0.4721900036,0.157981595,2.87811617,2,0.1,0.388,0.454,0.05,0.008
112,315,315,0.4720527943,650.9081531,1.261566261,0,-2859785.557,2033189.002,501,501,0.4246301093,692.6353607,1.273224891,24.26376789,-2859808.226,2033199.656,229.6989019,2718.059924,0.2718059924,0.2718059924,0.5757957493,25.04848095,Retain,-0.7506644473,-0.8565368201,-0.1058723728,0.06213513923,0.009198952823,10.0967807,0.3049185733,4.168550273,3,0.014,0.04,0.004,0.928,0.014
113,319,319,1.227337265,500.6985793,1.564780364,0,-2859933.515,2033184.747,503,503,1.334553159,442.97643,1.443589204,24.26376789,-2859957.473,2033199.847,495.6953871,8771.026771,0.8771026771,0.8771026771,0.714638675,28.31871233,Retain,0.2048469978,0.2885965232,0.08374952536,-0.1224877186,-0.08061295593,10.0967807,0.9159210081,3.813499555,3,0.038,0.014,0.016,0.498,0.434
114,329,329,4.248475149,245.8986356,1.429775096,43.45355195,-2861387.421,2033098.871,502,502,3.942993043,324.4759187,1.817567482,69.67846209,-2861404.325,2033118.279,1131.442602,31303.91602,3.130391602,3.130391602,0.7368270949,25.73683992,Retain,1.44656013,1.37194009,-0.07462003965,0.2772919222,0.2399819024,0.4721900036,1.027105676,3.097047157,0,0.636,0.082,0.024,0.192,0.066
115,334,334,0.2832316766,867.8775374,1.302940032,130.3606559,-2861645.522,2032873.545,508,508,0.1819847838,1074.728787,1.293336363,209.0355478,-2861718.602,2032855.457,0.6346371018,0.004291868225,4.291868225e-7,4.291868225e-7,1.5153207e-6,75.28494949,Retain,-1.261490071,-1.703832201,-0.4423421302,0.2137729986,-0.007398066484,0.4721965505,-6.907239092,5.524403502,3,0.078,0.376,0.14,0.394,0.012
116,345,345,12.36778321,248.4382264,2.464673639,0,-2860018.279,2032841.02,513,513,4.064328998,387.5164938,2.203838106,24.26389545,-2860163.188,2032963.13,1508.9399,23180.15493,2.318015493,2.318015493,0.187423684,189.4977043,Retain,2.515094964,1.402248661,-1.112846302,0.4445641841,-0.1118589671,10.09678595,-1.462746669,4.559199648,2,0.008,0.06,0.93,0.002,0
117,345,345,12.36778321,248.4382264,2.464673639,0,-2860018.279,2032841.02,509,509,0.4246310809,813.8585157,1.496062956,50.00162669,-2859880.5,2033042.216,214.2382423,1016.499886,0.1016499886,0.1016499886,0.008218933571,243.8492859,Retain,2.515094964,-0.856534532,-3.371629496,1.186592309,-0.4992224391,10.81983082,-4.679250797,4.811371916,2,0,0.014,0.986,0,0
118,335,335,1.510568942,447.4993552,1.551521355,61.45260251,-2860605.949,2032924.755,511,511,1.577200958,405.5941025,1.436912145,50.00209187,-2860630.519,2032946.906,571.9846593,10456.45156,1.045645156,1.045645156,0.6922194192,33.08149067,Retain,0.4124863626,0.4556517304,0.0431653678,-0.09832218492,-0.07673950102,-0.2061976184,0.808715641,3.865125921,3,0.026,0.01,0.016,0.836,0.112
119,340,340,0.5664633532,650.9081531,1.381976598,61.45260251,-2860544.496,2032755.761,512,512,0.4246316996,696.1048732,1.279605058,50.00209187,-2860573.752,2032787.079,215.3975706,1214.449423,0.1214449423,0.1214449423,0.2143915252,42.8570975,Retain,-0.5683428904,-0.856533075,-0.2881901846,0.0671317825,-0.07696330978,-0.2061976184,-1.295273214,4.614430989,3,0.058,0.368,0.068,0.502,0.004
120,345,345,12.36778321,248.4382264,2.464673639,0,-2860018.279,2032841.02,514,514,0.3639702033,678.7953419,1.155225687,0,-2860062.282,2032734.603,249.5416353,1682.296629,0.1682296629,0.1682296629,0.01360224868,115.1565642,Retain,2.515094964,-1.010683274,-3.525778237,1.005125443,-0.7577636761,0,-4.213897413,4.061118775,2,0,0.008,0.992,0,0
121,345,345,12.36778321,248.4382264,2.464673639,0,-2860018.279,2032841.02,518,518,2.729778702,433.6721601,2.021251391,0,-2859918.562,2032717.946,993.647538,22021.66764,2.202166764,2.202166764,0.178056708,158.4003869,Retain,2.515094964,1.004220544,-1.510874419,0.5570946286,-0.198342581,0,-1.525184734,4.379949696,2,0.002,0.038,0.96,0,0
122,350,350,7.269613033,219.7871686,1.671679625,0,-2860169.994,2032489.799,523,523,7.158099997,261.5306414,1.973860823,34.83937233,-2860208.53,2032514.679,1693.566288,56035.20863,5.603520863,5.603520863,0.7708141874,45.86991409,Retain,1.983703062,1.968244582,-0.01545848008,0.1738917896,0.1661625495,10.45853212,1.209856968,3.406344648,0,0.466,0.026,0.026,0.35,0.132
123,22,22,0.9441055888,455.6357071,1.248886881,61.4526025,-2867282.774,2039878.117,33,33,0.7278847434,541.4332574,1.303080678,100.2441629,-2867315.736,2039899.571,326.2182314,3355.66536,0.335566536,0.335566536,0.3554332693,39.3285074,Retain,-0.05751726659,-0.3176125629,-0.2600952963,0.1725262015,0.04247855333,0.4893363555,-0.5939815438,4.273098638,1,0.126,0.424,0.034,0.414,0.002
124,26,26,2.360263972,364.5085657,1.579730834,61.4526025,-2867102.103,2039792.698,35,35,1.455771073,472.7597646,1.609096605,100.2441629,-2867091.836,2039851.581,612.4922419,9527.632488,0.9527632488,0.9527632488,0.4036680897,59.77069329,Retain,0.8587734653,0.3755357073,-0.483237758,0.2600373111,0.01841843216,0.4893363555,-0.3894057229,4.233510403,1,0.056,0.65,0.254,0.038,0.002
125,38,38,0.5664633532,542.4234609,1.151647165,30.72630125,-2866044.504,2038639.848,70,70,0.4852626579,815.1367522,1.601820985,49.98857087,-2866041.151,2038657.466,302.5945139,2785.760953,0.2785760953,0.2785760953,0.4917813196,17.93439384,Retain,-0.5683428905,-0.7230649719,-0.1547220814,0.4073089037,0.329947863,0.48666285,-0.03281204704,3.743312458,3,0.122,0.392,0.01,0.428,0.048
126,94,94,1.510568942,366.1358361,1.269426563,92.17890376,-2864293.105,2036611.912,221,221,0.7885695956,499.7766969,1.251961819,55.57159987,-2864305.326,2036645.497,325.2597625,5130.066209,0.5130066209,0.5130066209,0.3396115242,35.73985229,Retain,0.4124863627,-0.2375346133,-0.6500209759,0.3111569911,-0.01385349682,-0.5060518716,-0.6635987736,3.942416118,1,0.048,0.498,0.428,0.022,0.004
127,135,135,1114.705469,49.61610382,4.673021632,0,-2865309.008,2037896.025,288,288,919.5201975,96.99499977,8.297075669,0,-2865417.839,2037900.451,90708.00258,8886980.69,888.698069,888.698069,0.7972492232,108.921489,Retain,7.016345495,6.82385201,-0.1924934858,0.6703439737,0.5740972308,0,1.365523294,1.754828714,1,0.266,0.388,0.274,0.016,0.056
128,135,135,1114.705469,49.61610382,4.673021632,0,-2865309.008,2037896.025,71,71,0.1213158011,1212.233388,1.191077429,34.8380376,-2865079.146,2038666.243,147.0630646,1213.158011,0.1213158011,0.1213158011,1.088321574e-4,803.7865325,Retain,7.016345495,-2.109358207,-9.125703703,3.195904258,-1.366947593,10.45849381,-6.805338699,3.753527166,2,0,0.002,0.998,0,0
129,135,135,1114.705469,49.61610382,4.673021632,0,-2865309.008,2037896.025,72,72,0.1213156385,1224.201743,1.202836105,24.99434572,-2862869.463,2038886.249,66.58384975,217.6913524,0.02176913524,0.02176913524,1.952904678e-5,2632.854186,Retain,7.016345495,-2.109359548,-9.125705043,3.205728818,-1.357123704,10.12644492,-6.889394468,4.940016354,2,0,0,1,0,0
130,135,135,1114.705469,49.61610382,4.673021632,0,-2865309.008,2037896.025,73,73,1.273816031,541.4296587,1.723814245,34.83795763,-2863568.145,2038860.719,337.6874967,2526.858062,0.2526858062,0.2526858062,2.266839208e-4,1990.285406,Retain,7.016345495,0.2420171444,-6.774328351,2.389897702,-0.9972664731,10.45849151,-6.704213767,4.660226025,2,0,0,1,0,0
131,135,135,1114.705469,49.61610382,4.673021632,0,-2865309.008,2037896.025,76,76,0.3639479297,674.7919918,1.148377341,24.26855648,-2863973.922,2038707.265,249.5368409,2798.270031,0.2798270031,0.2798270031,2.510322331e-4,1562.230239,Retain,7.016345495,-1.010744472,-8.027089967,2.610089028,-1.403455955,10.09697802,-6.684534969,4.418062555,2,0,0,1,0,0
132,135,135,1114.705469,49.61610382,4.673021632,0,-2865309.008,2037896.025,79,79,0.4246061466,810.4335864,1.489723392,99.97817939,-2862802.173,2038725.799,344.1150822,4246.061466,0.4246061466,0.4246061466,3.809133072e-4,2640.595535,Retain,7.016345495,-0.8565932536,-7.872938749,2.793253941,-1.143215433,11.51271724,-6.585629077,4.942952326,2,0,0,1,0,0
133,135,135,1114.705469,49.61610382,4.673021632,0,-2865309.008,2037896.025,89,89,0.4852647234,609.1076737,1.196956864,24.99490573,-2862258.437,2038576.434,295.5784668,4852.647234,0.4852647234,0.4852647234,4.353299926e-4,3125.530052,Retain,7.016345495,-0.7230607155,-7.739406211,2.507679601,-1.362023504,10.12646732,-6.546925007,5.11155168,2,0,0,1,0,0
134,135,135,1114.705469,49.61610382,4.673021632,0,-2865309.008,2037896.025,92,92,0.4246072152,696.1226115,1.279600772,24.2682036,-2866022.644,2038201.044,302.8631141,2674.894046,0.2674894046,0.2674894046,2.399641988e-4,776.0886654,Retain,7.016345495,-0.856590737,-7.872936232,2.641210356,-1.29525776,10.09696348,-6.693432519,3.718460257,2,0,0,1,0,0
135,135,135,1114.705469,49.61610382,4.673021632,0,-2865309.008,2037896.025,95,95,0.3032907129,809.7475356,1.257981513,24.99490573,-2862180.116,2038501.565,158.4281519,1171.954157,0.1171954157,0.1171954157,1.051357682e-4,3186.948804,Retain,7.016345495,-1.193063485,-8.20940898,2.79240706,-1.31229743,10.12646732,-6.808681549,5.131011759,2,0,0,1,0,0
136,135,135,1114.705469,49.61610382,4.673021632,0,-2865309.008,2037896.025,97,97,0.1213165584,1212.223114,1.191071052,54.59413727,-2862304.439,2038449.732,189.9639905,551.9937685,0.05519937685,0.05519937685,4.951924827e-5,3055.163752,Retain,7.016345495,-2.109351965,-9.12569746,3.195895783,-1.366952947,10.9077001,-6.860373108,5.088780994,2,0,0,1,0,0
137,135,135,1114.705469,49.61610382,4.673021632,0,-2865309.008,2037896.025,106,106,0.4852661988,609.1067617,1.196956891,74.98481461,-2867380.18,2037894.595,251.9099503,3167.887153,0.3167887153,0.3167887153,2.841905097e-4,2071.172691,Retain,7.016345495,-0.7230576752,-7.73940317,2.507678104,-1.362023481,11.22505424,-6.658342266,4.700062921,2,0,0,1,0,0
138,135,135,1114.705469,49.61610382,4.673021632,0,-2865309.008,2037896.025,107,107,2.729620007,433.1430799,2.018726781,48.53628518,-2862992.99,2038355.549,1073.87418,25281.9723,2.52819723,2.52819723,0.002268040574,2361.164771,Retain,7.016345495,1.004162408,-6.012183087,2.166752657,-0.8393388865,10.79008755,-5.722295841,4.831102942,2,0,0,1,0,0
139,135,135,1114.705469,49.61610382,4.673021632,0,-2865309.008,2037896.025,112,112,0.3032918358,969.7747144,1.506594176,48.53578095,-2861816.958,2038164.084,280.4485457,2860.62656,0.286062656,0.286062656,2.566262247e-4,3502.322787,Retain,7.016345495,-1.193059782,-8.209405278,2.972748337,-1.131954302,10.79007716,-6.680067846,5.225374162,2,0,0,1,0,0
140,135,135,1114.705469,49.61610382,4.673021632,0,-2865309.008,2037896.025,113,113,0.181975768,1082.853372,1.303081267,0,-2866103.185,2037674.636,197.053074,1819.757681,0.1819757681,0.1819757681,1.6325009e-4,824.4579852,Retain,7.016345495,-1.703881743,-8.720227239,3.083039392,-1.277074227,0,-6.75737379,3.778919591,2,0,0,1,0,0
141,135,135,1114.705469,49.61610382,4.673021632,0,-2865309.008,2037896.025,170,170,0.1819768242,1082.85178,1.303083134,24.99606068,-2867096.113,2036828.148,189.9390122,1729.46843,0.172946843,0.172946843,1.551502597e-4,2081.852215,Retain,7.016345495,-1.70387594,-8.720221435,3.083037923,-1.277072795,10.12651352,-6.764369342,4.70520594,2,0,0,1,0,0
142,135,135,1114.705469,49.61610382,4.673021632,0,-2865309.008,2037896.025,207,207,0.3032954849,814.5430944,1.265441598,24.99647716,-2864242.549,2036791.602,247.2504665,2341.221518,0.2341221518,0.2341221518,2.100305044e-4,1535.279538,Retain,7.016345495,-1.193047751,-8.209393246,2.798311881,-1.306384742,10.12653019,-6.717899367,4.400660599,2,0,0,1,0,0
143,135,135,1114.705469,49.61610382,4.673021632,0,-2865309.008,2037896.025,211,211,0.5459321298,810.8014697,1.689969717,0,-2865796.539,2036601.569,442.6425732,5459.321298,0.5459321298,0.5459321298,4.89754599e-4,1383.222272,Retain,7.016345495,-0.6052606153,-7.621606111,2.793707772,-1.017095283,0,-6.509653987,4.296363955,2,0,0,1,0,0
144,135,135,1114.705469,49.61610382,4.673021632,0,-2865309.008,2037896.025,215,215,0.1213181393,1212.192234,1.19104847,24.99659873,-2865878.07,2036532.537,147.0609062,1213.181392,0.1213181392,0.1213181392,1.08834255e-4,1477.474761,Retain,7.016345495,-2.109338934,-9.125684429,3.195870308,-1.366971907,10.12653505,-6.805336805,4.362282539,2,0,0,1,0,0
145,135,135,1114.705469,49.61610382,4.673021632,0,-2865309.008,2037896.025,228,228,0.121318516,1212.187671,1.191045836,24.99683617,-2865453.314,2036421.8,147.0608093,1213.18516,0.121318516,0.121318516,1.08834593e-4,1481.270301,Retain,7.016345495,-2.109335829,-9.125681324,3.195866544,-1.366974118,10.12654455,-6.8053365,4.364848181,2,0,0,1,0,0
146,142,142,17.08831116,151.0394609,1.761307022,30.72630126,-2867500.608,2035793.166,283,283,15.9534461,178.9188197,2.015943459,48.53256848,-2867507.834,2035815.844,2712.274504,139183.7965,13.91837965,13.91837965,0.8144970868,23.80129569,Retain,2.838394672,2.769674862,-0.06871980952,0.1693910487,0.1350311439,0.457104141,1.47535099,2.322949641,0,0.776,0.092,0.032,0.056,0.044
147,138,138,7.269613033,270.5072844,2.057451846,61.45260251,-2865241.829,2035931.544,268,268,2.487037783,356.5472187,1.586183079,24.99728832,-2865176.425,2036084.677,849.4227085,19142.97613,1.914297613,1.914297613,0.2633286813,166.5158778,Retain,1.983703062,0.9110923571,-1.072610705,0.2761676546,-0.260137698,-0.899475104,-1.026305024,4.695610084,2,0.002,0.024,0.974,0,0
148,138,138,7.269613033,270.5072844,2.057451846,61.45260251,-2865241.829,2035931.544,297,297,2.305064581,471.4522291,2.019176626,24.99728832,-2865299.723,2035817.799,1083.363052,20835.02956,2.083502956,2.083502956,0.2866043827,127.6302499,Retain,1.983703062,0.8351086937,-1.148594369,0.5555187528,-0.01877843146,-0.899475104,-0.90985103,4.429658658,2,0.008,0.036,0.95,0.002,0.004
149,141,141,1.510568942,406.8175957,1.410473959,61.45260251,-2865091.989,2035674.759,301,301,0.7279163382,543.4325057,1.307920703,97.06485522,-2865107.545,2035703.155,391.1096432,6073.678489,0.6073678489,0.6073678489,0.4020788672,32.37806569,Retain,0.4124863626,-0.3175691574,-0.73005552,0.2895405973,-0.07548716274,0.4571072085,-0.3959976817,3.843633855,1,0.028,0.662,0.308,0.002,0
150,149,149,0.3776422354,650.9081531,1.128379167,30.72630126,-2867672.998,2035490.402,290,290,0.3639581963,678.787471,1.155193237,34.83855694,-2867709.533,2035531.869,92.33431517,526.3214902,0.05263214902,0.05263214902,0.139370399,55.26555889,Retain,-0.9738079986,-1.010716263,-0.03690826458,0.04193952915,0.02348539689,0.1256018836,-1.814540845,5.071436946,3,0,0.032,0.006,0.95,0.012
153,150,150,0.660873912,650.9081531,1.49270533,122.905205,-2864703.52,2035518.933,316,316,0.4246185337,817.303058,1.502372637,97.06414866,-2864718.672,2035551.073,271.6699729,2455.067727,0.2455067727,0.2455067727,0.3714880679,35.53255962,Retain,-0.4141922107,-0.8565640808,-0.4423718701,0.2276414196,0.006455484565,-0.236039115,-0.5247398032,4.34993864,1,0.028,0.64,0.054,0.276,0.002
154,177,177,7.55284471,325.4540765,2.523132522,30.72630126,-2867417.97,2035275.702,339,339,7.521818334,301.4696676,2.332384304,34.83855694,-2867441.075,2035298.131,2301.25126,55439.40139,5.543940139,5.543940139,0.734020141,32.20121314,Retain,2.021924275,2.017807909,-0.004116366536,-0.07655195974,-0.07861014301,0.1256018836,1.01272468,3.033437987,3,0.258,0.026,0.106,0.416,0.194
155,158,158,2.737906207,336.6766309,1.571510633,30.72630125,-2865176.221,2035395.574,326,326,2.487057274,393.8076827,1.751951768,49.99592907,-2865200.895,2035433.868,742.3344982,14509.55787,1.450955787,1.450955787,0.5299508739,45.55486451,Retain,1.00719347,0.9111001939,-0.09609327648,0.1567397577,0.1086931195,0.4868100341,0.1197071107,3.887707572,3,0.144,0.364,0.046,0.41,0.036
156,167,167,0.9441055887,455.6357072,1.248886881,30.72630125,-2864477.463,2035266.1,351,351,0.4246204359,699.5619562,1.285942937,55.57401261,-2864514.937,2035272.499,270.1140241,3361.181835,0.3361181835,0.3361181835,0.3560175764,38.01679682,Retain,-0.05751726665,-0.8565596011,-0.7990423344,0.4287607599,0.02923959269,0.5925821358,-0.5914380521,4.239177964,1,0.012,0.892,0.084,0.012,0
159,169,169,2.171442854,367.9046083,1.529341586,61.45260251,-2867815.274,2035271.978,309,309,0.4246187039,928.1520373,1.706136407,24.99766322,-2867857.871,2035313.472,320.6692573,2128.567483,0.2128567483,0.2128567483,0.09802548932,59.46645191,Retain,0.7753918563,-0.85656368,-1.631955536,0.9253718648,0.1093940966,-0.8994601072,-2.210317041,4.270098151,2,0.012,0.16,0.822,0.004,0.002
161,193,193,2.737906207,336.6766309,1.571510633,30.72630126,-2867883.314,2034966.465,349,349,2.123099419,417.6678902,1.716766864,24.26576006,-2867903.047,2035001.47,719.9093362,13628.4752,1.36284752,1.36284752,0.4977699809,40.18396351,Retain,1.00719347,0.7528770113,-0.254316459,0.2155636782,0.0884054487,-0.236044036,-0.008902330666,3.762261091,1,0.112,0.552,0.206,0.12,0.01
162,214,214,0.6608739121,650.9081531,1.49270533,0,-2867666.414,2034720.049,365,365,0.3639602834,816.1578195,1.3889807,49.99672029,-2867716.23,2034782.179,118.1690449,731.524407,0.07315244071,0.07315244071,0.1106904651,79.63503854,Retain,-0.4141922106,-1.010710529,-0.5965183181,0.226239196,-0.07201996301,10.81973269,-2.075837853,5.156927784,1,0.002,0.762,0.112,0.12,0.004
164,223,223,0.8496950299,578.5850249,1.504505556,30.72630126,-2864421.131,2034703.467,398,398,0.1819811528,1074.780742,1.293385983,100.2291485,-2864453.829,2034733.027,108.6564058,731.8246029,0.07318246029,0.07318246029,0.08612791381,44.07856426,Retain,-0.1628777823,-1.703852153,-1.540974371,0.6192864482,-0.1512007372,1.182317476,-2.351406946,4.439800114,1,0.002,0.86,0.138,0,0
165,232,232,2.077032295,414.2142792,1.683998727,0,-2864186.959,2034609.115,412,412,1.577169141,468.0717419,1.658237097,34.83879189,-2864224.711,2034628.999,653.1873608,11195.02738,1.119502738,1.119502738,0.538991493,42.66745055,Retain,0.7309400937,0.4556315574,-0.2753085364,0.1222381562,-0.015416112,10.45851546,0.1559700816,3.96035468,1,0.128,0.63,0.082,0.152,0.008
167,245,245,5.00375962,319.3134336,2.014932384,0,-2867537.628,2034610.064,396,396,6.915263122,398.9416682,2.959435112,24.26552349,-2867546.972,2034614.623,1863.590549,37573.12184,3.757312184,3.757312184,0.7508978187,10.39614687,Retain,1.610189554,1.933731015,0.3235414613,0.2226420405,0.3844127711,10.09685305,1.100730876,2.108801596,4,0.186,0.02,0.03,0.07,0.694
168,271,271,1.227337265,400.5588634,1.251824291,217.2677598,-2867482.731,2034000.176,429,429,0.3639631882,674.7575477,1.148342794,262.3896069,-2867531.729,2034029.518,192.5230937,2260.615996,0.2260615996,0.2260615996,0.1841886546,57.11116552,Retain,0.2048469978,-1.010702548,-1.215549546,0.5214927071,-0.08628206568,0.188699148,-1.484033097,4.514958594,1,0.004,0.714,0.28,0.002,0
169,288,288,12.08455154,213.5792377,2.094446972,61.45260251,-2866610.06,2033950.246,424,424,0.3639635138,674.7575289,1.148343276,134.0861303,-2866620.721,2034190.48,153.1031235,261.7554896,0.02617554896,0.02617554896,0.002166033955,240.4706997,Retain,2.491927904,-1.010701653,-3.502629558,1.150345509,-0.6009692696,0.7802073551,-5.754108878,4.8090034,2,0,0.006,0.994,0,0
170,288,288,12.08455154,213.5792377,2.094446972,61.45260251,-2866610.06,2033950.246,435,435,0.1819813972,1090.907384,1.312793588,34.83897412,-2866805.802,2034085.202,159.2741964,1179.691079,0.1179691079,0.1179691079,0.009761976479,237.7565142,Retain,2.491927904,-1.70385081,-4.195778715,1.630757191,-0.4671321666,-0.5675170503,-4.522935465,4.797652297,2,0,0.04,0.96,0,0
171,281,281,0.1888211177,976.3622297,1.196826841,92.17890376,-2867903.445,2033892.634,440,440,0.1819818011,1082.838504,1.303084976,99.99714647,-2867927.74,2033921.141,48.32234582,90.51981461,0.009051981462,0.009051981462,0.04793945493,37.45489353,Retain,-1.666955179,-1.703848591,-0.03689341174,0.103507462,0.08506075612,0.08140950722,-2.969094512,5.029006601,3,0.006,0.066,0.014,0.9,0.014
172,288,288,12.08455154,213.5792377,2.094446972,61.45260251,-2866610.06,2033950.246,445,445,0.2426427143,812.1282449,1.12850454,34.83897175,-2866611.747,2033965.34,197.0570017,2426.427143,0.2426427142,0.2426427142,0.02007875208,15.18771532,Retain,2.491927904,-1.416165229,-3.908093134,1.335650364,-0.6183962027,-0.5675171182,-3.840226656,2.046953729,2,0,0.008,0.992,0,0
173,288,288,12.08455154,213.5792377,2.094446972,61.45260251,-2866610.06,2033950.246,448,448,1.698499032,463.2082049,1.702958103,34.83897175,-2866754.331,2033935.796,776.9162262,15497.51904,1.549751904,1.549751904,0.128242401,144.9926573,Retain,2.491927904,0.5297449389,-1.962182965,0.774168739,-0.2069227437,-0.5675171182,-1.909968134,4.303090989,2,0,0.022,0.978,0,0
174,287,287,0.5664633532,542.4234609,1.151647165,217.2677598,-2867227.467,2033769.729,455,455,0.9099087298,538.190743,1.44820555,185.6747871,-2867237.053,2033798.592,229.598928,3126.362261,0.3126362261,0.3126362261,0.5519090059,30.41404838,Retain,-0.5683428905,-0.09441098142,0.4739319091,-0.007833951445,0.2291320031,-0.1571330389,0.207967915,4.271473887,4,0.006,0.002,0,0.07,0.922
175,288,288,12.08455154,213.5792377,2.094446972,61.45260251,-2866610.06,2033950.246,459,459,2.851046727,463.1934197,2.206274861,34.83900564,-2866471.398,2033826.537,1243.988849,14120.21341,1.412021341,1.412021341,0.1168451586,185.8254587,Retain,2.491927904,1.047686199,-1.444241705,0.7741368192,0.05201596677,-0.5675161454,-2.015260659,4.551214211,2,0.004,0.022,0.964,0.01,0
177,297,297,0.8496950299,506.2618968,1.316442362,92.17890377,-2866633.425,2033590.492,472,472,0.6066079887,647.2790771,1.42213459,102.9000269,-2866664.486,2033618.892,296.6099831,2984.679219,0.2984679219,0.2984679219,0.3512647614,42.08759757,Retain,-0.1628777823,-0.4998725142,-0.336994732,0.2457234236,0.07722605757,0.1100254793,-0.6121818988,4.393580696,3,0.068,0.384,0.07,0.476,0.002
178,304,304,1.416158383,477.3326456,1.602404365,92.17890376,-2866332.307,2033563.863,478,478,1.516521983,422.790945,1.468740601,134.0879295,-2866365.591,2033571.151,567.0517517,7349.689969,0.7349689969,0.7349689969,0.5189878516,34.0724273,Retain,0.3479478416,0.416419544,0.06847170245,-0.1213357809,-0.08709992968,0.3747610895,0.07583613123,3.926908845,3,0.03,0.032,0.028,0.554,0.356
179,310,310,5.00375962,319.3134336,2.014932384,92.17890376,-2866844.258,2033456.378,485,485,5.277500437,337.1667143,2.185012374,102.8995735,-2866863.031,2033487.004,1562.865065,38312.08274,3.831208274,3.831208274,0.7656659322,35.92149266,Retain,1.610189554,1.663452584,0.05326302958,0.05440433841,0.0810358532,0.1100210734,1.181045086,3.348633802,4,0.088,0,0.004,0.298,0.61
181,311,311,362.2533144,117.390785,6.302825139,0,-2865610.953,2034587.916,488,488,345.3391813,141.4063524,7.412879067,0,-2865607.604,2034621.574,47683.91213,3008433.409,300.8433409,300.8433409,0.8304778147,33.82457311,Retain,5.892343731,5.844527068,-0.04781666237,0.1861292655,0.1622209343,0,1.58433921,1.147410195,1,0.264,0.452,0.186,0.064,0.034
182,7,7,0.3776422355,650.9081531,1.128379167,0,-2868348.977,2040252.978,25,25,1.031165287,526.2103248,1.507365515,297.1413941,-2868339.643,2040258.86,244.1776282,2575.182538,0.2575182538,0.2575182538,0.6819106276,11.0327496,Retain,-0.9738079986,0.03068950931,1.004497508,-0.2126675565,0.2895811975,12.60196674,0.7608927704,3.460227664,4,0.004,0.008,0.02,0.03,0.938
183,311,311,362.2533144,117.390785,6.302825139,0,-2865610.953,2034587.916,392,392,0.1213203531,1224.240425,1.202897485,48.53092871,-2867334.599,2034525.123,111.6935171,532.5622306,0.05325622307,0.05325622307,1.470137635e-4,1724.789593,Retain,5.892343731,-2.1093206859999998,-8.001664416,2.344567458,-1.65626475,10.78997718,-6.771446064,5.079054004,2,0,0,1,0,0
184,311,311,362.2533144,117.390785,6.302825139,0,-2865610.953,2034587.916,406,406,0.2426412989,1012.139672,1.406429207,0,-2866619.369,2034435.421,245.5868846,2426.412989,0.2426412989,0.2426412989,6.69811122e-4,1019.881552,Retain,5.892343731,-1.416171062,-7.308514793,2.154313444,-1.499943952,0,-6.395374894,4.553635833,2,0,0,1,0,0
185,311,311,362.2533144,117.390785,6.302825139,0,-2865610.953,2034587.916,414,414,0.3639629439,812.1290866,1.38212944,34.83886654,-2866852.702,2034281.668,295.5848932,3639.629439,0.3639629439,0.3639629439,0.001004719431,1278.956666,Retain,5.892343731,-1.010703219,-6.90304695,1.934150889,-1.517372585,10.4585176,-6.212246443,4.779993779,2,0,0,1,0,0
186,311,311,362.2533144,117.390785,6.302825139,0,-2865610.953,2034587.916,465,465,0.5459477939,721.8904104,1.504672204,0,-2865757.532,2033765.221,197.4558747,2429.972853,0.2429972853,0.2429972853,6.707938221e-4,835.6504551,Retain,5.892343731,-0.6052319233,-6.497575654,1.816364929,-1.432422898,0,-6.394785575,4.354404684,2,0,0,1,0,0
188,14,14,1.132926706,542.4234609,1.62867504,0,-2868863.642,2040071.181,28,28,2.183649423,472.0996325,1.967977768,34.83766046,-2868861.223,2040068.059,627.4003231,8070.743217,0.8070743217,0.8070743217,0.7123799952,3.949949376,Retain,0.1248042901,0.7809975245,0.6561932344,-0.1388569404,0.1892396768,10.45848298,0.9049032706,1.883918696,4,0.014,0.004,0.006,0.038,0.938
190,21,21,1.416158383,347.151015,1.165384993,399.4419163,-2870177.192,2039899.626,27,27,0.6672257035,594.9874102,1.371005599,436.8580745,-2870195.64,2039924.284,339.8975493,5900.042185,0.5900042186,0.5900042186,0.4166230456,30.79551721,Retain,0.3479478414,-0.4046269042,-0.7525747456,0.5387803591,0.1624929863,0.08953979204,-0.3359670235,3.825792628,1,0.104,0.706,0.156,0.03,0.004
191,25,25,0.8496950299,506.2618968,1.316442362,0,-2869036.904,2039742.58,32,32,0.4245989953,699.535134,1.285861167,0,-2869060.049,2039766.055,259.7608386,2869.380455,0.2869380455,0.2869380455,0.3376953323,32.96560726,Retain,-0.1628777822,-0.8566100958,-0.6937323136,0.3233619022,-0.02350425461,0,-0.6721334351,4.149298982,1,0.002,0.934,0.056,0.008,0
192,27,27,0.3776422355,650.9081531,1.128379167,122.905205,-2869639.481,2039392.642,39,39,0.2426289529,812.1486909,1.128500949,145.6168813,-2869660.313,2039428.079,110.5742782,698.741103,0.0698741103,0.0698741103,0.1850272658,41.10687504,Retain,-0.9738079985,-1.416221945,-0.4424139467,0.221314894,1.079205921e-4,0.1695644358,-1.478487687,4.775468652,1,0.03,0.66,0.016,0.294,0
193,31,31,1.69939006,325.4540765,1.196826841,347.6284156,-2870515.181,2039080.258,42,42,1.395120013,422.6910754,1.408393236,314.4501172,-2870546.071,2039104.076,472.6189728,9763.396763,0.9763396763,0.9763396763,0.574523589,39.00679699,Retain,0.5302693983,0.3329804424,-0.1972889559,0.2614202282,0.1627757502,-0.1003083809,0.299723159,3.970991793,1,0.158,0.526,0.058,0.252,0.006
194,37,37,0.1888211177,976.3622297,1.196826841,347.6284156,-2870853.17,2038747.39,46,46,0.6672329049,592.8244754,1.366029007,314.4501172,-2870875.395,2038787.713,135.664449,1113.343381,0.1113343381,0.1113343381,0.5896286358,46.04266821,Retain,-1.666955179,-0.4046161113,1.262339068,-0.4989352936,0.1322342404,-0.1003083809,0.3616910851,5.235432788,4,0,0,0.008,0.06,0.932
195,63,63,0.5664633532,542.4234609,1.151647165,61.45260251,-2870407.639,2037779.511,91,91,0.3639490783,678.7823604,1.155170069,74.98437915,-2870432.152,2037786.437,210.8997047,2286.677569,0.2286677569,0.2286677569,0.40367617,25.47266138,Retain,-0.5683428905,-1.010741316,-0.4423984253,0.2242535569,0.003054344331,0.1990106905,-0.3893722281,4.094181419,1,0.012,0.684,0.004,0.3,0
196,65,65,1.227337265,450.6287214,1.408302327,137.4121966,-2870198.464,2037635.334,103,103,1.091849047,451.1900622,1.329951774,142.6405548,-2870219.27,2037668.389,434.1938373,6446.965525,0.6446965525,0.6446965525,0.5252806794,39.05805821,Retain,0.2048469978,0.08787263284,-0.116974365,0.001244908372,-0.05724227414,0.0373424535,0.1010066636,4.135016258,3,0.044,0.158,0.04,0.75,0.008
197,81,81,0.5664633533,542.4234609,1.151647165,43.45355195,-2870945.349,2036811.633,144,144,0.6065873622,734.5282173,1.613801932,69.67653632,-2870962.312,2036815.162,251.044012,2358.532525,0.2358532525,0.2358532525,0.4163610075,17.32606394,Retain,-0.5683428903,-0.4999065178,0.06843637244,0.3031814225,0.3373996087,0.4721623656,-0.3370429773,3.708806057,3,0.09,0.202,0.014,0.552,0.142
200,83,83,1.038516148,414.2142792,1.19076692,30.72630126,-2867967.691,2036815.823,163,163,1.455812877,506.0850689,1.722548151,24.26725347,-2868032.509,2036817.531,405.3238687,5686.240117,0.5686240117,0.5686240117,0.5475350701,64.84074451,Retain,0.03779291322,0.3755644229,0.33777150970000003,0.2003213529,0.3692071077,-0.2359824964,0.1903332813,4.725418088,4,0.02,0.066,0.018,0.178,0.718
202,93,93,0.1888211177,976.3622298,1.196826841,92.17890377,-2870883.897,2036596.548,153,153,0.2426352236,812.1393975,1.128502618,72.80213606,-2870907.802,2036624.463,86.25998584,441.4084436,0.04414084436,0.04414084436,0.2337706974,36.75108974,Retain,-1.666955179,-1.416196101,0.2507590784,-0.1841616574,-0.05878211814,-0.2359831113,-1.184176435,5.01003762,3,0.002,0.024,0.006,0.88,0.088
203,91,91,1.793800619,342.5832385,1.294339674,68.7060983,-2868919.03,2036728.348,162,162,1.819766032,352.3272438,1.340753908,122.6610174,-2868949.458,2036768.544,499.1969846,11831.70315,1.183170315,1.183170315,0.6595885313,50.41347385,Retain,0.5843366196,0.5987079391,0.01437131951,0.02804575338,0.03523141314,0.5795802301,0.6600427487,4.200474947,3,0.032,0.014,0.008,0.884,0.062
205,213,213,739.8011393,79.32839283,6.086690536,0,-2868753.673,2037224.171,232,232,431.3997727,98.16947581,5.7519022379999996,0,-2868754.82,2038183.822,42328.388,3978671.304,397.8671304,397.8671304,0.5378028084,959.6510855,Retain,6.606381419,6.067035207,-0.5393462123,0.2130992223,-0.05657388386,0,0.1511967935,4.135745041,1,0.022,0.578,0.388,0.008,0.004
206,213,213,739.8011393,79.32839283,6.086690536,0,-2868753.673,2037224.171,355,355,218.4346404,138.024767,5.754569594,0,-2868907.814,2035782.532,30555.40923,2037975.522,203.7975522,203.7975522,0.2754761264,1449.856741,Retain,6.606381419,5.386486841,-1.219894578,0.5538370324,-0.05611025684,0,-0.9647695029,4.548394954,2,0.004,0.132,0.858,0.004,0.002
207,213,213,739.8011393,79.32839283,6.086690536,0,-2868753.673,2037224.171,160,160,0.3032939964,814.5425979,1.265437722,24.2673471,-2869208.755,2036726.58,115.6453735,830.4880135,0.08304880135,0.08304880135,1.122582772e-4,674.3116995,Retain,6.606381419,-1.193052659,-7.799434078,2.329030618,-1.570686421,10.09692819,-6.802250194,3.782868182,2,0,0,1,0,0
208,213,213,739.8011393,79.32839283,6.086690536,0,-2868753.673,2037224.171,31,31,0.5459125562,632.9974178,1.319345524,24.9927941,-2868953.989,2039880.825,266.539194,3361.352777,0.3361352777,0.3361352777,4.543589619e-4,2664.195146,Retain,6.606381419,-0.6052964695,-7.211677889,2.076870235,-1.528968709,10.12638284,-6.533735544,5.156831891,2,0,0,1,0,0
209,213,213,739.8011393,79.32839283,6.086690536,0,-2868753.673,2037224.171,38,38,0.9098579554,488.0846058,1.31333941,24.26955148,-2869446.127,2039509.312,369.6801897,4449.440465,0.4449440465,0.4449440465,6.014373632e-4,2387.75194,Retain,6.606381419,-0.09446678467,-6.700848204,1.816892656,-1.533531446,10.09701902,-6.437252184,5.047282244,2,0,0,1,0,0
210,213,213,739.8011393,79.32839283,6.086690536,0,-2868753.673,2037224.171,43,43,0.3032866188,809.7600006,1.257992387,24.99353442,-2868063.988,2039224.24,203.1816202,622.6121744,0.06226121744,0.06226121744,8.415939653e-5,2115.641534,Retain,6.606381419,-1.193076984,-7.799458403,2.3231418,-1.576587401,10.12641246,-6.827865763,4.926288077,2,0,0,1,0,0
211,213,213,739.8011393,79.32839283,6.086690536,0,-2868753.673,2037224.171,123,123,0.1819755476,1082.855252,1.303082741,24.99560053,-2868602.956,2037213.709,197.0531775,1819.755476,0.1819755476,0.1819755476,2.459790043e-4,151.0797331,Retain,6.606381419,-1.703882955,-8.310264374,2.613760476,-1.541371711,10.12649512,-6.688587446,2.286988584,2,0.002,0.006,0.992,0,0
212,213,213,739.8011393,79.32839283,6.086690536,0,-2868753.673,2037224.171,139,139,0.3032934471,814.5410872,1.265434229,0,-2867757.41,2037104.081,40.94932902,17.90040237,0.001790040241,0.001790040241,2.419623525e-6,1003.474249,Retain,6.606381419,-1.19305447,-7.799435889,2.329028764,-1.570689181,0,-6.906335661,4.180398736,2,0,0.002,0.998,0,0
213,213,213,739.8011393,79.32839283,6.086690536,0,-2868753.673,2037224.171,150,150,2.183714282,426.2940544,1.777060652,0,-2867791.549,2036980.362,762.9772412,7282.67337,0.728267337,0.728267337,9.844095911e-4,992.5348948,Retain,6.606381419,0.781027226,-5.825354193,1.681533269,-1.231143828,0,-6.222449435,4.169437411,2,0,0,1,0,0
214,213,213,739.8011393,79.32839283,6.086690536,0,-2868753.673,2037224.171,182,182,0.8492257295,522.9473167,1.359454194,0,-2868722.35,2036582.595,384.3964514,5154.857769,0.5154857769,0.5154857769,6.967896499e-4,642.3401658,Retain,6.606381419,-0.1634302511,-6.769811671,1.885884618,-1.499021217,0,-6.379320419,3.734293807,2,0,0,1,0,0
215,213,213,739.8011393,79.32839283,6.086690536,0,-2868753.673,2037224.171,191,191,0.6672498964,517.9078306,1.193415854,0,-2868009.484,2036542.193,343.9435521,6598.985248,0.6598985248,0.6598985248,8.919944694e-4,1009.412096,Retain,6.606381419,-0.4045906459,-7.010972065,1.876201186,-1.629284847,0,-6.270231731,4.186298581,2,0,0.004,0.996,0,0
216,107,107,1.604979501,536.0420084,1.915705026,0,-2868949.947,2036434.784,195,195,1.031200066,808.6044985,2.316342028,24.26698204,-2869022.634,2036421.541,684.2461775,5758.894147,0.5758894148,0.5758894148,0.358814187,73.88348753,Retain,0.4731109844,0.03072323666,-0.4423877478,0.4110973885,0.1899035146,10.09691315,-0.5792899391,4.638312345,1,0.034,0.654,0.268,0.03,0.014
217,213,213,739.8011393,79.32839283,6.086690536,0,-2868753.673,2037224.171,209,209,1.577136501,497.926931,1.763986779,0,-2868137.65,2036436.035,785.2987378,15771.36501,1.577136501,1.577136501,0.002131838432,1000.321002,Retain,6.606381419,0.4556108618,-6.150770558,1.836857234,-1.238528045,0,-5.765002609,4.177251463,2,0,0.002,0.998,0,0
218,213,213,739.8011393,79.32839283,6.086690536,0,-2868753.673,2037224.171,241,241,0.121318737,1212.184716,1.191044017,24.2666561,-2867903.63,2036040.877,147.0607187,1213.18737,0.121318737,0.121318737,1.639883079e-4,1456.969095,Retain,6.606381419,-2.109334007,-8.715715426,2.726583453,-1.63127426,10.09689972,-6.756738637,4.553288514,2,0,0,1,0,0
219,213,213,739.8011393,79.32839283,6.086690536,0,-2868753.673,2037224.171,314,314,0.1213197077,1212.167821,1.191032182,0,-2868770.97,2035155.87,147.0598457,1213.197077,0.1213197077,0.1213197077,1.6398962e-4,2068.373706,Retain,6.606381419,-2.109326005,-8.715707425,2.726569515,-1.631284197,0,-6.756737508,4.903692645,2,0,0,1,0,0
220,213,213,739.8011393,79.32839283,6.086690536,0,-2868753.673,2037224.171,315,315,0.7279173855,543.4328374,1.307922442,72.79814563,-2868640.044,2035189.107,395.625237,6916.566816,0.6916566816,0.6916566816,9.349224336e-4,2038.234188,Retain,6.606381419,-0.3175677187,-6.923949138,1.924310017,-1.537664552,11.1954595,-6.247753115,4.889013841,2,0,0,1,0,0
221,213,213,739.8011393,79.32839283,6.086690536,0,-2868753.673,2037224.171,347,347,3.578937217,412.1303151,2.199412399,24.99783768,-2868764.984,2034953.865,1470.196407,35566.7572,3.55667572,3.55667572,0.004807610493,2270.334875,Retain,6.606381419,1.27506589,-5.33131553,1.64774349,-1.017914275,10.12658461,-5.14477119,4.996857295,2,0,0,1,0,0
222,161,161,0.5664633533,542.4234608,1.151647165,61.45260251,-2870684.176,2035321.407,282,282,0.6672556058,592.8343555,1.366075011,99.98911569,-2870687.241,2035352.201,277.6903006,4105.689491,0.4105689491,0.4105689491,0.7247934869,30.94581998,Retain,-0.5683428902,-0.4045820893,0.1637608009,0.08886803744,0.1707484379,0.4867888786,0.9661166995,4.288806635,3,0.022,0.014,0,0.628,0.336
223,164,164,0.9441055887,455.6357071,1.248886881,30.72630125,-2870929.986,2035259.954,285,285,0.4852768089,606.0877643,1.191037274,48.53252665,-2870950.435,2035264.659,276.6183088,4256.416367,0.4256416367,0.4256416367,0.4508411366,20.98304289,Retain,-0.05751726661,-0.7230358108,-0.6655185442,0.2853311987,-0.0474280734,0.4571032791,-0.1968764288,3.644885863,1,0.006,0.93,0.056,0.008,0
224,190,190,2.077032295,384.627545,1.563713104,30.72630125,-2868135.289,2034979.228,345,345,1.698477661,432.9159554,1.591580391,24.26576006,-2868154.328,2035004.027,672.8040244,12374.82346,1.237482346,1.237482346,0.5957935025,31.26515079,Retain,0.7309400938,0.5297323565,-0.2012077373,0.1182681602,0.01766429159,-0.2360440359,0.3871743542,3.649430964,1,0.288,0.368,0.094,0.224,0.026
225,196,196,5.570222974,275.8085394,1.836280687,30.72630125,-2868381.526,2035077.68,344,344,0.6672590028,592.8366298,1.366083729,76.97009681,-2868445.648,2034983.317,328.2852924,5444.361119,0.5444361119,0.5444361119,0.09774045213,114.0873813,Retain,1.717435084,-0.4045769984,-2.122012083,0.765211936,-0.2957941054,0.9182784342,-2.213515229,4.450620823,2,0,0.038,0.962,0,0
226,206,206,0.1888211177,976.3622296,1.196826841,86.90710391,-2868210.708,2034783.697,358,358,0.1819801058,1090.893185,1.312771844,99.99259008,-2868238.255,2034804.235,76.34518422,62.23428562,0.006223428562,0.006223428562,0.03295938842,34.3610709,Retain,-1.666955179,-1.703857907,-0.03690272753,0.1109184213,0.09246705752,0.1402548012,-3.350108688,4.942795898,3,0.006,0.072,0.012,0.894,0.016
227,225,225,1.416158383,347.151015,1.165384993,0,-2870730.265,2034676.155,350,350,1.21320015,407.2732301,1.265456324,24.2658074,-2870758.85,2034705.202,394.1585329,7372.079591,0.7372079591,0.7372079591,0.5205688628,40.75317538,Retain,0.3479478415,0.1932616203,-0.1546862212,0.1597244004,0.08238128972,10.09686474,0.08215741019,4.10594932,1,0.088,0.458,0.056,0.374,0.024
228,229,229,0.1888211177,976.3622297,1.196826841,61.45260251,-2869240.039,2034583.976,367,367,0.3033008338,809.7154346,1.257952631,74.99484824,-2869271.628,2034596.566,139.9979764,571.6459,0.05716459,0.05716459,0.3027446861,34.00499961,Retain,-1.666955179,-1.193030115,0.473925064,-0.1871507839,0.04981174813,0.1991502959,-0.8323973151,4.932379501,3,0,0.002,0.002,0.708,0.288
229,235,235,1.416158383,477.3326456,1.602404365,92.17890376,-2869548.327,2034571.685,370,370,1.941124529,355.3074813,1.396452342,99.99257898,-2869570.209,2034591.859,619.6152959,12112.65159,1.211265159,1.211265159,0.8553175785,29.76265694,Retain,0.3479478415,0.6632674594,0.3153196179,-0.295230059,-0.13757025,0.08136383047,1.771212253,3.791679106,4,0.024,0.004,0.002,0.07,0.9
230,244,244,0.2832316766,867.8775374,1.302940032,206.1182949,-2870463.97,2034440.586,369,369,0.3033006109,814.5471079,1.265458527,208.1074057,-2870482.533,2034462.544,172.7224463,906.7904418,0.09067904418,0.09067904418,0.3201585545,28.75278528,Retain,-1.261490071,-1.19303085,0.06845922085,-0.06341835585,-0.02918874547,0.009604022667,-0.7513945126,4.561879399,3,0,0.012,0.012,0.958,0.018
231,256,256,0.3776422355,650.908153,1.128379167,30.72630125,-2870714.902,2034292.076,378,378,0.2426407965,812.1311184,1.128504074,76.96937239,-2870714.123,2034307.671,177.6701591,1950.79221,0.195079221,0.195079221,0.5165715132,15.61434588,Retain,-0.9738079984,-1.416173133,-0.4423651346,0.2212932567,1.106894179e-4,0.9182690226,0.06617788687,3.807523083,1,0.102,0.604,0.01,0.284,0
232,249,249,0.2832316766,867.8775374,1.302940032,30.72630126,-2869091.529,2034389.376,390,390,0.2426410761,1012.141675,1.406431345,24.26544609,-2869107.163,2034389.823,206.3510171,1440.046435,0.1440046435,0.1440046435,0.5084341031,15.64010406,Retain,-1.261490071,-1.416171981,-0.1546819098,0.1537732162,0.07643226134,-0.2360569747,0.03367225547,3.953012303,3,0.056,0.112,0.002,0.82,0.01
233,269,269,25.58526145,129.7012556,1.85069213,86.90710391,-2868490.533,2034407.101,359,359,0.3033005188,809.7168135,1.25795412,34.83878513,-2868578.038,2034737.13,123.7398805,642.1408201,0.06421408201,0.06421408201,0.002509807536,341.4323887,Retain,3.242016461,-1.193031154,-4.435047615,1.831450802,-0.386073006,-0.914091299,-5.650683128,4.784509317,2,0,0.066,0.934,0,0
234,269,269,25.58526145,129.7012556,1.85069213,86.90710391,-2868490.533,2034407.101,368,368,0.1819802597,1082.842551,1.303084328,34.83878513,-2868501.916,2034670.637,197.0559686,1819.802597,0.1819802597,0.1819802597,0.007112698848,263.7814148,Retain,3.242016461,-1.703857061,-4.945873522,2.122111082,-0.3508256791,-0.914091299,-4.808193228,4.526481289,2,0,0.064,0.936,0,0
235,269,269,25.58526145,129.7012556,1.85069213,86.90710391,-2868490.533,2034407.101,371,371,0.4852815917,609.0981377,1.196958928,24.26558705,-2868704.081,2034606.637,243.8067734,3505.478366,0.3505478366,0.3505478366,0.01370116296,292.2624454,Retain,3.242016461,-0.723025955,-3.965042416,1.546745628,-0.4357755797,-1.275750898,-4.207046163,4.629012318,2,0,0.028,0.972,0,0
236,269,269,25.58526145,129.7012556,1.85069213,86.90710391,-2868490.533,2034407.101,379,379,0.5459418416,905.0524959,1.886435795,24.26558705,-2868605.296,2034560.479,494.1060263,5459.418416,0.5459418416,0.5459418416,0.02133813807,191.5603345,Retain,3.242016461,-0.6052428262,-3.847259287,1.942759176,0.01912953277,-1.275750898,-3.780912028,4.206564754,2,0.01,0.03,0.95,0.01,0
237,257,257,1.69939006,433.9387687,1.595769122,30.72630126,-2868953.261,2034356.943,393,393,1.213206435,568.4910085,1.766387655,24.26544609,-2868973.156,2034377.32,674.7548537,7569.679855,0.7569679855,0.7569679855,0.4454351026,28.47887338,Retain,0.5302693983,0.1932668013,-0.337002597,0.2700820587,0.1015807602,-0.2360569747,-0.2186913866,3.656427885,1,0.152,0.516,0.192,0.132,0.008
238,269,269,25.58526145,129.7012556,1.85069213,86.90710391,-2868490.533,2034407.101,394,394,0.4246220287,699.5651724,1.285951261,69.67765715,-2868697.349,2034391.603,306.9368965,3934.123435,0.3934123435,0.3934123435,0.01537652231,207.3954323,Retain,3.242016461,-0.85655585,-4.098572311,1.685225188,-0.3640609679,-0.2209572228,-4.097425671,4.285988806,2,0,0.076,0.924,0,0
239,266,266,0.6608739121,743.8950321,1.705948949,276.5367113,-2869387.087,2034175.755,407,407,1.516508867,519.7633512,1.805606871,199.9879736,-2869436.296,2034222.519,436.2251058,5519.240167,0.5519240167,0.5519240167,0.83514269,67.88556194,Retain,-0.4141922105,0.4164108949,0.8306031054,-0.3585263248,0.05677522789,-0.3240849664,1.61767144,4.997299154,4,0,0,0.002,0.008,0.99
240,269,269,25.58526145,129.7012556,1.85069213,86.90710391,-2868490.533,2034407.101,413,413,6.551319913,323.459919,2.335500396,54.59104599,-2868472.472,2034242.37,2081.120989,62771.12547,6.277112547,6.277112547,0.2453409576,165.7185385,Retain,3.242016461,1.879666543,-1.362349918,0.9138414364,0.2326664772,-0.4649630891,-1.120873689,4.061653545,2,0.006,0.064,0.918,0.006,0.006
241,290,290,0.2832316766,867.8775374,1.302940032,92.17890376,-2867923.929,2033733.881,450,450,0.3033034531,809.7064321,1.257944077,99.99714647,-2867950.117,2033761.683,120.9626599,846.8029358,0.08468029358,0.08468029358,0.2989788946,38.19331409,Retain,-1.261490071,-1.193021479,0.06846859171,-0.06937886633,-0.03514457047,0.08140950722,-0.8502513476,4.845796637,3,0,0.012,0.012,0.964,0.012
243,8,8,2.077032295,325.4540765,1.323141857,30.72630126,-2872348.982,2040299.068,21,21,3.760704612,433.2341721,2.370022038,54.59681046,-2872303.39,2040315.048,625.6044865,13947.79173,1.394779174,1.394779174,0.6715250296,48.31178526,Retain,0.7309400938,1.324606337,0.5936662429,0.2860570293,0.5828901508,0.5748422294,0.7135389407,4.084591127,4,0.08,0.006,0.02,0.096,0.798
245,11,11,0.755284471,650.9081531,1.595769122,68.7060983,-2875853.876,2040191.526,15,15,0.8491897889,640.6678489,1.665445325,74.97548458,-2875867.103,2040215.295,424.7661735,4048.430476,0.4048430476,0.4048430476,0.5360139962,27.20211566,Retain,-0.2806608179,-0.1634725736,0.1171882444,-0.01585740016,0.04273672203,0.08732200838,0.1440168523,4.016026865,3,0.006,0.008,0.008,0.748,0.23
247,20,20,0.5664633533,542.4234609,1.151647165,0,-2875876.92,2039899.626,24,24,1.698383592,580.959129,2.135789963,24.99197502,-2875849.739,2039947.975,310.2229912,4538.688064,0.4538688064,0.4538688064,0.8012324253,55.46552367,Retain,-0.5683428904,0.5296769704,1.098019861,0.06863341887,0.6176433492,10.12635007,1.390243809,4.87231605,4,0.004,0.006,0.028,0.028,0.934
248,28,28,471.6751521,90.02752878,5.515588992,0,-2873077.586,2040208.845,34,34,368.1248397,104.5686096,5.659707188,24.27037007,-2873449.659,2040100.341,39395.79711,3459989.448,345.9989448,345.9989448,0.7335534706,387.571325,Retain,6.156290512,5.908422119,-0.2478683926,0.1497279084,0.02579371214,10.09705275,1.010343135,3.454122164,1,0.242,0.384,0.344,0.018,0.012
249,28,28,471.6751521,90.02752878,5.515588992,0,-2873077.586,2040208.845,14,14,32.87565812,236.4908764,3.825134289,24.2708137,-2871133.972,2040926.654,7515.675204,291459.2993,29.14592993,29.14592993,0.06179237935,2071.928203,Retain,6.156290512,3.492732509,-2.663558003,0.9657941309,-0.3659848704,10.09707103,-2.705202845,5.130455121,2,0,0.074,0.926,0,0
250,28,28,471.6751521,90.02752878,5.515588992,0,-2873077.586,2040208.845,4,4,0.121312163,1212.295636,1.19112073,49.98260371,-2873164.659,2040918.183,143.2921005,1129.860241,0.1129860241,0.1129860241,2.395420313e-4,714.6630081,Retain,6.156290512,-2.109388196,-8.265678708,2.600155562,-1.532683792,10.8194503,-6.693773466,4.066032201,2,0,0,1,0,0
251,28,28,471.6751521,90.02752878,5.515588992,0,-2873077.586,2040208.845,6,6,0.3639370284,812.1547819,1.382123961,24.2708137,-2871767.152,2040920.073,222.5530015,1200.451808,0.1200451808,0.1200451808,2.54508172e-4,1491.000419,Retain,6.156290512,-1.010774425,-7.167064937,2.199575441,-1.383957027,10.09707103,-6.681756892,4.801422954,2,0,0,1,0,0
252,28,28,471.6751521,90.02752878,5.515588992,0,-2873077.586,2040208.845,7,7,0.1213125107,1224.1725,1.202791867,48.5414895,-2874681.486,2040587.027,149.9519394,799.9998503,0.07999998504,0.07999998504,1.696082244e-4,1647.882677,Retain,6.156290512,-2.10938533,-8.265675841,2.609904885,-1.522933035,10.79019477,-6.751916484,4.901466811,2,0,0,1,0,0
253,28,28,471.6751521,90.02752878,5.515588992,0,-2873077.586,2040208.845,8,8,0.3639371832,678.7760289,1.155140417,24.27081582,-2874764.887,2040566.617,209.4908956,2256.5280080000002,0.2256528009,0.2256528009,4.784072255e-4,1724.814492,Retain,6.156290512,-1.010774,-7.167064511,2.02017572,-1.563356536,10.09707111,-6.517311427,4.94709505,2,0,0,1,0,0
254,28,28,471.6751521,90.02752878,5.515588992,0,-2873077.586,2040208.845,10,10,2.486905697,395.5934202,1.759842437,24.2707153,-2874930.118,2040518.598,1028.853786,22299.95544,2.229995544,2.229995544,0.004727820691,1878.249335,Retain,6.156290512,0.91103924570000006,-5.245251266,1.480271468,-1.142354165,10.09706697,-5.158685367,5.032315637,2,0,0,1,0,0
255,28,28,471.6751521,90.02752878,5.515588992,0,-2873077.586,2040208.845,16,16,0.2426258315,812.1533406,1.128500151,48.54102029,-2870941.891,2040612.849,197.0493796,2426.258315,0.2426258315,0.2426258315,5.143918021e-4,2173.571642,Retain,6.156290512,-1.41623481,-7.572525322,2.199573667,-1.586688994,10.7901851,-6.493226862,5.178347159,2,0,0,1,0,0
256,28,28,471.6751521,90.02752878,5.515588992,0,-2873077.586,2040208.845,18,18,0.7885334695,751.509923,1.882521103,34.83741938,-2871561.447,2040511.092,570.7033918,6759.069119,0.6759069119,0.6759069119,0.001432992408,1545.971967,Retain,6.156290512,-0.2375804264,-6.393870938,2.121968914,-1.074966555,10.45847606,-6.01820025,4.83762843,2,0,0,1,0,0
257,28,28,471.6751521,90.02752878,5.515588992,0,-2873077.586,2040208.845,19,19,0.3639393202,678.7765543,1.155144702,24.27037007,-2871750.575,2040398.672,246.9495355,2694.263979,0.2694263979,0.2694263979,5.712117687e-4,1340.519279,Retain,6.156290512,-1.010768128,-7.16705864,2.020176494,-1.563352826,10.09705275,-6.456336826,4.695032773,2,0,0,1,0,0
258,28,28,471.6751521,90.02752878,5.515588992,0,-2873077.586,2040208.845,26,26,0.1213135348,1212.271386,1.191103637,24.99252259,-2875782.593,2039466.587,147.0649269,1213.135348,0.1213135348,0.1213135348,2.571972135e-4,2804.997519,Retain,6.156290512,-2.109376888,-8.2656674,2.600135558,-1.532698142,10.12637197,-6.679612997,5.433377977,2,0,0,1,0,0
259,41,41,11.14044595,171.0012945,1.610073692,194.3301921,-2875669.127,2038569.802,40,40,0.7885439341,561.3388813,1.406154822,24.99328587,-2875646.386,2038807.421,290.4595866,3850.15121,0.385015121,0.385015121,0.03456011751,238.7044178,Retain,2.410582265,-0.2375671556,-2.64814942,1.188653663,-0.1354210469,-2.050916646,-3.30239438,4.842304041,2,0,0.014,0.984,0.002,0
260,41,41,11.14044595,171.0012945,1.610073692,194.3301921,-2875669.127,2038569.802,45,45,7.824807233,201.2776804,1.588281621,24.99328587,-2875670.091,2038546.794,1596.259095,74847.42412,7.484742412,7.484742412,0.6718530342,23.02860016,Retain,2.410582265,2.057299101,-0.3532831635,0.1630143229,-0.01362725886,-2.050916646,0.7150225763,2.503854162,0,0.626,0.12,0.208,0.032,0.014
262,52,52,1.321747824,557.9212741,1.809432105,92.17890376,-2871259.196,2038067.021,74,74,0.3639473556,949.4971048,1.615875875,74.98367987,-2871344.374,2038068.793,269.3483081,2567.061789,0.2567061789,0.2567061789,0.1942172131,85.19562895,Retain,0.27895497,-1.010746049,-1.289701019,0.5317146145,-0.1131358951,-0.2064583189,-1.418941619,4.877849325,2,0.004,0.452,0.534,0.008,0.002
263,68,68,5.475812415,392.7894027,2.592860259,0,-2875631.64,2037568.665,82,82,1.51645055,618.6661667,2.149144223,24.99470349,-2875494.617,2037554.672,841.6209721,10998.04533,1.099804533,1.099804533,0.2008477373,137.7351171,Retain,1.700340651,0.4163724399,-1.283968211,0.4542922192,-0.1876918863,10.12645923,-1.377288401,4.647534277,2,0.004,0.042,0.952,0.002,0
265,69,69,0.2832316766,867.8775374,1.302940032,30.72630125,-2875339.21,2037349.343,87,87,0.3639492625,678.7818242,1.155169449,24.99470349,-2875365.756,2037372.001,146.3308225,816.3924478,0.08163924478,0.08163924478,0.2882419288,34.90068435,Retain,-1.261490071,-1.01074081,0.2507492609,-0.2457508621,-0.1203762316,-0.2064476012,-0.9018785899,4.755645069,3,0.002,0.026,0.014,0.802,0.156
267,70,70,0.6608739121,557.9212741,1.279461712,0,-2875492.842,2037318.617,88,88,0.545923274,721.9048293,1.504668468,34.83805799,-2875505.915,2037350.42,292.7561665,2418.993498,0.2418993498,0.2418993498,0.3660295034,34.38552102,Retain,-0.4141922106,-0.6052768369,-0.1910846262,0.2576754483,0.1621331352,10.45849439,-0.5481363004,4.317125705,3,0.08,0.338,0.08,0.484,0.018
268,73,73,0.4720527944,650.908153,1.261566261,0,-2875160.998,2037177.276,100,100,0.4246078336,696.1216638,1.279599962,24.26818593,-2875192.29,2037212.611,163.4420135,1021.776587,0.10217765869999999,0.10217765869999999,0.2164538795,47.19973407,Retain,-0.7506644471,-0.8565892805,-0.1059248334,0.06715590312,0.01419348642,10.09696276,-1.28311858,4.802106611,3,0.01,0.092,0.012,0.874,0.012
269,76,76,0.8496950299,433.9387687,1.128379167,61.4526025,-2872328.033,2037042.08,114,114,0.3639509975,674.785141,1.148370522,72.80341284,-2872350.93,2037066.049,212.918735,2783.263101,0.2783263101,0.2783263101,0.3275602425,33.14808026,Retain,-0.1628777822,-1.010736043,-0.8478582605,0.4414908924,0.01756176211,0.16949411,-0.7176783371,4.154818805,1,0.014,0.888,0.078,0.02,0
270,79,79,2.360263972,390.5448919,1.692568751,153.6315063,-2872646.357,2036986.773,118,118,1.516462505,486.804919,1.691086663,194.1419868,-2872680.525,2037004.382,752.9773401,9789.495344,0.9789495344,0.9789495344,0.4147627325,38.43864275,Retain,0.8587734652,0.4163803234,-0.4423931418,0.2203205432,-8.760276922e-4,0.2340315054,-0.3436098579,3.792067501,1,0.048,0.672,0.214,0.066,0
271,99,99,0.1888211177,976.3622297,1.196826841,30.72630126,-2875108.763,2036489.006,131,131,0.485269526,709.1217849,1.393501386,54.59353062,-2875135.087,2036508.754,153.3517617,1288.572076,0.1288572076,0.1288572076,0.6824300648,32.90825914,Retain,-1.666955179,-0.7230508187,0.9439043604,-0.3198063728,0.1521458074,0.5747821549,0.763282304,4.899596583,4,0,0.002,0.002,0.068,0.928
272,95,95,0.9441055887,455.6357071,1.248886881,30.72630125,-2872533.899,2036575.04,141,141,0.5459291218,719.2326737,1.499106915,169.8723453,-2872563.568,2036620.614,189.2820813,1938.767296,0.1938767296,0.1938767296,0.2053549221,54.38041563,Retain,-0.05751726663,-0.6052661253,-0.5477488587,0.4564913103,0.182616881,1.709901581,-1.349555595,4.597146047,1,0.032,0.804,0.082,0.07,0.012
274,106,106,1.132926706,596.665807,1.791542544,30.72630126,-2875193.26,2036430.114,140,140,0.6672460117,663.3861629,1.528637361,48.53496866,-2875189.776,2036386.626,401.4844882,4858.566985,0.4858566985,0.4858566985,0.4288509537,43.6280728,Retain,0.1248042901,-0.4045964679,-0.529400758,0.106000099,-0.15870028,0.4571535938,-0.2859609986,4.285686533,1,0.07,0.814,0.05,0.064,0.002
276,109,109,0.5664633533,759.3928452,1.612306031,43.45355196,-2874038.463,2036299.528,156,156,0.4246120387,817.2864378,1.502330595,48.53461942,-2874054.009,2036329.978,289.4624404,2350.817854,0.2350817854,0.2350817854,0.4149991063,34.18921465,Retain,-0.5683428903,-0.8565793771,-0.2882364868,0.07347040434,-0.07064783906,0.1105823402,-0.3426382027,4.38847587,3,0.08,0.398,0.01,0.512,0
277,110,110,2.926727325,356.9496323,1.722634489,30.72630125,-2873476.8,2036335.375,158,158,2.00174119,393.0364083,1.568670803,24.99592089,-2873470.888,2036362.2,863.6878697,15858.56466,1.585856466,1.585856466,0.5418531654,27.46823413,Retain,1.073884845,0.6940173966,-0.3798674483,0.09630756373,-0.093626160420000007,-0.2063988981,0.1674688099,3.34848914,1,0.19,0.466,0.296,0.042,0.006
280,120,120,8.213718622,254.3778989,2.056574063,30.72630126,-2873026.261,2036250.966,165,165,1.819765597,352.3274028,1.340754353,89.32427329,-2872882.871,2036373.231,638.4777333,15512.06949,1.551206949,1.551206949,0.1888556232,188.4401773,Retain,2.105805759,0.5987076998,-1.507098059,0.3257399125,-0.4278091171,1.067132912,-1.453414223,4.758247965,2,0,0.04,0.96,0,0
281,119,119,0.8496950299,650.9081531,1.692568751,61.4526025,-2873755.099,2036130.533,174,174,0.8492250917,580.0995433,1.508026594,49.99249541,-2873776.173,2036171.441,370.7686816,2709.770507,0.2709770507,0.2709770507,0.3189109518,46.01691089,Retain,-0.1628777823,-0.1634310022,-5.532198715e-4,-0.1151688311,-0.115445441,-0.206389554,-0.7571175372,4.482834522,3,0.01,0.09,0.1,0.752,0.048
283,122,122,3.776422355,309.1813727,1.69491791,30.72630126,-2875045.774,2036127.972,172,172,0.9098833916,706.2568238,1.900424383,121.3361021,-2874987.298,2036123.906,642.3313257,8756.326491,0.8756326491,0.8756326491,0.2318683047,58.61747156,Retain,1.328777094,-0.09443882875,-1.423215923,0.826050873,0.1144429114,1.373421089,-1.194789132,3.979026257,2,0.01,0.226,0.76,0.004,0
284,129,129,5.85345465,262.4629649,1.791303719,0,-2873500.588,2036035.546,201,201,5.519970221,366.5687816,2.429511233,24.99617448,-2873541.893,2036060.114,1532.725734,39214.96664,3.921496664,3.921496664,0.6699456814,48.05957608,Retain,1.767032025,1.708372465,-0.05865955998,0.3340761891,0.3047464091,10.12651808,0.7064057154,3.561311147,0,0.674,0.074,0.062,0.126,0.064
286,132,132,0.5664633532,542.4234609,1.151647165,86.90710391,-2873403.453,2035797.665,216,216,0.4246140577,810.4191582,1.489710749,89.32521084,-2873420.575,2035815.78,250.9384163,2864.489901,0.2864489901,0.2864489901,0.5056796498,24.92653013,Retain,-0.5683428904,-0.8565746221,-0.2882317317,0.4015046036,0.2573887377,0.02744367569,0.02267422422,4.072509209,1,0.092,0.524,0.01,0.356,0.018
287,152,152,0.4720527944,781.0897837,1.513879513,61.45260251,-2873483.342,2035475.038,242,242,0.5459342816,808.1229416,1.684390127,97.06682705,-2873518.39,2035515.239,149.2687776,661.1339963,0.06611339963,0.06611339963,0.1400550964,53.3336475,Retain,-0.7506644472,-0.6052566738,0.1454077734,0.03402409915,0.1067279858,0.4571275227,-1.808879942,4.924283333,3,0.002,0.06,0.064,0.708,0.166
289,318,318,1552.959283,95.84166495,10.65441115,0,-2873044.627,2036629.454,116,116,39.91311084,175.337759,3.124843766,24.26796214,-2870980.92,2037626.09,7260.922995,342883.0808,34.28830808,34.28830808,0.02207933489,2291.761341,Retain,7.347917604,3.686704862,-3.661212742,0.604016659,-1.226589712,10.09695353,-3.747512979,4.635482523,2,0,0,1,0,0
290,318,318,1552.959283,95.84166495,10.65441115,0,-2873044.627,2036629.454,328,328,723.3457082,108.1299728,8.203782097,0,-2873509.882,2037885.554,80273.20326,6713703.837,671.3703837,671.3703837,0.4323167974,1339.496471,Retain,7.347917604,6.583887266,-0.7640303386,0.1206364494,-0.2613787199,0,-0.2718544231,4.098455942,2,0.002,0.202,0.778,0.016,0.002
291,318,318,1552.959283,95.84166495,10.65441115,0,-2873044.627,2036629.454,149,149,0.7279049389,678.7849962,1.633671133,0,-2874212.937,2036390.622,303.6785459,2271.301676,0.2271301676,0.2271301676,1.462563572e-4,1192.472061,Retain,7.347917604,-0.3175848178,-7.665502422,1.957606923,-1.875144288,0,-6.772107368,3.982190773,2,0,0,1,0,0
292,318,318,1552.959283,95.84166495,10.65441115,0,-2873044.627,2036629.454,266,266,93.41444907,179.9329173,4.905832521,24.26712687,-2871489.523,2036725.39,16460.70928,869785.2476,86.97852476,86.97852476,0.05600824549,1558.060036,Retain,7.347917604,4.537046034,-2.81087157,0.6298865935,-0.7755491916,10.09691912,-2.807980287,4.249603542,2,0.002,0.01,0.988,0,0
293,318,318,1552.959283,95.84166495,10.65441115,0,-2873044.627,2036629.454,329,329,10.43347659,288.094234,2.625089756,49.99508649,-2871270.12,2035034.286,3001.0778100000002,100434.0615,10.04340615,10.04340615,0.006467269463,2386.091332,Retain,7.347917604,2.345019539,-5.002898065,1.100590122,-1.400858911,10.81970001,-4.891743611,4.67581844,2,0,0,1,0,0
294,318,318,1552.959283,95.84166495,10.65441115,0,-2873044.627,2036629.454,460,460,309.3658026,104.1440337,5.16732307,0,-2872978.794,2034515.265,33260.49311,2971725.781,297.1725781,297.1725781,0.1913588987,2115.21365,Retain,7.347917604,5.734524404,-1.6133932,0.08307737412,-0.7236192261,0,-1.437228173,4.555317716,2,0.002,0.04,0.952,0.006,0
295,318,318,1552.959283,95.84166495,10.65441115,0,-2873044.627,2036629.454,85,85,29.72234459,251.5889521,3.869262255,0,-2875118.143,2037831.454,7495.551443,229196.6771,22.91966771,22.91966771,0.01475870486,2396.721127,Retain,7.347917604,3.391899106,-3.956018498,0.965099107,-1.012910142,0,-4.1365081440000004,4.680263443,2,0,0.002,0.998,0,0
296,318,318,1552.959283,95.84166495,10.65441115,0,-2873044.627,2036629.454,208,208,0.9098860511,596.3693283,1.604737017,0,-2875087.675,2035757.923,386.2377954,6647.320938,0.6647320938,0.6647320938,4.280421909e-4,2221.173946,Retain,7.347917604,-0.09443590589,-7.44235351,1.828162647,-1.893014108,0,-6.552022664,4.604197731,2,0,0,1,0,0
297,318,318,1552.959283,95.84166495,10.65441115,0,-2873044.627,2036629.454,94,94,0.3032908543,814.5389556,1.265425508,0,-2875305.166,2037272.268,23.04045853,5.680383324,5.680383324e-4,5.680383324e-4,3.657779948e-7,2350.159274,Retain,7.347917604,-1.193063019,-8.540980623,2.139924748,-2.130565563,0,-6.908388703,4.660644947,2,0,0,1,0,0
298,318,318,1552.959283,95.84166495,10.65441115,0,-2873044.627,2036629.454,54,54,0.7885495146,622.8893768,1.560344436,122.6620297,-2873538.656,2038368.774,433.7370984,7088.436458,0.7088436458,0.7088436458,4.564470258e-4,1808.120427,Retain,7.347917604,-0.2375600786,-7.585477683,1.871671431,-1.92106741,11.71719628,-6.532298758,4.398449841,2,0,0,1,0,0
299,318,318,1552.959283,95.84166495,10.65441115,0,-2873044.627,2036629.454,83,83,4.670674006,346.9728147,2.115340553,24.26842566,-2870230.672,2038015.365,1569.040378,38089.84419,3.808984419,3.808984419,0.002452726521,3136.732149,Retain,7.347917604,1.541303388,-5.806614217,1.286548927,-1.616758182,10.09697263,-5.667137281,4.94934328,2,0,0,1,0,0
300,318,318,1552.959283,95.84166495,10.65441115,0,-2873044.627,2036629.454,121,121,0.7885610638,691.8108463,1.733006132,48.53525288,-2872214.658,2036933.072,427.9420128,4316.007168,0.4316007168,0.4316007168,2.779214636e-4,883.7605183,Retain,7.347917604,-0.2375454326,-7.585463037,1.976615068,-1.81611645,10.79006628,-6.663242195,3.682593391,2,0,0,1,0,0
301,318,318,1552.959283,95.84166495,10.65441115,0,-2873044.627,2036629.454,125,125,1.455805852,473.7487811,1.612482106,24.26768673,-2871005.063,2037021.193,643.7485168,11881.99858,1.188199858,1.188199858,7.651197757e-4,2076.843979,Retain,7.347917604,0.3755595976,-6.972358007,1.597979677,-1.888199326,10.09694219,-6.339771582,4.537011325,2,0,0,1,0,0
302,318,318,1552.959283,95.84166495,10.65441115,0,-2873044.627,2036629.454,127,127,0.5459271552,630.3314126,1.313806383,48.53525288,-2872340.008,2036806.253,261.671046,1697.174372,0.1697174372,0.1697174372,1.092864694e-4,726.4609224,Retain,7.347917604,-0.6052697275,-7.953187332,1.883548226,-2.09304544,10.79006628,-6.804928608,3.48659221,2,0,0,1,0,0
303,318,318,1552.959283,95.84166495,10.65441115,0,-2873044.627,2036629.454,136,136,2.305027625,407.0182619,1.743199251,0,-2873897.491,2036671.299,944.0190465,18763.17062,1.876317062,1.876317062,0.001208220385,853.8903407,Retain,7.347917604,0.8350926612,-6.512824943,1.446160548,-1.810251924,0,-6.115360102,3.648210091,2,0,0.004,0.996,0,0
304,318,318,1552.959283,95.84166495,10.65441115,0,-2873044.627,2036629.454,142,142,2.547664577,464.0800731,2.089580531,0,-2873090.212,2036670.643,1172.842693,19965.24316,1.996524316,1.996524316,0.001285625669,61.43775586,Retain,7.347917604,0.9351770875,-6.412740517,1.577359602,-1.629010656,0,-6.08082981,1.01644698,2,0,0.006,0.992,0.002,0
305,318,318,1552.959283,95.84166495,10.65441115,0,-2873044.627,2036629.454,146,146,0.1819763265,1082.852713,1.303082475,34.8383228,-2872144.945,2036604.242,171.0518649,1476.542929,0.1476542929,0.1476542929,9.507930732e-5,900.0343598,Retain,7.347917604,-1.703878675,-9.051796279,2.424656732,-2.101241407,10.45850199,-6.817833003,3.700840192,2,0,0,1,0,0
306,318,318,1552.959283,95.84166495,10.65441115,0,-2873044.627,2036629.454,159,159,0.4852714346,809.1341973,1.590039775,24.26734904,-2872395.705,2036409.068,383.9543896,4680.963253,0.4680963253,0.4680963253,3.014221496e-4,685.3242776,Retain,7.347917604,-0.7230468855,-8.07096449,2.133267277,-1.902214968,10.09692827,-6.644995985,3.428299724,2,0,0,1,0,0
307,318,318,1552.959283,95.84166495,10.65441115,0,-2873044.627,2036629.454,166,166,0.7885654965,561.3260072,1.406141797,24.26734904,-2872271.744,2036404.325,445.87504,7585.965178,0.7585965178,0.7585965178,4.884844865e-4,805.00317,Retain,7.347917604,-0.2375398114,-7.585457416,1.767604348,-2.02512436,10.09692827,-6.510508185,3.589253598,2,0,0,1,0,0
308,318,318,1552.959283,95.84166495,10.65441115,0,-2873044.627,2036629.454,168,168,0.5459303008,724.5710106,1.510235317,24.99633031,-2874144.15,2036206.711,343.1551863,4102.564035,0.4102564035,0.4102564035,2.641771797e-4,1177.990962,Retain,7.347917604,-0.6052639656,-7.95318157,2.022882264,-1.953708521,10.12652431,-6.674069372,3.969972682,2,0,0,1,0,0
309,318,318,1552.959283,95.84166495,10.65441115,0,-2873044.627,2036629.454,169,169,0.3639536256,812.1384465,1.382127676,54.59305685,-2872570.043,2036329.883,295.5807321,3639.536256,0.3639536257,0.3639536257,2.343613446e-4,561.224094,Retain,7.347917604,-1.010728822,-8.358646426,2.13697332,-2.042349893,10.90768031,-6.697966918,3.228528203,2,0,0,1,0,0
310,318,318,1552.959283,95.84166495,10.65441115,0,-2873044.627,2036629.454,173,173,0.7885662375,689.9671338,1.728393249,76.97357388,-2874782.724,2036109.839,397.7305623,2371.817787,0.2371817787,0.2371817787,1.527289101e-4,1814.105847,Retain,7.347917604,-0.2375388717,-7.585456476,1.973946458,-1.81878178,11.25123044,-6.766470095,4.401754671,2,0,0,1,0,0
311,318,318,1552.959283,95.84166495,10.65441115,0,-2873044.627,2036629.454,175,175,0.2426360022,812.1381925,1.128502754,54.59305685,-2872457.145,2036252.641,153.8914099,760.5846225,0.07605846225,0.07605846225,4.897646905e-5,697.9413013,Retain,7.347917604,-1.416192892,-8.764110496,2.136973007,-2.245082241,10.90768031,-6.860890953,3.446542577,2,0,0,1,0,0
312,318,318,1552.959283,95.84166495,10.65441115,0,-2873044.627,2036629.454,179,179,0.3032950735,969.7572013,1.50657501,24.26712687,-2871630.701,2036302.839,166.4337626,746.5373673,0.07465373673,0.07465373673,4.807192149e-5,1451.159677,Retain,7.347917604,-1.193049108,-8.540966712,2.314348226,-1.95613513,10.09691912,-6.861754543,4.178525123,2,0,0.002,0.998,0,0
313,318,318,1552.959283,95.84166495,10.65441115,0,-2873044.627,2036629.454,186,186,0.3032952245,969.7562323,1.506573879,76.97303034,-2872136.338,2036184.933,296.6793371,2438.733966,0.2438733966,0.2438733966,1.570378562e-4,1011.230122,Retain,7.347917604,-1.193048609,-8.5409662139999991,2.314347227,-1.95613588,11.25122338,-6.762734719,3.817329941,2,0,0,1,0,0
314,318,318,1552.959283,95.84166495,10.65441115,0,-2873044.627,2036629.454,192,192,1.455815832,473.7473769,1.612482854,24.26721705,-2871480.287,2036232.681,691.2153584,11366.02505,1.136602505,1.136602505,7.318945948e-4,1613.8735,Retain,7.347917604,0.3755664526,-6.972351152,1.597976713,-1.888198863,10.09692283,-6.358807398,4.284799229,2,0,0,1,0,0
315,318,318,1552.959283,95.84166495,10.65441115,0,-2873044.627,2036629.454,199,199,0.181977105,1074.833087,1.29343459,24.26703162,-2875201.204,2035755.591,179.7852755,1565.826381,0.1565826381,0.1565826381,1.008285535e-4,2326.899184,Retain,7.347917604,-1.703874396,-9.051792001,2.417223154,-2.108672846,10.09691519,-6.81259092,4.650698408,2,0,0,1,0,0
316,318,318,1552.959283,95.84166495,10.65441115,0,-2873044.627,2036629.454,200,200,1.091862496,449.8521691,1.326016296,24.99647679,-2874774.782,2035843.208,445.576136,8952.168968,0.8952168968,0.8952168968,5.764587048e-4,1900.426022,Retain,7.347917604,0.08788495043,-7.260032654,1.546221509,-2.083794818,10.12653017,-6.452997725,4.448240029,2,0,0,1,0,0
317,318,318,1552.959283,95.84166495,10.65441115,0,-2873044.627,2036629.454,217,217,0.1819777809,1082.848686,1.303082836,145.6013424,-2871654.85,2035972.5,197.054401,1819.777809,0.1819777809,0.1819777809,1.171812957e-4,1537.227195,Retain,7.347917604,-1.703870682,-9.051788287,2.424653013,-2.10124113,11.8886345,-6.797828895,4.236142341,2,0,0,1,0,0
318,318,318,1552.959283,95.84166495,10.65441115,0,-2873044.627,2036629.454,219,219,0.2426367811,812.137072,1.128503009,49.99325613,-2872347.169,2035861.284,197.054325,2426.367812,0.2426367812,0.2426367812,1.562415601e-4,1037.560592,Retain,7.347917604,-1.416189682,-8.764107286,2.136971627,-2.245082016,10.8196634,-6.763423971,3.843034757,2,0,0.002,0.998,0,0
319,318,318,1552.959283,95.84166495,10.65441115,0,-2873044.627,2036629.454,220,220,0.4246145135,699.5547565,1.285920734,124.9827296,-2871454.367,2035975.831,297.0411026,4246.145135,0.4246145135,0.4246145135,2.734228245e-4,1719.345693,Retain,7.347917604,-0.8565735487,-8.204491153,1.987746564,-2.114499013,11.73593884,-6.66677318,4.348105809,2,0,0,1,0,0
320,318,318,1552.959283,95.84166495,10.65441115,0,-2873044.627,2036629.454,222,222,0.788569715,688.1178018,1.723764404,24.26686981,-2872953.269,2035816.757,432.8433507,5817.705696,0.5817705696,0.5817705696,3.746206201e-4,817.8154498,Retain,7.347917604,-0.2375344618,-7.585452066,1.97126254,-1.821463493,10.09690852,-6.590202682,3.605044063,2,0,0,1,0,0
321,318,318,1552.959283,95.84166495,10.65441115,0,-2873044.627,2036629.454,227,227,0.242636958,1012.162138,1.406447845,89.32550068,-2873469.027,2035674.022,145.4667355,985.1214268,0.09851214268,0.09851214268,6.343510983e-5,1045.449837,Retain,7.347917604,-1.416188953,-8.764106557,2.357146546,-2.024906732,11.40005348,-6.847187067,3.850609635,2,0,0.002,0.998,0,0
322,318,318,1552.959283,95.84166495,10.65441115,0,-2873044.627,2036629.454,231,231,0.424615229,692.6780512,1.273281056,0,-2871905.917,2035779.089,289.474867,3233.310566,0.3233310566,0.3233310566,2.082031771e-4,1421.189319,Retain,7.347917604,-0.8565718636,-8.204489468,1.977867812,-2.124376922,0,-6.719412484,4.157656193,2,0,0,1,0,0
323,318,318,1552.959283,95.84166495,10.65441115,0,-2873044.627,2036629.454,235,235,5.641306127,306.8074396,2.055657646,0,-2874863.639,2035602.747,1918.191569,49069.28975,4.906928976,4.906928976,0.00315972803,2088.76289,Retain,7.347917604,1.730115621,-5.617801983,1.163522812,-1.64537818,0,-5.480143521,4.54273387,2,0,0,1,0,0
324,318,318,1552.959283,95.84166495,10.65441115,0,-2873044.627,2036629.454,236,236,0.363955823,945.4864802,1.60906922,0,-2871824.578,2035747.293,342.6790855,3538.706539,0.3538706539,0.3538706539,2.278685976e-4,1505.564977,Retain,7.347917604,-1.010722784,-8.358640389,2.289002082,-1.890318112,0,-6.703247294,4.215330312,2,0,0,1,0,0
325,318,318,1552.959283,95.84166495,10.65441115,0,-2873044.627,2036629.454,240,240,0.2426372581,812.1363776,1.128503153,24.99698903,-2871528.802,2035712.371,196.6821021,2405.452595,0.2405452595,0.2405452595,1.548947626e-4,1771.65636,Retain,7.347917604,-1.416187716,-8.764105321,2.136970772,-2.245081888,10.12655066,-6.764590802,4.37807689,2,0,0,1,0,0
326,318,318,1552.959283,95.84166495,10.65441115,0,-2873044.627,2036629.454,243,243,0.2426373836,812.136182,1.128503173,121.3333284,-2873265.964,2035523.675,197.0545983,2426.373836,0.2426373836,0.2426373836,1.56241948e-4,1127.713183,Retain,7.347917604,-1.416187199,-8.764104803,2.136970531,-2.24508187,11.70630506,-6.763423635,3.926354157,2,0,0,1,0,0
327,318,318,1552.959283,95.84166495,10.65441115,0,-2873044.627,2036629.454,247,247,0.2426376799,812.1357092,1.128503205,24.99698903,-2871497.613,2035639.984,196.5913671,2425.12131,0.242512131,0.242512131,1.561612939e-4,1836.382347,Retain,7.347917604,-1.416185978,-8.764103582,2.136969949,-2.245081842,10.12655066,-6.763493474,4.413959485,2,0,0,1,0,0
328,318,318,1552.959283,95.84166495,10.65441115,0,-2873044.627,2036629.454,249,249,0.3639563411,674.7730176,1.14835832,76.97184263,-2874623.95,2035320.401,167.0746454,769.9485208,0.07699485208,0.07699485208,4.957944031e-5,2051.311958,Retain,7.347917604,-1.01072136,-8.358638965,1.951678858,-2.227640625,11.25120795,-6.860315697,4.524641475,2,0,0,1,0,0
329,318,318,1552.959283,95.84166495,10.65441115,0,-2873044.627,2036629.454,251,251,0.1819781704,1082.847669,1.303083006,147.7299152,-2871689.842,2035567.487,197.0546376,1819.781704,0.1819781704,0.1819781704,1.171815465e-4,1721.398838,Retain,7.347917604,-1.703868542,-9.051786147,2.424652074,-2.101240999,11.90314776,-6.797828671,4.349299239,2,0,0,1,0,0
330,318,318,1552.959283,95.84166495,10.65441115,0,-2873044.627,2036629.454,253,253,0.2426376817,1012.159456,1.4064462150000001,76.97184263,-2874474.302,2035284.288,237.2256991,2218.233588,0.2218233588,0.2218233588,1.428391338e-4,1963.018278,Retain,7.347917604,-1.41618597,-8.764103575,2.357143896,-2.024907891,11.25120795,-6.775096438,4.480645156,2,0,0,1,0,0
331,318,318,1552.959283,95.84166495,10.65441115,0,-2873044.627,2036629.454,257,257,0.8492319864,465.7979635,1.210893158,24.99708109,-2873822.882,2035336.703,395.7658703,7210.35126,0.721035126,0.721035126,4.642975086e-4,1508.934994,Retain,7.347917604,-0.1634228833,-7.511340488,1.581054479,-2.174615765,10.12655434,-6.526915227,4.217566182,2,0,0,1,0,0
332,318,318,1552.959283,95.84166495,10.65441115,0,-2873044.627,2036629.454,264,264,0.1213190531,1212.178916,1.191039871,88.31308769,-2871840.094,2035394.326,147.0603983,1213.190531,0.1213190531,0.1213190531,7.812120667e-5,1725.236488,Retain,7.347917604,-2.109331401,-9.457249006,2.53747727,-2.191147233,11.38865492,-6.83345683,4.351526135,2,0,0,1,0,0
333,318,318,1552.959283,95.84166495,10.65441115,0,-2873044.627,2036629.454,269,269,0.242638227,812.1349051,1.12850336,24.2664043,-2873865.979,2035165.855,178.9652391,1723.207814,0.1723207814,0.1723207814,1.109628458e-4,1678.31509,Retain,7.347917604,-1.416183723,-8.764101327,2.136968959,-2.245081704,10.09688934,-6.803416853,4.323952383,2,0,0,1,0,0
334,318,318,1552.959283,95.84166495,10.65441115,0,-2873044.627,2036629.454,275,275,13.28441808,174.6788116,1.796000959,54.59250678,-2875056.52,2035197.141,2270.942883,118788.9054,11.87889054,11.87889054,0.007649196387,2469.663172,Retain,7.347917604,2.586591776,-4.761325829,0.6002514192,-1.780411495,10.90767023,-4.743617465,4.710243598,2,0,0,1,0,0
335,318,318,1552.959283,95.84166495,10.65441115,0,-2873044.627,2036629.454,276,276,0.2426381112,1018.180406,1.414813879,99.98985623,-2873129.294,2035172.486,247.0493706,2426.381112,0.2426381112,0.2426381112,1.562424166e-4,1459.426198,Retain,7.347917604,-1.4161842,-8.764101804,2.363074891,-2.018976011,11.51283402,-6.76342323,4.184205448,2,0,0.004,0.996,0,0
336,318,318,1552.959283,95.84166495,10.65441115,0,-2873044.627,2036629.454,287,287,0.4852772059,609.1007281,1.196958609,48.53252665,-2871084.868,2035236.313,160.6476733,1608.978579,0.1608978579,0.1608978579,1.036072611e-4,2404.473936,Retain,7.347917604,-0.7230349928,-8.070952597,1.849286147,-2.186190152,10.79001011,-6.810067127,4.683492978,2,0,0,1,0,0
337,318,318,1552.959283,95.84166495,10.65441115,0,-2873044.627,2036629.454,298,298,0.3032986183,809.7225498,1.257959091,69.67728413,-2871533.351,2035061.65,245.5877305,3032.986183,0.3032986182,0.3032986182,1.953036513e-4,2177.604925,Retain,7.347917604,-1.19303742,-8.540955024,2.133994151,-2.136483361,11.15164399,-6.730159397,4.584387494,2,0,0.002,0.998,0,0
338,318,318,1552.959283,95.84166495,10.65441115,0,-2873044.627,2036629.454,312,312,0.2426394058,812.1331335,1.12850364,34.83865427,-2872226.924,2034843.186,197.055501,2426.394058,0.2426394058,0.2426394058,1.562432502e-4,1964.532908,Retain,7.347917604,-1.416178864,-8.764096469,2.136966778,-2.245081457,10.45851151,-6.763422508,4.48141644,2,0,0,1,0,0
339,318,318,1552.959283,95.84166495,10.65441115,0,-2873044.627,2036629.454,321,321,0.2426396026,1018.182042,1.414820501,0,-2870850.03,2034910.041,244.0548483,2373.883489,0.2373883489,0.2373883489,1.528619273e-4,2787.94394,Retain,7.347917604,-1.416178053,-8.764095658,2.363076498,-2.018971331,0,-6.766354575,4.831466163,2,0,0,1,0,0
341,209,209,0.5664633533,542.4234609,1.151647165,30.72630126,-2872112.949,2034722.244,324,324,0.6065990898,567.2864318,1.246373887,24.99789153,-2872145.775,2034757.927,179.2733537,1648.703377,0.1648703377,0.1648703377,0.2910520809,48.48510112,Retain,-0.5683428904,-0.4998871842,0.06845570614,0.04481735727,0.07904521032,-0.206320066,-0.8882594682,4.73781357,3,0.004,0.022,0.016,0.848,0.11
342,318,318,1552.959283,95.84166495,10.65441115,0,-2873044.627,2036629.454,338,338,0.4246196541,696.1134237,1.279602626,24.99789153,-2872172.438,2034652.83,184.8027326,2054.317446,0.2054317446,0.2054317446,1.322840507e-4,2160.498966,Retain,7.347917604,-0.8565614423,-8.204479047,1.982815106,-2.119424418,10.12658676,-6.784385742,4.576501081,2,0,0,1,0,0
343,318,318,1552.959283,95.84166495,10.65441115,0,-2873044.627,2036629.454,348,348,1.698477995,580.9567868,2.135840709,0,-2870882.04,2034759.965,718.6466051,8880.125395,0.8880125395,0.8880125395,5.718195894e-4,2858.630778,Retain,7.347917604,0.529732553,-6.818185051,1.80197887,-1.607113655,0,-6.455949445,4.856504531,2,0,0,1,0,0
344,318,318,1552.959283,95.84166495,10.65441115,0,-2873044.627,2036629.454,354,354,0.3639602297,674.7643395,1.148349685,49.9964593,-2872083.054,2034480.105,248.0238016,2150.611667,0.2150611667,0.2150611667,1.384847427e-4,2354.638151,Retain,7.347917604,-1.010710676,-8.358628281,1.951665997,-2.227648144,10.81972747,-6.778918218,4.662548908,2,0,0,1,0,0
345,318,318,1552.959283,95.84166495,10.65441115,0,-2873044.627,2036629.454,363,363,1.577160073,530.5456442,1.879557898,78.82317379,-2871716.227,2034476.981,640.7060404,8593.068117,0.8593068117,0.8593068117,5.533350559e-4,2529.384252,Retain,7.347917604,0.4556258073,-6.892291797,1.711208488,-1.734937411,11.274975,-6.467797576,4.73413771,2,0,0,1,0,0
346,318,318,1552.959283,95.84166495,10.65441115,0,-2873044.627,2036629.454,377,377,2.426405962,345.4578571,1.518000361,0,-2871882.277,2034295.628,785.0863015,21381.71582,2.138171582,2.138171582,0.00137683686,2607.258686,Retain,7.347917604,0.8864111345,-6.46150647,1.282173153,-1.948580082,0,-6.041607818,4.764461161,2,0,0,1,0,0
347,318,318,1552.959283,95.84166495,10.65441115,0,-2873044.627,2036629.454,391,391,0.4246216851,692.6589188,1.273255566,48.53091557,-2871907.341,2034093.113,294.1179973,4246.216852,0.4246216852,0.4246216852,2.734274426e-4,2779.647813,Retain,7.347917604,-0.8565566591,-8.204474264,1.977840191,-2.124396941,10.78997691,-6.666769549,4.828486013,2,0,0,1,0,0
351,283,283,40.03007696,142.7699487,2.548150553,30.72630125,-2871227.031,2034178.881,420,420,35.60757059,192.2897345,3.236848253,0,-2871236.673,2034190.662,6102.152484,307752.3955,30.77523955,30.77523955,0.7688029073,15.2237335,Retain,3.689631096,3.572558272,-0.1170728234,0.2977686841,0.2392322724,-10.33290683,1.198547969,1.450470704,2,0.376,0.122,0.406,0.034,0.062
352,296,296,3.39878012,289.2925125,1.504505556,30.72630125,-2871996.018,2033656.212,423,423,0.4852832402,712.1265246,1.399425801,0,-2872174.351,2033702.539,93.70684271,493.4383822,0.04934383822,0.04934383822,0.01451810252,184.2522285,Retain,1.223416579,-0.723022558,-1.946439137,0.9008172686,-0.07240229982,-10.33290683,-4.152137728,5.176967707,2,0,0.032,0.96,0.006,0.002
353,299,299,1.227337265,450.6287214,1.408302327,30.72630126,-2873571.266,2033572.371,422,422,1.031228428,430.6622423,1.233699259,24.99911797,-2873587.132,2033568.175,424.7110218,7083.373522,0.7083373522,0.7083373522,0.577133419,16.41126227,Retain,0.2048469978,0.03075074041,-0.1740962574,-0.04531964385,-0.1323677725,-0.2062710075,0.3103859327,3.267970199,3,0.07,0.292,0.202,0.416,0.02
354,296,296,3.39878012,289.2925125,1.504505556,30.72630125,-2871996.018,2033656.212,425,425,0.1213210246,1224.244254,1.202904576,24.26517317,-2872102.349,2033649.684,149.1760202,861.9502698,0.08619502698,0.08619502698,0.0253605776,106.5316818,Retain,1.223416579,-2.109315151,-3.33273173,1.442640667,-0.2237251981,-0.2360682211,-3.611223452,4.629108463,2,0,0.12,0.88,0,0
355,296,296,3.39878012,289.2925125,1.504505556,30.72630125,-2871996.018,2033656.212,427,427,1.759154681,391.2281358,1.463784562,48.53018762,-2871947.475,2033682.883,679.9793485,15489.09937,1.548909937,1.548909937,0.4557252551,55.3876682,Retain,1.223416579,0.564833399,-0.6585831799,0.3018525272,-0.02743906279,0.4570550841,-0.1772077688,3.975031681,1,0.016,0.65,0.33,0.004,0
356,302,302,5.00375962,245.6257181,1.549947987,68.7060983,-2871539.004,2033627.402,442,442,4.003596249,368.782834,2.081569435,121.3255449,-2871547.218,2033652.495,1306.02536,33465.55074,3.346555074,3.346555074,0.6688081219,26.40291642,Retain,1.610189554,1.387193019,-0.2229965345,0.4063990386,0.2949007714,0.5686331114,0.701278538,3.040782514,0,0.704,0.128,0.072,0.066,0.03
357,307,307,2.360263972,312.4359135,1.354055001,30.72630126,-2874142.113,2033413.918,419,419,0.3033023503,809.7103708,1.257947909,0,-2874082.944,2033510.823,156.4080606,381.9871879,0.03819871879,0.03819871879,0.01618408756,113.5410613,Retain,0.8587734653,-1.193025115,-2.05179858,0.9522772455,-0.07362204469,-10.33290683,-4.048470919,4.875151563,2,0.002,0.074,0.922,0.002,0
358,305,305,0.5664633533,650.9081531,1.381976598,30.72630125,-2873961.648,2033416.376,426,426,0.6066054244,647.2837041,1.42214175,34.83892716,-2873969.073,2033466.311,227.3275292,881.3108575,0.08813108575,0.08813108575,0.1555812662,50.48415771,Retain,-0.5683428903,-0.4998767415,0.06846614887,-0.005583856304,0.02864921813,0.1256125102,-1.6862569,4.778215774,3,0,0.026,0.038,0.826,0.11
359,307,307,2.360263972,312.4359135,1.354055001,30.72630126,-2874142.113,2033413.918,433,433,2.123118981,394.1169554,1.619971424,0,-2874174.705,2033442.63,638.6648354,12140.47144,1.214047143,1.214047143,0.5143692222,43.43442791,Retain,0.8587734653,0.752886225,-0.1058872403,0.2322483351,0.179304715,-10.33290683,0.05737790122,3.91425363,2,0.09,0.25,0.338,0.272,0.05
361,308,308,1.038516148,473.3877477,1.360876479,153.6315063,-2872009.596,2033324.197,461,461,1.213214008,489.6988368,1.521573194,174.9944038,-2872025.945,2033343.006,466.7492941,7426.688931,0.7426688931,0.7426688931,0.7151250318,24.92053641,Retain,0.03779291321,0.1932730435,0.1554801303,0.03387576809,0.1116158332,0.1301962818,0.918300236,3.769200832,3,0.016,0.008,0,0.598,0.378
362,322,322,4.342885708,283.0035448,1.663704317,30.72630126,-2874261.118,2033179.917,454,454,4.306906585,342.4707713,2.004939656,24.99916487,-2874293.543,2033213.212,1110.05595,26075.27316,2.607527316,2.607527316,0.6004135249,46.47498026,Retain,1.468539037,1.460219917,-0.008319120181,0.1907268914,0.1865673313,-0.2062691314,0.4063530984,3.67703105,3,0.242,0.12,0.104,0.434,0.1
363,326,326,0.3776422355,813.6351914,1.410473959,0,-2873779.85,2033078.387,462,462,0.788590066,563.1737496,1.410792436,24.2647879,-2873798.732,2033089.101,271.3725805,2948.719219,0.2948719219,0.2948719219,0.780823473,21.70891644,Retain,-0.9738079985,-0.2375086546,0.7362993439,-0.3679239033,2.257686741e-4,10.09682273,1.267199357,4.137038077,4,0.01,0.004,0.004,0.054,0.928
364,323,323,2.265853413,379.6964226,1.612306031,61.45260251,-2873140.999,2033189.77,463,463,2.487089145,455.87922150000003,2.028105496,48.52965742,-2873175.533,2033216.36,810.8170048,13024.71316,1.302471316,1.302471316,0.5748259391,43.58451937,Retain,0.8179514707,0.9111130086,0.09316153785,0.1828558637,0.2294366326,-0.2360867494,0.3009575695,3.938114178,4,0.05,0.116,0.008,0.406,0.42
366,333,333,12.74542545,327.8648475,3.301924146,0,-2873675.21,2033197.195,474,474,9.220429565,299.0454867,2.561579845,24.2647879,-2873594.383,2033195.438,2403.309378,65212.50292,6.521250292,6.521250292,0.5116541867,80.84678688,Retain,2.545172419,2.221421627,-0.3237507918,-0.09200578193,-0.2538811778,10.09682273,0.04653209386,3.692346946,2,0.07,0.176,0.704,0.024,0.026
367,333,333,12.74542545,327.8648475,3.301924146,0,-2873675.21,2033197.195,449,449,2.001800971,491.4656325,1.961546778,24.26490622,-2873830.362,2033302.395,872.7695189,9708.131872,0.9708131872,0.9708131872,0.0761695395,187.4536324,Retain,2.545172419,0.694047261,-1.851125158,0.4047905403,-0.5207720386,10.09682761,-2.483605622,4.533315589,2,0,0.018,0.982,0,0
368,333,333,12.74542545,327.8648475,3.301924146,0,-2873675.21,2033197.195,451,451,0.788588652,499.771555,1.251964066,24.26490622,-2873942.938,2033206.858,391.6521336,6021.000082,0.6021000082,0.6021000082,0.04724047939,267.9017893,Retain,2.545172419,-0.2375104477,-2.782682867,0.4215496309,-0.9697918024,10.09682761,-2.984213075,4.890402922,2,0,0.006,0.994,0,0
369,328,328,1.321747824,464.934395,1.507860088,245.81041,-2872371.927,2033058.634,470,470,0.4246258735,817.3194739,1.502415797,274.9933422,-2872378.373,2033105.35,309.5437782,2714.438731,0.2714438731,0.2714438731,0.2053673689,47.1577751,Retain,0.27895497,-0.8565467954,-1.135501765,0.5641337417,-0.003617141072,0.1121859077,-1.349479636,4.28640756,1,0.008,0.676,0.306,0.01,0
370,346,346,0.3776422354,650.9081531,1.128379167,184.3578075,-2874371.332,2032602.129,482,482,0.3639659147,674.7515424,1.148336875,123.6882206,-2874421.291,2032652.812,43.50862231,46.91643956,0.004691643956,0.004691643956,0.01242351495,71.165876,Retain,-0.9738079986,-1.010695057,-0.03688705805,0.03597599129,0.01753246227,-0.3991117653,-4.299257999,5.324296428,3,0.002,0.032,0.046,0.884,0.036
371,348,348,0.1888211178,976.3622295,1.196826841,184.3578075,-2874140.884,2032540.677,484,484,0.2426442756,1018.188256,1.41484276,181.603131,-2874165.467,2032589.033,7.560668239,0.6115323387,6.115323387e-5,6.115323387e-5,3.238686149e-4,54.2463565,Retain,-1.666955179,-1.416158795,0.2507963843,0.04194645337,0.1673446455,-0.01505468573,-6.627872963,5.3993967960000004,3,0.002,0.018,0.042,0.688,0.25
372,248,248,5.759044091,352.1306402,2.383823441,30.72630125,-2874732.24,2034580.954,293,293,0.3639578622,674.7692681,1.148354338,166.7187586,-2874794.473,2034802.168,101.4543335,234.4728148,0.02344728148,0.02344728148,0.004071384263,229.8017036,Retain,1.750771505,-1.010717181,-2.761488686,0.6503685638,-0.7303757791,1.69116276,-5.281065358,5.134200321,2,0,0.082,0.918,0,0
373,248,248,5.759044091,352.1306402,2.383823441,30.72630125,-2874732.24,2034580.954,317,317,0.1213193272,1212.169565,1.191032028,169.8620654,-2874830.241,2034535.157,127.7588592,739.6226998,0.07396226998,0.07396226998,0.01284280322,108.1738788,Retain,1.750771505,-2.109329142,-3.860100646,1.236164818,-0.693885505,1.709841064,-4.268076317,4.380728356,2,0,0.056,0.944,0,0
374,238,238,0.5664633533,650.9081531,1.381976598,0,-2875037.068,2034496.918,320,320,0.3639590408,812.1335594,1.382129641,121.330028,-2875056.116,2034518.052,230.1825798,2490.90318,0.249090318,0.249090318,0.439728919,28.45098974,Retain,-0.5683428904,-1.010713943,-0.4423710526,0.2212962624,1.10736053e-4,11.70627786,-0.2417740089,4.204754484,1,0.012,0.664,0.04,0.278,0.006
375,255,255,1.132926706,542.4234609,1.62867504,30.72630125,-2875218.866,2034371.452,319,319,0.2426392253,812.13348,1.128503701,69.67735034,-2875239.77,2034484.001,130.9884851,838.6185559,0.08386185559,0.08386185559,0.07402231329,114.4737831,Retain,0.1248042901,-1.416179608,-1.540983898,0.4036177213,-0.3668742279,0.8187381067,-2.514143915,5.250317362,1,0,0.646,0.35,0.004,0
376,260,260,0.8496950299,578.5850249,1.504505556,30.72630125,-2875298.242,2034307.439,341,341,0.6672586846,592.8362856,1.366082611,69.67735034,-2875319.718,2034356.627,262.3739784,2714.620442,0.2714620442,0.2714620442,0.3194817371,53.67207013,Retain,-0.1628777822,-0.4045774753,-0.2416996931,0.02433277203,-0.09651707454,0.8187381067,-0.7544977567,4.636715222,3,0.044,0.33,0.044,0.574,0.008
377,255,255,1.132926706,542.4234609,1.62867504,30.72630125,-2875218.866,2034371.452,346,346,0.1213199066,1224.234432,1.202889383,49.99626144,-2875160.605,2034290.593,105.1729499,123.9657067,0.01239657066,0.01239657066,0.01094207648,99.66191226,Retain,0.1248042901,-2.109324366,-2.234128656,0.8140239846,-0.3030403433,0.4868166819,-4.417695448,5.111756412,1,0,0.546,0.448,0.006,0
378,278,278,8.685771416,233.4779245,1.941087397,0,-2875090.394,2034120.743,374,374,6.005349592,254.1819027,1.757150019,48.53140332,-2875117.514,2034086.808,1453.48336,55438.02308,5.543802308,5.543802308,0.6382625148,43.44096077,Retain,2.161686217,1.792650671,-0.3690355468,0.0849626323,-0.09955514108,10.78998696,0.5666358001,3.262947646,2,0.216,0.256,0.464,0.038,0.026
380,282,282,0.3776422355,813.6351913,1.410473959,153.6315063,-2874816.863,2033892.634,383,383,0.3033006961,979.3919768,1.521557305,169.8588842,-2874838.702,2033926.723,191.7924469,1001.186403,0.1001186403,0.1001186403,0.2651150503,40.48438693,Retain,-0.9738079984,-1.193030569,-0.2192225708,0.1854198497,0.07580856427,0.1004104589,-1.017145053,4.760210035,3,0.026,0.352,0.01,0.61,0.002
381,306,306,1.793800619,479.6165338,1.812075543,68.7060983,-2875282.609,2033409.908,418,418,2.123116577,464.0740782,1.907520875,99.99521464,-2875318.922,2033451.006,687.415925,9112.18491,0.911218491,0.911218491,0.5079820363,54.84248355,Retain,0.5843366196,0.7528850926,0.168548473,-0.03294270609,0.05133153041,0.3752798147,0.03186711294,4.284680008,4,0.022,0.046,0.01,0.322,0.6
382,314,314,3.304369561,371.947516,1.907308908,30.72630125,-2874561.396,2033275.913,444,444,3.457653817,399.7898455,2.097092474,34.83887342,-2874568.027,2033311.454,1274.986219,20437.49114,2.043749114,2.043749114,0.6184989532,36.1540573,Retain,1.195245702,1.240590271,0.04534456955,0.07218626435,0.09485854912,0.1256109678,0.4821796213,3.562558928,3,0.102,0.074,0.01,0.548,0.266
383,321,321,0.8496950298,506.2618969,1.316442362,30.72630125,-2874560.811,2033098.871,453,453,1.091893282,449.8367022,1.325989398,48.52969777,-2874582.231,2033110.556,410.1211742,6483.885329,0.6483885329,0.6483885329,0.7630838244,24.40018298,Retain,-0.1628777823,0.08791314504,0.2507909274,-0.1181694851,0.007225978564,0.4570449904,1.166759093,3.848435448,4,0.042,0,0.004,0.39,0.564
384,16,16,1.321747824,464.934395,1.507860088,206.1182949,-2876245.636,2040068.621,17,17,1.759035837,448.0849468,1.676458341,149.9519768,-2876283.029,2040098.055,544.8630413,6867.602789,0.6867602789,0.6867602789,0.5195849512,47.58769853,Retain,0.2789549701,0.5647658392,0.2858108691,-0.03691348174,0.1059919528,-0.3181333456,0.07822330024,4.295482765,4,0.004,0.022,0.016,0.116,0.842
386,344,344,4.531706826,339.0146631,2.0358438,0,-2875129.887,2032816.573,479,479,5.338153296,415.9808945,2.711215091,34.83892927,-2875161.142,2032830.186,1562.510584,30323.15911,3.032315911,3.032315911,0.6691332929,34.09054783,Retain,1.511098651,1.674879768,0.1637811172,0.2045959723,0.2864865309,10.4585194,0.7027432335,3.345865107,4,0.162,0.024,0.024,0.194,0.596
387,30,30,5.570222973,231.6791731,1.542475777,68.7060983,-2876102.681,2039259.581,30,30,5.034525302,215.8430076,1.366193818,176.6330763,-2876117.503,2039297.701,1073.545425,41280.35286,4.128035286,4.128035286,0.7410897743,40.89972997,Retain,1.717435084,1.616319242,-0.1011158421,-0.07080221327,-0.1213601343,0.9442277101,1.04913394,3.424795311,0,0.454,0.034,0.264,0.198,0.05
388,36,36,0.6608739122,557.921274,1.279461712,0,-2876888.694,2038784.7,37,37,0.5459150371,635.6473079,1.324871654,24.99320442,-2876914.125,2038813.195,248.5923421,2732.171911,0.2732171911,0.2732171911,0.4134180304,38.19266391,Retain,-0.4141922105,-0.605291925,-0.1910997145,0.1304259957,0.03487613843,10.12639925,-0.3491405595,4.422130684,3,0.07,0.244,0.026,0.656,0.004
389,44,44,4.059654031,393.5723716,2.236990727,0,-2876856.232,2038454.775,41,41,2.365634427,395.9681023,1.718023445,24.99320442,-2876850.059,2038619.906,838.4897133,12740.28682,1.274028682,1.274028682,0.3138269103,165.2457208,Retain,1.401097756,0.8610462428,-0.5400515132,0.006068689542,-0.2639570671,10.12639925,-0.7805632138,4.9792557,2,0.06,0.276,0.6,0.038,0.026
390,44,44,4.059654031,393.5723716,2.236990727,0,-2876856.232,2038454.775,44,44,1.516435832,454.802887,1.579902549,49.98701559,-2876907.082,2038367.449,672.8148143,10398.5601,1.03985601,1.03985601,0.256143997,101.0517971,Retain,1.401097756,0.416362734,-0.984735022,0.1445991409,-0.3477683701,10.81953857,-1.063554688,4.487459189,2,0.018,0.126,0.834,0.014,0.008
391,51,51,1.604979501,497.7532935,1.778868953,30.72630125,-2876063.989,2038151.842,48,48,1.395123405,425.8068191,1.41877652,0,-2876085.552,2038245.04,363.774856,6066.881968,0.6066881968,0.6066881968,0.3780037044,95.66047051,Retain,0.4731109844,0.3329828739,-0.1401281105,-0.1561187926,-0.2261828478,-10.33290683,-0.4969945934,4.896625061,2,0.03,0.092,0.532,0.282,0.064
392,51,51,1.604979501,497.7532935,1.778868953,30.72630125,-2876063.989,2038151.842,51,51,0.2426307235,1012.193481,1.406473327,0,-2876105.852,2038111.872,160.7524642,860.7613904,0.08607613904,0.08607613904,0.05363067815,57.87916808,Retain,0.4731109844,-1.416214648,-1.889325632,0.7097704581,-0.234892358,-10.33290683,-2.853093413,4.394184256,2,0,0.168,0.83,0.002,0
394,56,56,6.325507444,310.881506,2.205655294,30.72630125,-2876370.146,2038141.806,55,55,7.278912367,419.2106869,3.190514032,24.2690481,-2876456.572,2038153.907,1964.206812,39192.94432,3.919294432,3.919294432,0.619601584,87.26899479,Retain,1.84459026,1.984981451,0.1403911911,0.2989617965,0.369157392,-0.2359085495,0.4868447642,4.119076515,4,0.15,0.076,0.07,0.134,0.57
396,57,57,0.4720527944,650.9081531,1.261566261,61.45260251,-2876279.435,2037988.45,57,57,0.4246043401,699.540563,1.28587924,48.53773551,-2876305.998,2038018.583,187.8458037,1849.873755,0.1849873756,0.1849873756,0.3918785733,40.16949783,Retain,-0.7506644472,-0.8565975082,-0.105933061,0.07205523467,0.01908870417,-0.2359203098,-0.4385170446,4.640830008,3,0.006,0.042,0.01,0.922,0.02
397,61,61,0.3776422354,813.6351914,1.410473959,43.45355195,-2876145.776,2037894.735,61,61,0.1819734389,1074.888061,1.293487715,88.31530762,-2876161.327,2037924.631,130.6439113,301.9936976,0.03019936976,0.03019936976,0.07996819987,33.6996174,Retain,-0.9738079987,-1.703894543,-0.7300865439,0.2784597079,-0.08658356403,0.7092091656,-2.43143808,4.5767851,1,0.042,0.744,0.096,0.116,0.002
399,77,77,1.038516148,591.7346847,1.701095599,0,-2877045.917,2037033.7,104,104,1.273822211,580.6725083,1.848760875,69.67632604,-2877053.804,2037049.05,568.8281289,6513.603411,0.6513603411,0.6513603411,0.6272029016,17.25761239,Retain,0.03779291311,0.2420219957,0.2042290826,-0.01887143776,0.08324310358,11.15163024,0.5191500735,3.401779774,4,0.018,0.016,0.006,0.444,0.516
400,78,78,2.832316766,433.9387687,2.060129077,156.6740097,-2876293.774,2037072.806,105,105,2.244352756,438.9965285,1.855246893,191.8871609,-2876316.174,2037128.37,889.8338946,14118.61275,1.411861275,1.411861275,0.4984828293,59.90949382,Retain,1.041095022,0.8084171749,-0.2326778472,0.01158806699,-0.1047508566,0.2027390491,-0.006056588274,4.144669111,1,0.148,0.472,0.184,0.172,0.024
401,97,97,20.67591239,219.9415677,2.821205527,61.4526025,-2875925.255,2036686.412,126,126,20.92717953,270.4703471,3.490358822,48.53539794,-2875928.639,2036703.658,5117.182034,161707.5863,16.17075863,16.17075863,0.7821061689,17.57413211,Retain,3.02896937,3.04104877,0.01207939994,0.2068005601,0.21284026,-0.2359684697,1.274681456,1.924365212,0,0.564,0.05,0.094,0.144,0.148
402,103,103,0.6608739122,557.921274,1.279461712,43.45355195,-2876950.146,2036436.333,120,120,0.6672443955,592.8296167,1.366052616,49.99098286,-2876966.184,2036472.48,287.2773992,3575.895731,0.3575895731,0.3575895731,0.5410859266,39.54556254,Retain,-0.4141922105,-0.4045988901,0.009593320432,0.06068916701,0.06548582723,0.1401470406,0.1643848499,4.456939824,3,0.016,0.026,0.002,0.93,0.026
403,105,105,41.25741423,175.7600963,3.184684048,43.45355195,-2877557.691,2036706.481,119,119,37.91148957,203.8372833,3.540496054,0,-2877598.065,2036724.048,7892.43809,315093.3329,31.50933329,31.50933329,0.7637253542,44.02984718,Retain,3.719830835,3.635254221,-0.08457661439,0.1482020688,0.1059137616,-10.67947089,1.170298442,2.497339986,0,0.46,0.096,0.398,0.024,0.022
406,105,105,41.25741423,175.7600963,3.184684048,43.45355195,-2877557.691,2036706.481,102,102,0.3639493848,812.1428405,1.382127102,0,-2877239.991,2036998.612,295.5788872,3639.493848,0.3639493848,0.3639493848,0.008821429836,431.5943446,Retain,3.719830835,-1.0107404740000001,-4.730571309,1.530556261,-0.8347293936,-10.67947089,-4.615336385,4.779937972,2,0,0.004,0.996,0,0
407,113,113,1.227337265,550.7684373,1.7212584,61.45260251,-2878017.126,2036214.833,129,129,0.4246107057,696.1202885,1.279601762,0,-2877998.921,2036252.133,211.2658963,2133.060993,0.2133060993,0.2133060993,0.1737958305,41.50513767,Retain,0.2048469978,-0.8565825164,-1.061429514,0.234208012,-0.2965067451,-11.02603774,-1.554432934,4.195782756,2,0.008,0.124,0.868,0,0
408,113,113,1.227337265,550.7684373,1.7212584,61.45260251,-2878017.126,2036214.833,132,132,0.2426348165,812.1399666,1.128502462,0,-2878058.581,2036201.671,195.8011414,1699.664541,0.1699664541,0.1699664541,0.1384839025,43.49471077,Retain,0.2048469978,-1.416197779,-1.621044777,0.3883582362,-0.422164152,-11.02603774,-1.821904612,4.242603774,2,0.006,0.248,0.746,0,0
409,115,115,5.098170179,289.2925125,1.842635464,30.72630125,-2877233.43,2036265.387,133,133,3.700176739,318.3498999,1.727472013,99.98336328,-2877239.573,2036319.888,1041.930084,24492.36673,2.449236673,2.449236673,0.4804148523,54.84632882,Retain,1.628881687,1.308380586,-0.3205011011,0.09571276183,-0.06453778871,1.179862256,-0.07822408593,3.762477585,1,0.21,0.406,0.348,0.03,0.006
410,115,115,5.098170179,289.2925125,1.842635464,30.72630125,-2877233.43,2036265.387,145,145,0.2426350876,812.1395856,1.128502563,99.98336328,-2877271.367,2036125.296,118.9566055,579.49392,0.057949392,0.057949392,0.01136670412,145.1371168,Retain,1.628881687,-1.416196661,-3.045078348,1.032233899,-0.4903052755,1.179862256,-4.382326756,4.735609918,2,0,0.158,0.842,0,0
411,123,123,2.926727325,272.9614836,1.317308727,153.6315063,-2877683.33,2036111.37,147,147,2.608324814,283.0254768,1.289440881,171.702024,-2877705.253,2036130.784,660.3581273,19375.46938,1.937546938,1.937546938,0.6620182624,29.28361679,Retain,1.073884845,0.9587081815,-0.1151766633,0.03620621825,-0.0213821134,0.1112029524,0.6708563004,3.412484874,3,0.322,0.054,0.026,0.578,0.02
412,118,118,0.755284471,569.5446339,1.396297981,61.4526025,-2876322.452,2036097.246,151,151,0.5459296371,719.2321918,1.499106618,54.59327181,-2876349.874,2036132.699,148.7246369,1226.031462,0.1226031462,0.1226031462,0.162327111,44.82064304,Retain,-0.2806608179,-0.6052651813,-0.3246043634,0.233347089,0.07104490731,-0.1183534938,-1.636065742,4.515386478,3,0.04,0.348,0.1,0.51,0.002
413,125,125,0.755284471,569.5446339,1.396297981,30.72630125,-2877244.241,2036012.749,154,154,0.1213176618,1212.20218,1.191055899,99.9840198,-2877282.616,2035986.147,114.134131,800.2620359,0.08002620359,0.08002620359,0.1059550496,46.69428712,Retain,-0.2806608179,-2.109342869,-1.828682051,0.7553568138,-0.1589842117,1.179868822,-2.124465292,4.556338593,1,0,0.858,0.136,0.006,0
414,137,137,0.4720527944,781.0897836,1.513879513,61.4526025,-2877367.146,2035690.123,188,188,0.6672488941,667.7562089,1.538710559,34.83833081,-2877374.451,2035726.412,326.0032391,2663.025243,0.2663025243,0.2663025243,0.5641371632,37.01722823,Retain,-0.7506644471,-0.4045921481,0.3460722989,-0.1567669529,0.0162691965,-0.5675355149,0.2574491972,4.559107613,4,0,0,0.002,0.078,0.92
415,140,140,0.9441055888,455.6357072,1.248886881,206.1182949,-2876998.43,2035644.033,189,189,0.4246131496,928.1580363,1.706136276,0,-2877063.9,2035716.251,135.955672,546.032395,0.0546032395,0.0546032395,0.05783594563,97.47655828,Retain,-0.05751726659,-0.8565767608,-0.7990594943,0.7115084136,0.3119786664,-12.23621038,-2.77448725,5.180745756,2,0.028,0.384,0.456,0.104,0.028
416,140,140,0.9441055888,455.6357072,1.248886881,206.1182949,-2876998.43,2035644.033,194,194,0.6065911231,569.6987485,1.251665721,0,-2876994.196,2035641.765,343.9475396,5802.311148,0.5802311148,0.5802311148,0.6145828621,4.803665822,Retain,-0.05751726659,-0.4999003176,-0.4423830511,0.2234141073,0.002222581726,-12.23621038,0.465652108,2.170711068,0,0.374,0.248,0.202,0.17,0.006
417,154,154,1.604979501,421.1758638,1.505196806,92.17890376,-2877580.423,2035485.883,197,197,0.3639548308,808.1281909,1.37530515,24.99660488,-2877662.261,2035531.878,189.0801142,747.4333117,0.07474333117,0.07474333117,0.04656964848,93.87796824,Retain,0.4731109844,-1.01072551,-1.483836495,0.6516702229,-0.09024802438,-1.304962128,-2.998919751,4.877815831,2,0.004,0.112,0.878,0.004,0.002
418,145,145,0.1888211178,976.3622295,1.196826841,61.4526025,-2877397.872,2035521.128,198,198,0.1819772391,1090.867937,1.31273112,34.83833081,-2877426.256,2035570.881,38.20065599,30.72203846,0.003072203846,0.003072203846,0.01627044624,57.27953191,Retain,-1.666955179,-1.70387366,-0.03691848075,0.1108952765,0.09243603609,-0.5675355149,-4.043370308,5.453803341,3,0.024,0.05,0.06,0.804,0.062
419,154,154,1.604979501,421.1758638,1.505196806,92.17890376,-2877580.423,2035485.883,212,212,0.3639546477,812.1377546,1.382128439,24.99660488,-2877578.712,2035464.437,296.6919577,3012.616379,0.3012616379,0.3012616379,0.1877043525,21.51385766,Retain,0.4731109844,-1.010726013,-1.483836998,0.6566194991,-0.0852989997,-1.304962128,-1.460913176,3.404553201,2,0.068,0.318,0.602,0.01,0.002
420,159,159,0.9441055886,455.6357072,1.248886881,30.72630126,-2877957.091,2035361.351,218,218,1.031205374,526.2081646,1.507388627,34.83848826,-2877986,2035379.242,424.3715761,5689.806141,0.5689806141,0.5689806141,0.6026662917,33.99717509,Retain,-0.05751726675,0.03072838444,0.08824565119,0.1440032821,0.1881261077,0.1255999123,0.4157314311,4.127430426,3,0.028,0.04,0.004,0.69,0.238
421,168,168,83.45893404,137.6921093,3.548465096,30.72630125,-2876085.296,2035917.928,233,233,53.5618767,186.5864664,3.852149209,34.8383048,-2875947.067,2035893.438,9434.460677,480918.5371,48.09185371,48.09185371,0.5762337401,140.3815994,Retain,4.424354703,3.980837559,-0.4435171436,0.3038746579,0.08211608608,0.1255946468,0.3067082391,3.304559139,1,0.098,0.604,0.288,0,0.01
422,168,168,83.45893404,137.6921093,3.548465096,30.72630125,-2876085.296,2035917.928,148,148,5.641252962,359.4599753,2.40842649,48.53539794,-2876528.092,2036396.656,2009.176858,47280.58508,4.728058508,4.728058508,0.05665131675,652.1110165,Retain,4.424354703,1.730106197,-2.694248506,0.959582736,-0.3875415169,0.4571624385,-2.796082379,4.840403943,2,0,0.012,0.988,0,0
423,168,168,83.45893404,137.6921093,3.548465096,30.72630125,-2876085.296,2035917.928,155,155,1.880423092,548.9964631,2.123696261,24.99613856,-2876979.409,2036085.208,833.5292323,12645.82599,1.264582599,1.264582599,0.01515215373,909.6260005,Retain,4.424354703,0.6314968005,-3.792857903,1.383071898,-0.5133570529,-0.2063901904,-4.11144863,5.173222217,2,0,0.002,0.998,0,0
424,168,168,83.45893404,137.6921093,3.548465096,30.72630125,-2876085.296,2035917.928,164,164,1.031200591,569.0340052,1.630064784,24.99613856,-2876840.535,2035958.431,540.3748091,7660.868151,0.7660868151,0.7660868151,0.009179206803,756.3238203,Retain,4.424354703,0.03072374563,-4.393630957,1.418920095,-0.7778953838,-0.2063901904,-4.579195348,4.988658532,2,0,0,1,0,0
425,160,160,2.077032295,443.8010134,1.804284351,92.17890376,-2876531.949,2035368.893,229,229,2.001754846,442.254376,1.765113559,74.98995228,-2876545.551,2035403.634,716.6992897,12032.51407,1.203251407,1.203251407,0.5793128062,37.30869343,Retain,0.7309400938,0.6940242188,-0.03691587496,-0.003491066111,-0.02194900359,-0.2063746733,0.3193034868,3.826148066,3,0.046,0.056,0.06,0.796,0.042
426,172,172,1.510568942,447.4993552,1.551521355,43.45355196,-2877797.314,2035196.581,230,230,0.7279113206,541.4246355,1.303083716,34.83848826,-2877848.809,2035248.555,318.5825976,4830.138319,0.4830138319,0.4830138319,0.3197562312,73.16413409,Retain,0.4124863627,-0.3175760506,-0.7300624133,0.1905287826,-0.1745024241,-0.2209641459,-0.753238769,4.658840759,2,0.028,0.378,0.566,0.026,0.002
427,172,172,1.510568942,447.4993552,1.551521355,43.45355196,-2877797.314,2035196.581,238,238,0.1819778543,1082.848972,1.303083443,49.99374042,-2877782.515,2035127.178,140.3079747,1002.33187,0.100233187,0.100233187,0.06635459275,70.96363807,Retain,0.4124863627,-1.703870279,-2.116356642,0.8836756873,-0.1745026335,0.140202199,-2.630196121,4.628303459,2,0,0.36,0.64,0,0
428,181,181,1.604979501,421.1758638,1.505196806,0,-2877049.038,2035138.857,248,248,1.334506438,481.5402537,1.569235058,24.26653469,-2877077.475,2035162.114,548.4866913,7236.295633,0.7236295633,0.7236295633,0.4508652995,36.73568901,Retain,0.4731109844,0.2885615143,-0.1845494701,0.1339393533,0.04166461828,10.09689472,-0.1967790327,3.939585407,1,0.1,0.58,0.074,0.23,0.016
429,175,175,0.4720527944,650.908153,1.261566261,61.4526025,-2876224.128,2035087.887,252,252,0.4246160099,810.4152132,1.489706921,181.5848268,-2876224.976,2035128.223,172.6156544,1241.933775,0.1241933775,0.1241933775,0.2630921351,40.34511889,Retain,-0.7506644471,-0.8565700245,-0.1059055774,0.2191781789,0.1662253902,1.083445958,-1.027520934,4.64519237,3,0.03,0.282,0.026,0.614,0.048
431,189,189,0.755284471,650.9081531,1.595769122,0,-2876952.341,2035002.622,261,261,0.7279126674,543.4316404,1.307915322,24.26653469,-2876980.315,2035020.82,354.2985322,3486.053646,0.3486053646,0.3486053646,0.4615550538,33.37242349,Retain,-0.2806608179,-0.3175742003,-0.03691338241,-0.1804646243,-0.1989213155,10.09689472,-0.1537751485,4.220455231,3,0.012,0.094,0.046,0.8,0.048
432,195,195,0.3776422355,650.908153,1.128379167,184.3578075,-2877781.951,2034875.876,260,260,0.3032976828,814.5442609,1.265447996,151.93277,-2877812.564,2034911.761,119.5108692,865.3355588,0.08653355589,0.08653355589,0.229141626,47.16945314,Retain,-0.9738079984,-1.193040504,-0.2192325059,0.2242602215,0.1146439685,-0.1934391973,-1.210106195,4.913036646,3,0.018,0.252,0.022,0.692,0.016
433,192,192,3.209959002,325.4540765,1.644881161,30.72630126,-2875388.915,2035019.566,272,272,2.669017536,332.7848047,1.533678288,97.06591172,-2875437.47,2035065.112,672.2528593,18669.84067,1.866984067,1.866984067,0.5816224027,66.57357608,Retain,1.166258165,0.9817104406,-0.1845477245,0.02227468328,-0.06999917896,1.150249001,0.3287675956,4.187558625,1,0.206,0.442,0.102,0.228,0.022
434,202,202,3.587601237,325.4540765,1.738949085,122.905205,-2876492.255,2034869.407,279,279,2.669019931,461.7140281,2.127864878,121.3317324,-2876522.189,2034895.499,1267.934098,17179.31203,1.717931203,1.717931203,0.4788523277,39.70938867,Retain,1.2774838,0.9817113382,-0.295772462,0.3497243468,0.2018381158,-0.0128848772,-0.08447203919,3.615235876,1,0.206,0.606,0.128,0.046,0.014
435,224,224,1.227337265,500.6985793,1.564780364,0,-2878466.202,2034661.973,277,277,1.152531582,512.9273493,1.553378685,24.26634561,-2878503.35,2034681.656,377.4179315,5645.29981,0.564529981,0.564529981,0.459963204,42.0398537,Retain,0.2048469979,0.1419608983,-0.06288609953,0.02412993387,-0.00731311589,10.09688692,-0.1601690693,4.208583297,3,0.012,0.106,0.072,0.786,0.024
436,211,211,6.797560239,271.2117305,1.994711402,0,-2875976.354,2034829.786,284,284,2.06242799,523.3711587,2.120285051,121.3316526,-2875995.902,2034839.558,959.1222471,16933.01285,1.693301285,1.693301285,0.2491042705,21.85470692,Retain,1.916563759,0.7238839245,-1.192679835,0.6573910758,0.06105115839,11.70629125,-1.100719744,2.698545137,2,0.03,0.124,0.846,0,0
437,251,251,4.814938503,395.6500538,2.449072656,0,-2876255.577,2034558.672,280,280,0.5459362784,632.9993871,1.319378294,121.3316526,-2876276.423,2034836.82,171.8705494,1679.777758,0.1679777758,0.1679777758,0.0348867957,278.9287101,Retain,1.571723273,-0.6052530162,-2.176976289,0.4699393359,-0.6185488088,11.70629125,-3.292911596,5.417463121,2,0,0.024,0.974,0.002,0
438,237,237,1.321747824,418.4409555,1.357074079,0,-2878583.03,2034531.302,286,286,0.3032984559,814.5446501,1.265450213,49.99488631,-2878633.844,2034522.919,219.7222263,1995.797339,0.1995797339,0.1995797339,0.1509968318,51.50132221,Retain,0.27895497,-1.193037955,-1.471992925,0.6660934515,-0.06990301116,10.81969601,-1.721380399,4.374514356,1,0,0.72,0.278,0.002,0
439,251,251,4.814938503,395.6500538,2.449072656,0,-2876255.577,2034558.672,295,295,0.121319552,1224.228904,1.202882193,74.99302919,-2876289.991,2034636.069,147.2752276,1204.106502,0.1204106502,0.1204106502,0.0250077234,84.70306755,Retain,1.571723273,-2.109327289,-3.681050562,1.129536341,-0.7109889404,11.22516378,-3.625061125,4.22566693,2,0,0.014,0.986,0,0
440,234,234,0.6608739121,650.9081531,1.49270533,43.45355195,-2876462.915,2034544.471,302,302,0.6065978323,567.287457,1.246374848,142.6362394,-2876515.512,2034572.117,230.6516629,2479.884064,0.2479884064,0.2479884064,0.3752431467,59.41981983,Retain,-0.4141922105,-0.4998892573,-0.08569704671,-0.1375023923,-0.1803509157,1.188589011,-0.5087262813,4.864105715,3,0.002,0.108,0.052,0.804,0.034
441,251,251,4.814938503,395.6500538,2.449072656,0,-2876255.577,2034558.672,311,311,0.6065986732,649.7060553,1.427455934,49.99561515,-2876279.333,2034471.357,399.1007147,5618.14368,0.5618143679,0.5618143679,0.1166815251,90.48891639,Retain,1.571723273,-0.499887871,-2.071611144,0.4959899199,-0.5398156522,10.81971059,-2.016835227,4.29174173,2,0,0.024,0.976,0,0
442,251,251,4.814938503,395.6500538,2.449072656,0,-2876255.577,2034558.672,323,323,0.1819797658,1082.844288,1.30308465,49.99561515,-2876248.46,2034367.975,199.9666647,1725.763281,0.1725763281,0.1725763281,0.0358418551,190.8298581,Retain,1.571723273,-1.703859775,-3.275583048,1.00681634,-0.630975184,10.81971059,-3.265657403,5.037890782,2,0,0.028,0.972,0,0
443,254,254,0.9441055887,520.7265225,1.427299293,61.45260251,-2875704.853,2034338.165,335,335,0.8492386223,640.6903764,1.665551773,123.6849171,-2875738.627,2034383.167,379.8916283,4330.60467,0.433060467,0.433060467,0.4586991881,56.26573965,Retain,-0.0575172666,-0.1634150694,-0.1058978028,0.2073213131,0.1543724117,0.6994629667,-0.1652485145,4.631227167,3,0.096,0.206,0.05,0.606,0.042
444,263,263,1.604979501,421.1758638,1.505196806,43.45355195,-2875456.693,2034289.365,337,337,0.9705587175,457.5788675,1.271662705,72.7976792,-2875463.941,2034373.418,311.0041439,5468.994969,0.5468994969,0.5468994969,0.3407517022,84.36558199,Retain,0.4731109845,-0.02988337591,-0.5029943604,0.08289878272,-0.1685983975,0.5159822029,-0.6585315167,4.770980826,1,0.038,0.584,0.308,0.068,0.002
445,270,270,1.038516148,473.3877477,1.360876479,0,-2875772.172,2034075.595,356,356,0.7885807276,563.1739414,1.410784563,24.99821866,-2875793.814,2034106.318,316.7586992,4539.621427,0.4539621427,0.4539621427,0.4371257431,37.58060888,Retain,0.03779291323,-0.2375204966,-0.2753134098,0.1736737198,0.03601701489,10.12659985,-0.2523253241,4.179983291,1,0.182,0.426,0.06,0.33,0.002
448,275,275,0.6608739121,743.8950321,1.705948949,0,-2875861.557,2033969.45,360,360,0.3639609226,937.4214834,1.595355041,24.99821866,-2875877.499,2034009.58,89.81615381,433.6598104,0.04336598104,0.04336598104,0.06561914496,43.18074132,Retain,-0.4141922106,-1.010708773,-0.596516562,0.2312330643,-0.06702521674,10.12659985,-2.64196178,4.5448788,1,0.006,0.84,0.074,0.078,0.002
449,292,292,8.780181975,314.9555579,2.632668052,30.72630126,-2875596.584,2033905.354,376,376,1.455843666,543.434525,1.84969305,34.8387277,-2875649.427,2033949.479,601.290916,8225.671078,0.8225671078,0.8225671078,0.09368451703,68.84273089,Retain,2.172497134,0.3755855715,-1.796911562,0.5454776871,-0.352978094,0.1256067851,-2.259939729,3.717955543,2,0,0.102,0.898,0,0
450,292,292,8.780181975,314.9555579,2.632668052,30.72630126,-2875596.584,2033905.354,357,357,0.1213200348,1212.160325,1.191026423,48.53140332,-2875302.387,2034114.019,147.0593329,1213.200348,0.1213200348,0.1213200348,0.01381748524,360.684864,Retain,2.172497134,-2.109323309,-4.281820443,1.347727897,-0.7931823248,0.4570801334,-4.199047023,5.374123773,2,0,0.004,0.996,0,0
451,292,292,8.780181975,314.9555579,2.632668052,30.72630126,-2875596.584,2033905.354,361,361,0.9099015534,539.8104294,1.4525582,48.53142209,-2875439.355,2034075.998,395.3252788,6996.731559,0.6996731559,0.6996731559,0.07968777388,232.0354574,Retain,2.172497134,-0.09441886838,-2.266916002,0.5387864783,-0.5946715227,0.45708052,-2.435211924,4.933010879,2,0,0.008,0.992,0,0
452,295,295,5.475812415,280.5638591,1.852043042,30.72630125,-2875380.532,2033723.639,402,402,2.244430393,503.8582231,2.129396272,49.99685202,-2875327.831,2033765.52,1102.553072,18007.28772,1.800728772,1.800728772,0.3288514353,67.31510465,Retain,1.700340651,0.8084517665,-0.8918888844,0.5854935645,0.1395491223,0.4868284938,-0.7118370374,3.931594122,2,0.036,0.314,0.646,0.004,0
