OBJECTID,FID_RasterT_Majori16_Project,ID_2015,AREA_2015,ED_2015,SHAPE_2015,ENN_2015,POINT_X_2015,POINT_Y_2015,FID_RasterT_Raster12,ID_2020,AREA_2020,ED_2020,SHAPE_2020,ENN_2020,POINT_X_2020,POINT_Y_2020,Shape_Length,Shape_Area,OVERLAP_15_20,MAX_OVERLAP_15_20,RETENTION_15_20,CENTROID_15_20,EVENT TYPE,log_area_parent,log_area_child,log_change_area,log_change_ED,log_change_shape_index,log_change_ENN,logit_retention_ratio,log_centroid_shift,Predicted_Typology,Prob_0,Prob_1,Prob_2,Prob_3,Prob_4
1,589,589,29.29955173,171.2023562,2.614178829,25.00135275,-2854089.618,2033533.758,625,625,19.8751816,187.5392104,2.358537055,31.06146552,-2854090.246,2033492.653,4408.695983,181407.4005,18.14074005,18.14074005,0.6191473583,41.10995771,Retain,3.377572216,2.989471797,-0.388100419,0.09114171941,-0.1029084901,0.2170302637,0.4849223449,2.599853532,2,0.246,0.198,0.532,0.022,0.002
2,592,592,6.854791358,322.6574002,2.3830536430000002,25.00135275,-2853981.87,2033084.848,634,634,0.3859258562,643.8846224,1.128379167,31.06146554,-2853725.802,2033054.626,1.189789933,0.0150374399,1.50374399e-6,1.50374399e-6,2.193712268e-7,257.8456819,Retain,1.924947876,-0.9521100104,-2.877057886,0.6909284725,-0.7476004708,0.2170302641,-6.908535213,5.162256157,2,0,0.046,0.954,0,0
3,592,592,6.854791358,322.6574002,2.3830536430000002,25.00135275,-2853981.87,2033084.848,638,638,5.306480523,327.7958078,2.130108622,31.06146552,-2854032.746,2033074.675,1903.299734,46975.88952,4.697588952,4.697588952,0.6853000634,51.88235174,Retain,1.924947876,1.668928814,-0.2560190622,0.01579979735,-0.1122097337,0.2170302637,0.7765227477,3.558888968,2,0.266,0.164,0.474,0.078,0.018
4,597,597,4.731645581,249.8829352,1.533337546,111.1582094,-2853675.242,2032707.352,649,649,4.824073203,231.798464,1.436192209,138.9110968,-2853672.376,2032713.571,1122.660244,42303.67531,4.230367531,4.230367531,0.8940584113,6.847795595,Retain,1.554273045,1.573618634,0.01934558916,-0.07512424442,-0.06545144985,0.2228778437,2.124606194,1.719301232,4,0.194,0.018,0.01,0.386,0.392
6,626,626,0.5459763272,721.874127,1.504677583,25.00531508,-2841588.939,2030635.958,671,671,0.4824073203,772.6615469,1.513879513,62.12293105,-2841596.3,2030616.301,336.8216263,3322.549373,0.3322549373,0.3322549373,0.6085519109,20.98959372,Retain,-0.6051796609,-0.728966459,-0.1237867981,0.06799032469,0.006096925652,0.9100028815,0.4403198436,3.919029192,3,0.024,0.05,0,0.916,0.01
7,627,627,1.152617029,639.1991912,1.93585935,25.00531508,-2841704.246,2030489.512,673,673,0.4824073203,643.8846224,1.261566261,62.12293105,-2841695.696,2030479.631,335.4260481,4092.153618,0.4092153618,0.4092153618,0.3550315079,13.06684586,Retain,0.142035034,-0.7289664589,-0.871001493,0.007303423185,-0.4281973233,0.9100028816,-0.5957314963,3.0715021239999998,1,0.032,0.624,0.312,0.03,0.002
8,628,628,1.03128956,479.155318,1.372655932,24.26047104,-2840887.355,2030575.26,672,672,0.6753702484,551.9011049,1.279461712,43.92754582,-2840895.198,2030576.365,367.9312023,6244.278366,0.6244278366,0.6244278366,0.6054825539,7.920381406,Retain,0.03081001921,-0.3924942223,-0.4233042415,0.1413440729,-0.07030804783,0.5936748172,0.427481065,2.626525544,1,0.364,0.464,0.076,0.096,0
9,632,632,8.978280663,356.2543181,3.011284535,0,-2841108.362,2030561.159,674,674,7.525554197,305.4324491,2.363629961,31.06146552,-2841172.589,2030640.195,2035.006476,55151.99953,5.515199953,5.515199953,0.6142824178,101.8424707,Retain,2.194808401,2.018304455,-0.1765039457,-0.1539162142,-0.2421681871,10.34375547,0.4643867135,4.098397776,2,0.128,0.086,0.662,0.072,0.052
11,631,631,3.336527232,340.2786647,1.753384346,24.2601816,-2840771.563,2030466.601,676,676,3.762777098,346.7071044,1.897195365,31.06146552,-2840794.277,2030459.401,1073.597274,29470.35869,2.947035869,2.947035869,0.8832644436,23.82714231,Retain,1.204930515,1.325157275,0.1202267595,0.01871545993,0.07882883967,0.2471225858,2.0163151,3.140767018,4,0.12,0,0.004,0.12,0.756
12,632,632,8.978280663,356.2543181,3.011284535,0,-2841108.362,2030561.159,677,677,1.350740497,413.9258287,1.357074079,31.06146552,-2841066.036,2030330.092,591.1356116,11526.31158,1.152631158,1.152631158,0.1283799428,234.9112388,Retain,2.194808401,0.3006529583,-1.894155443,0.1500419475,-0.7970357739,10.34375547,-1.908746877,4.934172735,2,0.006,0.018,0.964,0.01,0.002
14,630,630,1.395275892,599.7190784,1.998356549,50.01084002,-2841359.608,2030382.894,675,675,1.350740497,459.9175874,1.507860088,87.85509162,-2841361.12,2030387.778,581.8810952,10085.43789,1.008543789,1.008543789,0.7228275025,5.112045821,Retain,0.333092168,0.3006529583,-0.03243920972,-0.2654140273,-0.2816336321,0.5634403756,0.956311692,2.037614137,3,0.038,0.054,0.104,0.714,0.09
15,633,633,0.3639852175,812.107554,1.382135084,0,-2840911.109,2030276.359,678,678,0.7718517125,482.9134668,1.196826841,31.06146553,-2840909.065,2030278.508,295.5951447,3639.852175,0.3639852175,0.3639852175,1,2.965576771,Retain,-1.010642023,-0.2589628297,0.7516791938,-0.5197953073,-0.1439557104,10.34375547,6.908754779,2.16509464,4,0.03,0.01,0.008,0.086,0.866
16,589,589,29.29955173,171.2023562,2.614178829,25.00135275,-2854089.618,2033533.758,561,561,0.3859258562,643.8846224,1.128379167,31.06146553,-2854595.523,2033893.286,215.5929815,1992.604725,0.1992604725,0.1992604725,0.006800802767,620.6443977,Retain,3.377572216,-0.9521100103,-4.329682227,1.324673326,-0.8401677874,0.2170302639,-4.847710939,5.314338735,2,0,0,1,0,0
17,589,589,29.29955173,171.2023562,2.614178829,25.00135275,-2854089.618,2033533.758,571,571,0.3859258562,804.855778,1.410473959,31.06146553,-2854502.339,2033846.694,311.4682873,3589.352366,0.3589352366,0.3589352366,0.0122505368,517.9444479,Retain,3.377572216,-0.9521100102,-4.329682227,1.547816877,-0.617024236,0.2170302639,-4.312402911,5.133448758,2,0,0,1,0,0
18,596,596,2.669124533,440.762105,2.031345213,34.83937158,-2854135.75,2032932.521,643,643,2.60499953,453.1039935,2.062988384,31.06146552,-2854112.92,2032924.053,1108.523741,21235.86671,2.123586671,2.123586671,0.7956116863,24.35046899,Retain,0.9817505285,0.9574324947,-0.02431803386,0.02761637993,0.015457363,-0.1147766234,1.35546494,3.274081854,3,0.054,0.006,0.006,0.898,0.036
19,560,560,1.516530266,549.8183683,1.910028527,48.52853808,-2855040.334,2034095.015,539,539,0.1929629281,965.8269335,1.196826841,62.12293105,-2855139.099,2034110.716,168.8117188,1464.176425,0.1464176425,0.1464176425,0.0965477879,100.0049028,Retain,0.416425006,-1.645257191,-2.061682197,0.5633966761,-0.4674444223,0.2469586327,-2.22698708,4.969381652,2,0,0.364,0.636,0,0
20,603,603,0.5459626831,633.0027154,1.319417137,78.83465063,-2854254.774,2031944.957,657,657,0.1929629281,965.8269336,1.196826841,208.3666452,-2854269.378,2031905.352,165.0353062,1433.308268,0.1433308268,0.1433308268,0.2625286145,42.21113365,Retain,-0.6052046516,-1.645257191,-1.040052539,0.4225099486,-0.09751632104,0.9719387308,-1.030420398,4.617674976,1,0.008,0.68,0.296,0.016,0
22,610,610,2.972482688,381.4461601,1.855188239,34.83971122,-2854823.938,2031219.006,660,660,2.990925386,332.327547,1.621303049,31.06146552,-2854830.488,2031223.503,1011.212345,25045.61517,2.504561517,2.504561517,0.842582373,7.944939938,Retain,1.089397525,1.095582833,0.006185307652,-0.137848644,-0.1347559902,-0.1147863716,1.672422798,2.100327279,3,0.176,0.032,0.08,0.628,0.084
23,611,611,7.52218833,328.0571848,2.538146718,34.83971122,-2854533.532,2031434.805,661,661,6.850183949,308.3391149,2.276537488,31.06146552,-2854557.68,2031391.963,2098.532078,58670.34358,5.867034358,5.867034358,0.7799637686,49.17857909,Retain,2.017857097,1.924275506,-0.09358159126,-0.06198773726,-0.1087785329,-0.1147863716,1.262202126,3.458914873,0,0.388,0.052,0.3,0.162,0.098
24,613,613,0.2426520734,812.1144215,1.128507095,25.00353679,-2855026.833,2031009.105,662,662,0.5788887844,643.8846223,1.381976598,69.45554839,-2855035.56,2031061.516,114.9759197,821.0768415,0.08210768415,0.08210768415,0.3383761902,53.13243092,Retain,-1.416126658,-0.546644902,0.8694817562,-0.2321216912,0.2026191869,1.021644074,-0.6690982255,5.253234586,4,0,0.004,0.018,0.072,0.906
25,565,565,253.9259698,98.85849416,4.443883026,0,-2858217.157,2034551.696,502,502,0.4824073203,643.8846224,1.261566261,0,-2856170.339,2034393.375,264.3979541,3392.007101,0.3392007101,0.3392007101,0.001335825203,2052.931215,Retain,5.537042767,-0.728966459,-6.266009226,1.873830077,-1.259174536,0,-6.059054163,5.430867958,2,0,0,1,0,0
26,617,617,0.2426522276,812.1142129,1.128507164,48.52326115,-2855135.96,2030873.324,666,666,0.3859258563,643.8846223,1.128379167,111.9937066,-2855123.568,2030880.324,183.3279986,2109.084015,0.2109084015,0.2109084015,0.8691797459,14.23278989,Retain,-1.416126023,-0.9521100102,0.4640160129,-0.2321214344,-1.134279392e-4,0.8363877052,1.887260511,3.936046662,4,0.008,0.006,0,0.302,0.684
27,618,618,0.1819890775,1082.819763,1.303088474,24.26169286,-2854696.737,2030910.255,668,668,0.3859258562,804.855778,1.410473959,138.9110968,-2854704.238,2030880.324,165.0775726,1121.811323,0.1121811323,0.1121811323,0.6164168413,30.8566925,Retain,-1.703808607,-0.9521100103,0.7516985969,-0.2966607059,0.07918859253,1.744901438,0.4733843464,4.853655318,4,0,0.006,0,0.304,0.69
28,623,623,0.3033162041,809.6653326,1.257906666,88.30843403,-2854889.762,2030768.295,670,670,0.3859258562,804.8557779,1.410473959,138.9110968,-2854890.607,2030748.312,229.3843644,1742.660523,0.1742660523,0.1742660523,0.5745359129,20.00055606,Retain,-1.19297944,-0.9521100102,0.2408694294,-0.005957889164,0.1144768255,0.4529943933,0.2997734697,4.164664736,3,0.008,0.006,0,0.836,0.15
29,565,565,253.9259698,98.85849416,4.443883026,0,-2858217.157,2034551.696,510,510,3.666295634,406.663972,2.196567265,0,-2856002.28,2034450.757,1502.785197,32894.49565,3.289449565,3.289449565,0.01295436448,2217.175042,Retain,5.537042767,1.299181788,-4.237860979,1.414297747,-0.7046327421,0,-4.259936561,5.507833172,2,0,0,1,0,0
30,554,554,2.547765663,520.0595993,2.34168204,24.26434679,-2855439.152,2034260.661,514,514,0.4824073203,772.6615468,1.513879513,62.12293105,-2855549.11,2034306.403,378.3899115,4411.645888,0.4411645888,0.4411645888,0.1731574435,119.0932454,Retain,0.9352167643,-0.7289664588,-1.664183223,0.3958976899,-0.4361939217,0.9400820035,-1.558863249,4.884671719,2,0,0.202,0.798,0,0
31,554,554,2.547765663,520.0595993,2.34168204,24.26434679,-2855439.152,2034260.661,521,521,0.2894443922,858.5128297,1.302940032,62.12293105,-2855408.298,2034229.785,248.4412062,2387.002899,0.2387002899,0.2387002899,0.09369004906,43.64932588,Retain,0.9352167643,-1.239792083,-2.175008847,0.5012582055,-0.5862462179,0.9400820034,-2.259875208,3.880967309,2,0,0.316,0.684,0,0
32,554,554,2.547765663,520.0595993,2.34168204,24.26434679,-2855439.152,2034260.661,533,533,0.5788887843,536.5705186,1.151647165,62.12293105,-2855263.344,2034172.839,276.0758651,4074.81033,0.407481033,0.407481033,0.1599366217,196.5218531,Retain,0.9352167643,-0.5466449022,-1.481861666,0.03125457635,-0.7096762569,0.9400820034,-1.653656384,5.385535286,2,0.008,0.244,0.736,0.012,0
33,565,565,253.9259698,98.85849416,4.443883026,0,-2858217.157,2034551.696,582,582,289.6373551,85.36511649,4.098290995,31.06146552,-2858355.109,2034568.516,23864.82966,2353901.097,235.3901097,235.3901097,0.9270028974,138.9737841,Retain,5.537042767,5.668629641,0.1315868739,-0.1467519304,-0.08095849344,10.34375547,2.529008917,2.738136066,4,0.112,0.04,0.102,0.02,0.726
35,555,555,0.3033056938,814.5518805,1.265476545,50.00029036,-2858798.499,2033837.41,570,570,0.1929629282,965.8269334,1.196826841,69.45554839,-2858819.882,2033815.632,133.3161567,618.4084048,0.06184084048,0.06184084048,0.203889481,30.52067503,Retain,-1.193014092,-1.645257191,-0.4522430989,0.170346538,-0.0557750114,0.3286525417,-1.358522622,4.587309077,3,0.194,0.378,0.004,0.424,0
36,567,567,1.03124246,767.2090884,2.197805217,24.26401835,-2858733.363,2033597.035,584,584,0.1929629281,965.8269336,1.196826841,98.22497852,-2858757.759,2033629.263,169.9562328,1389.714429,0.1389714429,0.1389714429,0.1347611723,40.42079947,Retain,0.03076434754,-1.645257191,-1.676021538,0.2302252907,-0.6077854785,1.398234988,-1.853263397,4.256351999,1,0.006,0.564,0.422,0.008,0
37,570,570,1.516533404,390.7908853,1.357580165,50.00079757,-2857822.949,2033590.351,592,592,1.543703425,362.1851001,1.269426563,43.92754582,-2857831.739,2033596.261,532.3019392,12727.90801,1.272790801,1.272790801,0.8392764696,10.59269568,Retain,0.4164270746,0.4341843508,0.0177572762,-0.07601718929,-0.06713855119,-0.129494601,1.647842693,2.724410482,3,0.134,0.002,0.008,0.714,0.142
39,576,576,14.19476323,301.8917514,3.208561672,24.26401835,-2858484.63,2033485.047,624,624,13.21796058,272.5934898,2.795714208,62.12293106,-2858497.138,2033480.304,3905.021274,115451.0687,11.54510687,11.54510687,0.8133356425,13.37690259,Retain,2.65287311,2.581576554,-0.07129655552,-0.102086877,-0.1377351547,0.9400955388,1.467717583,1.839532673,0,0.648,0.016,0.222,0.048,0.066
40,574,574,0.7885986215,626.579337,1.569636697,48.52767578,-2858851.95,2033311.656,610,610,0.7718517123,482.9134668,1.196826841,62.12293106,-2858850.944,2033303.118,376.8495796,5892.236203,0.5892236203,0.5892236203,0.7471781008,8.597207903,Retain,-0.2374978056,-0.2589628299,-0.02146502429,-0.2604379216,-0.2711704338,0.2469764016,1.081008215,2.842667644,3,0.062,0.05,0.082,0.72,0.086
41,577,577,0.9099225169,651.3189518,1.752633019,48.52757467,-2858373.539,2033272.923,621,621,0.7718517124,563.3990446,1.396297981,93.18439658,-2858381.139,2033268.174,431.9656907,5465.947779,0.5465947779,0.5465947779,0.6007047498,8.961724102,Retain,-0.09439582931,-0.2589628297,-0.1645670004,-0.1450113038,-0.2272948041,0.6524382274,0.407564476,2.812637068,3,0.104,0.142,0.122,0.616,0.016
42,598,598,2.911787541,388.378989,1.869522243,75.0067583,-2855796.255,2032281.093,651,651,2.701480994,367.9340699,1.705948949,87.85509162,-2855798.045,2032284.746,1034.217779,23302.83304,2.330283304,2.330283304,0.8002930403,4.068444539,Retain,1.068767168,0.9938001389,-0.07496702899,-0.0540778744,-0.0915613889,0.1581086012,1.384380791,1.441487872,3,0.316,0.034,0.04,0.566,0.044
43,599,599,0.3033117923,974.5420472,1.514050279,75.0067583,-2855719.418,2032081.849,652,652,0.3859258563,643.8846223,1.128379167,87.85509162,-2855713.736,2032091.721,236.1113036,2179.619478,0.2179619478,0.2179619478,0.7186069031,11.39028841,Retain,-1.192993985,-0.9521100102,0.2408839747,-0.4144481133,-0.2940061259,0.1581086012,0.9354050342,3.601710824,3,0.006,0.052,0.024,0.526,0.392
44,600,600,0.4246368043,696.1013686,1.279606307,69.67921566,-2855132.84,2032048.517,654,654,0.3859258563,804.8557779,1.410473959,93.18439658,-2855139.099,2032037.363,211.7516409,2314.054369,0.2314054369,0.2314054369,0.5449490825,12.78983472,Retain,-0.8565210535,-0.9521100102,-0.09558895674,0.1451678092,0.09737333082,0.2906745928,0.1799212516,3.549354347,3,0.08,0.118,0,0.788,0.014
45,601,601,1.455900492,473.7349429,1.612487416,69.67921566,-2855241.119,2031909.832,655,655,0.1929629281,965.8269336,1.196826841,31.06146552,-2855325.467,2031936.414,160.1608396,1319.356953,0.1319356953,0.1319356953,0.0906213687,88.43735249,Retain,0.3756246042,-1.645257191,-2.020881795,0.7123366873,-0.2981042103,-0.8079162336,-2.296196064,4.866858368,2,0,0.2,0.8,0,0
46,601,601,1.455900492,473.7349429,1.612487416,69.67921566,-2855241.119,2031909.832,658,658,0.7718517125,482.9134668,1.196826841,31.06146552,-2855216.752,2031874.291,359.6949265,6665.23748,0.666523748,0.666523748,0.4578085876,43.09203252,Retain,0.3756246042,-0.2589628297,-0.6345874338,0.01918950661,-0.2981042103,-0.8079162336,-0.1688286642,4.147913966,2,0.026,0.396,0.532,0.04,0.006
47,621,621,26.32774924,229.9079136,3.327789558,0,-2855644.927,2030991.392,665,665,1.157777569,536.5705186,1.62867504,111.9937066,-2855964.816,2030939.858,620.8375247,11366.18303,1.136618303,1.136618303,0.04317187515,324.0130654,Retain,3.270623487,0.1465022784,-3.124121209,0.8475191425,-0.7145414619,11.62620689,-3.076580074,4.717840126,2,0,0.016,0.984,0,0
48,310,310,0.9705542597,454.5651951,1.263284472,24.99768099,-2860314.235,2036201.135,244,244,0.4824073203,643.8846223,1.261566261,43.92754581,-2860332.576,2036188.728,304.0036376,4346.464658,0.4346464658,0.4346464658,0.4478332473,22.14288268,Retain,-0.0298879689,-0.7289664589,-0.69907849,0.3481782054,-0.001361039598,0.5637412921,-0.2090080662,3.684870209,1,0.03,0.872,0.062,0.036,0
49,612,612,3.215137786,381.9195557,1.93182045,34.83974582,-2856212.637,2030982.652,664,664,1.350740497,459.9175874,1.507860088,0,-2856195.188,2030962.415,692.5209717,11934.68377,1.193468377,1.193468377,0.3712028712,26.72049269,Retain,1.167870214,0.3006529583,-0.8672172557,0.1858373164,-0.2477713114,-10.45854284,-0.5259586915,3.273898047,2,0.056,0.186,0.746,0.008,0.004
50,388,388,36.09250377,199.5635354,3.382086901,24.26584004,-2860127.341,2035953.841,323,323,35.31221585,228.7021883,3.833786054,31.06146552,-2860087.546,2036115.369,7234.678027,274370.1041,27.43701041,27.43701041,0.760185843,166.3571564,Retain,3.586085192,3.564228962,-0.02185623002,0.1362880107,0.1253598956,0.2468893829,1.150852034,3.893465379,0,0.378,0.154,0.202,0.194,0.072
53,363,363,0.3639597637,678.7884995,1.155197475,24.99790345,-2860443.679,2035762.17,299,299,0.6753702484,643.8846224,1.49270533,111.9937066,-2860446.172,2035785.817,238.9184583,3266.476359,0.3266476359,0.3266476359,0.8974828221,23.7771109,Retain,-1.010711957,-0.3924942224,0.6182177343,-0.05279003849,0.2563188286,1.499619646,2.160970019,4.246486369,4,0.008,0,0,0.018,0.974
54,383,383,0.6672599217,517.9089411,1.193427378,48.53158519,-2859553.856,2035736.042,314,314,1.447221961,343.4051319,1.165384993,31.06146552,-2859549.827,2035710.382,345.5798795,6672.599217,0.6672599217,0.6672599217,1,25.97478495,Retain,-0.4045756212,0.3696458297,0.7742214509,-0.4108885446,-0.02377781909,-0.4462352379,6.908754779,4.03181751,4,0.002,0,0.002,0.02,0.976
56,433,433,4.003574424,295.3201393,1.666909746,49.99724952,-2859805.897,2035363.945,382,382,3.955740026,329.7945627,1.850343803,93.18439658,-2859797.561,2035345.22,1021.897083,32969.16252,3.296916252,3.296916252,0.8234931844,20.49654494,Retain,1.387187568,1.375167695,-0.01201987288,0.1104099374,0.104400001,0.6226030251,1.53575987,2.899076279,3,0.342,0.05,0.012,0.536,0.06
58,489,489,5.398784655,246.7838625,1.617557872,24.26512443,-2859520.557,2034890.384,413,413,0.5788887843,643.8846224,1.381976598,69.4555484,-2859560.18,2035016.676,367.0726707,5600.536049,0.5600536049,0.5600536049,0.103736978,132.3614033,Retain,1.686173864,-0.5466449022,-2.232818767,0.9590066493,-0.157402734,1.051620033,-2.147896807,4.614821651,2,0,0.044,0.956,0,0
59,510,510,8.189180429,241.1685979,1.946865936,34.83890431,-2859948.157,2034675.788,485,485,7.525554197,239.3930006,1.852574834,69.4555484,-2859946.059,2034674.601,1855.118232,66222.87292,6.622287292,6.622287292,0.8086630096,2.409858203,Retain,2.102813823,2.018304455,-0.08450936785,-0.007389709713,-0.04964439364,0.6899379488,1.437369132,0.4009408164,0,0.646,0.038,0.056,0.142,0.118
60,575,575,140.9763388,143.9428875,4.821236015,0,-2860592.523,2033809.571,549,549,0.1929629281,965.8269335,1.196826841,0,-2859689.603,2034002.001,185.6500513,1582.717624,0.1582717624,0.1582717624,0.001122683166,923.19725330000006,Retain,4.948592066,-1.645257191,-6.593849257,1.903568054,-1.393356574,0,-6.154951655,4.925912913,2,0,0,1,0,0
61,549,549,0.3033052388,809.7010695,1.257939449,49.99980498,-2859574.341,2033950.493,557,557,0.6753702484,551.9011049,1.279461712,0,-2859616.387,2033948.753,196.9917023,1854.631286,0.1854631286,0.1854631286,0.6114735416,42.0823393,Retain,-1.193015592,-0.3924942223,0.8005213695,-0.3832962572,0.01696442753,-10.81979438,0.4525739521,4.90852466,4,0,0,0,0.02,0.98
62,575,575,140.9763388,143.9428875,4.821236015,0,-2860592.523,2033809.571,576,576,0.3859258562,643.8846224,1.128379167,62.12293105,-2860062.341,2033737.979,248.4916,3859.254705,0.3859254705,0.3859254705,0.002737519457,534.9937988,Retain,4.948592066,-0.9521100103,-5.900702077,1.498102946,-1.452248092,11.03688656,-5.587594104,4.380325935,2,0,0,1,0,0
63,581,581,39.55118873,178.0262761,3.158340475,0,-2859265.996,2033512.046,578,578,0.3859258563,643.8846223,1.128379167,31.06146553,-2858913.067,2033706.917,213.3628736,2628.893169,0.2628893169,0.2628893169,0.006646812025,403.1548766,Retain,3.67759575,-0.9521100101,-4.62970576,1.285588394,-1.029264486,10.34375547,-4.867803631,4.732890346,2,0,0,1,0,0
64,581,581,39.55118873,178.0262761,3.158340475,0,-2859265.996,2033512.046,581,581,0.9648146407,579.4961601,1.605711705,0,-2859015.569,2033728.66,631.6741313,7177.305451,0.7177305451,0.7177305451,0.0181468767,331.1119007,Retain,3.67759575,-0.03581927831,-3.713415029,1.180227879,-0.6764796355,0,-3.938320087,4.536026475,2,0,0,1,0,0
65,581,581,39.55118873,178.0262761,3.158340475,0,-2859265.996,2033512.046,619,619,0.6753702484,551.9011049,1.279461712,0,-2859598.638,2033247.651,350.2061078,5535.60171,0.553560171,0.553560171,0.01399604383,424.9177375,Retain,3.67759575,-0.3924942223,-4.070089973,1.131437715,-0.9036072716,0,-4.186887626,4.785465013,2,0,0,1,0,0
66,581,581,39.55118873,178.0262761,3.158340475,0,-2859265.996,2033512.046,620,620,25.27814358,174.4878175,2.47475817,0,-2859242.532,2033518.77,4454.334943,244147.9969,24.41479969,24.41479969,0.6172962299,24.40882602,Retain,3.67759575,3.229940132,-0.4476556178,-0.02007623224,-0.2439040411,0,0.4770968563,1.928552825,2,0.078,0.092,0.802,0.024,0.004
67,575,575,140.9763388,143.9428875,4.821236015,0,-2860592.523,2033809.571,630,630,1.543703425,362.1851001,1.269426563,69.4555484,-2860569.031,2033132.28,309.6811029,2008.685995,0.2008685995,0.2008685995,0.001424839099,677.6980004,Retain,4.948592066,0.4341843509,-4.514407715,0.9227388012,-1.334465056,11.14845663,-6.021565178,4.616772147,2,0,0,1,0,0
68,575,575,140.9763388,143.9428875,4.821236015,0,-2860592.523,2033809.571,633,633,5.595924916,255.3335571,1.703879598,93.18439657,-2860218.719,2033266.701,1327.107796,44152.92484,4.415292484,4.415292484,0.0313193868,659.1179335,Retain,4.948592066,1.722038639,-3.226553427,0.5731541514,-1.040122562,11.4423463,-3.401299492,4.588972904,2,0,0.038,0.962,0,0
69,573,573,0.667277135,590.6343488,1.361027467,48.52763533,-2859940.545,2033172.9,628,628,0.5788887843,536.5705186,1.151647165,155.3073276,-2859922.564,2033147.811,257.5934707,3649.625172,0.3649625172,0.3649625172,0.5469429388,30.86702805,Retain,-0.4045498247,-0.5466449022,-0.1420950775,-0.09599913126,-0.16704667,1.163258309,0.1879482796,4.204360812,3,0.024,0.176,0.048,0.734,0.018
71,502,502,3.882276683,381.8198061,2.122251076,24.26502121,-2863576.876,2034388.912,508,508,0.1929629281,965.8269336,1.196826841,31.06146552,-2863494.633,2034328.146,186.2805272,1308.34186,0.130834186,0.130834186,0.03370037653,102.2566046,Retain,1.356421756,-1.645257191,-3.001678946,0.9280358749,-0.5728035984,0.2469231264,-3.327757758,4.52164923,2,0,0.042,0.958,0,0
72,514,514,2.123123952,371.9503971,1.528860181,24.99915196,-2861960.507,2034350.117,496,496,0.3859258562,643.8846224,1.128379167,31.06146552,-2861957.09,2034421.331,219.6715985,2995.033641,0.2995033641,0.2995033641,0.1410673003,71.29538412,Retain,0.7528885665,-0.9521100102,-1.704998577,0.5487590479,-0.3037402405,0.2171182909,-1.800553239,4.462766272,2,0,0.38,0.62,0,0
73,588,588,0.7279414522,608.0777889,1.463532711,281.9164682,-2859640.313,2032717.67,645,645,0.7718517125,482.9134668,1.196826841,347.277742,-2859615.832,2032763.425,265.0703822,3272.720812,0.3272720812,0.3272720812,0.4495857191,51.89273936,Retain,-0.3175346568,-0.2589628297,0.05857182714,-0.2304653363,-0.2011794228,0.2085133862,-0.2019380632,4.680330425,3,0.01,0.026,0.03,0.84,0.094
74,591,591,3.093752545,397.8602597,1.974096673,0,-2860278.379,2032595.676,650,650,4.631110275,321.9423112,1.954410048,403.7990518,-2860204.706,2032513.639,852.2338307,20073.5445,2.00735445,2.00735445,0.6488413086,110.262077,Retain,1.12938477,1.53279664,0.4034118695,-0.2117284658,-0.01002253105,12.90867511,0.6126462905,4.710541678,4,0.04,0.008,0.024,0.088,0.84
76,502,502,3.882276683,381.8198061,2.122251076,24.26502121,-2863576.876,2034388.912,512,512,0.7718517126,482.9134667,1.196826841,31.06146552,-2863603.348,2034297.085,328.4531331,5911.181841,0.5911181841,0.5911181841,0.1522607048,95.56690079,Retain,1.356421756,-0.2589628296,-1.615384585,0.2348886942,-0.5728035984,0.2469231264,-1.711611642,4.453991063,2,0.002,0.06,0.938,0,0
77,514,514,2.123123952,371.9503971,1.528860181,24.99915196,-2861960.507,2034350.117,513,513,0.7718517125,563.3990445,1.396297981,31.06146552,-2861988.152,2034312.616,435.3156888,6795.834344,0.6795834344,0.6795834344,0.3200865562,46.58985756,Retain,0.7528885665,-0.2589628296,-1.011851396,0.4152276552,-0.09069804287,0.2171182909,-0.7517244641,4.037324992,1,0.02,0.506,0.472,0.002,0
78,575,575,140.9763388,143.9428875,4.821236015,0,-2860592.523,2033809.571,517,517,0.1929629281,965.8269335,1.196826841,93.18439658,-2861444.576,2034266.023,87.08110728,472.896589,0.0472896589,0.0472896589,3.354439427e-4,966.6146365,Retain,4.948592066,-1.645257191,-6.593849257,1.903568054,-1.393356574,11.4423463,-6.619155836,4.971869846,2,0,0,1,0,0
79,575,575,140.9763388,143.9428875,4.821236015,0,-2860592.523,2033809.571,518,518,1.254259033,396.2366907,1.251824291,0,-2861186.527,2034281.554,485.5755132,10253.82314,1.025382314,1.025382314,0.00727343555,758.6892311,Retain,4.948592066,0.2265449861,-4.72204708,1.01259513,-1.34842841,0,-4.788412237,4.729662476,2,0,0,1,0,0
81,575,575,140.9763388,143.9428875,4.821236015,0,-2860592.523,2033809.571,546,546,0.9648146406,579.4961601,1.605711705,31.06146552,-2861494.274,2034057.912,247.3209607,1140.901185,0.1140901185,0.1140901185,8.092855826e-4,935.3230172,Retain,4.948592066,-0.03581927837,-4.984411345,1.39274243,-1.099463242,10.34375547,-6.315013914,4.938961921,2,0,0,1,0,0
82,575,575,140.9763388,143.9428875,4.821236015,0,-2860592.523,2033809.571,548,548,1.929629281,482.9134668,1.892349392,0,-2861289.269,2034099.845,966.9173767,16651.26164,1.665126164,1.665126164,0.01181138749,754.7938923,Retain,4.948592066,0.6573279022,-4.291264164,1.210420874,-0.9352112084,0,-4.346550601,4.724514956,2,0,0.002,0.998,0,0
83,520,520,0.9705706708,454.5516054,1.263257385,49.99873828,-2863842.768,2034065.384,543,543,1.254259033,445.766277,1.408302327,87.85509163,-2863841.088,2034088.017,394.6901516,7235.49638,0.723549638,0.723549638,0.7454888755,22.69606388,Retain,-0.02987106005,0.2265449861,0.2564160461,-0.01951667827,0.1086913448,0.5636823825,1.072114766,3.709536044,4,0.016,0.004,0,0.284,0.696
84,530,530,26.75137944,196.6352049,2.868992637,0,-2864522.326,2034069.487,531,531,0.3859258562,643.8846224,1.128379167,242.5978011,-2864752.622,2034172.839,223.6639422,2897.545738,0.2897545738,0.2897545738,0.01083138813,252.424164,Retain,3.28658604,-0.9521100102,-4.23869605,1.186169292,-0.933178733,12.39916433,-4.427119233,4.460186748,2,0,0.006,0.994,0,0
85,530,530,26.75137944,196.6352049,2.868992637,0,-2864522.326,2034069.487,565,565,3.08740685,241.4567334,1.196826841,87.85509163,-2864082.859,2033932.113,936.5005709,18994.38503,1.899438503,1.899438503,0.07100338535,460.4374327,Retain,3.28658604,1.127331531,-2.159254508,0.205340039,-0.8742872152,11.38345543,-2.558467809,5.061251073,2,0.004,0.032,0.958,0.002,0.004
86,575,575,140.9763388,143.9428875,4.821236015,0,-2860592.523,2033809.571,573,573,0.3859258562,643.8846224,1.128379167,62.12293106,-2861056.308,2033769.04,221.2199159,941.2682584,0.09412682584,0.09412682584,6.676781838e-4,465.5525596,Retain,4.948592066,-0.9521100102,-5.900702076,1.498102946,-1.452248092,11.03688656,-6.396655196,4.241296058,2,0,0,1,0,0
87,529,529,1.941144729,382.5771411,1.503637139,48.52967775,-2863188.712,2034067.154,552,552,0.6753702484,551.9011049,1.279461712,330.1879077,-2863223.954,2034002.001,299.3350853,3503.529671,0.3503529671,0.3503529671,0.1804878132,74.07376489,Retain,0.6632778655,-0.3924942223,-1.055772088,0.3664385633,-0.1614474806,1.917468809,-1.508740257,4.54580093,2,0.01,0.368,0.614,0.008,0
89,553,553,65.33165076,199.83829,4.556544213,24.26483857,-2865422.623,2033551.118,560,560,0.3859258562,643.8846224,1.128379167,31.06146552,-2865187.483,2033893.286,247.1470645,2694.16296,0.269416296,0.269416296,0.004123825021,415.1742526,Retain,4.179476616,-0.9521100104,-5.131586627,1.170011063,-1.395782251,0.2469306529,-5.27072533,4.511327361,2,0,0.002,0.998,0,0
90,575,575,140.9763388,143.9428875,4.821236015,0,-2860592.523,2033809.571,583,583,9.26222055,308.5280482,2.648788479,0,-2861467.872,2033796.542,2747.723957,77103.58309,7.710358309,7.710358309,0.05469257023,875.4462851,Retain,4.948592066,2.22594382,-2.722648246,0.7623961511,-0.598927972,0,-2.832720746,4.872803849,2,0,0,1,0,0
91,575,575,140.9763388,143.9428875,4.821236015,0,-2860592.523,2033809.571,595,595,2.026110745,337.2728974,1.354278867,43.92754582,-2861752.232,2033559.745,685.0260408,20019.24206,2.001924206,2.001924206,0.01420042699,1186.313371,Retain,4.948592066,0.7061180663,-4.242474,0.8514757812,-1.269761219,10.69031963,-4.173143433,5.176675522,2,0,0,1,0,0
92,575,575,140.9763388,143.9428875,4.821236015,0,-2860592.523,2033809.571,627,627,50.94221302,121.9478451,2.455320005,0,-2860699.454,2033770.04,6643.002821,471672.9554,47.16729554,47.16729554,0.3345759717,114.0040077,Retain,4.948592066,3.930691912,-1.017900154,-0.1658231516,-0.6747732286,0,-0.6860777731,2.834311285,2,0.012,0.098,0.872,0.01,0.008
94,564,564,2.183806989,338.0478235,1.409224996,34.83923174,-2861204.81,2033375.179,607,607,1.640184889,416.6312262,1.505196806,93.18439658,-2861212.529,2033378.945,677.7541359,15477.49163,1.547749163,1.547749163,0.7087389914,8.587945449,Retain,0.781069679,0.4948089727,-0.2862607063,0.2090141058,0.06588375264,0.9838182168,0.8872500166,2.332306067,0,0.904,0.04,0.036,0.016,0.004
95,48,48,0.2426307911,812.1460309,1.128501528,88.31531533,-2863871.401,2039043.245,65,65,0.6753702483,643.8846224,1.49270533,62.12293105,-2863862.933,2039025.084,159.0131636,1498.172745,0.14981727449999999,0.14981727449999999,0.6174701645,20.03863228,Retain,-1.416214369,-0.3924942224,1.023720147,-0.2321606127,0.2796994608,-0.3517935843,0.4778315364,4.278184054,4,0,0,0.02,0.036,0.944
96,112,112,98.93337984,154.3033566,4.329541079,0,-2862342.317,2038933.285,66,66,2.894443922,300.4794904,1.442090354,62.12293105,-2863617.843,2039097.117,865.9324713,24406.49903,2.440649903,2.440649903,0.02466963028,1286.004873,Retain,4.594446693,1.06279301,-3.531653682,0.666458987,-1.099367854,11.03688656,-3.638492431,5.434438068,2,0.002,0.002,0.996,0,0
97,572,572,3.639685532,337.7778575,1.81785055,78.82886955,-2861407.088,2033077.091,637,637,3.56981417,330.6434547,1.762291727,93.18439658,-2861407.638,2033107.095,1165.803544,31535.04831,3.153504831,3.153504831,0.8664223333,30.0093206,Retain,1.291897286,1.272513541,-0.01938374441,-0.02134783445,-0.03103970665,0.1672990401,1.863384499,3.327957643,3,0.184,0.012,0.018,0.69,0.096
98,582,582,1.455878182,406.0614925,1.38213159,50.00209187,-2860634.95,2032950.837,639,639,0.1929629281,965.8269336,1.196826841,98.22497852,-2860699.101,2032961.442,167.7264336,1105.337661,0.1105337661,0.1105337661,0.07592240031,65.0217104,Retain,0.3756092797,-1.645257191,-2.020866471,0.8664800529,-0.1439531823,0.6751858865,-2.4870805,4.559296903,2,0,0.424,0.576,0,0
99,112,112,98.93337984,154.3033566,4.329541079,0,-2862342.317,2038933.285,69,69,0.1929629281,965.8269336,1.196826841,31.06146554,-2863587.817,2038832.059,186.3688,1929.630458,0.1929630458,0.1929630458,0.001950434182,1249.607129,Retain,4.594446693,-1.645257191,-6.239703884,1.834064147,-1.285787795,10.34375547,-5.824852053,5.405726881,2,0,0,1,0,0
100,112,112,98.93337984,154.3033566,4.329541079,0,-2862342.317,2038933.285,75,75,19.5857372,114.1864355,1.425540451,31.06146553,-2863249.507,2038946.435,2297.61306,191497.0553,19.14970553,19.14970553,0.1935616226,907.2858356,Retain,4.594446693,2.974801608,-1.619645085,-0.3010880015,-1.110910544,10.34375547,-1.423117801,5.085600243,2,0.016,0.058,0.872,0.012,0.042
101,57,57,0.4246056205,696.1240161,1.279600952,24.99442983,-2863926.871,2038799.548,70,70,0.3859258562,643.8846224,1.128379167,31.06146552,-2863913.963,2038800.997,218.4052947,2941.710875,0.2941710875,0.2941710875,0.6928101592,12.98999327,Retain,-0.8565944926,-0.9521100102,-0.0955155176,-0.07800827634,-0.1257660351,0.2173071925,0.8114824178,3.564918481,3,0.052,0.074,0.02,0.822,0.032
102,112,112,98.93337984,154.3033566,4.329541079,0,-2862342.317,2038933.285,78,78,0.4824073203,643.8846224,1.261566261,31.06146552,-2862513.09,2038592.886,136.3225539,1092.547451,0.1092547451,0.1092547451,0.001104326419,380.835326,Retain,4.594446693,-0.7289664589,-5.323413152,1.428599039,-1.233107537,10.34375547,-6.163655522,4.217511289,2,0,0,1,0,0
103,112,112,98.93337984,154.3033566,4.329541079,0,-2862342.317,2038933.285,88,88,0.4824073203,643.8846223,1.261566261,87.85509163,-2862475.817,2038363.031,309.9333557,4569.558805,0.4569558805,0.4569558805,0.004618824114,585.6725839,Retain,4.594446693,-0.7289664589,-5.323413152,1.428599039,-1.233107537,11.38345543,-5.178007481,4.647904207,2,0,0,1,0,0
104,66,66,0.5459225279,632.9978361,1.319358446,124.9728148,-2863618.82,2038588.58,80,80,0.6753702484,551.9011049,1.279461712,128.0697033,-2863618.879,2038568.036,293.5766675,4086.215286,0.4086215286,0.4086215286,0.7484972825,20.54350222,Retain,-0.6052782037,-0.3924942223,0.2127839814,-0.1370981313,-0.03070614066,0.02447824673,1.087980681,3.897597418,3,0.014,0.004,0.02,0.532,0.43
105,75,75,0.7885562363,686.2763405,1.719136773,48.53630387,-2863370.052,2038386.418,85,85,1.254259033,495.2958634,1.564780364,62.12293105,-2863341.715,2038400.782,475.7516147,6100.482281,0.6100482281,0.6100482281,0.7736267879,31.7697023,Retain,-0.2375515545,0.226544986,0.4640965405,-0.3261250875,-0.09407681725,0.2467986237,1.225788576,4.149685274,4,0.026,0,0,0.068,0.906
107,112,112,98.93337984,154.3033566,4.329541079,0,-2862342.317,2038933.285,115,115,49.3985096,163.4863299,3.241406028,31.06146552,-2861895.453,2038436.329,7984.817076,444312.1855,44.43121855,44.43121855,0.4491024022,668.3214136,Retain,4.594446693,3.899920254,-0.694526439,0.0578088645,-0.289454355,10.34375547,-0.2038874005,4.779912309,2,0.024,0.134,0.8,0.02,0.022
108,233,233,452.2073129,85.42791629,5.124643657,0,-2865002.79,2038122.024,150,150,5.306480524,351.209794,2.282259238,0,-2864807.686,2037292.822,1307.065111,23995.08529,2.399508529,2.399508529,0.005306213456,851.8461507,Retain,6.114140732,1.668928814,-4.445211918,1.413710813,-0.8088951462,0,-5.061904357,4.262701687,2,0.002,0,0.998,0,0
109,82,82,2.486987417,435.1996242,1.93606696,48.53628518,-2863003.002,2038351.725,90,90,0.9648146407,515.1076978,1.427299293,62.12293105,-2863081.515,2038359.925,470.4608488,8364.663105,0.8364663105,0.8364663105,0.3363371704,78.93998413,Retain,0.9110721051,-0.03581927827,-0.9468913834,0.1685711687,-0.304874523,0.2467990087,-0.6781969531,4.485529427,2,0.006,0.328,0.644,0.022,0
110,86,86,2.18369977,292.9407663,1.221156556,48.53591788,-2862128.187,2038259.852,94,94,2.122592209,292.6748284,1.202856234,43.92754581,-2862123.693,2038280.012,548.3073486,17934.88612,1.793488612,1.793488612,0.8213073229,20.65526315,Retain,0.7810205804,0.7526380819,-0.0283824985,-9.082338962e-4,-0.01509948316,-0.09976034661,1.520866155,3.209873226,3,0.096,0,0.002,0.856,0.046
111,233,233,452.2073129,85.42791629,5.124643657,0,-2865002.79,2038122.024,151,151,2.026110745,367.9340699,1.477395127,62.12293105,-2864498.953,2037152.521,745.475,20261.10894,2.026110894,2.026110894,0.004480491217,1092.605732,Retain,6.114140732,0.7061180663,-5.408022665,1.460230828,-1.243780504,11.03688656,-5.203073982,4.511616194,2,0,0,1,0,0
112,233,233,452.2073129,85.42791629,5.124643657,0,-2865002.79,2038122.024,161,161,27.97962458,237.5712227,3.544947783,31.06146552,-2864258.852,2037472.852,6777.680053,273655.7482,27.36557482,27.36557482,0.06051555124,987.353963,Retain,6.114140732,3.331476552,-2.78266418,1.022794528,-0.3685375623,10.34375547,-2.727105105,4.41032419,2,0,0.076,0.924,0,0
113,233,233,452.2073129,85.42791629,5.124643657,0,-2865002.79,2038122.024,172,172,1.929629281,321.9423112,1.261566261,31.06146552,-2864483.94,2036889.164,626.5010493,18478.80571,1.847880571,1.847880571,0.004086357115,1337.590511,Retain,6.114140732,0.6573279023,-5.456812829,1.326699436,-1.401706979,10.34375547,-5.278102269,4.713920473,2,0,0,1,0,0
114,233,233,452.2073129,85.42791629,5.124643657,0,-2865002.79,2038122.024,180,180,5.306480523,386.3307734,2.510485162,0,-2865061.825,2036983.337,2159.002173,46166.2154,4.61662154,4.61662154,0.010209082,1140.216692,Retain,6.114140732,1.668928814,-4.445211918,1.509020993,-0.7135849664,0,-4.481779188,4.554269059,2,0.002,0,0.998,0,0
115,233,233,452.2073129,85.42791629,5.124643657,0,-2865002.79,2038122.024,181,181,3.56981417,243.6320193,1.298530747,31.06146552,-2864690.919,2036873.927,895.152279,34487.77717,3.448777717,3.448777717,0.007626541232,1286.471679,Retain,6.114140732,1.272513541,-4.84162719,1.047986033,-1.372827562,10.34375547,-4.746263044,4.674953972,2,0,0,1,0,0
116,233,233,452.2073129,85.42791629,5.124643657,0,-2865002.79,2038122.024,194,194,324.6601266,85.91506551,4.366956545,31.06146552,-2865121.515,2038506.975,31990.36362,2958348.675,295.8348675,295.8348675,0.6542018649,402.8434227,Retain,6.114140732,5.782778871,-0.3313618609,0.005686261915,-0.1599946685,10.34375547,0.6362005115,3.513845017,2,0.044,0.07,0.86,0.01,0.016
117,18,18,1.031165287,526.2103248,1.507365515,297.1413941,-2868339.643,2040258.86,26,26,1.157777569,482.9134668,1.465807536,267.2008297,-2868327.279,2040242.767,501.1920067,8703.412924,0.8703412924,0.8703412924,0.844036648,20.29418253,Retain,0.03068950931,0.1465022784,0.1158127691,-0.08586351012,-0.02795712556,-0.1062071758,1.683367646,3.567403732,3,0.116,0.002,0.006,0.474,0.402
118,25,25,0.7278847434,541.4332574,1.303080678,109.1918265,-2867315.736,2039899.571,40,40,0.6753702484,551.9011049,1.279461712,111.9937066,-2867328.505,2039881.493,325.0082697,4861.662547,0.4861662547,0.4861662547,0.6679165336,22.13282394,Retain,-0.3176125629,-0.3924942223,-0.07488165946,0.01914906854,-0.0182917612,0.02533623837,0.6972661812,3.828278158,3,0.048,0.026,0.008,0.896,0.022
123,239,239,260.8305181,95.95178731,4.371468355,24.26664652,-2866741.656,2036795.682,84,84,0.3859258562,643.8846224,1.128379167,31.06146552,-2866181.45,2038428.26,115.6025834,142.5884486,0.01425884486,0.01425884486,5.466708791e-5,1726.018792,Retain,5.563870841,-0.9521100102,-6.515980851,1.903673702,-1.354316723,0.2468561497,-6.855475005,5.244002861,2,0,0,1,0,0
124,239,239,260.8305181,95.95178731,4.371468355,24.26664652,-2866741.656,2036795.682,96,96,1.254259033,445.766277,1.408302327,31.06146552,-2865778.845,2038228.75,428.7613019,5576.829011,0.5576829011,0.5576829011,0.002138104487,1726.466497,Retain,5.563870841,0.2265449861,-5.337325855,1.535948922,-1.132714005,0.2468561497,-5.762997575,5.244262213,2,0,0,1,0,0
125,239,239,260.8305181,95.95178731,4.371468355,24.26664652,-2866741.656,2036795.682,98,98,2.219073673,363.9347866,1.529341586,62.12293105,-2867398.924,2038219.608,767.5787743,13952.09154,1.395209154,1.395209154,0.005349102412,1568.300364,Retain,5.563870841,0.7970898446,-4.766780996,1.333128844,-1.050261654,0.9399872335,-5.055083241,5.148177902,2,0,0,1,0,0
126,28,28,1.455770727,473.753879,1.612480005,109.1918265,-2867088.523,2039848.754,46,46,2.026110745,429.2564149,1.723627649,111.9937066,-2867109.596,2039823.807,649.1150194,12286.81997,1.228681997,1.228681997,0.8440079014,32.65575515,Retain,0.3755354699,0.7061180664,0.3305825964,-0.09863350008,0.06665779814,0.02533623837,1.683150502,3.870648938,4,0.014,0,0.002,0.092,0.892
127,233,233,452.2073129,85.42791629,5.124643657,0,-2865002.79,2038122.024,103,103,0.4824073203,643.8846224,1.261566261,31.06146552,-2866054.098,2038095.902,245.8273433,2368.386789,0.2368386789,0.2368386789,5.237391615e-4,1051.632474,Retain,6.114140732,-0.728966459,-6.843107191,2.019846616,-1.401706979,10.34375547,-6.487064138,4.473394501,2,0,0,1,0,0
128,239,239,260.8305181,95.95178731,4.371468355,24.26664652,-2866741.656,2036795.682,107,107,1.254259033,396.2366907,1.251824291,31.06146552,-2865919.816,2038080.61,379.186518,2766.876791,0.2766876791,0.2766876791,0.001060794883,1525.27383,Retain,5.563870841,0.2265449861,-5.337325854,1.418165887,-1.250497041,0.2468561497,-6.184602708,5.120359412,2,0,0,1,0,0
130,239,239,260.8305181,95.95178731,4.371468355,24.26664652,-2866741.656,2036795.682,112,112,0.3859258562,643.8846224,1.128379167,93.18439658,-2867392.847,2037900.215,239.1965493,3058.938911,0.3058938911,0.3058938911,0.00117276879,1282.202216,Retain,5.563870841,-0.9521100103,-6.515980851,1.903673702,-1.354316723,1.345446976,-6.131580201,4.946764663,2,0,0.002,0.998,0,0
131,239,239,260.8305181,95.95178731,4.371468355,24.26664652,-2866741.656,2036795.682,113,113,1.254259033,445.766277,1.408302327,43.92754582,-2866600.779,2037901.41,675.3559289,9436.292943,0.9436292943,0.9436292943,0.00361778714,1114.665594,Retain,5.563870841,0.2265449861,-5.337325854,1.535948922,-1.132714005,0.5934203109,-5.375218443,4.806740143,2,0,0,1,0,0
132,239,239,260.8305181,95.95178731,4.371468355,24.26664652,-2866741.656,2036795.682,118,118,1.833147817,372.7753077,1.423773641,43.92754581,-2866036.769,2037784.961,687.062823,18104.69988,1.810469988,1.810469988,0.00694117391,1214.717108,Retain,5.563870841,0.6060346077,-4.957836233,1.357129996,-1.12178812,0.5934203108,-4.829735274,4.892696841,2,0,0,1,0,0
133,239,239,260.8305181,95.95178731,4.371468355,24.26664652,-2866741.656,2036795.682,120,120,1.350740497,459.9175874,1.507860088,43.92754582,-2866474.315,2037744.908,621.2292,13507.39768,1.350739768,1.350739768,0.005178610913,986.1542137,Retain,5.563870841,0.3006529582,-5.263217882,1.567201466,-1.064407475,0.5934203109,-5.082474438,4.684243282,2,0,0,1,0,0
134,233,233,452.2073129,85.42791629,5.124643657,0,-2865002.79,2038122.024,127,127,2.797962458,266.4350161,1.257208506,62.12293105,-2865903.503,2037469.103,705.8638137,21629.0574,2.16290574,2.16290574,0.004782995935,1112.470524,Retain,6.114140732,1.028891459,-5.085249273,1.137457436,-1.4051672,11.03688656,-5.149043233,4.529633995,2,0,0,1,0,0
135,239,239,260.8305181,95.95178731,4.371468355,24.26664652,-2866741.656,2036795.682,131,131,4.148702955,254.5590367,1.462647783,111.9937066,-2866258.381,2037470.772,1056.0896,41487.01603,4.148701603,4.148701603,0.01590573692,830.2415345,Retain,5.563870841,1.422795744,-4.141075096,0.9756869308,-1.094850617,1.529307564,-4.065084308,4.512147391,2,0,0.022,0.978,0,0
136,239,239,260.8305181,95.95178731,4.371468355,24.26664652,-2866741.656,2036795.682,140,140,0.3859258562,643.8846224,1.128379167,31.06146553,-2866616.31,2037185.801,248.4918,3859.260917,0.3859260917,0.3859260917,0.001479604819,409.761422,Retain,5.563870841,-0.9521100103,-6.515980851,1.903673702,-1.354316723,0.2468561498,-5.999176359,3.806007056,2,0,0,1,0,0
137,233,233,452.2073129,85.42791629,5.124643657,0,-2865002.79,2038122.024,141,141,1.447221961,472.1820564,1.602404365,31.06146553,-2865441.151,2037197.19,693.2147178,13058.92344,1.305892344,1.305892344,0.002887817836,1023.464086,Retain,6.114140732,0.3696458297,-5.744494902,1.709691688,-1.162555763,10.34375547,-5.548017644,4.446243869,2,0,0,1,0,0
138,121,121,0.3032934471,814.5410872,1.265434229,0,-2867757.41,2037104.081,146,146,0.4824073203,772.6615468,1.513879513,0,-2867750.054,2037108.148,245.9440557,2639.809318,0.2639809318,0.2639809318,0.8703812571,8.405931569,Retain,-1.19305447,-0.7289664589,0.4640880109,-0.05278376238,0.179260243,0,1.897796884,3.29794873,4,0.014,0,0,0.046,0.94
139,136,136,1.819763093,484.0808958,1.84213069,0,-2867791.411,2036990.417,156,156,1.157777569,643.8846224,1.954410048,0,-2867788.88,2037002.021,728.2979922,8785.025727,0.8785025727,0.8785025727,0.4827565609,11.87617291,Retain,0.5987063242,0.1465022784,-0.4522040457,0.2852675194,0.0591654965,0,-0.06886328453,2.747630096,1,0.332,0.466,0.172,0.028,0.002
140,239,239,260.8305181,95.95178731,4.371468355,24.26664652,-2866741.656,2036795.682,284,284,255.2899539,119.7245783,5.396289573,31.06146552,-2866724.732,2037605.295,22226.72446,1710796.569,171.0796569,171.0796569,0.6559035274,809.7900961,Retain,5.563870841,5.542399973,-0.02147086728,0.2213480743,0.2106126406,0.2468561497,0.6437131612,4.487205831,1,0.196,0.27,0.262,0.19,0.082
142,157,157,1.637788256,448.9636554,1.620821279,48.5346065,-2868041.909,2036815.484,171,171,0.9648146406,450.7192356,1.248886881,62.12293105,-2867983.015,2036865.868,338.8598774,4298.287311,0.42982873110000003,0.42982873110000003,0.2624446289,77.50509546,Retain,0.4933467073,-0.03581927834,-0.5291659857,0.003902669427,-0.2606803234,0.2468335946,-1.030852868,4.676048174,1,0.022,0.476,0.458,0.042,0.002
143,185,185,5.883914312,325.9108251,2.230113792,24.26714455,-2867704.886,2036821.883,168,168,0.4824073203,643.8846224,1.261566261,31.06146553,-2867799.752,2036884.505,135.3789711,1038.908408,0.1038908408,0.1038908408,0.01765675625,113.670888,Retain,1.77222224,-0.728966459,-2.501188699,0.6808957508,-0.5696985985,0.2468356277,-3.964749893,4.419569946,2,0,0.052,0.948,0,0
147,233,233,452.2073129,85.42791629,5.124643657,0,-2865002.79,2038122.024,175,175,1.350740497,413.9258287,1.357074079,31.06146552,-2865817.587,2036841.906,430.2481782,7656.847679,0.7656847679,0.7656847679,0.001693216244,1517.430775,Retain,6.114140732,0.3006529583,-5.813487773,1.578013864,-1.328730023,10.34375547,-5.916325713,4.84006914,2,0,0,1,0,0
148,185,185,5.883914312,325.9108251,2.230113792,24.26714455,-2867704.886,2036821.883,183,183,0.4824073203,772.6615468,1.513879513,69.45554839,-2867340.042,2036760.259,94.16113476,552.8773426,0.05528773426,0.05528773426,0.009396420704,370.0114751,Retain,1.77222224,-0.7289664589,-2.501188699,0.8632173076,-0.3873770417,1.051536788,-4.557861826,5.599790545,2,0,0.09,0.908,0.002,0
149,367,367,151.8912956,152.6108039,5.305750104,0,-2869152.889,2035722.727,192,192,0.6753702484,643.8846224,1.49270533,196.4499571,-2868570.964,2036708.786,458.5711818,5164.929358,0.5164929358,0.5164929358,0.003400411681,1144.966618,Retain,5.023165105,-0.3924942223,-5.415659327,1.439628637,-1.268201026,12.1881681,-5.423653881,5.103914025,2,0,0,1,0,0
150,233,233,452.2073129,85.42791629,5.124643657,0,-2865002.79,2038122.024,220,220,3.955740027,314.0900597,1.762232194,128.0697032,-2865279.531,2036528.586,1279.307142,33923.9985,3.39239985,3.39239985,0.007501868618,1617.291281,Retain,6.114140732,1.375167695,-4.738973036,1.302006823,-1.067479695,11.76033776,-4.760946204,4.903803175,2,0,0,1,0,0
151,222,222,9.584142932,292.605478,2.555372174,24.26714455,-2867638.617,2036340.022,225,225,0.4824073203,643.8846224,1.261566261,31.06146552,-2867526.411,2036375.097,310.6148,4824.077699,0.4824077699,0.4824077699,0.05033394987,117.5601032,Retain,2.260109955,-0.7289664589,-2.989076414,0.7886943421,-0.7058438647,0.2468356275,-2.91881052,4.209268191,2,0,0.04,0.96,0,0
152,222,222,9.584142932,292.605478,2.555372174,24.26714455,-2867638.617,2036340.022,233,233,1.157777569,375.599363,1.140072528,31.06146552,-2867672.4,2036300.549,392.7034068,8823.732129,0.8823732129,0.8823732129,0.09206594884,51.95583328,Retain,2.260109955,0.1465022785,-2.113607676,0.2496978414,-0.8071059968,0.2468356275,-2.278964171,3.39272321,2,0,0.048,0.95,0,0.002
153,367,367,151.8912956,152.6108039,5.305750104,0,-2869152.889,2035722.727,269,269,2.122592209,409.7447597,1.683998727,62.12293105,-2868313.396,2036067.588,834.7114384,15704.35135,1.570435135,1.570435135,0.01033920429,907.5672455,Retain,5.023165105,0.752638082,-4.270527023,0.9876435136,-1.147619998,11.03688656,-4.470106064,4.871551156,2,0,0,1,0,0
154,457,457,46.46556239,155.0132238,2.980776512,0,-2866980.077,2035012.495,291,291,0.7718517125,482.9134668,1.196826841,31.06146553,-2866752.204,2035838.51,338.2739565,4117.586162,0.4117586162,0.4117586162,0.00886158684,856.8705008,Retain,3.838711444,-0.2589628297,-4.097674274,1.136327052,-0.9125100855,10.34375547,-4.611215534,5.406297187,2,0,0,1,0,0
155,256,256,0.3639566899,941.4693936,1.602234679,48.53309863,-2867991.164,2035848.526,278,278,0.5788887844,643.8846223,1.381976598,87.85509163,-2868019.253,2035907.104,99.45400456,577.6507156,0.05776507156,0.05776507156,0.1587141359,64.96432215,Retain,-1.010720402,-0.5466449021,0.4640755001,-0.3799222873,-0.1478845372,0.5934335381,-1.662733896,5.251578766,4,0.002,0.058,0.052,0.164,0.724
156,309,309,4.852767275,434.2626448,2.698623346,24.26633532,-2866140.053,2035685.132,292,292,0.2894443922,858.5128298,1.302940032,93.18439657,-2866466.18,2035813.92,127.0447238,948.7834237,0.09487834237,0.09487834237,0.01955138934,350.6350522,Retain,1.579549114,-1.239792083,-2.819341197,0.6815521012,-0.7281184973,1.3454598,-3.866101108,5.642339183,2,0,0.062,0.938,0,0
157,367,367,151.8912956,152.6108039,5.305750104,0,-2869152.889,2035722.727,295,295,0.3859258563,643.8846223,1.128379167,62.12293105,-2868417.875,2035788.035,244.6482442,1500.929267,0.1500929267,0.1500929267,9.881601585e-4,737.9095419,Retain,5.023165105,-0.9521100102,-5.975275115,1.439628637,-1.54800892,11.03688656,-6.220557451,4.664604991,2,0,0,1,0,0
158,309,309,4.852767275,434.2626448,2.698623346,24.26633532,-2866140.053,2035685.132,296,296,0.5788887843,751.1987261,1.612306031,62.12293105,-2866279.811,2035813.92,264.9322724,2595.7433,0.25957433,0.25957433,0.05348996054,190.0490775,Retain,1.579549114,-0.5466449022,-2.126194016,0.5480207086,-0.5150762997,0.9400000572,-2.855821058,5.029877989,2,0,0.016,0.984,0,0
159,312,312,5.520017985,313.2866012,2.076381427,121.3311182,-2865263.843,2035957.321,293,293,3.376851242,423.1241804,2.193405244,124.2458621,-2865285.548,2036010.347,1363.139057,24228.7571,2.42287571,2.42287571,0.4389253289,57.29588925,Retain,1.708381119,1.21694369,-0.4914374284,0.3005472764,0.05482856224,0.02373884604,-0.2450297024,3.766420717,2,0.044,0.404,0.538,0.012,0.002
160,367,367,151.8912956,152.6108039,5.305750104,0,-2869152.889,2035722.727,298,298,0.8683331765,643.8846224,1.692568751,62.12293105,-2868191.817,2035810.469,549.7199612,5452.989603,0.5452989603,0.5452989603,0.003590060629,965.0691595,Retain,5.023165105,-0.141179794,-5.164344899,1.439628637,-1.142543812,11.03688656,-5.381268625,4.932983194,2,0,0,1,0,0
161,292,292,16.13542326,176.9009818,2.004543533,54.5919523,-2867506.099,2035814.34,321,321,11.09536837,184.7668916,1.736161348,93.18439658,-2867593.126,2035811.669,2180.876268,103547.7891,10.35477891,10.35477891,0.6417420073,87.06772356,Retain,2.781017058,2.406527757,-0.3744893007,0.04350483439,-0.143739816,0.5346862246,0.5817026378,3.648554147,2,0.092,0.088,0.792,0.022,0.006
162,233,233,452.2073129,85.42791629,5.124643657,0,-2865002.79,2038122.024,182,182,1.157777569,536.5705186,1.62867504,69.4555484,-2864232.343,2036815.652,494.3454961,7657.115902,0.7657115902,0.7657115902,0.001693275558,1516.640006,Retain,6.114140732,0.1465022784,-5.967638453,1.837525059,-1.146294167,11.14845663,-5.916303631,4.839547881,2,0,0,1,0,0
163,233,233,452.2073129,85.42791629,5.124643657,0,-2865002.79,2038122.024,200,200,2.508518066,396.2366907,1.77034689,31.06146553,-2864899.567,2036782.002,977.7037937,20880.66242,2.088066242,2.088066242,0.004617497732,1343.991924,Retain,6.114140732,0.9196921666,-5.194448565,1.534338801,-1.062885482,10.34375547,-5.178244901,4.718694833,2,0,0,1,0,0
164,223,223,0.970547814,506.0813694,1.406448666,89.32524701,-2864315.038,2036629.135,204,204,0.5788887844,643.8846224,1.381976598,31.06146552,-2864390.238,2036642.226,180.8025962,1800.764128,0.1800764128,0.1800764128,0.1855410009,76.33079418,Retain,-0.02989461024,-0.5466449021,-0.5167502919,0.2408220868,-0.01755305911,-1.05629517,-1.475100085,4.922401799,1,0.018,0.59,0.262,0.118,0.012
165,223,223,0.970547814,506.0813694,1.406448666,89.32524701,-2864315.038,2036629.135,205,205,0.5788887844,536.5705186,1.151647165,31.06146552,-2864271.169,2036626.695,273.271469,4337.804801,0.4337804801,0.4337804801,0.4469439567,43.9368614,Retain,-0.02989461024,-0.5466449021,-0.5167502919,0.05850053,-0.1998746159,-1.05629517,-0.2125977149,4.370088643,1,0.024,0.548,0.324,0.102,0.002
166,271,271,0.3639569891,812.135529,1.382129097,444.5839007,-2864167.374,2036094.832,257,257,0.2894443922,858.5128298,1.302940032,466.9562172,-2864167.631,2036093.473,246.6860585,2418.838904,0.2418838904,0.2418838904,0.664594712,1.383640133,Retain,-1.01071958,-1.239792083,-0.2290725026,0.05553439081,-0.05900186047,0.04909660215,0.6823642975,1.403165007,3,0.318,0.112,0.026,0.52,0.024
167,345,345,1.759136447,502.4181299,1.879793459,69.67734855,-2865247.584,2035435.099,345,345,1.447221961,600.9589808,2.039423737,31.06146552,-2865182.306,2035414.262,695.0036124,8007.234743,0.8007234743,0.8007234743,0.4551798558,68.52307995,Retain,0.5648230335,0.3696458298,-0.1951772037,0.1790939796,0.08150537779,-0.8078894379,-0.1794023628,4.517138642,1,0.098,0.566,0.152,0.15,0.034
168,382,382,0.7279199493,541.4219202,1.303084904,49.99611555,-2864497.003,2035279.264,366,366,0.3859258563,643.8846223,1.128379167,93.18439658,-2864504.13,2035291.052,241.2374449,3625.439263,0.3625439263,0.3625439263,0.4980546648,13.77491273,Retain,-0.3175641967,-0.9521100102,-0.63454581350000006,0.1733206878,-0.1439522189,0.6226257057,-0.007765848275,3.354068654,1,0.066,0.81,0.108,0.016,0
169,392,392,8.492401024,289.0125297,2.375893593,24.2658412,-2865275.388,2035202.328,372,372,0.8683331765,500.7991507,1.316442362,31.06146552,-2865154.696,2035272.07,408.0200887,6507.493593,0.6507493593,0.6507493593,0.07662725271,139.3934874,Retain,2.139171766,-0.141179794,-2.28035156,0.5497350814,-0.5904406989,0.2468893352,-2.477196836,4.440087012,2,0,0.024,0.976,0,0
170,396,396,13.40585652,290.3643617,2.999063511,24.99826928,-2864021.415,2035319.085,346,346,0.4824073203,772.6615469,1.513879513,0,-2864177.985,2035430.828,247.3544293,1683.152292,0.1683152292,0.1683152292,0.01255535064,192.356127,Retain,2.595691665,-0.7289664589,-3.324658124,0.9787045551,-0.6836245069,-10.12660187,-4.289351296,4.533872791,2,0,0.004,0.996,0,0
171,396,396,13.40585652,290.3643617,2.999063511,24.99826928,-2864021.415,2035319.085,373,373,1.736666353,429.2564149,1.595769122,0,-2864272.895,2035294.503,676.8083936,11994.69151,1.199469151,1.199469151,0.08947351851,252.6790834,Retain,2.595691665,0.5519673865,-2.043724278,0.3909178902,-0.6309442491,-10.12660187,-2.310063452,4.806643307,2,0,0.002,0.998,0,0
172,392,392,8.492401024,289.0125297,2.375893593,24.2658412,-2865275.388,2035202.328,377,377,0.8683331766,643.8846224,1.692568751,31.06146552,-2864992.486,2035261.716,347.4804317,3689.331072,0.3689331072,0.3689331072,0.04344273265,289.068508,Retain,2.139171766,-0.141179794,-2.28035156,0.8010495096,-0.3391262706,0.2468893352,-3.070184075,5.169446231,2,0,0.032,0.968,0,0
173,396,396,13.40585652,290.3643617,2.999063511,24.99826928,-2864021.415,2035319.085,393,393,0.1929629281,965.8269336,1.196826841,31.06146554,-2864379.885,2035120.214,123.4706775,956.7473023,0.09567473023,0.09567473023,0.007136786084,409.9396911,Retain,2.595691665,-1.645257191,-4.240948856,1.201848106,-0.9186263215,0.2171535987,-4.805204313,5.290531604,2,0,0.002,0.998,0,0
176,411,411,1.637823676,480.368413,1.734215577,34.83877561,-2864492.73,2035022.306,406,406,1.350740497,459.9175874,1.507860088,31.06146554,-2864544.067,2035073.622,419.3617093,5141.094722,0.5141094722,0.5141094722,0.3138979365,72.58561391,Retain,0.4933683335,0.3006529583,-0.1927153752,-0.04350602104,-0.1398637087,-0.1147595171,-0.78023427,4.6104613,2,0.028,0.274,0.348,0.318,0.032
177,419,419,0.5459411696,635.6850244,1.324981978,49.99703361,-2865213.584,2034893.224,436,436,0.3859258563,643.8846223,1.128379167,93.18439658,-2865249.606,2034825.13,90.91497479,422.2098099,0.04222098099,0.04222098099,0.07733613683,77.0349736,Retain,-0.605244057,-0.9521100101,-0.3468659531,0.01281635604,-0.1606166205,0.6226073436,-2.467339207,5.219259474,1,0.016,0.588,0.096,0.292,0.008
178,444,444,0.1213205971,1212.151797,1.191020803,24.26535508,-2865214.84,2034661.549,463,463,0.3859258563,643.8846223,1.128379167,93.18439658,-2865249.606,2034669.822,91.19677022,513.5896977,0.05135896977,0.05135896977,0.4233326492,35.73680225,Retain,-2.109318675,-0.9521100101,1.157208664,-0.6326328519,-0.05402851966,1.345500194,-0.3084804878,5.203233295,4,0,0.012,0.016,0.282,0.69
180,487,487,0.7885872502,626.57559,1.569615993,224.9936873,-2861467.546,2034615.451,470,470,0.6753702484,551.9011049,1.279461712,279.5531897,-2861462.325,2034645.417,408.79662,4569.978698,0.4569978698,0.4569978698,0.579514657,30.41687968,Retain,-0.2375122253,-0.3924942223,-0.1549819969,-0.1269005491,-0.2043915475,0.2171193648,0.3201300462,4.106151639,3,0.032,0.184,0.082,0.684,0.018
181,491,491,0.6066056814,732.1265217,1.608549554,49.99847048,-2862754.928,2034403.417,483,483,0.3859258563,643.8846223,1.128379167,124.2458621,-2862733.627,2034483.454,206.1949608,2036.968414,0.2036968414,0.2036968414,0.3357977804,82.82300411,Retain,-0.4998763178,-0.9521100101,-0.4522336923,-0.1284337908,-0.3545506369,0.9102579949,-0.6806083922,5.239021026,1,0,0.8,0.07,0.118,0.012
182,457,457,46.46556239,155.0132238,2.980776512,0,-2866980.077,2035012.495,307,307,1.157777569,429.2564149,1.302940032,31.06146553,-2866748.321,2035702.616,339.6124258,2893.384478,0.2893384478,0.2893384478,0.006226943846,727.9958443,Retain,3.838711444,0.1465022784,-3.692209166,1.018544016,-0.8275605671,10.34375547,-4.924698385,5.243305934,2,0,0,1,0,0
183,309,309,4.852767275,434.2626448,2.698623346,24.26633532,-2866140.053,2035685.132,308,308,0.7718517125,482.9134668,1.196826841,93.18439658,-2865901.896,2035694.851,348.6370146,5427.797618,0.5427797618,0.5427797618,0.1118495347,238.3550063,Retain,1.579549114,-0.2589628297,-1.838511944,0.1061879563,-0.8130680157,1.3454598,-2.064211093,5.256355767,2,0.004,0.062,0.928,0.004,0.002
184,483,483,0.7279264009,539.402562,1.298230501,49.99826121,-2862483.849,2034539.244,489,489,1.447221961,429.2564149,1.456731241,124.2458621,-2862504.807,2034505.197,343.9410743,3733.955848,0.3733955848,0.3733955848,0.5129578818,39.98067556,Retain,-0.3175553335,0.3696458298,0.6872011633,-0.2284077162,0.1151928654,0.9102621805,0.05173961028,4.419563848,4,0.002,0.002,0.004,0.088,0.904
186,486,486,0.8492480221,522.947095,1.35947146,24.99915196,-2862020.249,2034548.971,484,484,1.157777569,536.5705186,1.62867504,62.12293105,-2862045.098,2034537.811,393.6959238,6037.075776,0.6037075776,0.6037075776,0.7108731041,27.23943163,Retain,-0.1634040009,0.1465022784,0.3099062794,0.02571769328,0.180670833,0.9102493748,0.8975812715,3.95876927,4,0.004,0.004,0,0.15,0.842
188,392,392,8.492401024,289.0125297,2.375893593,24.2658412,-2865275.388,2035202.328,360,360,0.7718517125,563.3990445,1.396297981,31.06146552,-2865358.321,2035318.231,232.2643259,1848.954838,0.1848954838,0.1848954838,0.02177187385,142.5173905,Retain,2.139171766,-0.2589628296,-2.398134596,0.667518117,-0.5315491811,0.2468893351,-3.761238464,4.462250107,2,0,0.024,0.976,0,0
189,392,392,8.492401024,289.0125297,2.375893593,24.2658412,-2865275.388,2035202.328,389,389,1.061296105,526.814691,1.530986039,43.92754581,-2865536.218,2035185.16,540.2004997,6197.149751,0.6197149751,0.6197149751,0.07297288169,261.3946295,Retain,2.139171766,0.05949090143,-2.079680865,0.6003788142,-0.4394616183,0.5934534962,-2.529362392,5.068814141,2,0,0.052,0.948,0,0
190,319,319,0.9705550456,657.5981157,1.827535045,24.26633532,-2866277.283,2035577.043,322,322,0.1929629281,965.8269336,1.196826841,124.2458621,-2866290.165,2035601.666,126.0966249,957.9365398,0.09579365398,0.09579365398,0.09869986707,27.78902845,Retain,-0.02988715918,-1.645257191,-1.615370032,0.3843906822,-0.4232943337,1.633139189,-2.202782863,3.91198579,1,0,0.764,0.234,0.002,0
191,384,384,0.7279198924,537.397168,1.29339815,210.8918004,-2866009.372,2035076.519,400,400,0.3859258562,643.8846224,1.128379167,248.4917242,-2866088.265,2035073.622,149.7226852,1237.654477,0.1237654477,0.1237654477,0.1700261925,78.94638082,Retain,-0.3175642747,-0.9521100103,-0.6345457355,0.1807821259,-0.1364907419,0.1640636169,-1.580781558,5.099928645,1,0.014,0.784,0.142,0.06,0
192,392,392,8.492401024,289.0125297,2.375893593,24.2658412,-2865275.388,2035202.328,401,401,0.2894443922,858.5128298,1.302940032,62.12293105,-2865420.444,2035089.152,120.2652706,900.8689191,0.09008689191,0.09008689191,0.01060794134,183.983547,Retain,2.139171766,-1.239792083,-3.378963849,1.088731582,-0.6007503425,0.940020419,-4.446411421,4.71763083,2,0,0.034,0.966,0,0
193,391,391,1.819802051,486.4739407,1.851257045,174.1934894,-2866555.997,2035031.848,405,405,0.1929629281,965.8269335,1.196826841,310.6146553,-2866461.003,2035027.029,182.3912064,1493.347674,0.1493347674,0.1493347674,0.08206099523,95.11644448,Retain,0.598727732,-1.645257191,-2.243984923,0.6858013249,-0.4361911364,0.5783838826,-2.403644529,4.828113463,2,0,0.376,0.624,0,0
194,443,443,0.5459433788,630.3131836,1.313787909,48.53081618,-2865985.721,2034608.654,468,468,0.2894443922,858.5128299,1.302940032,69.4555484,-2866010.611,2034592.169,203.9118692,2008.084495,0.2008084495,0.2008084495,0.3678191865,29.85479571,Retain,-0.6052400104,-1.239792083,-0.6345520724,0.308984812,-0.008291224184,0.3584817676,-0.5404495122,4.27136393,1,0.01,0.914,0.016,0.06,0
195,452,452,0.7279242853,741.4303371,1.784467014,97.06165753,-2866461.495,2034527.677,472,472,0.2894443922,858.5128298,1.302940032,236.5570738,-2866414.411,2034561.107,178.1679219,1174.012979,0.1174012979,0.1174012979,0.161282293,57.74583689,Retain,-0.3175582399,-1.239792083,-0.9222338427,0.1466204161,-0.3144965053,0.890837009,-1.643728404,4.787212638,1,0.006,0.678,0.292,0.022,0.002
196,553,553,65.33165076,199.83829,4.556544213,24.26483857,-2865422.623,2033551.118,515,515,0.6753702484,551.9011049,1.279461712,31.06146552,-2865473.692,2034285.992,394.0318999,6215.862345,0.6215862345,0.6215862345,0.009514320046,736.6454461,Retain,4.179476616,-0.3924942223,-4.571970839,1.015860383,-1.270125037,0.2469306529,-4.546466363,5.084734691,2,0,0,1,0,0
197,553,553,65.33165076,199.83829,4.556544213,24.26483857,-2865422.623,2033551.118,529,529,0.7718517125,643.8846223,1.595769122,124.2458621,-2865253.488,2034234.962,463.506742,5787.530977,0.5787530977,0.5787530977,0.008858693926,704.4491968,Retain,4.179476616,-0.2589628296,-4.438439446,1.170011063,-1.04920866,1.633200869,-4.611511845,5.04004427,2,0,0.016,0.984,0,0
198,553,553,65.33165076,199.83829,4.556544213,24.26483857,-2865422.623,2033551.118,551,551,0.3859258562,643.8846224,1.128379167,124.2458621,-2865373.851,2033986.47,229.2229417,3252.245636,0.3252245636,0.3252245636,0.004978055198,438.0752447,Retain,4.179476616,-0.9521100102,-5.131586627,1.170011063,-1.395782251,1.633200869,-5.115673993,4.565019605,2,0,0.022,0.978,0,0
199,553,553,65.33165076,199.83829,4.556544213,24.26483857,-2865422.623,2033551.118,564,564,20.35758892,204.4562545,2.602307652,0,-2865839.258,2034151.273,4201.134476,158116.8604,15.81168604,15.81168604,0.2420218357,730.5955321,Retain,4.179476616,3.013453762,-1.166022854,0.02284554865,-0.5601658786,-10.09682482,-1.13882171,5.076488002,2,0.002,0.002,0.988,0.002,0.006
201,553,553,65.33165076,199.83829,4.556544213,24.26483857,-2865422.623,2033551.118,580,580,1.929629281,354.1365423,1.387722887,0,-2866047.885,2033724.001,652.8434229,17459.41633,1.745941633,1.745941633,0.02672428467,648.7225358,Retain,4.179476616,0.6573279021,-3.522148714,0.572174062,-1.188900295,-10.09682482,-3.559385607,4.957633276,2,0,0.002,0.998,0,0
202,553,553,65.33165076,199.83829,4.556544213,24.26483857,-2865422.623,2033551.118,611,611,25.37462505,181.1690572,2.574417086,31.06146552,-2865184.235,2033578.715,5089.701553,237860.1585,23.78601585,23.78601585,0.3640810477,239.9804407,Retain,4.179476616,3.233749661,-0.9457269557,-0.09807787625,-0.5709413541,0.2469306529,-0.5565230367,3.963188225,2,0.016,0.1,0.868,0.014,0.002
203,532,532,0.6066079887,647.2790771,1.42213459,121.3233894,-2866664.486,2033618.892,587,587,0.4824073203,643.8846224,1.261566261,124.2458621,-2866656.69,2033616.839,308.0605532,3983.585637,0.3983585637,0.3983585637,0.6566985122,8.06223118,Retain,-0.4998725142,-0.7289664589,-0.2290939447,-0.005257989395,-0.1198049617,0.02380254779,0.6472289467,2.909615567,3,0.168,0.198,0.098,0.518,0.018
204,543,543,1.516521983,422.790945,1.468740601,149.9971603,-2866365.591,2033571.151,594,594,1.254259033,445.766277,1.408302327,188.9395186,-2866366.624,2033562.362,536.1794851,11164.29988,1.116429988,1.116429988,0.7361779124,8.849722583,Retain,0.416419544,0.2265449861,-0.1898745579,0.05291693499,-0.04202034398,0.2308092203,1.023771031,2.544654274,3,0.33,0.144,0.04,0.47,0.016
206,232,232,415.9319089,107.1483529,6.164412426,0,-2868754.274,2038202.921,133,133,0.3859258562,643.8846224,1.128379167,111.9937067,-2869101.227,2037310.047,248.4283161,3634.757459,0.3634757459,0.3634757459,8.738828113e-4,957.9150019,Retain,6.030521566,-0.9521100104,-6.982631577,1.793305202,-1.698010586,11.62620689,-6.27986874,4.421864253,2,0,0,1,0,0
207,20,20,2.183649423,472.0996325,1.967977768,34.83766046,-2868861.223,2040068.059,34,34,2.315555137,429.2564149,1.842635464,87.85509163,-2868878.62,2040077.106,950.2909598,18498.7081,1.84987081,1.84987081,0.8471464283,19.60905325,Retain,0.7809975245,0.839649459,0.05865193446,-0.09513560509,-0.06580963786,0.9249724507,1.707051979,3.157908536,4,0.152,0.002,0.006,0.418,0.422
208,21,21,0.5459125562,632.9974178,1.319345524,24.9927941,-2868953.989,2039880.825,44,44,1.061296105,468.2797254,1.360876479,62.12293105,-2868944.508,2039872.618,341.1503255,5345.248909,0.5345248909,0.5345248909,0.9791401293,12.53933974,Retain,-0.6052964695,0.05949090142,0.6647873709,-0.3014005216,0.03099316382,0.9105037198,3.803042982,3.403963805,4,0.01,0,0.002,0.038,0.95
209,30,30,0.9098579554,488.0846058,1.31333941,24.26955304,-2869446.127,2039509.312,52,52,0.6753702484,551.9011049,1.279461712,43.92754581,-2869458.434,2039499.88,354.2467893,6100.703747,0.6100703747,0.6100703747,0.6705116673,15.50540275,Retain,-0.09446678467,-0.3924942224,-0.2980274377,0.1228801091,-0.0261336098,0.5933005486,0.7089600341,3.360851355,1,0.364,0.37,0.016,0.242,0.008
210,232,232,415.9319089,107.1483529,6.164412426,0,-2868754.274,2038202.921,163,163,2.026110745,337.2728974,1.354278867,31.06146552,-2868746.979,2036986.86,684.1293868,20256.8222,2.02568222,2.02568222,0.004870225574,1216.083437,Retain,6.030521566,0.7061180664,-5.3244035,1.146678037,-1.515523713,10.34375547,-5.133984483,4.660495659,2,0,0,1,0,0
211,99,99,0.1819755476,1082.855252,1.303082741,34.83824952,-2868602.956,2037213.709,137,137,0.1929629281,965.8269336,1.196826841,43.92754581,-2868604.244,2037201.332,144.1694494,1145.538053,0.1145538053,0.1145538053,0.6295010884,12.44401058,Retain,-1.703882955,-1.645257191,0.05862576384,-0.1143719231,-0.08505904116,0.231819744,0.5289689474,3.945626206,3,0.026,0.04,0.008,0.882,0.044
212,156,156,1.698447572,377.4936365,1.387812439,122.6610174,-2868952.035,2036766.329,190,190,1.736666353,357.7136791,1.329807601,31.06146553,-2868963.176,2036764.746,584.5626703,13831.28324,1.383128324,1.383128324,0.814348554,11.25291784,Retain,0.529714641,0.5519673865,0.02225274546,-0.05382082423,-0.04269445151,-1.373432553,1.474372743,2.728223942,3,0.152,0.006,0.012,0.686,0.144
213,367,367,151.8912956,152.6108039,5.305750104,0,-2869152.889,2035722.727,231,231,0.3859258563,643.8846223,1.128379167,87.85509163,-2869225.473,2036285.019,49.43466169,73.75839723,0.007375839723,0.007375839723,4.855998952e-5,566.9569651,Retain,5.023165105,-0.9521100102,-5.975275115,1.439628637,-1.54800892,11.38345543,-6.861288482,4.401067556,2,0,0,1,0,0
214,367,367,151.8912956,152.6108039,5.305750104,0,-2869152.889,2035722.727,232,232,0.9648146407,515.1076978,1.427299293,31.06146552,-2868663.261,2036309.868,461.2578625,6663.802655,0.6663802655,0.6663802655,0.004387218259,764.5063785,Retain,5.023165105,-0.03581927825,-5.058984383,1.216485086,-1.313007105,10.34375547,-5.220333152,4.700014067,2,0,0.004,0.996,0,0
215,190,190,0.3032948461,969.7572538,1.506574527,74.9895353,-2869068.59,2036428.443,216,216,0.6753702484,643.8846224,1.49270533,31.06146553,-2868948.139,2036464.731,69.28559638,240.466404,0.0240466404,0.0240466404,0.07928469839,125.7993889,Retain,-1.193049857,-0.3924942223,0.8005556348,-0.4095262341,-0.009248416741,-0.8813617154,-2.440657345,6.003586307,4,0,0.024,0.152,0.098,0.726
216,190,190,0.3032948461,969.7572538,1.506574527,74.9895353,-2869068.59,2036428.443,223,223,0.3859258562,643.8846224,1.128379167,31.06146553,-2869101.227,2036409.265,172.8162891,1461.685124,0.1461685124,0.1461685124,0.481935365,37.85458129,Retain,-1.193049857,-0.9521100103,0.2409398469,-0.4095262341,-0.2890563107,-0.8813617154,-0.07214558812,4.802668298,3,0,0.036,0.058,0.57,0.336
217,367,367,151.8912956,152.6108039,5.305750104,0,-2869152.889,2035722.727,247,247,0.4824073204,643.8846223,1.261566261,31.06146553,-2869564.043,2036170.091,313.4411023,4777.340617,0.4777340617,0.4777340617,0.003145236596,607.6038327,Retain,5.023165105,-0.7289664588,-5.752131563,1.439628637,-1.436437144,10.34375547,-5.483647871,4.470307115,2,0,0,1,0,0
218,367,367,151.8912956,152.6108039,5.305750104,0,-2869152.889,2035722.727,249,249,0.3859258562,643.8846224,1.128379167,62.12293105,-2869194.412,2036129.711,248.4918,3859.260917,0.3859260917,0.3859260917,0.002540804528,409.0968773,Retain,5.023165105,-0.9521100102,-5.975275115,1.439628637,-1.54800892,11.03688656,-5.641859317,4.074736827,2,0,0,1,0,0
219,367,367,151.8912956,152.6108039,5.305750104,0,-2869152.889,2035722.727,255,255,1.254259033,445.766277,1.408302327,0,-2869403.479,2036150.021,556.795999,12139.54585,1.213954585,1.213954585,0.007992259067,495.3537458,Retain,5.023165105,0.2265449861,-4.796620118,1.071903857,-1.326406202,0,-4.704374356,4.266056555,2,0,0,1,0,0
220,232,232,415.9319089,107.1483529,6.164412426,0,-2868754.274,2038202.921,265,265,356.2095653,113.0111688,6.016850536,31.06146552,-2868714.019,2038312.419,44044.08214,3367176.624,336.7176624,336.7176624,0.8095499653,116.6624552,Retain,6.030521566,5.875519224,-0.1550023421,0.05327230262,-0.02422886842,10.34375547,1.443086128,2.316397498,2,0.238,0.256,0.476,0.01,0.02
222,367,367,151.8912956,152.6108039,5.305750104,0,-2869152.889,2035722.727,266,266,1.157777569,536.5705186,1.62867504,0,-2869303.127,2036015.819,630.1716703,11157.96623,1.115796623,1.115796623,0.007346020841,329.3545638,Retain,5.023165105,0.1465022784,-4.876662826,1.257307081,-1.181024333,0,-4.779604157,3.857920299,2,0,0.002,0.998,0,0
223,367,367,151.8912956,152.6108039,5.305750104,0,-2869152.889,2035722.727,287,287,2.990925386,270.016132,1.317308727,0,-2869130.786,2035863.685,767.0204513,26348.02496,2.634802496,2.634802496,0.01734663258,142.6801787,Retain,5.023165105,1.095582833,-3.927582271,0.5705907903,-1.393200345,0,-3.981827519,3.021395013,2,0,0.012,0.988,0,0
224,367,367,151.8912956,152.6108039,5.305750104,0,-2869152.889,2035722.727,288,288,12.54259033,252.6008903,2.523617693,31.06146552,-2868725.384,2036091.004,3187.004027,111466.8667,11.14668667,11.14668667,0.07338594768,564.2593511,Retain,5.023165105,2.529130079,-2.494035025,0.5039198196,-0.7430976931,10.34375547,-2.523348706,4.396298151,2,0.002,0.008,0.99,0,0
225,367,367,151.8912956,152.6108039,5.305750104,0,-2869152.889,2035722.727,297,297,0.5788887844,536.5705186,1.151647165,0,-2869303.127,2035756.974,364.862402,3648.211288,0.3648211288,0.3648211288,0.002401856718,154.0917322,Retain,5.023165105,-0.5466449021,-5.569810007,1.257307081,-1.527597923,0,-5.682031063,3.098336969,2,0,0,1,0,0
226,367,367,151.8912956,152.6108039,5.305750104,0,-2869152.889,2035722.727,306,306,0.5788887844,536.5705186,1.151647165,111.9937067,-2867936.422,2035694.851,247.3436803,3088.125945,0.3088125945,0.3088125945,0.00203311581,1216.785923,Retain,5.023165105,-0.5466449021,-5.569810007,1.257307081,-1.527597923,11.62620689,-5.797131218,5.164751384,2,0,0,1,0,0
227,457,457,46.46556239,155.0132238,2.980776512,0,-2866980.077,2035012.495,317,317,1.543703425,362.1851001,1.269426563,31.06146552,-2867014.285,2035689.027,387.8189773,3842.004739,0.3842004739,0.3842004739,0.008268499382,677.3961229,Retain,3.838711444,0.434184351,-3.404527094,0.848644979,-0.8536185677,10.34375547,-4.673838748,5.171266914,2,0,0,1,0,0
228,457,457,46.46556239,155.0132238,2.980776512,0,-2866980.077,2035012.495,318,318,0.1929629281,965.8269337,1.196826841,31.06146552,-2866895.863,2035617.197,186.6638206,1929.113767,0.1929113767,0.1929113767,0.004151706485,610.5380154,Retain,3.838711444,-1.645257191,-5.483968635,1.829474232,-0.9125100855,10.34375547,-5.265270579,5.067351419,2,0,0,1,0,0
230,457,457,46.46556239,155.0132238,2.980776512,0,-2866980.077,2035012.495,359,359,0.1929629281,965.8269336,1.196826841,208.3666452,-2866849.271,2035322.113,186.3688,1929.630458,0.1929630458,0.1929630458,0.004152818473,336.1155091,Retain,3.838711444,-1.645257191,-5.483968635,1.829474232,-0.9125100855,12.24705932,-5.265053639,4.470467074,2,0,0,1,0,0
231,457,457,46.46556239,155.0132238,2.980776512,0,-2866980.077,2035012.495,399,399,1.929629281,354.1365423,1.387722887,138.9110968,-2867156.78,2035120.214,671.0343185,17654.85739,1.765485739,1.765485739,0.03799557453,206.9472366,Retain,3.838711444,0.6573279022,-3.181383542,0.8261721232,-0.7645196479,11.84159661,-3.206609841,3.985477918,2,0,0.03,0.97,0,0
232,360,360,0.3639597515,678.7885126,1.155197477,48.53180944,-2867836.53,2035067.985,412,412,0.4824073204,643.8846223,1.261566261,31.06146552,-2867830.813,2035020.817,183.5892392,1544.92643,0.154492643,0.154492643,0.4244772735,47.51271184,Retain,-1.01071199,-0.7289664588,0.2817455316,-0.05279005799,0.08808270785,-0.4462398585,-0.303803225,4.938739278,3,0,0.008,0.004,0.542,0.446
233,362,362,5.338063524,424.7982392,2.768660118,34.83855694,-2867465.998,2035243.983,342,342,0.5788887843,643.8846224,1.381976598,93.18439658,-2867589.569,2035441.182,346.7938997,5051.283061,0.5051283061,0.5051283061,0.09462763113,232.7174794,Retain,1.674862951,-0.5466449022,-2.221507853,0.4159052273,-0.69484869950000006,0.9838375856,-2.248988418,5.184762947,2,0,0.018,0.982,0,0
234,457,457,46.46556239,155.0132238,2.980776512,0,-2866980.077,2035012.495,428,428,0.2894443922,858.5128298,1.302940032,138.9110968,-2867014.932,2034892.43,248.4916,2894.441028,0.2894441028,0.2894441028,0.006229217682,125.022317,Retain,3.838711444,-1.239792083,-5.078503527,1.711691196,-0.8275605671,11.84159661,-4.924381515,3.481509476,2,0,0,1,0,0
235,402,402,0.3639602834,816.1578195,1.3889807,49.99672029,-2867716.23,2034782.179,452,452,0.6753702484,643.8846224,1.49270533,31.06146552,-2867696.805,2034760.788,261.9586365,3094.45859,0.309445859,0.309445859,0.850218755,28.89431925,Retain,-1.010710529,-0.3924942224,0.6182163064,-0.2370881902,0.072019963,-0.4759772163,1.730839074,4.441399826,4,0,0,0,0.006,0.994
236,442,442,6.490642041,448.1494095,3.220784932,49.99672029,-2867546.214,2034612.261,447,447,0.3859258562,804.8557779,1.410473959,31.06146552,-2867571.45,2034770.772,310.3069541,3858.709319,0.3858709319,0.3858709319,0.05945034858,160.5080574,Retain,1.870361454,-0.9521100102,-2.822471464,0.5855364233,-0.8256993086,-0.4759772163,-2.74570474,4.71553459,2,0,0.024,0.976,0,0
237,442,442,6.490642041,448.1494095,3.220784932,49.99672029,-2867546.214,2034612.261,460,460,0.1929629281,965.8269335,1.196826841,98.22497853,-2867454.97,2034654.292,186.0276272,1907.903561,0.1907903561,0.1907903561,0.0293946816,100.4597794,Retain,1.870361454,-1.645257191,-3.515618644,0.7678579801,-0.9899513421,0.6752933172,-3.464682025,4.246951613,2,0,0.048,0.952,0,0
238,457,457,46.46556239,155.0132238,2.980776512,0,-2866980.077,2035012.495,461,461,0.4824073203,772.6615469,1.513879513,62.12293105,-2867277.919,2034691.566,110.056439,742.3154923,0.07423154923,0.07423154923,0.001597560546,437.8422347,Retain,3.838711444,-0.728966459,-4.567677903,1.606330681,-0.6775082709,11.03688656,-5.952584787,4.734870155,2,0,0,1,0,0
239,457,457,46.46556239,155.0132238,2.980776512,0,-2866980.077,2035012.495,475,475,0.3859258562,643.8846224,1.128379167,62.12293105,-2867268.601,2034545.577,151.8768785,849.7542998,0.08497542998,0.08497542998,0.001828782987,548.8705104,Retain,3.838711444,-0.9521100103,-4.790821455,1.424009124,-0.9714016034,11.03688656,-5.867079573,4.9608735920000004,2,0,0,1,0,0
240,457,457,46.46556239,155.0132238,2.980776512,0,-2866980.077,2035012.495,480,480,0.1929629281,965.8269336,1.196826841,217.4302587,-2867004.578,2034514.515,186.3686,1929.624246,0.1929624246,0.1929624246,0.004152805103,498.5822366,Retain,3.838711444,-1.645257191,-5.483968635,1.829474232,-0.9125100855,12.28963803,-5.265056247,4.86477977,2,0,0,1,0,0
241,550,550,4.852875759,356.6685119,2.216457581,121.3233894,-2866857.373,2033467.051,609,609,5.402961987,321.9423112,2.111004123,124.2458621,-2866847.607,2033460.644,1718.523567,42291.09694,4.229109694,4.229109694,0.8714646539,11.68035658,Retain,1.579571469,1.686947319,0.1073758501,-0.1024344405,-0.04874651548,0.02380254779,1.907368355,2.240573324,4,0.076,0.004,0,0.076,0.844
242,367,367,151.8912956,152.6108039,5.305750104,0,-2869152.889,2035722.727,312,312,2.026110745,429.2564149,1.723627649,69.45554841,-2868803.185,2035694.111,881.037507,20122.50414,2.012250414,2.012250414,0.01324796399,350.872612,Retain,5.023165105,0.7061180664,-4.317047038,1.034163529,-1.12435999,11.14845663,-4.238817672,3.92120847,2,0,0,1,0,0
243,367,367,151.8912956,152.6108039,5.305750104,0,-2869152.889,2035722.727,313,313,0.2894443922,858.5128298,1.302940032,62.12293105,-2868536.944,2035658.612,248.4918,2894.444134,0.2894444134,0.2894444134,0.001905602373,619.2728068,Retain,5.023165105,-1.239792083,-6.262957187,1.72731071,-1.404167884,11.03688656,-5.84020854,4.489329903,2,0,0,1,0,0
244,367,367,151.8912956,152.6108039,5.305750104,0,-2869152.889,2035722.727,341,341,2.508518066,421.0014839,1.88099357,62.12293105,-2868485.971,2035478.615,1044.486722,23319.42811,2.331942811,2.331942811,0.01535270867,710.1898774,Retain,5.023165105,0.9196921667,-4.103472938,1.014745443,-1.036991026,11.03688656,-4.098905022,4.626316166,2,0,0,1,0,0
245,367,367,151.8912956,152.6108039,5.305750104,0,-2869152.889,2035722.727,344,344,0.3859258563,804.8557779,1.410473959,62.12293105,-2868945.92,2035399.767,310.6148,3859.264023,0.3859264023,0.3859264023,0.002540806573,383.5876374,Retain,5.023165105,-0.9521100101,-5.975275115,1.662772189,-1.324865369,11.03688656,-5.641858737,4.010353112,2,0,0,1,0,0
246,367,367,151.8912956,152.6108039,5.305750104,0,-2869152.889,2035722.727,376,376,0.7718517125,563.3990446,1.396297981,62.12293105,-2868938.155,2035259.99,478.6602074,4700.230006,0.4700230006,0.4700230006,0.003094469625,510.1335378,Retain,5.023165105,-0.2589628297,-5.282127934,1.306097245,-1.334966722,11.03688656,-5.496021422,4.295456881,2,0,0,1,0,0
247,369,369,1.091877282,448.5033912,1.322049494,48.5318035,-2868405.009,2034993.606,403,403,0.1929629281,965.8269336,1.196826841,62.12293105,-2868464.467,2035042.56,82.247442,310.4193125,0.03104193125,0.03104193125,0.02842987189,77.01808066,Retain,0.08789849219,-1.645257191,-1.733155683,0.7670684176,-0.09950942393,0.2468913478,-3.497931975,4.872468889,1,0,0.648,0.346,0.006,0
248,367,367,151.8912956,152.6108039,5.305750104,0,-2869152.889,2035722.727,414,414,0.7718517126,643.8846223,1.595769122,62.12293105,-2869555.501,2035038.677,191.1025821,2071.013035,0.2071013035,0.2071013035,0.001363483685,793.738515,Retain,5.023165105,-0.2589628296,-5.282127934,1.439628637,-1.20143533,11.03688656,-6.047255061,4.737537731,2,0,0,1,0,0
249,376,376,3.700257693,331.0602858,1.7964624279999999,48.53176935,-2868741.057,2034937.648,421,421,0.3859258562,643.8846224,1.128379167,208.3666452,-2868790.613,2034949.376,248.4916,3859.254705,0.3859254705,0.3859254705,0.1042969172,50.92473669,Retain,1.308402464,-0.9521100102,-2.260512474,0.6652190612,-0.465037176,1.457064818,-2.141940653,3.848532139,2,0,0.342,0.658,0,0
250,390,390,8.795696713,263.1594625,2.201654572,48.53176935,-2869231.618,2034843.103,415,415,0.1929629281,965.8269335,1.196826841,69.4555484,-2869054.635,2034980.437,184.6841362,1913.019081,0.1913019081,0.1913019081,0.02174948891,224.0172287,Retain,2.174262592,-1.645257191,-3.819519783,1.300224491,-0.6095354006,0.3584621277,-3.762244815,4.896961073,2,0,0.004,0.996,0,0
251,390,390,8.795696713,263.1594625,2.201654572,48.53176935,-2869231.618,2034843.103,435,435,0.4824073204,643.8846223,1.261566261,62.12293105,-2869564.043,2034834.448,108.7561633,505.4545982,0.05054545982,0.05054545982,0.005746612402,332.537714,Retain,2.174262592,-0.7289664588,-2.903229051,0.8947593825,-0.5568551428,0.2468920514,-4.993956853,5.291989933,2,0,0.022,0.978,0,0
252,390,390,8.795696713,263.1594625,2.201654572,48.53176935,-2869231.618,2034843.103,439,439,0.1929629281,965.8269335,1.196826841,93.18439658,-2869349.719,2034778.538,186.3688,1929.630458,0.1929630458,0.1929630458,0.02193834691,134.5974993,Retain,2.174262592,-1.645257191,-3.819519783,1.300224491,-0.6095354006,0.6523517938,-3.753784568,4.387529914,2,0,0.004,0.996,0,0
253,390,390,8.795696713,263.1594625,2.201654572,48.53176935,-2869231.618,2034843.103,440,440,0.2894443922,858.5128298,1.302940032,31.06146553,-2869033.927,2034799.245,238.5626076,2738.106946,0.2738106946,0.2738106946,0.03113007457,202.4970322,Retain,2.174262592,-1.239792083,-3.414054675,1.182441455,-0.5245858822,-0.4462390323,-3.407369471,4.795963816,2,0,0.008,0.992,0,0
254,390,390,8.795696713,263.1594625,2.201654572,48.53176935,-2869231.618,2034843.103,446,446,1.350740497,413.9258286,1.357074079,31.06146553,-2869163.35,2034818.474,595.0695132,10502.38276,1.050238276,1.050238276,0.1194036482,72.57464641,Retain,2.174262592,0.3006529583,-1.873609634,0.4529266303,-0.4838781865,-0.4462390323,-1.990884467,3.769863064,2,0,0.07,0.93,0,0
255,407,407,1.941124529,355.3074813,1.396452342,102.8948827,-2869570.209,2034591.859,471,471,1.640184889,378.7556602,1.368360733,93.18439658,-2869577.199,2034612.267,572.2969152,13307.02308,1.330702308,1.330702308,0.6855316536,21.57225688,Retain,0.6632674594,0.4948089728,-0.1684584866,0.06390774203,-0.02032150127,-0.09912660935,0.7775939841,3.312185654,3,0.298,0.144,0.03,0.524,0.004
256,417,417,0.4246213468,935.0536175,1.718828296,123.6857457,-2868725.092,2034575.517,474,474,0.4824073204,643.8846223,1.261566261,31.06146552,-2868669.473,2034567.32,25.12451068,27.57201717,0.002757201717,0.002757201717,0.006493318664,56.21942082,Retain,-0.8565574558,-0.7289664587,0.1275909971,-0.3730843205,-0.3092888219,-1.381751931,-4.888235038,5.029923721,3,0.004,0.128,0.18,0.42,0.268
257,417,417,0.4246213468,935.0536175,1.718828296,123.6857457,-2868725.092,2034575.517,479,479,0.1929629281,965.8269336,1.196826841,31.06146552,-2868744.02,2034514.515,116.9157966,361.2478224,0.03612478224,0.03612478224,0.08507528534,63.87107082,Retain,-0.8565574558,-1.645257191,-0.7886997351,0.0323807878,-0.3619690797,-1.381751931,-2.364711848,5.15752586,1,0.014,0.476,0.382,0.12,0.008
258,459,459,1.516508867,519.7633512,1.805606871,199.9879736,-2869436.296,2034222.519,530,530,1.061296105,585.3496567,1.701095599,248.4917242,-2869424.549,2034210.96,618.3810007,9550.018707,0.9550018707,0.9550018707,0.6297370835,16.48056867,Retain,0.4164108949,0.05949090142,-0.3569199935,0.1188357583,-0.05962423845,0.217151333,0.5299786278,3.166402202,1,0.376,0.446,0.056,0.12,0.002
259,466,466,4.36754853,269.3663384,1.588024727,49.99766657,-2868471.417,2034191.553,538,538,4.341665883,329.0965848,1.9344016,31.06146552,-2868435.477,2034209.768,1268.221447,31358.70518,3.135870518,3.135870518,0.7179932854,40.29214523,Retain,1.474201875,1.468258118,-0.005943756258,0.2002789724,0.1973070943,-0.4759961425,0.932381395,3.531445367,3,0.314,0.048,0.066,0.482,0.09
260,246,246,0.3639562391,812.1357481,1.382128046,54.59257277,-2871302.138,2035721.154,311,311,0.2894443922,858.5128298,1.302940032,93.18439658,-2871322.122,2035679.32,141.0049717,1162.147646,0.1162147646,0.1162147646,0.3193097193,46.36225895,Retain,-1.010721641,-1.239792083,-0.2290704418,0.05553412101,-0.05900109991,0.5346748594,-0.7552870202,4.914233076,3,0.014,0.1,0.012,0.87,0.004
261,247,247,0.2426378671,812.135377,1.128503179,97.0666451,-2871451.637,2035669.42,305,305,0.3859258562,643.8846224,1.128379167,93.18439658,-2871461.899,2035694.851,153.218703,1403.731921,0.1403731921,0.1403731921,0.5785296162,27.42334693,Retain,-1.416185206,-0.9521100102,0.4640751958,-0.2321474944,-1.098965321e-4,-0.04081708726,0.316097421,4.591888739,4,0,0,0,0.442,0.558
262,268,268,13.89099398,245.072749,2.576657842,0,-2870983.705,2035722.73,328,328,3.08740685,321.9423112,1.595769122,43.92754582,-2870736.808,2035649.229,1064.742539,25061.19912,2.506119912,2.506119912,0.1804132891,257.6053763,Retain,2.631240715,1.127331531,-1.503909183,0.2728172705,-0.4791373212,10.69031963,-1.509241792,4.808177332,2,0.004,0.012,0.984,0,0
263,294,294,0.8492344981,581.817681,1.512501441,72.79890329,-2870692.648,2035337.344,358,358,0.9648146406,450.7192357,1.248886881,69.45554841,-2870700.893,2035353.175,381.4174306,5966.212782,0.5966212782,0.5966212782,0.702540087,17.84855886,Retain,-0.1634199258,-0.03581927842,0.1276006474,-0.2553125274,-0.1915122038,-0.04701327251,0.8574892284,3.5360537,3,0.092,0.014,0.016,0.642,0.236
264,367,367,151.8912956,152.6108039,5.305750104,0,-2869152.889,2035722.727,363,363,1.157777569,482.9134668,1.465807536,0,-2870126.256,2035319.525,505.5795168,8831.264246,0.8831264246,0.8831264246,0.005814200353,1053.572502,Retain,5.023165105,0.1465022784,-4.876662826,1.151946565,-1.286384848,0,-4.983920731,5.020725391,2,0,0,1,0,0
265,367,367,151.8912956,152.6108039,5.305750104,0,-2869152.889,2035722.727,364,364,0.7718517125,563.3990446,1.396297981,0,-2869994.244,2035298.817,478.1832825,6710.188562,0.6710188562,0.6710188562,0.004417757143,942.1140314,Retain,5.023165105,-0.2589628296,-5.282127934,1.306097245,-1.334966722,0,-5.214649749,4.908909772,2,0,0,1,0,0
266,367,367,151.8912956,152.6108039,5.305750104,0,-2869152.889,2035722.727,365,365,35.40869731,173.6909472,2.915595197,31.06146552,-2869666.216,2035600.609,6527.379131,321971.2358,32.19712358,32.19712358,0.2119747774,527.6528917,Retain,5.023165105,3.566957477,-1.456207628,0.1293866394,-0.5987171745,10.34375547,-1.309624545,4.329222951,2,0.008,0.024,0.96,0.006,0.002
268,293,293,0.4852768089,606.0877643,1.191037274,34.83854486,-2870950.435,2035264.659,362,362,0.3859258562,643.8846224,1.128379167,43.92754582,-2870964.915,2035291.052,181.3483715,1765.160081,0.1765160081,0.1765160081,0.3637429294,30.10397192,Retain,-0.7230358108,-0.9521100103,-0.2290741994,0.06049475111,-0.0540423486,0.231811267,-0.557980336,4.338573187,3,0.026,0.2,0.008,0.764,0.002
269,367,367,151.8912956,152.6108039,5.305750104,0,-2869152.889,2035722.727,427,427,6.65722102,242.623191,1.765931552,31.06146553,-2869982.428,2035035.583,1752.607355,60592.90326,6.059290326,6.059290326,0.03989228153,1077.173266,Retain,5.023165105,1.895702133,-3.127462971,0.4636186708,-1.100112815,10.34375547,-3.157145163,5.042878862,2,0,0.006,0.994,0,0
270,290,290,0.1213190363,1212.176274,1.191037192,48.53260278,-2870830.808,2035288.473,371,371,0.1929629281,965.8269338,1.196826841,69.45554841,-2870825.139,2035259.99,91.45908554,453.4792631,0.04534792631,0.04534792631,0.3737906901,29.04120439,Retain,-2.10933154,-1.645257191,0.4640743485,-0.227187936,0.004849238149,0.3584449554,-0.5149126021,4.995780809,3,0.002,0.008,0.002,0.776,0.212
271,342,342,1.213196689,489.6925964,1.521542943,0,-2870863.918,2034992.847,434,434,1.640184889,454.5067922,1.642032879,31.06146553,-2870856.2,2034924.709,547.8132663,8232.85094,0.823285094,0.823285094,0.6786080949,68.57348195,Retain,0.1932587678,0.4948089728,0.3015502049,-0.07456498196,0.07621012051,10.34375547,0.745748399,4.703656041,4,0.006,0.004,0.006,0.196,0.788
273,350,350,13.76975787,196.8256375,2.060344708,24.26626284,-2871251.084,2035071.387,445,445,21.32240356,192.2913352,2.504798891,43.92754582,-2871397.316,2035084.233,2315.359418,111968.2148,11.19682148,11.19682148,0.8131458505,146.7952449,Retain,2.622474729,3.05975833,0.4372836012,-0.02330665512,0.1953351455,0.5934361215,1.466473666,4.250173115,4,0.026,0.004,0.008,0.004,0.958
274,379,379,1.698477995,580.9567868,2.135840709,0,-2870882.04,2034693.522,457,457,0.9648146407,450.7192356,1.248886881,31.06146552,-2870887.262,2034700.884,421.5444401,7376.126632,0.7376126632,0.7376126632,0.4342786103,9.025578677,Retain,0.529732553,-0.03581927827,-0.5655518313,-0.2538317686,-0.5366076842,10.34375547,-0.2638814974,2.507672078,1,0.03,0.478,0.4,0.078,0.014
279,381,381,1.21320015,407.2732301,1.265456324,24.2658074,-2870758.85,2034705.202,458,458,1.157777569,375.599363,1.140072528,31.06146552,-2870763.016,2034700.884,418.1863163,9638.152245,0.9638152245,0.9638152245,0.7944404101,5.999522044,Retain,0.1932616203,0.1465022785,-0.04675934181,-0.08096123579,-0.1043409067,0.2468907279,1.348306994,2.267580605,3,0.148,0.02,0.08,0.71,0.042
280,406,406,0.3033006109,814.5471079,1.265458527,208.1074057,-2870482.533,2034462.544,488,488,0.1929629281,965.8269335,1.196826841,208.3666452,-2870483.463,2034452.392,168.7908724,1613.419516,0.1613419516,0.1613419516,0.5319539287,10.1941728,Retain,-1.19303085,-1.645257191,-0.4522263406,0.1703523974,-0.05576077295,0.001244919111,0.1277339862,3.490794722,0,0.456,0.294,0.004,0.242,0.004
281,471,471,33.54512393,187.8921556,3.06985892,24.26553391,-2871215.048,2034192.07,504,504,1.157777569,482.9134668,1.465807536,31.06146552,-2870861.377,2034405.8,525.3000912,8335.871835,0.8335871835,0.8335871835,0.02484972735,413.2354896,Retain,3.512891516,0.1465022784,-3.366389237,0.943969322,-0.7392252966,0.2469019983,-3.631316489,4.839939228,2,0,0.004,0.996,0,0
282,471,471,33.54512393,187.8921556,3.06985892,24.26553391,-2871215.048,2034192.07,572,572,26.62888408,172.6357321,2.51305644,31.06146552,-2871211.719,2034221.007,4448.466791,228284.2225,22.82842225,22.82842225,0.6805287795,29.12793103,Retain,3.512891516,3.281996494,-0.2308950211,-0.0846843781,-0.2001318887,0.2469019983,0.7545460032,2.187651059,2,0.21,0.034,0.708,0.036,0.012
283,8,8,2.183626468,383.1871939,1.597332137,24.99144881,-2870664.076,2040862.818,1,1,0.3859258562,643.8846224,1.128379167,31.06146552,-2870654.301,2040913.177,242.5609122,3666.515301,0.3666515301,0.3666515301,0.167909455,51.29869369,Retain,0.7809870122,-0.9521100103,-1.733097022,0.5189959256,-0.3475525857,0.2174264623,-1.595779532,4.119556218,2,0,0.458,0.542,0,0
285,422,422,0.2426407965,812.1311184,1.128504074,76.96937239,-2870714.123,2034307.671,511,511,0.3859258562,643.8846224,1.128379167,62.12293106,-2870716.424,2034297.085,188.4058078,2211.298418,0.2211298418,0.2211298418,0.9113465046,10.83298731,Retain,-1.416173133,-0.9521100103,0.4640631227,-0.2321422508,-1.106894179e-4,-0.2142892957,2.320067668,3.663139675,4,0.008,0.004,0,0.274,0.714
286,8,8,2.183626468,383.1871939,1.597332137,24.99144881,-2870664.076,2040862.818,2,2,0.4824073203,643.8846224,1.261566261,31.06146552,-2870707.105,2040823.099,311.916777,4192.484628,0.4192484628,0.4192484628,0.1919964192,58.55889821,Retain,0.7809870122,-0.728966459,-1.509953471,0.5189959256,-0.23598081,0.2174264623,-1.433131708,4.251921568,2,0,0.338,0.662,0,0
287,23,23,127.1361721,115.400123,3.670590238,24.27080121,-2871281.802,2040334.27,4,4,1.447221961,558.0333394,1.893750613,31.06146552,-2871580.968,2040810.674,451.1669581,2535.456602,0.2535456602,0.2535456602,0.001994284208,562.5484122,Retain,4.845258733,0.3696458297,-4.475612903,1.576013289,-0.661793163,0.2466849615,-5.810055293,4.482214551,2,0,0,1,0,0
289,27,27,290.4234288,104.535403,5.025442292,24.2707153,-2874037.376,2040130.083,5,5,0.3859258562,643.8846224,1.128379167,31.06146552,-2872145.251,2040664.685,250.0370688,3845.288149,0.3845288149,0.3845288149,0.001324028218,1966.198944,Retain,5.671339957,-0.9521100103,-6.623449968,1.817993753,-1.493731231,0.2466885009,-6.064129217,5.320552961,2,0,0,1,0,0
290,27,27,290.4234288,104.535403,5.025442292,24.2707153,-2874037.376,2040130.083,16,16,0.8683331766,500.7991507,1.316442362,0,-2873016.698,2040359.248,408.4239676,7822.271844,0.7822271844,0.7822271844,0.002693402484,1046.088702,Retain,5.671339957,-0.141179794,-5.812519751,1.566679325,-1.339580551,-10.09706697,-5.599512326,4.689509363,2,0,0,1,0,0
291,27,27,290.4234288,104.535403,5.025442292,24.2707153,-2874037.376,2040130.083,28,28,2.315555137,509.7419927,2.188129613,31.06146552,-2873148.277,2040236.296,1199.961891,20484.27861,2.048427861,2.048427861,0.00705324591,895.4206911,Retain,5.671339957,0.839649459,-4.831690498,1.584378902,-0.8314663473,0.2466885009,-4.815608409,4.533989735,2,0,0,1,0,0
292,27,27,290.4234288,104.535403,5.025442292,24.2707153,-2874037.376,2040130.083,45,45,117.6109047,151.5954771,4.637726224,0,-2873335.512,2040508.372,18512.69112,1125066.965,112.5066965,112.5066965,0.3873885002,797.3182087,Retain,5.671339957,4.767381758,-0.9039581992,0.3716898394,-0.08028926023,-10.09706697,-0.4573558634,4.417950076,2,0.022,0.21,0.762,0.006,0
293,23,23,127.1361721,115.400123,3.670590238,24.27080121,-2871281.802,2040334.27,47,47,127.7414584,117.6888811,3.752290355,31.06146552,-2871287.565,2040334.692,16267.47188,1111033.368,111.1033368,111.1033368,0.8738924179,5.778066328,Retain,4.845258733,4.850008365,0.004749632204,0.01963912195,0.02201393805,0.2466849615,1.929067097,-0.09602228886,0,0.38,0.216,0.2,0.072,0.132
296,14,14,3.457422473,456.7802387,2.3959546880000002,34.83755283,-2872296.137,2040329.36,22,22,0.5788887843,536.5705186,1.151647165,217.4302587,-2872393.743,2040276.417,350.8495837,4297.204645,0.4297204645,0.4297204645,0.1242892553,111.0398982,Retain,1.240523361,-0.5466449022,-1.787168264,0.1609955984,-0.7325885335,1.831158135,-1.945552008,4.662001847,2,0.006,0.146,0.846,0.002,0
297,27,27,290.4234288,104.535403,5.025442292,24.2707153,-2874037.376,2040130.083,49,49,2.508518066,346.7071043,1.549053529,31.06146552,-2873992.213,2039688.639,872.4683322,24723.01724,2.472301724,2.472301724,0.008512748902,443.7490824,Retain,5.671339957,0.9196921667,-4.751647791,1.198954545,-1.176869351,0.2466885009,-4.647581279,3.831956491,2,0,0.002,0.998,0,0
298,27,27,290.4234288,104.535403,5.025442292,24.2707153,-2874037.376,2040130.083,54,54,0.3859258562,804.8557779,1.410473959,62.12293105,-2874071.062,2039437.757,310.6146,3859.260917,0.3859260917,0.3859260917,0.001328839389,693.1449138,Retain,5.671339957,-0.9521100103,-6.623449968,2.041137304,-1.270587679,0.9398195847,-6.062056358,4.277935495,2,0,0.002,0.998,0,0
299,27,27,290.4234288,104.535403,5.025442292,24.2707153,-2874037.376,2040130.083,57,57,0.6753702484,643.8846224,1.49270533,62.12293105,-2874135.403,2039255.826,424.337922,6092.608842,0.6092608842,0.6092608842,0.002097836551,879.7358706,Retain,5.671339957,-0.3924942223,-6.06383418,1.817993753,-1.213923337,0.9398195848,-5.775952858,4.516317816,2,0,0.002,0.998,0,0
300,34,34,1.395120013,422.6910754,1.408393236,314.4501172,-2870546.071,2039104.076,62,62,1.254259033,396.2366907,1.251824291,307.4928207,-2870564.7,2039108.028,487.3396853,10601.49568,1.060149568,1.060149568,0.7598984735,19.043447,Retain,0.3329804424,0.2265449861,-0.1064354563,-0.06462985753,-0.1178475857,-0.02237364217,1.149281821,3.352650285,3,0.11,0.078,0.084,0.706,0.022
301,232,232,415.9319089,107.1483529,6.164412426,0,-2868754.274,2038202.921,76,76,0.1929629281,965.8269335,1.196826841,0,-2869737.987,2038645.69,165.6132905,1276.414377,0.1276414377,0.1276414377,3.068806095e-4,1078.765778,Retain,6.030521566,-1.645257191,-7.675778757,2.19877031,-1.639119069,0,-6.640805075,4.540677955,2,0,0,1,0,0
302,232,232,415.9319089,107.1483529,6.164412426,0,-2868754.274,2038202.921,79,79,1.157777569,482.9134668,1.465807536,0,-2869719.868,2038557.683,559.1064,11577.76722,1.157776722,1.157776722,0.002783572737,1028.701683,Retain,6.030521566,0.1465022785,-5.884019288,1.505623129,-1.436386515,0,-5.575301382,4.493157916,2,0,0,1,0,0
303,38,38,0.545917945,635.651873,1.324884698,314.4501172,-2870869.593,2038794.092,71,71,0.6753702485,551.9011048,1.279461712,307.4928207,-2870873.95,2038794.341,340.051998,5221.315295,0.5221315295,0.5221315295,0.9564285883,4.363598399,Retain,-0.6052865985,-0.3924942222,0.2127923762,-0.1412821716,-0.03488598347,-0.02237364217,3.067158478,2.348534423,4,0.058,0.004,0.014,0.348,0.576
304,93,93,42.82469283,209.2608783,3.863049206,24.26796214,-2870910.301,2037665.338,99,99,0.7718517125,643.8846223,1.595769122,31.06146553,-2870417.457,2038172.003,208.2049221,694.4953701,0.06944953701,0.06944953701,0.001621717108,706.8269811,Retain,3.757114871,-0.2589628296,-4.016077701,1.123937857,-0.8841009935,0.2468019382,-5.943303881,5.254594835,2,0,0,1,0,0
305,93,93,42.82469283,209.2608783,3.863049206,24.26796214,-2870910.301,2037665.338,110,110,1.833147817,440.5526363,1.682641576,167.271111,-2870130.343,2038022.009,604.2889527,10498.8694,1.04988694,1.04988694,0.02451592459,857.6413994,Retain,3.757114871,0.6060346079,-3.151080264,0.7444482354,-0.8310918964,1.930423638,-3.644655691,5.447994736,2,0,0.032,0.968,0,0
306,54,54,0.1213155489,1212.235334,1.191078103,72.80574072,-2871363.605,2038100.456,101,101,0.3859258563,643.8846223,1.128379167,62.12293105,-2871368.714,2038086.584,147.062995,1213.155489,0.1213155489,0.1213155489,1,14.78374235,Retain,-2.109360286,-0.9521100102,1.157250275,-0.6327017659,-0.05407662815,-0.1586772654,6.908754779,4.320640812,4,0,0,0,0.18,0.82
308,56,56,0.242631668,812.1446708,1.128501677,48.53708005,-2871241.624,2038099.385,102,102,0.8683331766,643.8846224,1.692568751,62.12293105,-2871204.779,2038109.017,198.7457089,2297.931075,0.2297931075,0.2297931075,0.9470862127,38.08377073,Retain,-1.416210755,-0.141179794,1.275030961,-0.2321589381,0.40535654250000003,0.2467826322,2.867059201,4.920284804,4,0,0,0.008,0.02,0.972
309,141,141,0.2426352236,812.1393975,1.128502618,97.06961431,-2870907.802,2036624.463,202,202,0.3859258563,643.8846223,1.128379167,93.18439658,-2870902.792,2036626.695,196.6222767,2425.26433,0.242526433,0.242526433,0.9995516289,5.484136447,Retain,-1.416196101,-0.9521100102,0.4640860907,-0.2321524451,-1.093997198e-4,-0.04084767589,6.537867241,2.982504963,4,0.056,0.004,0,0.222,0.718
310,521,521,1048.785056,114.4683211,10.45739774,0,-2873415.386,2036962.248,213,213,0.3859258562,643.8846224,1.128379167,31.06146552,-2873232.402,2036533.51,249.4274009,3759.800388,0.3759800388,0.3759800388,3.584910337e-4,466.1533328,Retain,6.955387684,-0.9521100103,-7.907497694,1.727221439,-2.226527408,10.34375547,-6.602022033,3.239187867,2,0,0,1,0,0
311,232,232,415.9319089,107.1483529,6.164412426,0,-2868754.274,2038202.921,218,218,4.824073203,296.1869263,1.83513449,31.06146552,-2869614.363,2036520.465,1359.028909,39595.16528,3.959516528,3.959516528,0.009519626753,1889.553735,Retain,6.030521566,1.573618634,-4.456902932,1.016776412,-1.211675054,10.34375547,-4.545956426,5.10120065,2,0,0,1,0,0
313,208,208,66.5424881,159.976942,3.681306492,0,-2871500.083,2036935.679,206,206,0.3859258563,643.8846223,1.128379167,0,-2871244.468,2036595.633,239.1070987,3525.888591,0.3525888591,0.3525888591,0.005298702666,425.4056972,Retain,4.197840662,-0.9521100102,-5.149950673,1.39248986,-1.182485477,0,-5.063103624,4.526490258,2,0,0,1,0,0
314,208,208,66.5424881,159.976942,3.681306492,0,-2871500.083,2036935.679,214,214,5.69240638,261.9191684,1.762829459,62.12293105,-2871510.597,2036580.629,1239.278657,45803.03763,4.580303763,4.580303763,0.06883276976,355.2058531,Retain,4.197840662,1.739133073,-2.45870759,0.4930062463,-0.7363475487,11.03688656,-2.59140885,4.346144916,2,0.002,0.012,0.986,0,0
316,521,521,1048.785056,114.4683211,10.45739774,0,-2873415.386,2036962.248,227,227,1.833147817,406.663972,1.553207608,0,-2873690.968,2036444.413,801.8170352,16829.61074,1.682961074,1.682961074,0.001604676826,586.5985426,Retain,6.955387684,0.6060346078,-6.349353076,1.26768911,-1.906987428,0,-5.949841811,3.469013478,2,0,0.004,0.996,0,0
317,145,145,0.4246120387,817.2864378,1.502330595,48.53461942,-2874054.009,2036329.978,230,230,0.7718517125,563.3990446,1.396297981,43.92754581,-2874043.883,2036319.963,338.6085528,3831.76479,0.383176479,0.383176479,0.9024154854,14.24235461,Retain,-0.8565793771,-0.2589628296,0.5976165475,-0.3720014709,-0.07319319714,-0.09973359448,2.215268368,3.656945086,4,0.004,0.002,0.002,0.034,0.958
318,155,155,0.9705421727,506.0848616,1.406454284,24.9962046,-2872884.66,2036359.882,228,228,0.6753702484,551.9011049,1.279461712,196.449957,-2872866.321,2036362.672,371.9566782,4920.747668,0.4920747668,0.4920747668,0.5070101853,18.55079659,Retain,-0.02990042271,-0.3924942223,-0.3625937996,0.08666450647,-0.09463239335,2.061648815,0.02798659805,3.50788179,1,0.098,0.794,0.026,0.082,0
319,167,167,0.8492250917,580.0995433,1.508026594,49.99249541,-2873776.173,2036171.441,246,246,0.6753702485,551.9011049,1.279461712,87.85509163,-2873775.978,2036176.304,378.0830745,6096.448948,0.6096448948,0.6096448948,0.7178837517,4.86691825,Retain,-0.1634310022,-0.3924942222,-0.2290632201,-0.0498308429,-0.164362453,0.5638072483,0.9318420794,2.236746826,3,0.174,0.16,0.14,0.496,0.03
320,172,172,0.2426357579,812.1386202,1.128502781,145.6028857,-2873131.289,2036164.043,243,243,0.3859258563,804.8557779,1.410473959,155.3073276,-2873201.341,2036176.304,88.42108282,465.4526737,0.04654526737,0.04654526737,0.1918318543,71.11652743,Retain,-1.416193899,-0.9521100101,0.4640838885,-0.009007936619,0.2230340076,0.06452252833,-1.434188151,5.544795717,4,0,0.008,0.016,0.398,0.578
321,193,193,1.273839631,465.223815,1.481202323,48.53431669,-2871470.745,2036236.12,254,254,1.350740497,459.9175874,1.507860088,0,-2871519.584,2036134.149,177.8584317,1365.161508,0.1365161508,0.1365161508,0.1071690246,113.0639732,Retain,0.2420356712,0.3006529583,0.05861728701,-0.01147129666,0.01783734684,-10.79004699,-2.111821645,5.179309745,3,0.024,0.036,0.182,0.472,0.286
322,201,201,5.398651711,365.8162381,2.397732348,24.99617448,-2873543.066,2036065.307,242,242,0.4824073203,643.8846224,1.261566261,62.12293105,-2873484,2036213.577,304.7678877,4390.426859,0.4390426859,0.4390426859,0.08132450645,159.6019932,Retain,1.686149239,-0.7289664589,-2.415115698,0.5653884265,-0.6421694226,0.9103684803,-2.41335205,4.801979763,2,0,0.026,0.974,0,0
323,367,367,151.8912956,152.6108039,5.305750104,0,-2869152.889,2035722.727,259,259,0.4824073203,643.8846224,1.261566261,31.06146553,-2869632.378,2036076.907,314.9339902,4585.719829,0.4585719829,0.4585719829,0.003019080067,596.1152433,Retain,5.023165105,-0.728966459,-5.752131564,1.439628637,-1.436437144,10.34375547,-5.51468112,4.451218078,2,0,0,1,0,0
324,521,521,1048.785056,114.4683211,10.45739774,0,-2873415.386,2036962.248,263,263,2.315555137,321.9423112,1.381976598,0,-2874005.056,2036053.352,755.8856765,21236.89493,2.123689493,2.123689493,0.002024904418,1083.42156,Retain,6.955387684,0.839649459,-6.115738225,1.034074259,-2.023794854,0,-5.799850355,4.082551448,2,0,0,1,0,0
326,213,213,16.13527235,228.6703867,2.591153518,24.26695586,-2871908.361,2036363.683,264,264,16.78777475,240.5316118,2.780121627,31.06146554,-2871919.431,2036318.044,3600.251285,119652.6565,11.96526565,11.96526565,0.7415595717,46.96261306,Retain,2.781007705,2.820650928,0.03964322324,0.0505699155,0.07039152712,0.2468434029,1.051575986,3.031234202,4,0.266,0.044,0.058,0.22,0.412
327,201,201,5.398651711,365.8162381,2.397732348,24.99617448,-2873543.066,2036065.307,268,268,1.543703425,523.1562557,1.833616146,31.06146552,-2873632.319,2036022.938,943.7178313,12528.47375,1.252847375,1.252847375,0.2320667163,98.79890951,Retain,1.686149239,0.4341843509,-1.251964888,0.3577490617,-0.2682333825,0.2172373964,-1.19367946,4.322387012,2,0,0.05,0.95,0,0
328,521,521,1048.785056,114.4683211,10.45739774,0,-2873415.386,2036962.248,271,271,0.1929629281,965.8269336,1.196826841,62.12293105,-2872455.866,2035896.75,66.00662746,269.9399858,0.02699399858,0.02699399858,2.573835166e-5,1433.863596,Retain,6.955387684,-1.645257191,-8.600644874,2.132686547,-2.16763589,11.03688656,-6.88331637,4.362799694,2,0,0,1,0,0
330,208,208,66.5424881,159.976942,3.681306492,0,-2871500.083,2036935.679,340,340,22.67314405,252.0739798,3.385937676,0,-2871110.243,2036097.923,2830.214025,86927.14846,8.692714846,8.692714846,0.1306340519,924.0187729,Retain,4.197840662,3.121181143,-1.07665952,0.4546929228,-0.08363683709,0,-1.888888015,5.302178082,2,0.006,0.062,0.932,0,0
331,73,73,0.3639490783,678.7823604,1.155170069,74.98437915,-2870432.152,2037786.437,114,114,0.3859258562,643.8846224,1.128379167,111.9937067,-2870436.87,2037775.969,212.3669403,2814.201807,0.2814201807,0.2814201807,0.7732405367,11.48220777,Retain,-1.010741316,-0.9521100103,0.05863130544,-0.05278099431,-0.02346534159,0.4011584583,1.22359251,3.518621375,3,0.062,0.014,0.002,0.746,0.176
333,219,219,0.6065920985,567.2928054,1.246380708,76.97256322,-2871473.674,2035981.187,272,272,2.412036601,437.8415432,1.918244584,0,-2871551.977,2035983.722,342.4206422,5474.045787,0.5474045787,0.5474045787,0.9024261609,78.34431688,Retain,-0.4998987097,0.8804714535,1.380370163,-0.2590185107,0.4311665709,-11.25121731,2.215388479,5.183440493,4,0.002,0,0.016,0,0.982
334,93,93,42.82469283,209.2608783,3.863049206,24.26796214,-2870910.301,2037665.338,119,119,0.8683331766,572.3418865,1.504505556,31.06146552,-2871408.404,2037743.182,473.3633141,7638.636955,0.7638636955,0.7638636955,0.01783699182,504.1490031,Retain,3.757114871,-0.141179794,-3.898294665,1.006154821,-0.9429925113,0.2468019381,-3.954952347,4.916681356,2,0,0,1,0,0
335,208,208,66.5424881,159.976942,3.681306492,0,-2871500.083,2036935.679,134,134,2.219073673,335.939803,1.411699925,0,-2871280.257,2037317.475,777.4343059,20117.9538,2.01179538,2.01179538,0.03023324552,440.558042,Retain,4.197840662,0.7970898446,-3.400750818,0.7419022937,-0.9584731153,0,-3.436603139,4.561489082,2,0,0,1,0,0
336,208,208,66.5424881,159.976942,3.681306492,0,-2871500.083,2036935.679,138,138,3.376851242,331.1406629,1.716578017,87.85509163,-2872060.498,2037258.13,1103.845961,31804.35365,3.180435365,3.180435365,0.04779555823,646.5593559,Retain,4.197840662,1.21694369,-2.980896972,0.7275135562,-0.7629349299,11.38345543,-2.972190116,4.945111163,2,0,0.01,0.99,0,0
337,79,79,1.091849047,451.1900622,1.329951774,142.6405548,-2870219.27,2037668.389,121,121,0.4824073203,772.6615469,1.513879513,158.3830188,-2870197.697,2037673.466,370.0276599,4262.744828,0.4262744828,0.4262744828,0.390415217,22.1623947,Retain,0.08787263284,-0.728966459,-0.8168390918,0.5379524345,0.1295328886,0.1046877093,-0.444648226,3.626870667,1,0.07,0.872,0.042,0.016,0
338,208,208,66.5424881,159.976942,3.681306492,0,-2871500.083,2036935.679,142,142,9.069257622,287.6931291,2.444051918,0,-2871541.535,2037304.76,2748.819546,74730.59031,7.473059031,7.473059031,0.1123050737,371.4011825,Retain,4.197840662,2.204890411,-1.992950252,0.5868646959,-0.4096104299,0,-2.059670063,4.390730137,2,0.002,0.034,0.964,0,0
339,93,93,42.82469283,209.2608783,3.863049206,24.26796214,-2870910.301,2037665.338,154,154,34.73332706,219.9939126,3.657454438,31.06146552,-2870963.88,2037589.687,7567.31321,297460.9996,29.74609996,29.74609996,0.6946015954,92.70300852,Retain,3.757114871,3.54769966,-0.2094152113,0.05001818101,-0.05468942466,0.2468019381,0.8198908451,3.223219221,2,0.238,0.1,0.604,0.04,0.018
340,208,208,66.5424881,159.976942,3.681306492,0,-2871500.083,2036935.679,157,157,2.60499953,405.4088363,1.845831712,31.06146554,-2871827.159,2037047.175,1015.990855,22784.58184,2.278458184,2.278458184,0.03424065208,345.5571622,Retain,4.197840662,0.9574324947,-3.240408168,0.9298663379,-0.690337746,10.34375547,-3.311749295,4.318605583,2,0,0.014,0.986,0,0
342,109,109,2.062392007,526.914413,2.134620887,48.5353741,-2872277.461,2036821.524,152,152,0.1929629281,965.8269336,1.196826841,93.18439658,-2872222.905,2037030.494,153.9598447,1283.569538,0.1283569538,0.1283569538,0.06223693329,215.974261,Retain,0.7238664776,-1.645257191,-2.369123668,0.6059465292,-0.578615305,0.6522775221,-2.697674604,5.585595573,2,0,0.224,0.776,0,0
343,208,208,66.5424881,159.976942,3.681306492,0,-2871500.083,2036935.679,158,158,0.6753702485,643.8846223,1.49270533,62.12293106,-2871344.309,2036975.027,434.8606,6753.701945,0.6753701945,0.6753701945,0.01014945809,160.6667132,Retain,4.197840662,-0.3924942223,-4.590334885,1.39248986,-0.9026775825,11.03688656,-4.487172812,3.552782951,2,0,0,1,0,0
344,232,232,415.9319089,107.1483529,6.164412426,0,-2868754.274,2038202.921,159,159,0.6753702484,551.9011049,1.279461712,93.18439658,-2869955.418,2036983.902,322.1834194,4797.540553,0.4797540553,0.4797540553,0.001153443737,1711.360489,Retain,6.030521566,-0.3924942223,-6.423015789,1.639154522,-1.572353372,11.4423463,-6.140533525,5.002148685,2,0,0,1,0,0
345,208,208,66.5424881,159.976942,3.681306492,0,-2871500.083,2036935.679,165,165,2.315555137,429.2564149,1.842635464,31.06146552,-2871578.379,2036947.663,993.9668,23155.54686,2.315554686,2.315554686,0.03479813804,79.2081041,Retain,4.197840662,0.839649459,-3.358191203,0.9870247517,-0.69207085,10.34375547,-3.295476897,2.845535855,2,0,0.004,0.996,0,0
347,94,94,0.6672441687,592.8288405,1.366050596,24.26773158,-2872727.04,2036965.583,162,162,1.350740497,505.9093461,1.658646096,186.3687931,-2872688.827,2036994.995,381.6534133,5455.433888,0.5455433888,0.5455433888,0.8176068289,48.22125884,Retain,-0.40459923,0.3006529583,0.7052521883,-0.1585482288,0.1940778654,2.03854408,1.495971582,4.650485274,4,0.006,0,0,0.002,0.992
348,109,109,2.062392007,526.914413,2.134620887,48.5353741,-2872277.461,2036821.524,177,177,0.5788887844,643.8846224,1.381976598,62.12293105,-2872228.082,2036792.356,158.2495675,734.71485499999994,0.0734714855,0.0734714855,0.03562440373,57.35094771,Retain,0.7238664776,-0.5466449021,-1.27051138,0.2004814211,-0.4347742688,0.2468177796,-3.271802458,4.259638509,2,0,0.33,0.666,0.004,0
349,208,208,66.5424881,159.976942,3.681306492,0,-2871500.083,2036935.679,178,178,0.3859258562,643.8846224,1.128379167,31.06146552,-2871492.96,2036782.002,248.4916,3859.254705,0.3859254705,0.3859254705,0.005799685005,153.8421341,Retain,4.197840662,-0.9521100103,-5.149950673,1.39248986,-1.182485477,10.34375547,-4.98606775,3.509378086,2,0,0.002,0.998,0,0
350,208,208,66.5424881,159.976942,3.681306492,0,-2871500.083,2036935.679,179,179,0.5788887843,751.1987261,1.612306031,31.06146552,-2871197.876,2036844.125,434.8606,5788.894481,0.5788894481,0.5788894481,0.008699546179,315.7705631,Retain,4.197840662,-0.5466449022,-4.744485565,1.54664054,-0.8256022427,10.34375547,-4.627946839,4.228463662,2,0,0,1,0,0
351,208,208,66.5424881,159.976942,3.681306492,0,-2871500.083,2036935.679,189,189,0.1929629282,965.8269334,1.196826841,62.12293105,-2871663.798,2036719.879,16.81318753,3.021321241,3.021321241e-4,3.021321241e-4,4.54043924e-6,270.8733679,Retain,4.197840662,-1.645257191,-5.843097853,1.797954968,-1.123593959,11.03688656,-6.904220081,4.075099738,2,0,0,1,0,0
352,521,521,1048.785056,114.4683211,10.45739774,0,-2873415.386,2036962.248,418,418,719.7517219,116.6069872,8.824924508,0,-2873609.183,2037971.065,83028.86741,6413495.595,641.3495595,641.3495595,0.6115166839,1027.262984,Retain,6.955387684,6.578906322,-0.3764813617,0.0185110839,-0.1697295969,0,0.4527551508,4.029325322,2,0.014,0.114,0.864,0.004,0.004
355,126,126,2.547664577,464.0800731,2.089580531,0,-2873090.212,2036670.643,201,201,1.640184889,378.7556602,1.368360733,43.92754581,-2873074.354,2036684.25,657.1523011,12431.4107,1.24314107,1.24314107,0.4879531949,20.89548586,Retain,0.9351770875,0.4948089727,-0.4403681148,-0.2031658075,-0.4233498649,10.69031963,-0.04810031023,3.144357404,1,0.048,0.546,0.306,0.072,0.028
359,221,221,1.516479054,455.7591546,1.583247011,48.53374431,-2872993.325,2035843.113,303,303,1.640184889,492.3823582,1.778868953,62.12293106,-2873017.713,2035792.603,522.3573369,7131.777172,0.7131777172,0.7131777172,0.4702852409,56.08911061,Retain,0.4163912358,0.4948089728,0.07841773694,0.07729106541,0.1164999339,0.2468513589,-0.1187611822,4.391128841,3,0.02,0.06,0.026,0.472,0.422
360,238,238,3.214940157,306.0125516,1.547821072,34.83845048,-2871874.331,2035814.141,286,286,1.254259033,544.8254497,1.7212584,31.06146553,-2871881.228,2035848.964,677.4570375,11463.43525,1.146343525,1.146343525,0.3565676089,35.49890286,Retain,1.167808744,0.2265449861,-0.9412637578,0.5768393483,0.1062074694,-0.114750185,-0.5890454554,3.557990531,2,0.06,0.424,0.508,0.008,0
361,238,238,3.214940157,306.0125516,1.547821072,34.83845048,-2871874.331,2035814.141,310,310,0.6753702484,551.9011049,1.279461712,31.06146553,-2871805.793,2035701.507,210.9992939,2116.920543,0.2116920543,0.2116920543,0.06584634361,131.8480236,Retain,1.167808744,-0.3924942223,-1.560302966,0.5897427531,-0.1904087299,-0.114750185,-2.638314248,4.870118078,2,0.002,0.08,0.916,0,0.002
362,521,521,1048.785056,114.4683211,10.45739774,0,-2873415.386,2036962.248,320,320,1.543703425,402.427889,1.410473959,0,-2872085.069,2035675.437,607.4196459,8151.655602,0.8151655602,0.8151655602,7.772474976e-4,1850.844184,Retain,6.955387684,0.4341843509,-6.521203333,1.25721781,-2.003383856,0,-6.332912189,4.618068771,2,0,0,1,0,0
363,521,521,1048.785056,114.4683211,10.45739774,0,-2873415.386,2036962.248,336,336,0.3859258562,643.8846224,1.128379167,31.06146552,-2872269.497,2035477.421,104.1661728,391.3329883,0.03913329883,0.03913329883,3.731298288e-5,1875.573158,Retain,6.955387684,-0.9521100102,-7.907497694,1.727221439,-2.226527408,10.34375547,-6.872083804,4.63134121,2,0,0,1,0,0
364,521,521,1048.785056,114.4683211,10.45739774,0,-2873415.386,2036962.248,350,350,0.1929629281,965.8269336,1.196826841,43.92754582,-2873014.972,2035368.705,158.4407824,1493.752194,0.1493752194,0.1493752194,1.424269144e-4,1643.079084,Retain,6.955387684,-1.645257191,-8.600644874,2.132686547,-2.16763589,10.69031963,-6.775457613,4.49899896,2,0,0,1,0,0
365,521,521,1048.785056,114.4683211,10.45739774,0,-2873415.386,2036962.248,351,351,0.1929629281,965.8269336,1.196826841,31.06146552,-2872222.905,2035384.236,85.58485417,451.1055521,0.04511055521,0.04511055521,4.301220251e-5,1977.911352,Retain,6.955387684,-1.645257191,-8.600644874,2.132686547,-2.16763589,10.34375547,-6.866598934,4.684468301,2,0,0,1,0,0
366,521,521,1048.785056,114.4683211,10.45739774,0,-2873415.386,2036962.248,357,357,0.1929629281,965.8269335,1.196826841,43.92754582,-2872549.05,2035306.583,186.3688,1929.630458,0.1929630458,0.1929630458,1.839872191e-4,1868.626812,Retain,6.955387684,-1.645257191,-8.600644874,2.132686547,-2.16763589,10.69031963,-6.739683217,4.627630751,2,0,0,1,0,0
367,299,299,0.7279156483,543.431926,1.307918687,24.26638664,-2872287.003,2035157.658,381,381,0.3859258562,804.855778,1.410473959,87.85509163,-2872347.15,2035205.633,130.9001252,466.9026285,0.04669026285,0.04669026285,0.06414240847,76.93635644,Retain,-0.3175701052,-0.9521100103,-0.6345399051,0.3927586561,0.07548870354,1.286566818,-2.665955514,5.074141534,1,0.002,0.84,0.102,0.056,0
368,347,347,0.2426395707,812.132924,1.128503732,157.2236794,-2871828.66,2034755.145,450,450,0.1929629281,965.8269335,1.196826841,155.3073276,-2871788.044,2034731.945,31.73013782,10.76205496,0.001076205496,0.001076205496,0.004435408012,46.7744859,Retain,-1.416178185,-1.645257191,-0.2290790059,0.1733206341,0.05878113113,-0.01226350964,-5.211379367,5.125813295,3,0.032,0.188,0.04,0.73,0.01
369,378,378,0.4246200189,696.1130821,1.279602548,24.99813946,-2872187.223,2034551.003,481,481,0.7718517125,563.3990445,1.396297981,138.9110968,-2872137.486,2034498.984,152.1021338,1297.113886,0.1297113886,0.1297113886,0.3054763856,71.97032543,Retain,-0.8565605831,-0.2589628296,0.5975977534,-0.2115239619,0.08727491485,1.714999933,-0.8195242569,5.276913016,4,0,0.008,0.022,0.162,0.808
370,471,471,33.54512393,187.8921556,3.06985892,24.26553391,-2871215.048,2034192.07,526,526,1.061296105,468.2797253,1.360876479,62.12293105,-2871587.556,2034233.55,525.9934724,9761.624265,0.9761624265,0.9761624265,0.02909997973,374.8111532,Retain,3.512891516,0.05949090143,-3.453400614,0.9131976633,-0.8135026437,0.9400330822,-3.474728441,4.742344161,2,0,0.002,0.998,0,0
371,471,471,33.54512393,187.8921556,3.06985892,24.26553391,-2871215.048,2034192.07,542,542,0.2894443922,858.5128297,1.302940032,62.12293105,-2871653.444,2034074.478,157.6698507,1247.30576,0.124730576,0.124730576,0.0037182923,453.8937805,Retain,3.512891516,-1.239792083,-4.752683598,1.519333467,-0.8570083323,0.9400330822,-5.353586352,4.933784595,2,0,0,1,0,0
373,421,421,1.395183187,458.5058903,1.527761651,0,-2871863.523,2034264.425,524,524,1.543703425,482.9134668,1.692568751,138.9110968,-2871896.759,2034279.613,545.7166007,9273.12692,0.927312692,0.927312692,0.6646530009,36.54180384,Retain,0.3330257235,0.4341843509,0.1011586274,0.05186434126,0.102443655,11.84159661,0.6826251524,4.004336363,3,0.012,0.018,0,0.558,0.412
374,480,480,1.334531548,404.4148433,1.317912502,121.3255449,-2871939.978,2033690.083,579,579,1.736666353,429.2564149,1.595769122,186.3687932,-2871950.254,2033720.722,472.6787753,7634.980609,0.7634980609,0.7634980609,0.5721094132,32.31636969,Retain,0.2885803301,0.5519673865,0.2633870564,0.0596132531,0.1913067813,0.4292472069,0.2898748023,3.903679625,4,0.02,0.024,0.004,0.232,0.72
375,521,521,1048.785056,114.4683211,10.45739774,0,-2873415.386,2036962.248,281,281,0.4824073203,643.8846224,1.261566261,0,-2873862.95,2035853.264,266.1103796,2626.418364,0.2626418364,0.2626418364,2.504248463e-4,1195.891973,Retain,6.955387684,-0.7289664589,-7.684354142,1.727221439,-2.114955632,0,-6.685021203,4.181319544,2,0,0.004,0.996,0,0
376,493,493,4.246237506,335.9349407,1.952775809,102.8978704,-2871544.529,2033656.651,590,590,2.701480994,367.9340699,1.705948949,138.9110968,-2871538.443,2033634.81,1040.951936,23825.53693,2.382553693,2.382553693,0.5610976046,22.67244952,Retain,1.446033298,0.9938001388,-0.4522331592,0.09098625189,-0.1351303277,0.3000946705,0.2451226349,2.970542909,1,0.17,0.43,0.376,0.02,0.004
377,522,522,1.273874456,466.3799371,1.484903538,199.9935896,-2872025.072,2033346.675,608,608,1.061296105,526.814691,1.530986039,217.4302587,-2872025.241,2033352.534,553.6369566,9786.424501,0.9786424501,0.9786424501,0.7682408934,5.861088778,Retain,0.2420630091,0.05949090138,-0.1825721077,0.1218482391,0.03056218527,0.08359243444,1.195400134,2.219839425,0,0.592,0.07,0.012,0.306,0.02
378,537,537,0.4852873013,609.0950575,1.196959916,24.99963092,-2872408.67,2033052.724,636,636,0.7718517124,563.3990446,1.396297981,354.1551966,-2872397.625,2033046.861,296.1793696,4142.985192,0.4142985192,0.4142985192,0.8537180307,12.50419964,Retain,-0.7230141896,-0.2589628298,0.4640513598,-0.07798618374,0.1540394962,2.650836988,1.758422718,3.460016567,4,0.006,0.002,0.002,0.05,0.94
379,521,521,1048.785056,114.4683211,10.45739774,0,-2873415.386,2036962.248,339,339,4.534628811,369.891166,2.221978738,0,-2873725.09,2035701.129,1437.202235,34267.03141,3.426703141,3.426703141,0.003267307369,1298.590164,Retain,6.955387684,1.51174323,-5.443644453,1.172910703,-1.548911523,0,-5.454502362,4.263706337,2,0.002,0,0.998,0,0
380,521,521,1048.785056,114.4683211,10.45739774,0,-2873415.386,2036962.248,349,349,1.736666353,465.0277828,1.728749882,43.92754582,-2873113.333,2035470.518,314.3120403,3093.902293,0.3093902293,0.3093902293,2.949987012e-4,1522.003202,Retain,6.955387684,0.5519673866,-6.403420297,1.401799039,-1.79991111,10.69031963,-6.64995034,4.4224544,2,0,0,1,0,0
381,215,215,0.4246140577,810.4191582,1.489710749,89.32550068,-2873420.575,2035815.78,285,285,0.4824073203,643.8846224,1.261566261,98.22497853,-2873409.453,2035815.991,293.4042772,3307.268258,0.3307268258,0.3307268258,0.7788880743,11.12431931,Retain,-0.8565746221,-0.7289664589,0.1276081631,-0.2300320409,-0.1662279593,0.0949725235,1.25596899,3.409875783,3,0.1,0.006,0.016,0.552,0.326
382,226,226,0.1819778642,1082.848304,1.303082674,89.32550068,-2873479.289,2035675.148,309,309,0.2894443922,858.5128298,1.302940032,98.22497853,-2873486.071,2035658.612,179.8487558,1029.583315,0.1029583315,0.1029583315,0.5657739303,17.87194097,Retain,-1.703870225,-1.239792083,0.464078142,-0.2321485421,-1.094711307e-4,0.0949725235,0.2640949158,4.307587947,3,0,0,0,0.706,0.294
385,521,521,1048.785056,114.4683211,10.45739774,0,-2873415.386,2036962.248,355,355,7.236109805,369.1605168,2.801321068,31.06146552,-2874070.026,2035548.862,2710.146957,50707.49002,5.070749002,5.070749002,0.004834879152,1557.630645,Retain,6.955387684,1.979083742,-4.976303941,1.170933441,-1.317218529,10.34375547,-5.140059473,4.445592871,2,0,0,1,0,0
386,521,521,1048.785056,114.4683211,10.45739774,0,-2873415.386,2036962.248,409,409,1.061296105,468.2797254,1.360876479,31.06146552,-2873631.966,2035032.677,216.6760942,2915.066659,0.2915066659,0.2915066659,2.779470057e-4,1941.687561,Retain,6.955387684,0.05949090143,-6.895896782,1.408767708,-2.039180683,10.34375547,-6.663222183,4.665984367,2,0,0,1,0,0
387,521,521,1048.785056,114.4683211,10.45739774,0,-2873415.386,2036962.248,443,443,0.7718517125,563.3990446,1.396297981,62.12293105,-2873973.995,2034805.716,265.7575049,2742.60608,0.274260608,0.274260608,2.615031616e-4,2227.705341,Retain,6.955387684,-0.2589628297,-7.214350513,1.593690047,-2.01348521,11.03688656,-6.676189508,4.80339889,2,0,0,1,0,0
388,521,521,1048.785056,114.4683211,10.45739774,0,-2873415.386,2036962.248,473,473,2.60499953,357.7136791,1.62867504,31.06146552,-2874119.955,2034593.319,919.5719771,25036.10297,2.503610297,2.503610297,0.002387152909,2471.485254,Retain,6.955387684,0.9574324947,-5.997955189,1.139434774,-1.85954282,10.34375547,-5.686377444,4.907246072,2,0,0,1,0,0
389,283,283,0.5459362671,632.9987869,1.319377029,24.26635271,-2873139.961,2035149.163,386,386,0.3859258563,804.8557779,1.410473959,43.92754582,-2873100.391,2035182.337,131.3486587,820.7941314,0.08207941314,0.08207941314,0.1503461449,51.63630285,Retain,-0.6052530371,-0.9521100102,-0.3468569732,0.2401945978,0.06676611127,0.5934324179,-1.726435731,4.819235796,1,0.016,0.514,0.048,0.422,0
392,521,521,1048.785056,114.4683211,10.45739774,0,-2873415.386,2036962.248,626,626,250.1764363,100.0715398,4.465075959,0,-2873084.204,2034446.001,28655.77481,2302647.416,230.2647416,230.2647416,0.2195537973,2537.947441,Retain,6.955387684,5.522166414,-1.433221269,-0.1344127844,-0.8510234191,0,-1.265004665,4.933782435,2,0.004,0.044,0.94,0.01,0.002
395,507,507,2.001800971,491.4656325,1.961546778,24.26490622,-2873830.362,2033223.404,617,617,2.701480994,459.9175874,2.132436186,0,-2873901.333,2033323.086,825.1545203,13096.61638,1.309661638,1.309661638,0.6542416835,122.3663972,Retain,0.694047261,0.9938001388,0.2997528777,-0.06634469771,0.08353174116,-10.09682761,0.6363761072,5.032369284,4,0.016,0.002,0.016,0.114,0.852
396,509,509,0.788588652,499.771555,1.251964066,24.26490622,-2873942.938,2033206.858,616,616,0.6753702485,551.9011049,1.279461712,0,-2873953.472,2033207.715,324.7436653,5224.278265,0.5224278265,0.5224278265,0.6624845858,10.56899676,Retain,-0.2375104477,-0.3924942223,-0.1549837745,0.09921776834,0.02172588108,-10.09682761,0.6729359939,3.04913966,3,0.372,0.056,0.062,0.494,0.016
397,536,536,10.85826484,299.5787345,2.784750336,24.2647879,-2873588.017,2033246.794,640,640,11.38481276,267.3758178,2.54495519,31.06146552,-2873584.871,2033255.736,3111.320877,96167.8276,9.61678276,9.61678276,0.8856647818,9.479371701,Retain,2.384926526,2.432280253,0.04735372667,-0.1137220437,-0.09004518035,0.246932741,2.039624158,1.629125204,4,0.204,0.032,0.058,0.074,0.632
398,267,267,5.277373263,251.9036188,1.632444334,48.53314845,-2874642.917,2035224.387,383,383,0.1929629281,965.8269336,1.196826841,31.06146552,-2874645.699,2035166.806,186.3686,1929.624246,0.1929624246,0.1929624246,0.03656410396,57.64781742,Retain,1.663428486,-1.645257191,-3.308685677,1.343938111,-0.3104047272,-0.446267448,-3.245494454,3.795020433,2,0,0.126,0.874,0,0
399,524,524,0.788590066,563.1737496,1.410792436,24.2647879,-2873798.732,2033089.101,632,632,0.4824073204,643.8846223,1.261566261,31.06146552,-2873819.464,2033107.431,290.2952765,3727.071557,0.3727071557,0.3727071557,0.4726247157,27.67362514,Retain,-0.2375086546,-0.7289664587,-0.4914578041,0.1339313577,-0.1117975444,0.246932741,-0.109391528,4.011635204,1,0.042,0.864,0.022,0.072,0
400,525,525,2.183785299,474.750487,1.979089597,48.52965742,-2873170.918,2033228.193,629,629,0.2894443922,858.5128298,1.302940032,98.22497852,-2873175.456,2033121.926,247.192962,1729.098982,0.1729098982,0.1729098982,0.07917898261,106.3640045,Retain,0.7810597466,-1.239792083,-2.020851829,0.5924122492,-0.4180136654,0.7050750175,-2.442089662,4.848711687,2,0,0.288,0.712,0,0
401,521,521,1048.785056,114.4683211,10.45739774,0,-2873415.386,2036962.248,384,384,0.4824073203,772.6615469,1.513879513,31.06146552,-2874136.291,2035194.761,164.1126351,810.0159052,0.08100159052,0.08100159052,7.723373828e-5,1908.850994,Retain,6.955387684,-0.728966459,-7.684354143,1.909542996,-1.932634075,10.34375547,-6.834281218,4.648928391,2,0,0,1,0,0
402,521,521,1048.785056,114.4683211,10.45739774,0,-2873415.386,2036962.248,449,449,6.367776628,263.4073455,1.8750673,31.06146552,-2874218.368,2034995.497,1756.189931,52666.43358,5.266643358,5.266643358,0.005021661329,2124.355923,Retain,6.955387684,1.851250371,-5.104137313,0.8334035631,-1.718665093,10.34375547,-5.108362319,4.755895512,2,0,0,1,0,0
403,274,274,0.1819786013,1090.879121,1.312749492,48.53287427,-2874432.553,2035099.913,397,397,0.3859258562,643.8846224,1.128379167,87.85509163,-2874412.738,2035073.622,131.7593625,1015.908356,0.1015908356,0.1015908356,0.5582570417,32.92213203,Retain,-1.703866174,-0.9521100102,0.751756164,-0.527219631,-0.151341549,0.5934381608,0.2336198196,4.918473542,4,0,0.014,0,0.26,0.726
404,308,308,0.7885751681,561.3195924,1.40613435,49.99492494,-2874979.881,2034839.738,431,431,0.3859258562,643.8846224,1.128379167,31.06146553,-2874971.844,2034856.191,244.3967631,3761.307878,0.3761307878,0.3761307878,0.4769751864,18.31122295,Retain,-0.2375275467,-0.9521100103,-0.7145824636,0.1372291255,-0.2200621063,-0.4759413068,-0.09198021764,3.598697474,1,0.05,0.608,0.264,0.078,0
405,521,521,1048.785056,114.4683211,10.45739774,0,-2873415.386,2036962.248,563,563,0.8683331765,429.2564149,1.128379167,69.4555484,-2874241.9,2033877.755,112.4137753,787.3643194,0.07873643194,0.07873643194,7.507394532e-5,3193.308603,Retain,6.955387684,-0.141179794,-7.096567478,1.321756331,-2.226527408,11.14845663,-6.836290332,5.163484252,2,0,0,1,0,0
406,341,341,0.2426395482,1012.150398,1.406439039,49.99594399,-2875059.165,2034507.303,478,478,0.4824073204,643.8846223,1.261566261,31.06146553,-2875068.135,2034536.258,208.4665405,1241.936271,0.1241936271,0.1241936271,0.5118441244,30.31307644,Retain,-1.416178278,-0.7289664588,0.687211819,-0.4523129018,-0.1087069923,-0.4759616893,0.04729074522,4.692066256,4,0.004,0.008,0.006,0.106,0.876
407,351,351,0.606598777,814.5461729,1.789622951,24.26595055,-2875230.481,2034437.17,507,507,0.1929629281,965.8269336,1.196826841,62.12293105,-2875235.867,2034328.146,41.11374893,18.08851885,0.001808851885,0.001808851885,0.002981957686,109.1566443,Retain,-0.4998877,-1.645257191,-1.145369491,0.1703535453,-0.4023312002,0.9400159126,-5.523997775,5.515101908,1,0.01,0.612,0.32,0.052,0.006
409,412,412,4.610165594,384.6940779,2.330069265,24.99843409,-2875129.831,2034035.562,545,545,4.245184419,365.8435354,2.126369499,31.06146553,-2875110.915,2034206.724,1200.410036,23108.58891,2.310858891,2.310858891,0.5012529039,172.2040797,Retain,1.528263777,1.445785263,-0.08247851431,-0.05024267248,-0.09148192963,0.217147006,0.005001622617,4.956919145,2,0.142,0.096,0.366,0.286,0.11
410,450,450,3.336315142,353.505308,1.82148056,24.99843409,-2875354.222,2033758.972,585,585,2.701480994,390.9299493,1.812570758,31.06146552,-2875376.753,2033732.432,934.3784331,22213.98848,2.221398848,2.221398848,0.6658240465,34.81427381,Retain,1.204866947,0.9938001388,-0.2110668083,0.1006298854,-0.004903518698,0.2171470058,0.6878705847,3.519987662,0,0.488,0.244,0.03,0.234,0.004
411,468,468,2.001795042,467.9564748,1.867713824,99.9951921,-2875326.173,2033453.605,597,597,0.5788887844,536.5705186,1.151647165,0,-2875344.582,2033505.018,295.3635909,5197.999882,0.5197999882,0.5197999882,0.2596669376,54.60878454,Retain,0.694044299,-0.5466449021,-1.240689201,0.1368227064,-0.4835218942,-11.51288739,-1.04520651,4.225555864,2,0.012,0.152,0.82,0.014,0.002
412,468,468,2.001795042,467.9564748,1.867713824,99.9951921,-2875326.173,2033453.605,599,599,0.1929629281,965.8269335,1.196826841,31.06146552,-2875266.928,2033427.364,184.6225389,1558.728587,0.1558728587,0.1558728587,0.07786654249,64.79611048,Retain,0.694044299,-1.645257191,-2.33930149,0.7246093713,-0.4450413736,-1.169131912,-2.460016727,4.396603804,2,0,0.196,0.804,0,0
413,484,484,2.001798394,393.7593129,1.571578485,24.99916487,-2874176.299,2033438.719,604,604,0.3859258562,643.8846224,1.128379167,62.12293105,-2874164.246,2033396.302,248.3486663,3723.085468,0.3723085468,0.3723085468,0.1859870344,44.09534645,Retain,0.6940459735,-0.9521100102,-1.646155984,0.4917797106,-0.3312982813,0.910248858,-1.472164742,4.011718888,1,0.006,0.628,0.366,0,0
414,497,497,3.457653817,399.7898455,2.097092474,34.83887342,-2874568.027,2033298.495,614,614,3.955740026,329.7945627,1.850343803,31.06146552,-2874567.666,2033316.376,1329.790648,31358.08384,3.135808384,3.135808384,0.9069179711,17.88508501,Retain,1.240590271,1.375167695,0.1345774239,-0.1924690995,-0.1251803875,-0.1147623248,2.266986985,2.836092844,4,0.204,0.004,0.042,0.114,0.636
415,512,512,4.306906585,342.4707713,2.004939656,24.99916487,-2874293.543,2033213.212,615,615,0.2894443922,858.5128298,1.302940032,62.12293105,-2874314.377,2033204.757,249.7293759,2825.458779,0.2825458779,0.2825458779,0.06560297335,22.4835305,Retain,1.460219917,-1.239792083,-2.700011999,0.9190153098,-0.4309906899,0.9102488581,-2.642221845,2.955082524,2,0,0.242,0.758,0,0
416,512,512,4.306906585,342.4707713,2.004939656,24.99916487,-2874293.543,2033213.212,622,622,0.4824073204,772.6615467,1.513879513,62.12293105,-2874192.202,2033206.827,360.2397836,4231.388926,0.4231388926,0.4231388926,0.09824659167,101.5427564,Retain,1.460219917,-0.7289664588,-2.189186375,0.813654794,-0.2809383936,0.9102488581,-2.207841858,4.462744788,2,0,0.064,0.936,0,0
417,27,27,290.4234288,104.535403,5.025442292,24.2707153,-2874037.376,2040130.083,3,3,0.4824073204,772.6615468,1.513879513,62.12293105,-2874428.269,2040680.216,351.852555,3076.208299,0.3076208299,0.3076208299,0.001059214924,674.8649487,Retain,5.671339957,-0.7289664588,-6.400306416,2.00031531,-1.199837898,0.9398195848,-6.185371257,4.251209041,2,0,0.002,0.998,0,0
418,511,511,1.091893282,449.8367022,1.325989398,48.52969777,-2874582.231,2033110.556,631,631,0.9648146406,450.7192357,1.248886881,31.06146552,-2874574.258,2033107.431,422.5266716,8400.855701,0.8400855701,0.8400855701,0.7693843201,8.563985907,Retain,0.08791314504,-0.0358192784,-0.1237324234,0.001959975335,-0.0599062364,-0.4461963474,1.201810061,2.676090857,3,0.236,0.018,0.02,0.684,0.042
419,544,544,5.520135896,402.2672313,2.666150181,34.83892927,-2875156.522,2032829.511,644,644,2.122592209,380.4772768,1.563713104,219.6377291,-2875074.912,2032893.671,790.1664878,17566.46083,1.756646083,1.756646083,0.3182251517,103.8113158,Retain,1.708402479,0.7526380821,-0.9557643967,-0.05569016603,-0.5335723644,1.841219934,-0.7602684957,4.360748316,2,0.024,0.2,0.746,0.02,0.01
420,547,547,0.4852875046,609.0951224,1.196960294,123.6882206,-2874417.391,2032643.763,647,647,0.3859258563,643.8846223,1.128379167,422.4816073,-2874412.738,2032619.766,214.1818862,2552.614228,0.2552614228,0.2552614228,0.5260004027,24.44386672,Retain,-0.7230137707,-0.9521100102,-0.2290962395,0.05554510232,-0.05900301742,1.228376145,0.1038873565,4.130292072,3,0.048,0.232,0.014,0.698,0.008
421,27,27,290.4234288,104.535403,5.025442292,24.2707153,-2874037.376,2040130.083,9,9,0.1929629281,965.8269335,1.196826841,43.92754582,-2874490.392,2040571.501,122.4629771,848.2238735,0.08482238735,0.08482238735,2.920645476e-4,632.5125901,Retain,5.671339957,-1.645257191,-7.316597148,2.223458861,-1.434839713,0.5932526621,-6.6522216,4.186396671,2,0,0.004,0.996,0,0
423,27,27,290.4234288,104.535403,5.025442292,24.2707153,-2874037.376,2040130.083,11,11,0.3859258562,804.855778,1.410473959,31.06146553,-2874568.045,2040493.847,271.3339741,2530.898591,0.2530898591,0.2530898591,8.714512469e-4,643.3766724,Retain,5.671339957,-0.9521100103,-6.623449968,2.041137304,-1.270587679,0.2466885011,-6.281169622,4.203426876,2,0,0,1,0,0
424,1,1,0.1213125107,1224.1725,1.202791867,48.5414895,-2874681.486,2040587.027,10,10,0.2894443923,858.5128296,1.302940032,62.12293105,-2874676.76,2040555.97,126.8579292,942.245616,0.0942245616,0.0942245616,0.776709352,31.41465694,Retain,-2.10938533,-1.239792082,0.8695932472,-0.35481876,0.07997786371,0.2466917912,1.243410125,5.074364005,4,0.004,0,0,0.326,0.67
425,10,10,0.8491897889,640.6678489,1.665445325,74.97548458,-2875867.103,2040215.295,27,27,0.6753702485,551.9011049,1.279461712,62.12293105,-2875888.158,2040183.233,313.2655701,4544.465556,0.4544465556,0.4544465556,0.5351531089,38.35720496,Retain,-0.1634725736,-0.3924942222,-0.2290216486,-0.1491422738,-0.2636530982,-0.1880432476,0.1405627511,4.301069684,3,0.012,0.244,0.29,0.43,0.024
426,27,27,290.4234288,104.535403,5.025442292,24.2707153,-2874037.376,2040130.083,29,29,2.990925386,415.4094338,2.026628811,31.06146553,-2874552.515,2040251.367,1276.612944,28058.55852,2.805855852,2.805855852,0.00966125861,529.2230534,Retain,5.671339957,1.095582833,-4.575757124,1.379738822,-0.9081397399,0.2466885011,-4.532439813,4.008106848,2,0,0,1,0,0
427,27,27,290.4234288,104.535403,5.025442292,24.2707153,-2874037.376,2040130.083,38,38,0.3859258562,643.8846224,1.128379167,62.12293105,-2875437.766,2039888.149,183.7871483,1417.874686,0.1417874686,0.1417874686,4.882094713e-4,1421.134765,Retain,5.671339957,-0.9521100103,-6.623449968,1.817993753,-1.493731231,0.9398195848,-6.510693238,4.99590663,2,0,0,1,0,0
428,12,12,1.759035837,448.0849468,1.676458341,174.9440204,-2876283.029,2040098.055,31,31,1.543703425,402.427889,1.410473959,281.2735333,-2876291.957,2040090.048,650.5382102,13650.55804,1.365055804,1.365055804,0.7760250106,11.99229646,Retain,0.5647658392,0.4341843508,-0.1305814884,-0.1074669049,-0.1727576491,0.4748594239,1.2394833,2.774329888,3,0.242,0.066,0.142,0.51,0.04
429,16,16,2.001666534,517.9064407,2.067008412,72.81078103,-2875853.53,2039933.055,36,36,1.061296105,468.2797254,1.360876479,0,-2875820.387,2040027.925,524.649979,6622.10636,0.662210636,0.662210636,0.3308296485,100.4926323,Retain,0.6939801007,0.05949090142,-0.6344891993,-0.1007287883,-0.417973388,-11.19563305,-0.7029102057,4.835469258,2,0.016,0.178,0.752,0.046,0.008
430,16,16,2.001666534,517.9064407,2.067008412,72.81078103,-2875853.53,2039933.055,42,42,0.7718517126,643.8846223,1.595769122,0,-2875892.04,2039868.735,488.7152921,5840.789958,0.5840789958,0.5840789958,0.2917963536,74.96730176,Retain,0.6939801007,-0.2589628296,-0.9529429303,0.2177249427,-0.2587465224,-11.19563305,-0.8846653874,4.542440274,2,0.016,0.088,0.892,0.002,0.002
431,27,27,290.4234288,104.535403,5.025442292,24.2707153,-2874037.376,2040130.083,48,48,0.1929629281,965.8269336,1.196826841,31.06146553,-2875748.381,2039562.003,186.3686,1929.624246,0.1929624246,0.1929624246,6.644175555e-4,1802.84532,Retain,5.671339957,-1.645257191,-7.316597148,2.223458861,-1.434839713,0.246688501,-6.398615559,5.233816948,2,0,0,1,0,0
432,27,27,290.4234288,104.535403,5.025442292,24.2707153,-2874037.376,2040130.083,50,50,2.508518065,445.766277,1.991640251,31.06146552,-2875818.867,2039602.622,1108.437784,17310.97684,1.731097684,1.731097684,0.005960599293,1857.934963,Retain,5.671339957,0.9196921666,-4.751647791,1.450268973,-0.9255549224,0.2466885009,-4.962516759,5.263916418,2,0,0,1,0,0
433,27,27,290.4234288,104.535403,5.025442292,24.2707153,-2874037.376,2040130.083,56,56,93.10461282,174.8163431,4.75841919,0,-2874977.075,2039764.402,16742.18596,838532.2487,83.85322487,83.85322487,0.2887274805,1008.343249,Retain,5.671339957,4.53372373,-1.137616227,0.5142101555,-0.05459795815,-10.09706697,-0.8995198315,4.652759872,2,0.002,0.082,0.908,0.004,0.004
435,27,27,290.4234288,104.535403,5.025442292,24.2707153,-2874037.376,2040130.083,59,59,1.350740497,505.9093461,1.658646096,0,-2874428.269,2039218.109,749.7599234,11050.92608,1.105092608,1.105092608,0.003805108331,992.2171261,Retain,5.671339957,0.3006529583,-5.370686999,1.576831696,-1.108511803,-10.09706697,-5.335266641,4.636637933,2,0,0,1,0,0
436,22,22,5.216495623,236.7829999,1.525580083,163.7891298,-2876112.848,2039301.47,58,58,4.727591739,236.529045,1.450773215,0,-2876127.141,2039330.627,1154.054632,40192.40573,4.019240573,4.019240573,0.7704867143,32.47157466,Retain,1.65182584,1.553415927,-0.09840991302,-0.001073097516,-0.05027805403,-12.00634119,1.208010952,3.226847899,0,0.448,0.026,0.146,0.324,0.056
437,22,22,5.216495623,236.7829999,1.525580083,163.7891298,-2876112.848,2039301.47,61,61,0.6753702484,551.9011049,1.279461712,0,-2876096.713,2039109.393,153.0075037,1076.91371,0.107691371,0.107691371,0.02064439018,192.753366,Retain,1.65182584,-0.3924942223,-2.044320062,0.8462247629,-0.1759352682,-12.00634119,-3.813169066,5.007868686,2,0,0.002,0.994,0.002,0.002
438,36,36,8.734668105,191.4252639,1.595943552,49.98655171,-2875691.029,2038543.762,77,77,0.7718517124,563.3990446,1.396297981,31.06146553,-2875787.208,2038645.69,426.4405748,7050.37804,0.705037804,0.705037804,0.08071718301,140.1419565,Retain,2.167299947,-0.2589628298,-2.426262777,1.079490694,-0.1336406945,-0.4757738146,-2.421416734,4.431377989,2,0,0.008,0.992,0,0
439,36,36,8.734668105,191.4252639,1.595943552,49.98655171,-2875691.029,2038543.762,83,83,7.911480053,243.4197963,1.931433818,31.06146553,-2875657.469,2038602.886,1507.429353,55269.0918,5.52690918,5.52690918,0.6327554881,67.98475753,Retain,2.167299947,2.068314876,-0.09898507089,0.2402900436,0.1907975082,-0.4757738146,0.5429160625,3.708013205,0,0.396,0.158,0.228,0.162,0.056
441,35,35,3.942728284,375.9396678,2.105773449,34.83764938,-2876865.891,2038512.073,86,86,4.534628811,301.3928019,1.810501194,155.3073276,-2876868.907,2038551.514,1313.0200380000001,33360.27751,3.336027751,3.336027751,0.8461216474,39.55656809,Retain,1.371872942,1.51174323,0.1398702889,-0.2210142687,-0.1510791242,1.494684967,1.699204319,3.564185503,4,0.16,0.004,0.038,0.12,0.678
442,39,39,1.395123405,425.8068191,1.41877652,0,-2876085.552,2038245.04,95,95,1.157777569,429.2564149,1.302940032,31.06146553,-2876082.292,2038254.833,485.2672216,10671.90826,1.067190826,1.067190826,0.764943676,10.32148329,Retain,0.3329828739,0.1465022784,-0.1864805955,0.008068676942,-0.08517162082,10.34375547,1.177038199,2.740197866,3,0.274,0.12,0.082,0.5,0.024
443,42,42,7.824829651,390.1486727,3.078666511,24.2690481,-2876454.741,2038156.576,87,87,0.2894443922,858.5128297,1.302940032,31.06146553,-2876198.772,2038350.606,243.3356243,2435.596283,0.2435596283,0.2435596283,0.03112650871,321.1969866,Retain,2.057301966,-1.239792083,-3.297094049,0.7886737461,-0.8598732784,0.2467571926,-3.407484136,5.315771674,2,0,0.024,0.976,0,0
444,42,42,7.824829651,390.1486727,3.078666511,24.2690481,-2876454.741,2038156.576,108,108,5.69240638,436.5319474,2.938049099,43.92754581,-2876514.125,2038130.544,2417.000191,46769.01403,4.676901403,4.676901403,0.5977000922,64.83983427,Retain,2.057301966,1.739133073,-0.3181688938,0.1123336839,-0.04675076296,0.5933213535,0.3950803185,3.715649523,1,0.27,0.41,0.286,0.028,0.006
445,43,43,0.4246043401,699.540563,1.28587924,48.53773551,-2876305.998,2038018.583,109,109,0.5788887844,536.5705187,1.151647165,62.12293106,-2876307.487,2038008.93,262.1309287,3825.787507,0.3825787507,0.3825787507,0.9010241172,9.767470601,Retain,-0.8565975082,-0.5466449021,0.309952606,-0.2652257856,-0.1102494826,0.2467691285,2.199712272,3.279823611,4,0.04,0,0.008,0.128,0.824
446,47,47,0.4852622288,709.1327411,1.393512439,34.83791545,-2876162.001,2037899.463,111,111,0.1929629281,965.8269336,1.196826841,128.0697032,-2876121.119,2037915.746,116.3751992,530.2162661,0.05302162661,0.05302162661,0.1092638649,44.00607676,Retain,-0.7230658562,-1.645257191,-0.9221913348,0.3089419284,-0.152153739,1.301847458,-2.090294011,4.718248327,1,0,0.854,0.124,0.022,0
447,65,65,1.51645055,618.6661667,2.149144223,24.99470349,-2875494.617,2037554.672,122,122,0.7718517126,724.3702001,1.795240262,31.06146552,-2875538.716,2037624.544,498.1828944,5658.67537,0.565867537,0.565867537,0.373152647,82.62465146,Retain,0.4163724399,-0.2589628296,-0.6753352695,0.1577367713,-0.1799308635,0.2172962441,-0.5176332072,4.778498906,1,0.034,0.522,0.378,0.062,0.004
448,65,65,1.51645055,618.6661667,2.149144223,24.99470349,-2875494.617,2037554.672,125,125,0.5788887843,536.5705186,1.151647165,31.06146552,-2875437.766,2037480.885,313.3089692,4326.988396,0.4326988396,0.4326988396,0.285336597,93.14806664,Retain,0.4163724399,-0.5466449022,-0.9630173421,-0.1423678211,-0.6238764921,0.2172962441,-0.9160419176,4.8983798,2,0,0.454,0.504,0.04,0.002
449,71,71,0.545923274,721.9048293,1.504668468,34.83805799,-2875505.915,2037350.42,132,132,0.4824073204,772.6615467,1.513879513,31.06146553,-2875515.42,2037331.79,329.8915885,3619.625119,0.3619625119,0.3619625119,0.6630281747,20.9148604,Retain,-0.6052768369,-0.7289664588,-0.1236896219,0.06794779405,0.006102983117,-0.1147389192,0.6753620455,3.915511103,3,0.076,0.034,0.004,0.874,0.012
450,77,77,0.4246078336,696.1216638,1.279599962,24.26818593,-2875192.29,2037212.611,136,136,0.3859258562,643.8846224,1.128379167,62.12293105,-2875189.275,2037216.863,248.3901883,3185.187318,0.3185187318,0.3185187318,0.7501480346,5.211839275,Retain,-0.8565892805,-0.9521100103,-0.09552072979,-0.07800489717,-0.1257652621,0.9399238008,1.096739763,2.651784257,3,0.212,0.056,0.038,0.61,0.084
451,80,80,1.455796438,610.1056067,2.076588336,88.31468603,-2877063.381,2037064.435,143,143,0.2894443922,858.5128298,1.302940032,87.85509162,-2877120.262,2037118.501,247.6394494,2714.9406,0.27149406,0.27149406,0.1864917738,78.47722214,Retain,0.375553131,-1.239792083,-1.615345214,0.3415695567,-0.4661030501,-0.005217583107,-1.468849557,4.747409539,2,0,0.462,0.536,0.002,0
452,80,80,1.455796438,610.1056067,2.076588336,88.31468603,-2877063.381,2037064.435,153,153,0.3859258563,643.8846223,1.128379167,87.85509162,-2876990.84,2036999.432,240.0445043,2983.171559,0.2983171559,0.2983171559,0.2049168057,97.40417668,Retain,0.375553131,-0.9521100102,-1.327663141,0.05388748428,-0.6099440863,-0.005217583107,-1.352231464,4.963467735,2,0.002,0.346,0.628,0.024,0
453,108,108,41.67231209,222.0360014,4.043358637,34.8382399,-2877618.663,2036522.058,164,164,0.2894443921,858.51283,1.302940032,62.12293106,-2877658.661,2036890.717,208.5600141,2272.134747,0.2272134747,0.2272134747,0.005452384649,370.8226105,Retain,3.72983693,-1.239792083,-4.969629012,1.352362088,-1.132452419,0.5783869433,-5.038843177,4.623172984,2,0,0,1,0,0
454,108,108,41.67231209,222.0360014,4.043358637,34.8382399,-2877618.663,2036522.058,191,191,0.8683331765,500.7991507,1.316442362,0,-2876961.504,2036707.8,436.3470802,8145.225129,0.8145225129,0.8145225129,0.01954589204,682.9045867,Retain,3.72983693,-0.141179794,-3.871016724,0.8133655868,-1.122142775,-10.45849961,-3.866374236,5.233803095,2,0,0,1,0,0
455,81,81,2.123036668,487.6283725,2.004300258,191.8871609,-2876316.063,2037123.638,148,148,1.736666353,500.7991507,1.861730642,175.7101833,-2876317.841,2037135.758,824.7830505,14341.71718,1.434171718,1.434171718,0.6755284727,12.24950187,Retain,0.7528474541,0.5519673866,-0.2008800676,0.02665153996,-0.07378849382,-0.08807106405,0.7316995509,2.701508121,3,0.372,0.13,0.108,0.376,0.014
456,521,521,1048.785056,114.4683211,10.45739774,0,-2873415.386,2036962.248,224,224,2.701480994,367.9340699,1.705948949,43.92754581,-2874930.799,2036462.513,987.171688,23535.83965,2.353583965,2.353583965,0.002244105169,1595.684827,Retain,6.955387684,0.9938001388,-5.961587545,1.167605651,-1.813188121,10.69031963,-5.729670844,4.469730009,2,0,0,1,0,0
457,97,97,0.6672443955,592.8296167,1.366052616,34.8382399,-2876966.184,2036472.48,217,217,0.8683331765,500.7991507,1.316442362,0,-2876964.955,2036476.564,387.9750672,6505.232467,0.6505232467,0.6505232467,0.9749399935,4.265085175,Retain,-0.4045988901,-0.141179794,0.263419096,-0.1687019095,-0.03699236154,-10.45849961,3.622999281,2.225360974,4,0.132,0.002,0.004,0.18,0.682
458,102,102,20.74520427,272.8428773,3.505633792,48.53539794,-2875929.676,2036638.391,212,212,19.29629281,231.798464,2.872384419,31.06146552,-2875948.727,2036712.58,5091.821582,168668.1778,16.86681778,16.86681778,0.8130465989,76.59597321,Retain,3.0323151,2.959912995,-0.07240210525,-0.1630277837,-0.1992288363,-0.4463137955,1.465823545,3.394764954,2,0.342,0.038,0.45,0.104,0.066
459,106,106,0.727904229,608.10458,1.463559772,69.67656476,-2875155.192,2036517.32,222,222,1.736666353,465.0277828,1.728749882,62.12293105,-2875185.823,2036478.29,425.350395,6601.302462,0.6601302462,0.6601302462,0.9068916211,49.61519966,Retain,-0.317585793,0.5519673866,0.8695531796,-0.268249722,0.1665268678,-0.1147471052,2.266677926,4.635475226,4,0,0,0,0.002,0.998
461,108,108,41.67231209,222.0360014,4.043358637,34.8382399,-2877618.663,2036522.058,237,237,38.30314123,193.0031991,3.369587758,0,-2877650.602,2036719.997,8181.644889,335595.2972,33.55952972,33.55952972,0.8053196004,200.4987266,Retain,3.72983693,3.645531909,-0.08430502017,-0.1401327725,-0.1822852826,-10.45849961,1.415997477,4.008259362,2,0.244,0.034,0.61,0.052,0.06
462,114,114,4.185446003,304.9800801,1.760100287,74.98764925,-2877248.788,2036310.996,238,238,4.534628811,260.2937835,1.563614667,111.9937066,-2877280.636,2036304.515,1081.405982,35029.63138,3.502963138,3.502963138,0.8369390349,32.50116601,Retain,1.43161327,1.51174323,0.08012996026,-0.1584355337,-0.1183705535,0.4011148493,1.63070725,3.337865041,4,0.154,0.01,0.062,0.126,0.648
463,118,118,0.5459281811,630.3305294,1.313805776,24.99590004,-2875780.561,2036356.547,226,226,0.6753702484,551.9011049,1.279461712,31.06146552,-2875794.973,2036371.547,286.8075271,3556.850429,0.3556850429,0.3556850429,0.6515235067,20.80179842,Retain,-0.6052678484,-0.3924942223,0.2127736261,-0.1328754593,-0.02648864622,0.2172483753,0.6244108629,3.910086384,3,0.014,0.008,0.028,0.578,0.372
464,147,147,0.2426352086,1018.177266,1.414801053,24.26738008,-2875114.241,2036190.609,241,241,0.5788887844,536.5705186,1.151647165,31.06146553,-2875142.682,2036191.834,197.9852508,1818.294394,0.1818294394,0.1818294394,0.7493942882,28.46821659,Retain,-1.416196163,-0.5466449021,0.8695512606,-0.6405713182,-0.2057956879,0.2468259224,1.092735559,4.629286408,4,0.004,0.002,0.008,0.146,0.84
465,134,134,2.911619197,287.8829691,1.385729072,163.7802754,-2877707.555,2036141.162,258,258,2.412036602,334.8200036,1.466892917,128.0697032,-2877712.087,2036135.302,782.716624,22387.97526,2.238797526,2.238797526,0.7689183833,7.407173044,Retain,1.068709352,0.8804714536,-0.1882378981,0.1510390443,0.05692009531,-0.2459493707,1.199195408,2.040594123,0,0.844,0.02,0.03,0.098,0.008
466,140,140,0.5459296371,719.2321918,1.499106618,54.59327181,-2876349.874,2036132.699,251,251,0.7718517125,563.3990445,1.396297981,62.12293105,-2876354.08,2036121.946,381.2302876,5070.079848,0.5070079848,0.5070079848,0.9287057347,11.54670726,Retain,-0.6052651813,-0.2589628296,0.3463023516,-0.2441960831,-0.07104490731,0.1292023124,2.554123315,3.321484445,4,0.014,0.002,0.01,0.08,0.894
467,142,142,0.7279058768,612.1071593,1.473194674,74.98764925,-2877272.378,2036049.88,262,262,0.7718517126,563.3990445,1.396297981,111.9937066,-2877274.275,2036063.706,426.8680735,6050.891813,0.6050891813,0.6050891813,0.8312739333,13.95554574,Retain,-0.3175835292,-0.2589628296,0.05862069964,-0.0829192046,-0.05360885476,0.4011148493,1.589975869,3.367105334,3,0.102,0.008,0.002,0.594,0.294
468,161,161,1.455812769,407.0708141,1.385535941,24.26738008,-2874993.518,2036138.174,253,253,1.157777569,429.2564149,1.302940032,31.06146553,-2875002.906,2036124.534,451.4659717,9067.965431,0.9067965431,0.9067965431,0.6228799214,16.55842483,Retain,0.3755643488,0.1465022784,-0.2290620704,0.05306728347,-0.06146375172,0.2468259224,0.5007461028,3.191538184,1,0.244,0.35,0.076,0.326,0.004
469,252,252,59.99169637,225.9313834,4.936477943,24.99590004,-2876072.059,2035932.528,267,267,0.2894443922,858.5128298,1.302940032,43.92754582,-2875453.297,2035927.812,248.7047114,1926.73321,0.192673321,0.192673321,0.003211666491,618.7804,Retain,4.094206159,-1.239792083,-5.333998241,1.334970285,-1.332028836,0.5638125366,-5.467682753,4.953013924,2,0,0,1,0,0
470,281,281,24.68834809,229.7394928,3.220154742,24.99723,-2875022.021,2035382.664,275,275,0.4824073203,643.8846224,1.261566261,0,-2875099.196,2035902.963,279.3618375,3885.007917,0.3885007917,0.3885007917,0.01573620035,525.9912996,Retain,3.206331395,-0.728966459,-3.935297854,1.030573525,-0.9370754016,-10.1265603,-4.075335363,5.234485819,2,0,0.002,0.998,0,0
471,189,189,0.6672488941,667.7562089,1.538710559,34.83833081,-2877374.451,2035726.412,302,302,0.2894443922,858.5128298,1.302940032,155.3073276,-2877379.108,2035710.382,249.7845084,2597.421288,0.2597421288,0.2597421288,0.3892732249,16.69322934,Retain,-0.4045921481,-1.239792083,-0.8351999345,0.2512784745,-0.1663214928,1.494665407,-0.4494386664,3.589724128,1,0.012,0.746,0.228,0.014,0
472,197,197,0.6065911231,569.6987485,1.251665721,74.98915954,-2876994.196,2035641.765,315,315,0.5788887844,536.5705186,1.151647165,277.8221936,-2876990.84,2035648.259,310.4669066,5033.339167,0.5033339167,0.5033339167,0.8297746167,7.310141427,Retain,-0.4999003176,-0.5466449021,-0.04674458449,-0.05990971423,-0.08328200647,1.309628018,1.579377819,2.811714509,3,0.182,0.02,0.016,0.68,0.102
473,252,252,59.99169637,225.9313834,4.936477943,24.99590004,-2876072.059,2035932.528,319,319,15.72647864,308.1165678,3.446877619,31.06146552,-2876636.11,2036148.863,4640.367313,124259.1574,12.42591574,12.42591574,0.2071272608,604.1138704,Retain,4.094206159,2.755345829,-1.338860329,0.3102468381,-0.3591833266,0.2172483753,-1.338773447,4.929026226,2,0,0.018,0.982,0,0
475,196,196,0.3639544597,812.1382052,1.382128849,49.99305291,-2877915.825,2035549.801,327,327,0.2894443922,858.5128298,1.302940032,62.12293105,-2877896.799,2035544.72,210.079727,1520.387276,0.1520387276,0.1520387276,0.4177410761,19.69281027,Retain,-1.01072653,-1.239792083,-0.2290655528,0.05553109556,-0.05900168084,0.2172272213,-0.3313784391,4.058032595,3,0.032,0.14,0.006,0.82,0.002
476,211,211,1.637795622,450.7422992,1.627246089,72.80106175,-2877594.12,2035522.498,338,338,1.254259033,396.2366907,1.251824291,155.3073276,-2877565.477,2035502.509,487.2183031,9499.1117,0.94991117,0.94991117,0.5799937168,34.9286862,Retain,0.4933512046,0.2265449861,-0.2668062185,-0.1288840411,-0.2622871503,0.7576680761,0.3220921843,3.879026416,1,0.036,0.486,0.298,0.172,0.008
477,229,229,1.213185015,528.4904381,1.642085328,48.53365931,-2875546.076,2035509.668,335,335,1.061296105,409.7447597,1.19076692,62.12293105,-2875535.186,2035490.128,420.7890188,7364.968652,0.7364968652,0.7364968652,0.6070771202,22.36953875,Retain,0.1932491451,0.05949090153,-0.1337582436,-0.2544902841,-0.3213694059,0.2468531103,0.4341465629,3.583485229,3,0.048,0.126,0.254,0.516,0.056
478,267,267,5.277373263,251.9036188,1.632444334,48.53314845,-2874642.917,2035224.387,375,375,0.6753702484,643.8846224,1.49270533,31.06146552,-2874601.325,2035257.772,434.8606,6753.705051,0.6753705051,0.6753705051,0.1279747464,53.33331943,Retain,1.663428486,-0.3924942223,-2.055922708,0.9384730031,-0.08948835106,-0.446267448,-1.912347862,3.717230716,2,0.008,0.088,0.904,0,0
479,210,210,0.1819772412,1090.869638,1.312733175,153.9451051,-2878407.411,2035377.877,347,347,0.1929629281,965.8269336,1.196826841,138.9110968,-2878404.136,2035384.236,169.0496816,1446.273612,0.1446273612,0.1446273612,0.7947552137,7.152485186,Retain,-1.703873648,-1.645257191,0.05861645706,-0.1217458299,-0.09243760137,-0.1027612381,1.350227872,3.391901443,3,0.132,0.024,0.006,0.682,0.156
480,220,220,1.395160019,459.5573464,1.531252434,34.83848826,-2877974.523,2035383.792,354,354,1.061296105,409.7447597,1.19076692,62.12293105,-2877966.452,2035380.001,528.1570866,8708.47072,0.870847072,0.870847072,0.6241915335,8.917042285,Retain,0.3330091179,0.05949090137,-0.2735182166,-0.1147293071,-0.2514884154,0.5783798144,0.5063210446,2.593936832,2,0.144,0.29,0.352,0.2,0.014
482,228,228,0.4852737224,812.1369553,1.595944294,48.53359631,-2876613.692,2035387.032,348,348,1.157777569,536.5705186,1.62867504,62.12293105,-2876553.391,2035407.532,291.9655415,3499.509832,0.3499509832,0.3499509832,0.721141424,63.69113077,Retain,-0.7230421712,0.1465022785,0.8695444497,-0.4144709947,0.02030123018,0.2468544084,0.9479366082,5.087947048,4,0.004,0,0.002,0.04,0.954
483,252,252,59.99169637,225.9313834,4.936477943,24.99590004,-2876072.059,2035932.528,379,379,42.35536272,184.8051536,3.392839758,31.06146552,-2875942.144,2035860.736,8120.656114,348474.4841,34.84744841,34.84744841,0.5808711958,148.4326942,Retain,4.094206159,3.746095042,-0.3481111171,-0.2009292939,-0.3749848525,0.2172483753,0.3256877693,3.525400219,2,0.022,0.16,0.758,0.03,0.03
485,230,230,0.7279113206,541.4246355,1.303083716,34.83840098,-2877848.809,2035248.555,367,367,0.3859258563,804.8557779,1.410473959,31.06146552,-2877845.03,2035252.225,309.9760396,3856.874911,0.3856874911,0.3856874911,0.5298550527,5.26809943,Retain,-0.3175760506,-0.9521100102,-0.6345339596,0.3964592241,0.07919224426,-0.1147487643,0.1193232231,2.39301243,1,0.28,0.56,0.096,0.064,0
486,234,234,2.244392491,328.9190999,1.390060058,153.9451051,-2878583.15,2035180.788,391,391,2.219073673,335.939803,1.411699925,138.9110968,-2878577,2035194.491,711.1095056,18850.04159,1.885004159,1.885004159,0.8398727794,15.01988641,Retain,0.8084348792,0.7970898446,-0.01134503462,0.02112016255,0.01544764524,-0.1027612381,1.652246132,2.877589163,3,0.102,0.01,0.01,0.82,0.058
487,242,242,0.3032965535,814.5442467,1.265445617,34.83840098,-2877761.218,2035142.578,392,392,0.4824073203,643.8846223,1.261566261,31.06146552,-2877764.27,2035157.487,238.8105143,2708.407435,0.2708407435,0.2708407435,0.8929898489,15.21834687,Retain,-1.193044228,-0.7289664589,0.4640777688,-0.2351091981,-0.00307031365,-0.1147487643,2.113469206,3.891454496,4,0.004,0,0,0.066,0.93
488,252,252,59.99169637,225.9313834,4.936477943,24.99590004,-2876072.059,2035932.528,394,394,0.2894443922,858.5128298,1.302940032,43.92754582,-2876281.603,2035109.86,196.0655918,971.8135325,0.09718135325,0.09718135325,0.001619913407,848.9357614,Retain,4.094206159,-1.239792083,-5.333998242,1.334970285,-1.332028836,0.5638125365,-5.943993907,5.269246561,2,0,0,1,0,0
489,281,281,24.68834809,229.7394928,3.220154742,24.99723,-2875022.021,2035382.664,408,408,1.157777569,536.5705186,1.62867504,62.12293105,-2875398.939,2035063.268,219.756114,1331.998293,0.1331998293,0.1331998293,0.005395250779,494.0461024,Retain,3.206331395,0.1465022784,-3.059829117,0.8482519686,-0.6816625898,0.9103262556,-5.047794692,5.171830107,2,0,0.018,0.982,0,0
490,250,250,1.334506438,481.5402537,1.569235058,24.26653469,-2877077.475,2035162.114,407,407,1.929629281,450.7192357,1.766192765,374.0295749,-2877054.516,2035095.365,466.0616902,8496.95381,0.849695381,0.849695381,0.6367113389,70.5872872,Retain,0.2885615143,0.6573279022,0.3687663879,-0.06614522015,0.1182379738,2.735198109,0.5599391557,4.684948413,4,0.004,0.004,0.002,0.1,0.89
496,286,286,2.365721004,438.8483674,1.904106861,24.26639758,-2876524.887,2034920.046,437,437,1.833147817,508.329965,1.94150951,128.0697033,-2876515.926,2034857.009,622.7125991,9253.601661,0.9253601661,0.9253601661,0.3911535487,63.67068677,Retain,0.8610828399,0.6060346078,-0.2550482321,0.1469768253,0.01945270921,1.663448695,-0.4415537373,4.295563509,1,0.116,0.62,0.114,0.138,0.012
497,297,297,1.880447502,445.752968,1.72432815,69.67705898,-2878585.333,2034605.414,454,454,1.157777569,429.2564149,1.302940032,62.12293105,-2878543.913,2034700.884,247.6777088,3703.869407,0.3703869407,0.3703869407,0.1969674454,104.0678126,Retain,0.6315097814,0.1465022785,-0.4850075029,-0.03771047098,-0.2802142224,-0.1147541981,-1.401537159,4.901662393,2,0.016,0.348,0.594,0.04,0.002
498,297,297,1.880447502,445.752968,1.72432815,69.67705898,-2878585.333,2034605.414,476,476,0.6753702485,551.9011048,1.279461712,62.12293105,-2878572.756,2034552.233,309.967004,4504.139102,0.4504139102,0.4504139102,0.2395248524,54.64878528,Retain,0.6315097814,-0.3924942222,-1.024004004,0.2136039572,-0.2983980445,-0.1147541981,-1.152434115,4.257555338,2,0.008,0.19,0.786,0.016,0
499,307,307,4.124854439,274.5152331,1.572772223,145.5979178,-2875958.204,2034831.297,442,442,1.543703425,402.427889,1.410473959,167.271111,-2875895.923,2034823.188,537.9370676,12670.71688,1.267071688,1.267071688,0.3071797338,62.80688206,Retain,1.417030732,0.4341843509,-0.9828463807,0.3825091696,-0.1089140208,0.13876619069999999,-0.8115297806,4.003930153,2,0.012,0.324,0.66,0.004,0
500,316,316,1.759130053,534.9977037,2.001686039,74.99302919,-2876292.407,2034741.902,497,497,2.797962458,421.8554423,1.990580135,128.0697033,-2876285.53,2034547.183,609.1491067,7203.010207,0.7203010207,0.7203010207,0.4094643368,194.8402602,Retain,0.564819399,1.028891459,0.4640720596,-0.2375997533,-0.005563723526,0.535173981,-0.3654329266,5.56214042,4,0.014,0.012,0.078,0.142,0.754
503,343,343,0.4246190744,696.1140021,1.279602816,24.99791936,-2875758.013,2034422.589,491,491,0.3859258562,643.8846224,1.128379167,158.3830188,-2875779.442,2034421.331,218.6060536,2432.95584,0.243295584,0.243295584,0.5729737515,21.4663539,Retain,-0.8565628076,-0.9521100103,-0.09554720268,-0.07799389079,-0.1257674921,1.846189985,0.2933991441,4.067179705,3,0.01,0.078,0.014,0.884,0.014
504,364,364,1.152538692,470.8172664,1.425854487,0,-2875466.19,2034361.56,519,519,1.254259033,495.2958633,1.564780363,43.92754581,-2875486.748,2034319.784,443.8734995,7230.243108,0.7230243108,0.7230243108,0.6273319201,46.56075986,Retain,0.1419670678,0.2265449862,0.08457791839,0.05068523842,0.09297419761,10.69031963,0.5197006455,4.342161009,3,0.01,0.02,0,0.63,0.34
506,385,385,0.9098994849,594.759116,1.600416001,24.26584345,-2875680.773,2034172.087,535,535,0.9648146406,515.1076979,1.427299293,93.18439658,-2875676.94,2034169.733,514.3065466,7792.682738,0.7792682738,0.7792682738,0.8564333608,4.498816287,Retain,-0.09442114174,-0.03581927837,0.05860186337,-0.1437804756,-0.1144795439,1.345480069,1.78020289,2.123612085,3,0.21,0.002,0.018,0.528,0.242
507,394,394,2.001782802,491.4690964,1.961551701,24.99815418,-2875414.974,2034105.688,541,541,1.447221961,429.2564149,1.456731241,43.92754581,-2875413.952,2034117.964,715.5397547,9874.429288,0.9874429288,0.9874429288,0.4932817525,12.31805761,Retain,0.6940381847,0.3696458297,-0.324392355,-0.1353446173,-0.2975407948,0.5637223634,-0.02682095916,2.736493313,1,0.094,0.43,0.386,0.082,0.008
508,438,438,3.154331162,484.8519622,2.429169775,55.57404814,-2875707.991,2033867.18,567,567,0.9648146406,515.1076979,1.427299293,62.12293105,-2875652.09,2033905.71,518.2836769,8601.573503,0.8601573503,0.8601573503,0.2726908831,67.89247111,Retain,1.148776481,-0.03581927838,-1.184595759,0.06053238908,-0.5317654904,0.1113969518,-0.9787262635,4.215916578,2,0.006,0.226,0.764,0.004,0
509,468,468,2.001795042,467.9564748,1.867713824,99.9951921,-2875326.173,2033453.605,602,602,0.3859258562,804.855778,1.410473959,0,-2875398.939,2033411.833,291.9781094,2824.141919,0.2824141919,0.2824141919,0.1410804732,83.90399917,Retain,0.694044299,-0.9521100103,-1.646154309,0.5422878146,-0.2807893401,-11.51288739,-1.800445201,4.65502799,2,0.002,0.094,0.904,0,0
