OBJECTID,FID_vungtau_2007_Project,ID_2007,AREA_2007,ED_2007,SHAPE_2007,ENN_2007,POINT_X_2007,POINT_Y_2007,FID_RasterT_Majori12_Project,ID_2015,AREA_2015,ED_2015,SHAPE_2015,ENN_2015,POINT_X_2015,POINT_Y_2015,Shape_Length,Shape_Area,OVERLAP_07_15,MAX_OVERLAP_07_15,RETENTION_07_15,CENTROID_07_15,EVENT TYPE,log_area_parent,log_area_child,log_change_area,log_change_ED,log_change_shape_index,log_change_ENN,logit_retention_ratio,log_centroid_shift,Predicted_Typology,Prob_0,Prob_1,Prob_2,Prob_3,Prob_4
1,194,194,0.8970585452,489.8828506,1.30887357,520.3819696,-1989827.963,2848273.45,193,193,0.8970585452,489.8828506,1.30887357,520.3819696,-1989827.963,2848273.45,439.4535973,8970.585452,0.8970585452,0.8970585452,1,0,Retain,-0.1086341513,-0.1086341513,0,0,0,0,6.908754779,-6.28107326,3,0.13,0.012,0,0.69,0.168
2,207,207,0.8372607553,586.1296157,1.512930929,49.70664292,-1990711.295,2847994.911,209,209,0.8372607553,586.1296157,1.512930929,49.70664292,-1990711.295,2847994.911,490.7433248,8372.607553,0.8372607553,0.8372607553,1,0,Retain,-0.1776197214,-0.1776197214,0,0,0,0,6.908754779,-6.246580475,3,0.134,0.016,0,0.676,0.174
3,218,218,0.1794140853,1090.580071,1.303109446,120.3154198,-1990844.72,2847761.961,221,221,0.1794140853,1090.580071,1.303109446,120.3154198,-1990844.72,2847761.961,195.6654259,1794.140853,0.1794140853,0.1794140853,1,0,Retain,-1.718058819,-1.718058819,0,0,0,0,6.908754779,-5.476360927,3,0.234,0.032,0,0.568,0.166
4,226,226,0.1794146477,1090.578073,1.303109101,48.12695551,-1990711.544,2847625.756,232,232,0.1794146477,1090.578073,1.303109101,121.753005,-1990711.544,2847625.756,195.6656808,1794.146477,0.1794146477,0.1794146477,1,0,Retain,-1.718055684,-1.718055684,0,0,0,0.928139453,6.908754779,-5.476362494,3,0.238,0.04,0,0.552,0.17
5,227,227,0.2990246919,815.2929135,1.257657141,24.85305135,-1990436.244,2847630.396,235,235,0.2990246919,815.2929135,1.257657141,24.85305135,-1990436.244,2847630.396,243.7927122,2990.246919,0.2990246919,0.2990246919,1,0,Retain,-1.207229127,-1.207229127,0,0,0,0,6.908754779,-5.731775772,3,0.216,0.016,0,0.598,0.17
6,228,228,4.545156257,376.5065503,2.264341954,24.85305135,-1990315.1,2847779.34,236,236,4.365741757,391.9794858,2.310401342,24.85305135,-1990319.769,2847782.668,1711.281209,43657.41617,4.365741617,4.365741617,0.9605261888,5.733417406,Retain,1.514062107,1.473788108,-0.04027399935,0.04027406137,0.0201370617,0,3.167866674,1.561820049,3,0.226,0.062,0.012,0.588,0.112
7,238,238,3.408901709,386.7466759,2.014322005,211.5235178,-1989837.377,2847461.768,253,253,3.408901709,386.7466759,2.014322005,211.5235178,-1989837.377,2847461.768,1318.381404,34089.01709,3.408901709,3.408901709,1,0,Retain,1.22639016,1.22639016,0,0,0,0,6.908754779,-6.948585416,3,0.138,0.03,0.01,0.702,0.12
8,240,240,0.2392222684,817.929093,1.128525888,88.74241223,-1990608.83,2847250.508,255,255,0.2392222684,817.929093,1.128525888,88.74241223,-1990608.83,2847250.508,195.6668531,2392.222684,0.2392222684,0.2392222684,1,0,Retain,-1.430362166,-1.430362166,0,0,0,0,6.908754779,-5.620209253,3,0.23,0.028,0,0.576,0.166
9,278,278,35.40537611,214.3079927,3.597228641,24.06525668,-1989565.977,2846857.17,293,293,35.22595759,216.7658184,3.629253228,24.06525668,-1989568.048,2846855.25,7635.78342,349867.3276,34.98673276,34.98673276,0.9881757123,2.824369349,Retain,3.566863676,3.561783242,-0.00508043388,0.01140339453,0.008863177588,0,4.345531135,-0.1724277961,0,0.416,0.248,0.128,0.092,0.116
10,254,254,0.2392243165,1012.523579,1.397020808,120.3228412,-1990429.294,2846972.567,273,273,0.2392243165,1012.523579,1.397020808,120.3228412,-1990429.294,2846972.567,242.2202611,2392.243165,0.2392243165,0.2392243165,1,0,Retain,-1.430353605,-1.430353605,0,0,0,0,6.908754779,-5.620213534,3,0.23,0.028,0,0.576,0.166
11,274,274,1.674582943,437.702503,1.597818443,120.3228412,-1990390.52,2846712.37,289,289,1.674582943,437.702503,1.597818443,120.3228412,-1990390.52,2846712.37,732.9691458,16745.82943,1.674582943,1.674582943,1,0,Retain,0.5155641452,0.5155641452,0,0,0,0,6.908754779,-6.593172409,3,0.106,0.018,0,0.736,0.14
12,269,269,2.33245401,400.163098,1.724005509,96.2594845,-1991765.354,2846665.338,285,285,2.33245401,400.163098,1.724005509,96.2594845,-1991765.354,2846665.338,933.3620227,23324.5401,2.33245401,2.33245401,1,0,Retain,0.8469209366,0.8469209366,0,0,0,0,6.908754779,-6.758850804,3,0.108,0.02,0.002,0.744,0.126
13,280,280,2.093249291,396.8985034,1.619888065,55.22340355,-1990445.628,2846367.659,300,300,2.033442101,408.5720024,1.643537344,55.22340355,-1990443.696,2846369.525,830.8075109,20334.42101,2.033442101,2.033442101,0.9714285391,2.685786687,Retain,0.7387175434,0.7097299732,-0.02898757014,0.02898757015,0.01449378508,0,3.492986854,1.191352111,3,0.126,0.034,0.004,0.724,0.112
14,281,281,0.6578793351,594.8493666,1.361053491,55.22340066,-1989874.936,2846335.911,301,301,0.7774938975,503.3339902,1.251987007,74.55587169,-1989881.383,2846338.705,391.3391058,6578.793351,0.6578793351,0.6578793351,1,7.026176012,Retain,-0.4187337457,-0.2516794838,0.1670542619,-0.1670542619,-0.08352713094,0.300157316,6.908754779,2.731516736,4,0.14,0.004,0.014,0.338,0.504
15,287,287,5.502251816,301.7022809,1.996383137,0,-1989691.464,2846436.543,305,305,5.143409086,313.699396,2.006939517,34.59430265,-1989691.438,2846443.261,1613.484324,51434.08877,5.143408877,5.143408877,0.9347825306,6.718974751,Retain,1.70515743,1.637716106,-0.06744132373,0.03899448345,0.005273821585,10.45147319,2.648438795,1.624870625,0,0.606,0.04,0.042,0.222,0.09
16,285,285,2.332482715,420.7935134,1.812897798,24.06525668,-1990166.864,2846299.54,304,304,2.332482715,420.7935134,1.812897798,24.06525668,-1990166.864,2846299.54,981.4935965,23324.82715,2.332482715,2.332482715,1,0,Retain,0.846933243,0.846933243,0,0,0,0,6.908754779,-6.758856958,3,0.108,0.02,0.002,0.744,0.126
17,292,292,2.691338474,291.9828144,1.351252524,0,-1989463.327,2846175.242,313,313,2.691338474,291.9828144,1.351252524,24.85179669,-1989463.327,2846175.242,785.8245819,26913.38474,2.691338474,2.691338474,1,0,Retain,0.9900386437,0.9900386437,0,0,0,10.12072557,6.908754779,-6.830409658,3,0.17,0.02,0.01,0.66,0.14
18,293,293,7.954390009,215.7352588,1.716404476,24.06576277,-1989171.693,2846260.451,314,314,7.89458287,217.369595,1.722893601,24.85179669,-1989170.375,2846259.558,1716.042281,78945.82862,7.894582862,7.894582862,0.9924812402,1.59172169,Retain,2.073723979,2.066176812,-0.00754716712,0.00754710527,0.00377352171,0.03213853834,4.758944418,9.472614124e-4,3,0.28,0.084,0.018,0.408,0.21
19,300,300,2.212887794,399.3242298,1.675716042,48.13198498,-1989793.728,2846026.58,320,320,2.153080286,410.4164746,1.698830172,48.13198498,-1989793.551,2846024.98,883.6596205,21530.80154,2.153080154,2.153080154,0.9729730355,1.609728305,Retain,0.7942983567,0.7668995081,-0.02739884865,0.02739874289,0.01369931857,0,3.548216555,0.6519022046,3,0.128,0.034,0.002,0.728,0.108
20,310,310,1.375589341,496.7161256,1.643416823,49.70310072,-1989217.419,2845808.761,333,333,0.8373127472,582.3462171,1.503211807,24.85159709,-1989273.933,2845893.692,291.935136,2990.401534,0.2990401534,0.2990401534,0.2173905718,102.0143045,Retain,0.3188822511,-0.1775576257,-0.4964398769,0.1590464585,-0.08917347989,-0.6931251813,-1.277625645,5.038046663,1,0.062,0.568,0.31,0.054,0.006
21,310,310,1.375589341,496.7161256,1.643416823,49.70310072,-1989217.419,2845808.761,340,340,0.1794253003,1090.54432,1.303107454,74.55429228,-1989195.943,2845720.657,97.83561474,598.0838447,0.05980838447,0.05980838447,0.04347837155,90.68463027,Retain,0.3188822511,-1.717996312,-2.036878563,0.78641354,-0.2320257416,0.4054535892,-3.069345271,4.920322731,2,0,0.434,0.564,0.002,0
22,322,322,15.55017921,210.7186543,2.344043956,24.06664118,-1989640.879,2845685.925,345,345,7.595631867,277.447619,2.157039133,0,-1989548.845,2845814.758,1813.884509,66985.13002,6.698513002,6.698513002,0.4307675757,158.3301243,Retain,2.744072164,2.027573328,-0.7164988358,0.2751083031,-0.08314111479,-10.08862353,-0.2781566153,4.265017424,2,0.026,0.164,0.8,0.01,0
23,322,322,15.55017921,210.7186543,2.344043956,24.06664118,-1989640.879,2845685.925,336,336,0.1794248274,1090.546171,1.303107949,0,-1989746.153,2845758.043,195.6710586,1794.248274,0.1794248274,0.1794248274,0.01153844113,127.6078521,Retain,2.744072164,-1.717998948,-4.462071111,1.643910073,-0.5871254832,-10.08862353,-4.3683617,4.049298603,2,0,0.002,0.998,0,0
24,313,313,0.4186608801,823.5295316,1.503160783,24.85137214,-1988858.393,2845596.26,348,348,0.2392345262,1025.664127,1.415181566,74.55392315,-1988853.91,2845595.684,245.3742715,2392.346847,0.2392346847,0.2392346847,0.5714283231,4.520243783,Retain,-0.8706940421,-1.430310927,-0.55961688489999994,0.2194962007,-0.06031224176,1.098582871,0.2870989159,2.516499093,1,0.27,0.566,0.104,0.058,0.002
25,322,322,15.55017921,210.7186543,2.344043956,24.06664118,-1989640.879,2845685.925,349,349,0.119617215,1233.420917,1.203381195,69.18924025,-1989701.448,2845511.696,147.538375,1196.173469,0.1196173469,0.1196173469,0.007692345228,184.4566962,Retain,2.744072164,-2.12345851,-4.867530673,1.767022969,-0.6667423675,1.055991567,-4.73859766,4.417749009,2,0,0.014,0.986,0,0
26,322,322,15.55017921,210.7186543,2.344043956,24.06664118,-1989640.879,2845685.925,354,354,1.016744796,623.1438035,1.772512587,48.13339484,-1989821.65,2845570.728,585.4452171,6578.946859,0.6578946859,0.6578946859,0.04230785233,214.355627,Retain,2.744072164,0.01660614709,-2.727466016,1.0842534639999999,-0.2794795438,0.6931287424,-3.097236044,4.567969971,2,0,0.016,0.984,0,0
27,328,328,5.382809778,280.702775,1.837157078,24.85137214,-1988613.27,2845398.619,358,358,0.4784698275,714.0284625,1.39327829,24.06669026,-1988701.097,2845542.087,341.6410753,4784.699687,0.4784699687,0.4784699687,0.08888851518,168.2167811,Retain,1.683210501,-0.7371621265,-2.420372628,0.9336264558,-0.2765598581,-0.03208291831,-2.317192042,4.856019148,2,0,0.024,0.976,0,0
28,322,322,15.55017921,210.7186543,2.344043956,24.06664118,-1989640.879,2845685.925,364,364,0.6578975495,592.4557893,1.355595598,48.13339484,-1989770.076,2845362.643,389.7753181,6578.980835,0.6578980835,0.6578980835,0.04230807082,348.1418501,Retain,2.744072164,-0.4187060596,-3.162778223,1.033752401,-0.5476367106,0.6931287424,-3.097230771,5.052941746,2,0,0.012,0.988,0,0
29,328,328,5.382809778,280.702775,1.837157078,24.85137214,-1988613.27,2845398.619,369,369,2.332547678,458.6925823,1.976205255,24.06669026,-1988597.735,2845440.21,1069.922318,23325.47426,2.332547426,2.332547426,0.4333326872,44.39787924,Retain,1.683210501,0.8469610942,-0.8362494073,0.4910838611,0.07295915747,-0.03208291831,-0.2677247295,3.523973919,2,0.04,0.366,0.59,0.004,0
30,333,333,31.51920219,112.8730846,1.787611212,34.59476546,-1990376.035,2845438.16,381,381,26.97376475,179.2784128,2.626599452,0,-1990344.59,2845409.807,4150.960366,240431.0386,24.04310386,24.04310386,0.7628081357,42.33992218,Retain,3.450596953,3.294864718,-0.1557322358,0.4626759334,0.3848098155,-10.45148657,1.165240125,2.592820512,0,0.43,0.086,0.392,0.034,0.058
32,337,337,4.784781228,368.0546883,2.271111545,34.59476546,-1989947.127,2844871.488,383,383,5.681924188,232.3176853,1.56215836,0,-1989950.397,2844889.939,1664.790051,41268.72728,4.126872728,4.126872728,0.8624997739,18.73800352,Retain,1.565440304,1.737289941,0.1718496373,-0.4601257686,-0.3742009499,-10.45148657,1.830121678,2.720251893,4,0.122,0.028,0.14,0.118,0.592
33,338,338,1.913918178,486.0357556,1.896814982,168.4719125,-1990394.411,2844734.386,384,384,2.392397984,450.4982857,1.965644269,24.06757108,-1990418.568,2844727.575,930.2326681,19139.18047,1.913918047,1.913918047,0.9999999311,25.09849793,Retain,0.6491525431,0.8722962036,0.2231436605,-0.07592792073,0.03564390952,-1.945868095,6.908685804,3.470636514,4,0.058,0,0.008,0.128,0.806
34,198,198,0.3588243128,817.940175,1.382157514,188.356126,-1991301.425,2848090.577,197,197,0.2990203106,981.5283588,1.514078052,188.356126,-1991297.036,2848086.837,293.4969147,2990.203106,0.2990203106,0.2990203106,0.8333334723,5.765570365,Retain,-1.02492239,-1.20724378,-0.18232139,0.1823217084,0.09116101343,0,1.604656117,2.836903651,0,0.55,0.07,0.016,0.316,0.048
35,200,200,0.3588250681,683.8192415,1.155520814,48.1256613,-1990871.563,2848053.612,200,200,0.3588250681,683.8192415,1.155520814,48.1256613,-1990871.563,2848053.612,245.3714859,3588.250681,0.3588250681,0.3588250681,1,0,Retain,-1.024920285,-1.024920285,0,0,0,0,6.908754779,-5.822930194,3,0.2,0.018,0,0.604,0.178
36,209,209,0.2990218458,981.5251407,1.514076975,48.1256613,-1990859.426,2847941.059,211,211,0.2990218458,981.5251407,1.514076975,48.1256613,-1990859.426,2847941.059,293.4974592,2990.218458,0.2990218458,0.2990218458,1,0,Retain,-1.207238646,-1.207238646,0,0,0,0,6.908754779,-5.731771013,3,0.216,0.016,0,0.598,0.17
37,212,212,1.315693535,518.1030704,1.676442276,48.12613347,-1991531.31,2847943.71,214,214,1.315693535,518.1030704,1.676442276,48.12613347,-1991531.31,2847943.71,681.66486,13156.93535,1.315693535,1.315693535,1,0,Retain,0.2743639294,0.2743639294,0,0,0,0,6.908754779,-6.472572301,3,0.108,0.016,0,0.722,0.154
38,217,217,0.6578512874,594.8624425,1.3610543960000001,48.12613347,-1991540.583,2847751.323,220,220,0.6578512874,594.8624425,1.3610543960000001,48.12613347,-1991540.583,2847751.323,391.3310237,6578.512874,0.6578512874,0.6578512874,1,0,Retain,-0.4187763802,-0.4187763802,0,0,0,0,6.908754779,-6.126002146,3,0.146,0.016,0,0.648,0.19
39,223,223,0.8970704349,493.4026775,1.318286612,72.19022111,-1991238.209,2847683.896,227,227,0.478438081,613.4511799,1.196982894,72.19022111,-1991268.167,2847681.79,293.4982992,4784.376861,0.4784376861,0.4784376861,0.5333334679,30.03149473,Retain,-0.1086208972,-0.7372284787,-0.6286075815,0.217775054,-0.0965287368,0,0.1332646123,4.028955345,1,0.068,0.772,0.1,0.058,0.002
40,230,230,0.4784391553,814.6332013,1.589536598,78.34597602,-1991016.748,2847595.3,237,237,0.4784391553,814.6332013,1.589536598,78.34597602,-1991016.748,2847595.3,389.7524207,4784.391553,0.4784391553,0.4784391553,1,0,Retain,-0.7372262333,-0.7372262333,0,0,0,0,6.908754779,-5.966777219,3,0.158,0.016,0.002,0.618,0.206
41,239,239,2.033383968,360.4637773,1.449994633,0,-1991603.958,2847269.498,254,254,1.973578821,371.3867712,1.471799788,0,-1991601.87,2847267.374,732.9610661,19735.78689,1.973578689,1.973578689,0.9705883002,2.978392624,Retain,0.7097013844,0.679848555,-0.02985282944,0.02985255713,0.01492614241,0,3.464104759,1.309233713,3,0.128,0.034,0.004,0.722,0.112
42,244,244,0.1196110964,1233.487368,1.203415247,0,-1991499.434,2847157.711,259,259,0.1196110964,1233.487368,1.203415247,0,-1991499.434,2847157.711,147.5387764,1196.110964,0.1196110964,0.1196110964,1,0,Retain,-2.123509663,-2.123509663,0,0,0,0,6.908754779,-5.273635505,3,0.222,0.052,0,0.564,0.162
43,246,246,15.0709746,182.2854638,1.996263079,24.06401006,-1991122.841,2847311.789,262,262,15.01116938,183.0116979,2.00023573,24.06401006,-1991121.434,2847311.532,2747.219594,150111.6938,15.01116938,15.01116938,0.9960317616,1.430128657,Retain,2.712770682,2.708794549,-0.003976132753,0.003976132753,0.001988066376,0,5.301717295,-0.4255569945,0,0.466,0.138,0.044,0.196,0.156
44,103,103,0.1196001261,1233.60842,1.203478155,209.304779,-1992548.979,2850345.837,92,92,0.1196001261,1233.60842,1.203478155,209.304779,-1992548.979,2850345.837,147.5397226,1196.0012610000001,0.1196001261,0.1196001261,1,0,Retain,-2.123601383,-2.123601383,0,0,0,0,6.908754779,-5.273589645,3,0.222,0.052,0,0.564,0.162
45,250,250,1.31572667,519.3004967,1.680337985,24.06401006,-1991353.651,2847090.259,268,268,1.31572667,519.3004967,1.680337985,24.06401006,-1991353.651,2847090.259,683.2575131,13157.2667,1.31572667,1.31572667,1,0,Retain,0.2743891136,0.2743891136,0,0,0,0,6.908754779,-6.472584893,3,0.108,0.016,0,0.722,0.154
46,114,114,0.4784028671,613.4751529,1.196985618,138.3700824,-1994090.357,2850057.877,103,103,0.4784028671,613.4751529,1.196985618,138.3700824,-1994090.357,2850057.877,293.4882721,4784.028671,0.4784028671,0.4784028671,1,0,Retain,-0.7373020833,-0.7373020833,0,0,0,0,6.908754779,-5.966739294,3,0.158,0.016,0.002,0.618,0.206
47,115,115,0.5382021804,825.3589024,1.708089545,209.304779,-1992286.99,2850164.283,104,104,0.5382021804,825.3589024,1.708089545,209.304779,-1992286.99,2850164.283,444.2099609,5382.021804,0.5382021804,0.5382021804,1,0,Retain,-0.6195209894,-0.6195209894,0,0,0,0,6.908754779,-6.025629841,3,0.144,0.016,0.004,0.628,0.208
48,130,130,1.016613027,578.9504754,1.646699365,49.70972615,-1993535.187,2849854.797,117,117,1.016613027,578.9504754,1.646699365,49.70972615,-1993535.187,2849854.797,588.5685953,10166.13027,1.016613027,1.016613027,1,0,Retain,0.01647654028,0.01647654028,0,0,0,0,6.908754779,-6.343628606,3,0.124,0.012,0,0.712,0.152
49,132,132,4.54485876,324.2796306,1.950181055,292.9656789,-1992680.637,2849896.532,119,119,4.485057706,328.6033559,1.963139131,292.9656789,-1992680.94,2849896.42,1473.805014,44850.57822,4.485057822,4.485057822,0.986842069,0.32322834,Retain,1.513996651,1.500751362,-0.01324528935,0.01324521733,0.006622572651,0,4.245247877,-1.310940641,3,0.186,0.056,0.01,0.636,0.112
50,136,136,0.3588067527,683.8486169,1.155540961,348.7972635,-1994430.849,2849587.171,123,123,0.4784090193,613.4704407,1.19698412,372.8216211,-1994428.322,2849596.373,245.3695015,3588.070086,0.3588070086,0.3588070086,1.000000713,9.542500357,Retain,-1.024971329,-0.7372892236,0.2876821052,-0.1086044912,0.03523656135,0.06660904637,6.909469072,3.340710939,4,0.014,0.002,0.002,0.188,0.794
51,140,140,8.730934231,257.1681715,2.143594546,49.70972615,-1993890.516,2849735.682,126,126,7.89371728,303.3357622,2.40413841,49.70972615,-1993880.051,2849755.208,2394.446748,78937.1728,7.89371728,7.89371728,0.9041091218,22.15363383,Retain,2.166872378,2.066067162,-0.1008052159,0.1651100835,0.1147074756,0,2.234470135,2.586975431,0,0.7,0.082,0.026,0.124,0.068
52,148,148,0.2392076986,817.9553166,1.128527701,384.9685544,-1994440.529,2849152.588,134,134,0.1196038493,1233.56823,1.203457678,409.0294045,-1994439.764,2849140.582,147.5395086,1196.038493,0.1196038493,0.1196038493,0.5,12.03042505,Retain,-1.430423073,-2.123570253,-0.6931471806,0.4108585384,0.06428494814,0.06062524021,0,3.77509846,1,0.14,0.686,0.03,0.144,0
53,154,154,0.9568354716,459.26992,1.26730662,192.4910502,-1991992.366,2849107.999,143,143,0.9568354716,459.26992,1.26730662,192.4910502,-1991992.366,2849107.999,439.4457505,9568.354716,0.9568354716,0.9568354716,1,0,Retain,-0.0441238233,-0.0441238233,0,0,0,0,6.908754779,-6.313328424,3,0.126,0.012,0,0.7,0.162
54,168,168,2.691127731,309.2969496,1.431323694,162.4884291,-1992053.662,2848749.715,165,165,2.691127731,309.2969496,1.431323694,162.4884291,-1992053.662,2848749.715,832.3575981,26911.27731,2.691127731,2.691127731,1,0,Retain,0.9899603365,0.9899603365,0,0,0,0,6.908754779,-6.830370504,3,0.11,0.022,0.002,0.744,0.122
55,179,179,0.5980323389,571.2380124,1.246161995,397.6394784,-1994503.207,2848377.071,174,174,0.5980323389,571.2380124,1.246161995,397.6394784,-1994503.207,2848377.071,341.6188046,5980.323389,0.5980323389,0.5980323389,1,0,Retain,-0.5141104481,-0.5141104481,0,0,0,0,6.908754779,-6.078335112,3,0.144,0.016,0.002,0.638,0.2
56,180,180,2.870550082,289.4134853,1.383236357,590.2188937,-1993344.36,2848511.134,175,175,2.810746726,295.5712053,1.397874065,590.2188937,-1993342.315,2848511.264,830.7757976,28107.46726,2.810746726,2.810746726,0.9791665871,2.049131156,Retain,1.054503677,1.033450187,-0.02105349049,0.02105336271,0.01052661747,0,3.804281045,0.7630168736,3,0.132,0.038,0.008,0.722,0.1
57,189,189,3.28918972,431.0391131,2.205241773,162.4884291,-1991867.203,2848408.734,184,184,2.451939756,438.8970165,1.938708857,24.85371521,-1991839.106,2848425.201,1076.149043,24519.3962,2.45193962,2.45193962,0.7454539959,32.56752538,Retain,1.190641249,0.8968794483,-0.2937618006,0.01806596344,-0.1288149369,-1.877565467,1.07193154,3.460390661,2,0.258,0.188,0.358,0.17,0.026
58,189,189,3.28918972,431.0391131,2.205241773,162.4884291,-1991867.203,2848408.734,187,187,0.5382323342,631.7669063,1.307485354,24.85371521,-1991970.937,2848327.952,340.0373767,5382.326049,0.5382326049,0.5382326049,0.1636368378,131.4781979,Retain,1.190641249,-0.6194649641,-1.810106213,0.3823216714,-0.5227314351,-1.877565467,-1.626515797,4.855892967,2,0,0.052,0.948,0,0
59,203,203,2.152946799,408.9696224,1.692788764,590.2188937,-1992727.752,2847991.137,204,204,2.152946799,408.9696224,1.692788764,590.2188937,-1992727.752,2847991.137,880.4898394,21529.46799,2.152946799,2.152946799,1,0,Retain,0.7668375079,0.7668375079,0,0,0,0,6.908754779,-6.71880909,3,0.102,0.02,0.002,0.75,0.126
60,221,221,1.435311199,375.4377297,1.268837541,49.70627633,-1991713.781,2847721.767,224,224,1.435311199,375.4377297,1.268837541,49.70627633,-1991713.781,2847721.767,538.8699778,14353.11199,1.435311199,1.435311199,1,0,Retain,0.3613816888,0.3613816888,0,0,0,0,6.908754779,-6.51608118,3,0.104,0.016,0,0.724,0.156
61,235,235,3.40889879,330.2741691,1.720191234,55.22434293,-1994327.678,2847205.724,250,250,3.289288319,356.9157262,1.826046041,55.22434293,-1994329.065,2847206.912,1173.998729,32892.88207,3.289288207,3.289288207,0.9649122515,1.826066399,Retain,1.226389304,1.190671225,-0.03571807871,0.0775765681,0.05971752874,0,3.287119561,0.5618819112,3,0.218,0.082,0.008,0.582,0.11
62,243,243,15.54936574,188.6518709,2.098517156,55.22434293,-1993862.36,2847237.618,258,258,15.54936574,188.6518709,2.098517156,55.22434293,-1993862.36,2847237.618,2933.416938,155493.6574,15.54936574,15.54936574,1,0,Retain,2.744019849,2.744019849,0,0,0,0,6.908754779,-7.707400261,0,0.474,0.118,0.04,0.2,0.168
63,252,252,0.5382534107,545.2842894,1.128525686,78.34494664,-1992764.54,2846884.324,269,269,0.5382534107,545.2842894,1.128525686,78.34494664,-1992764.54,2846884.324,293.5011286,5382.534107,0.5382534107,0.5382534107,1,0,Retain,-0.6194258061,-0.6194258061,0,0,0,0,6.908754779,-6.025677433,3,0.144,0.016,0.004,0.628,0.208
64,273,273,23.5037779,156.2604154,2.137041125,78.34494664,-1993242.148,2846811.956,288,288,23.44397264,152.4859777,2.082766481,78.34494664,-1993243.135,2846810.126,3624.5821,233243.6105,23.32436105,23.32436105,0.9923664676,2.079593973,Retain,3.15716117,3.154613432,-0.002547738516,-0.02445130236,-0.02572517162,0,4.745445909,-0.2735622254,0,0.512,0.118,0.072,0.146,0.152
65,272,272,0.6578717262,743.5658327,1.701316462,87.65017705,-1992943.088,2846559.489,284,284,0.478451828,817.9226417,1.595976189,88.74230241,-1992928.542,2846575.485,391.336583,4784.51828,0.478451828,0.478451828,0.7272722157,21.62133792,Retain,-0.4187453116,-0.7371997462,-0.3184544346,0.09531045575,-0.06391676153,0.01238291943,0.9785407763,3.855464542,1,0.21,0.382,0.022,0.38,0.006
66,279,279,3.16976846,340.5067206,1.710151264,96.2594845,-1991920.022,2846379.354,294,294,3.050154413,353.8599419,1.743361227,96.2594845,-1991917.311,2846377.002,1079.327463,30501.54563,3.050154563,3.050154563,0.9622641532,3.589084911,Retain,1.153658544,1.115192216,-0.0384663277,0.0384663277,0.01923316385,0,3.213562231,1.273711525,3,0.172,0.05,0.008,0.668,0.102
67,283,283,15.31057412,233.0807811,2.572748129,49.70391062,-1992650.367,2846337.545,302,302,15.37038081,232.1738557,2.567737924,49.70391062,-1992650.227,2846338.115,3568.600575,153105.7413,15.31057413,15.31057413,1.000000001,0.5864413271,Retain,2.728543709,2.732442333,0.00389862459,-0.00389862459,-0.001949312295,0,6.908755295,-1.323885818,0,0.472,0.108,0.04,0.186,0.194
68,284,284,2.332481428,398.809794,1.718185226,49.70391062,-1992257.855,2846206.762,303,303,2.272674199,387.4344361,1.647638297,49.70391062,-1992260.047,2846206.346,880.5122469,22726.74214,2.272674214,2.272674214,0.9743589753,2.230686052,Retain,0.8469326916,0.8209571994,-0.02597549217,-0.02893795893,-0.04192570501,0,3.600353273,0.9516559739,3,0.178,0.018,0.002,0.684,0.118
69,302,302,2.153086808,364.9758059,1.510740647,122.8585584,-1994552.652,2845623.728,327,327,0.5382711662,727.0332642,1.504699955,172.972394,-1994589.827,2845653.513,391.341043,5382.712445,0.5382712445,0.5382712445,0.2499997875,47.63556375,Retain,0.7669025372,-0.6193928194,-1.386295357,0.6891411656,-0.004006512669,0.3420958892,-1.095953842,4.052514287,2,0.01,0.42,0.562,0.008,0
70,311,311,0.2990419634,820.5340921,1.265778649,192.5298572,-1994404.877,2845347.512,342,342,0.2392335149,817.9088523,1.128524487,228.7830636,-1994397.283,2845345.584,195.6712096,2392.335149,0.2392335149,0.2392335149,0.7999998132,7.834248978,Retain,-1.20717137,-1.430315154,-0.2231437847,-0.00320455718,-0.1147764496,0.1725221671,1.382554877,3.234583281,3,0.206,0.148,0.05,0.558,0.038
71,315,315,1.076554964,497.645428,1.456576136,666.6704416,-1993025.215,2845328.448,347,347,0.4186600252,697.3144575,1.272783349,672.6650824,-1993054.876,2845353.546,291.9376883,4186.600252,0.4186600252,0.4186600252,0.3888886671,38.85499121,Retain,0.07376609494,-0.8706960842,-0.9444621791,0.337348636,-0.1348824536,0.008951710361,-0.451052953,4.195344174,1,0.014,0.848,0.13,0.008,0
73,341,341,4.186752717,258.1723962,1.490196466,49.700583,-1991936.4,2844150.699,385,385,5.263351867,251.6867794,1.628870934,812.9901645,-1991965.245,2844115.366,833.964064,35886.46048,3.588646048,3.588646048,0.8571430629,45.61218156,Retain,1.431925426,1.660768061,0.2288426352,-0.02544218875,0.08897912886,2.794683458,1.785951512,3.676598974,4,0.028,0.002,0,0.064,0.906
74,344,344,4.366254209,448.1563022,2.641673166,49.69951499,-1993098.53,2843551.323,388,388,2.033594322,408.558882,1.643546079,48.13854062,-1993023.725,2843626.437,830.8430226,19737.82354,1.973782354,1.973782354,0.4520539253,106.0090347,Retain,1.473905481,0.7098048291,-0.764100652,-0.09250601447,-0.4745563405,-0.03191140523,-0.1919890535,4.498945959,2,0.036,0.244,0.656,0.06,0.004
75,344,344,4.366254209,448.1563022,2.641673166,49.69951499,-1993098.53,2843551.323,389,389,0.6579302524,672.7367193,1.539324313,48.13854062,-1993194.122,2843426,442.6138395,6579.308885,0.6579308885,0.6579308885,0.150685429,157.6186858,Retain,1.473905481,-0.4186563527,-1.892561834,0.406211988,-0.540068929,-0.03191140523,-1.723797534,4.895597282,2,0,0.026,0.974,0,0
76,345,345,0.7775567876,631.1468722,1.569970748,24.06947644,-1993422.718,2843321.552,391,391,0.5981201164,576.431635,1.257584221,24.06953251,-1993408.599,2843310.392,344.7753566,5981.207206,0.5981207206,0.5981207206,0.7692309169,17.99657225,Retain,-0.2515985989,-0.5139636816,-0.2623650827,-0.09068185012,-0.2218643915,2.329251619e-6,1.200948817,3.588401116,1,0.11,0.378,0.112,0.372,0.028
77,346,346,0.7177450206,543.0801435,1.297908529,48.13910129,-1992710.206,2843356.858,392,392,0.4186844255,816.018095,1.489492292,270.8737987,-1992715.413,2843373.467,341.6540673,4186.844255,0.4186844255,0.4186844255,0.5833330967,17.40587641,Retain,-0.3316408975,-0.8706378039,-0.5389969064,0.407179627,0.1376811738,1.72754118,0.3357869585,3.595050716,1,0.19,0.702,0.032,0.072,0.004
78,362,362,60.29156214,160.4476668,3.514444927,24.06947644,-1993518.687,2842725.557,415,415,45.27850323,201.5736469,3.8262633,24.06953251,-1993481.186,2842711.51,9077.253668,448000.0548,44.80000548,44.80000548,0.7430559748,40.0454906,Retain,4.099192163,3.812832377,-0.2863597852,0.2281869823,0.08500708971,2.329251619e-6,1.059373662,2.212809906,2,0.398,0.144,0.436,0.006,0.016
79,362,362,60.29156214,160.4476668,3.514444927,24.06947644,-1993518.687,2842725.557,394,394,1.734559341,507.6494638,1.886051646,24.84958847,-1993560.896,2843113.154,880.5481194,17345.59341,1.734559341,1.734559341,0.02876952063,389.8890119,Retain,4.099192163,0.550753399,-3.548438764,1.151823352,-0.6223960299,0.03189538751,-3.486107822,4.48863354,2,0,0,1,0,0
80,362,362,60.29156214,160.4476668,3.514444927,24.06947644,-1993518.687,2842725.557,397,397,0.5981267968,656.9089704,1.433167299,24.07010682,-1993809.115,2842913.465,392.9147648,4785.014539,0.4785014539,0.4785014539,0.007936458053,345.9154489,Retain,4.099192163,-0.5139525128,-4.613144675,1.40957763,-0.8969947078,2.618832769e-5,-4.710655332,4.36896613,2,0,0,1,0,0
81,362,362,60.29156214,160.4476668,3.514444927,24.06947644,-1993518.687,2842725.557,401,401,0.2392531206,817.8736574,1.128522166,34.59586458,-1993204.584,2842648.057,195.6788248,2392.531091,0.2392531091,0.2392531091,0.003968268537,323.5232638,Retain,4.099192163,-1.430233205,-5.529425368,1.628740046,-1.135972638,0.3627770133,-5.3017112,4.302042977,2,0,0,1,0,0
82,362,362,60.29156214,160.4476668,3.514444927,24.06947644,-1993518.687,2842725.557,403,403,0.1794404445,1090.496097,1.303104822,24.84906664,-1993885.899,2842463.98,147.5377803,1196.269256,0.1196269256,0.1196269256,0.001984140423,450.8510721,Retain,4.099192163,-1.717911912,-5.817104074,1.916420181,-0.9921318558,0.03187438834,-5.813458914,4.633908147,2,0,0,1,0,0
83,362,362,60.29156214,160.4476668,3.514444927,24.06947644,-1993518.687,2842725.557,404,404,0.179440743,1081.81909,1.292737176,24.84906664,-1993827.015,2842451.65,194.1224213,1794.40743,0.179440743,0.179440743,0.002976216515,412.4205167,Retain,4.099192163,-1.717910248,-5.817102411,1.908431421,-1.000119785,0.03187438834,-5.5254463640000004,4.544814787,2,0,0,1,0,0
84,364,364,1.973883572,447.6821481,1.774294111,78.33601805,-1994589.333,2841721.157,416,416,0.1196289614,1233.292312,1.2033148,49.69724695,-1994543.59,2841778.891,147.5374784,1196.289614,0.1196289614,0.1196289614,0.06060588531,73.65830333,Retain,0.6800029587,-2.123360315,-2.803363273,1.013359059,-0.3883225777,-0.4550506033,-2.725541652,4.531813917,2,0,0.254,0.746,0,0
85,363,363,4.007565313,256.9278429,1.450930277,49.69740205,-1994269.15,2841872.334,417,417,3.708494538,303.1919745,1.647068234,24.84875728,-1994265.093,2841876.773,930.2598444,34692.35973,3.469235973,3.469235973,0.865671724,6.01368407,Retain,1.388183903,1.310626009,-0.07755789367,0.1655709055,0.1267919587,-0.6931247955,1.85695677,1.672476816,0,0.686,0.078,0.04,0.128,0.068
86,364,364,1.973883572,447.6821481,1.774294111,78.33601805,-1994589.333,2841721.157,418,418,0.119629241,1220.301643,1.190641286,49.69724695,-1994628.088,2841737.327,145.9837594,1196.292486,0.1196292486,0.1196292486,0.06060603083,41.99369864,Retain,0.6800029587,-2.123357978,-2.803360936,1.002769866,-0.3989106021,-0.4550506033,-2.725539135,3.969906851,2,0,0.402,0.598,0,0
87,39,39,0.837164884,701.1317517,1.809673408,72.17190654,-1996596.322,2851548.261,35,35,0.5979750016,817.9868499,1.784361747,72.17190654,-1996606.682,2851526.594,489.1356879,5979.751293,0.5979751293,0.5979751293,0.7142859678,24.01677309,Retain,-0.1777342339,-0.5142063292,-0.3364720952,0.1541504429,-0.01408560468,0,0.9141971022,3.840026162,1,0.266,0.356,0.024,0.35,0.004
88,41,41,3.647651473,442.2981263,2.382960455,87.63634156,-1997003.595,2851478.485,36,36,3.587853745,449.6698082,2.402736593,87.63634156,-1997005.458,2851478.67,1613.349505,35878.53993,3.587853993,3.587853993,0.9836065807,1.871836148,Retain,1.294083528,1.277554181,-0.01652934738,0.01652940529,0.008264731603,0,4.036150217,0.5527771171,3,0.174,0.062,0.014,0.638,0.112
89,365,365,17.46564011,293.2498791,3.457205245,34.59560218,-1993288.95,2842285.594,395,395,0.119625207,1220.299744,1.190619357,48.13992509,-1992869.461,2843055.292,145.9786094,1196.25207,0.119625207,0.119625207,0.006849173933,876.5874374,Retain,2.860235529,-2.123391699,-4.983627228,1.425826724,-1.06598689,0.3303771743,-4.841480637,5.918284776,2,0,0.006,0.994,0,0
90,365,365,17.46564011,293.2498791,3.457205245,34.59560218,-1993288.95,2842285.594,398,398,0.3588767455,813.5340209,1.374812418,48.13992509,-1992903.658,2842940.561,291.9584418,3588.767455,0.3588767455,0.3588767455,0.02054758619,759.889417,Retain,2.860235529,-1.024776277,-3.885011805,1.020362671,-0.9221432318,0.3303771743,-3.817750311,5.775421413,2,0,0.006,0.994,0,0
91,365,365,17.46564011,293.2498791,3.457205245,34.59560218,-1993288.95,2842285.594,400,400,0.5981305483,651.6956655,1.421797978,48.14032428,-1992945.656,2842765.84,389.7990858,5981.305483,0.5981305483,0.5981305483,0.03424612809,590.3277328,Retain,2.860235529,-0.5139462406,-3.374181769,0.798552607,-0.8885382776,0.3303854664,-3.311588254,5.522926735,2,0,0,1,0,0
92,365,365,17.46564011,293.2498791,3.457205245,34.59560218,-1993288.95,2842285.594,402,402,0.4785064533,717.2665786,1.399650368,72.21137282,-1993052.349,2842603.48,343.2166866,4785.064457,0.4785064457,0.4785064457,0.02739701738,396.2720615,Retain,2.860235529,-0.7370855817,-3.59732111,0.8944224934,-0.9042380617,0.7358559254,-3.534719487,5.124350701,2,0,0.004,0.996,0,0
93,365,365,17.46564011,293.2498791,3.457205245,34.59560218,-1993288.95,2842285.594,408,408,0.6579520379,667.9832681,1.528472996,126.555107,-1993353.314,2842299.82,439.5009525,6579.520379,0.6579520379,0.6579520379,0.03767122383,65.916691,Retain,2.860235529,-0.4186232411,-3.27885877,0.8232380502,-0.8161913346,1.296930269,-3.215299009,3.330654036,2,0,0.044,0.956,0,0
94,365,365,17.46564011,293.2498791,3.457205245,34.59560218,-1993288.95,2842285.594,414,414,0.8373990451,643.5384644,1.661253116,54.17742834,-1993511.955,2842056.508,538.8984956,8373.989327,0.8373989327,0.8373989327,0.04794550486,319.7051113,Retain,2.860235529,-0.1774545657,-3.037690094,0.7859567237,-0.7328883234,0.4485273537,-2.968964551,4.90964935,2,0,0.004,0.996,0,0
95,365,365,17.46564011,293.2498791,3.457205245,34.59560218,-1993288.95,2842285.594,419,419,1.555179974,500.3032952,1.760024685,54.17742834,-1993654.336,2841800.276,778.0616655,15551.79974,1.555179974,1.555179974,0.08904225462,607.4872267,Retain,2.860235529,0.4415912776,-2.418644251,0.5341894297,-0.6751326957,0.4485273537,-2.315314601,5.551579974,2,0,0,1,0,0
96,46,46,1.195956406,408.9926345,1.26173523,24.85626101,-1996680.86,2851342.274,41,41,1.195956406,408.9926345,1.26173523,24.85626101,-1996680.86,2851342.274,489.137361,11959.56406,1.195956406,1.195956406,1,0,Retain,0.1789462048,0.1789462048,0,0,0,0,6.908754779,-6.424863438,3,0.116,0.018,0,0.716,0.15
97,47,47,1.435145994,440.2920005,1.487934811,24.0575354,-1996451.411,2851396.074,42,42,1.31555077,443.7448148,1.435761045,24.0575354,-1996450.837,2851387.071,583.7688329,13155.51026,1.315551026,1.315551026,0.9166670371,9.021497122,Retain,0.361266582,0.2742554146,-0.08701116745,0.007811511567,-0.03569407216,0,2.387061813,2.591452791,3,0.238,0.028,0.014,0.598,0.122
98,57,57,0.4185869603,701.1280683,1.279632522,54.15658264,-1997210.591,2851109.619,49,49,0.4185869603,701.1280683,1.279632522,54.15658264,-1997210.591,2851109.619,293.4830669,4185.869603,0.4185869603,0.4185869603,1,0,Retain,-0.8708706202,-0.8708706202,0,0,0,0,6.908754779,-5.899955026,3,0.186,0.016,0,0.602,0.196
99,63,63,4.066270221,300.5325877,1.70956161,24.0575354,-1996451.883,2851196.635,54,54,4.066270221,300.5325877,1.70956161,24.0575354,-1996451.883,2851196.635,1222.046712,40662.70221,4.066270221,4.066270221,1,0,Retain,1.402726172,1.402726172,0,0,0,0,6.908754779,-7.036753422,3,0.176,0.038,0.016,0.642,0.128
100,60,60,0.6577802051,521.747977,1.19370288,48.11572262,-1996977.25,2851102.583,51,51,0.6577802051,521.747977,1.19370288,48.11572262,-1996977.25,2851102.583,343.1954913,6577.802051,0.6577802051,0.6577802051,1,0,Retain,-0.4188844382,-0.4188844382,0,0,0,0,6.908754779,-6.125948117,3,0.146,0.016,0,0.648,0.19
101,62,62,1.255762406,584.9083266,1.84899872,54.15658264,-1997390.298,2851082.086,53,53,1.255762406,584.9083266,1.84899872,54.15658264,-1997390.298,2851082.086,734.5058872,12557.62406,1.255762406,1.255762406,1,0,Retain,0.2277428826,0.2277428826,0,0,0,0,6.908754779,-6.449261777,3,0.108,0.014,0,0.724,0.154
102,74,74,2.391943956,286.9597568,1.2519632,141.5270725,-1995806.349,2850966.509,65,65,2.391943956,286.9597568,1.2519632,240.5834932,-1995806.349,2850966.509,686.3916557,23919.43956,2.391943956,2.391943956,1,0,Retain,0.872106406,0.872106406,0,0,0,0.5305732612,6.908754779,-6.771443539,3,0.13,0.018,0.002,0.722,0.128
103,76,76,2.212548568,396.4932972,1.66370884,48.11572262,-1997038.702,2850878.209,67,67,2.033152049,383.3616267,1.542015135,48.11572262,-1997033.782,2850890.461,779.4323707,19733.53208,1.973353208,1.973353208,0.891891476,13.20349411,Retain,0.7941450492,0.7095873224,-0.0845577268,-0.03368039732,-0.07595926072,0,2.102122026,2.755849653,3,0.258,0.028,0.022,0.602,0.09
104,85,85,1.076383706,409.7286327,1.199153943,74.56705032,-1997233.094,2850569.794,75,75,1.076383706,409.7286327,1.199153943,74.56705414,-1997233.094,2850569.794,441.0252241,10763.83706,1.076383706,1.076383706,1,0,Retain,0.0736070023,0.0736070023,0,0,0,5.122589555e-8,6.908754779,-6.372193837,3,0.118,0.01,0.002,0.716,0.154
105,100,100,7.175934016,375.0153337,2.833892109,24.05866287,-1997086.82,2850385.055,77,77,2.511564625,370.988215,1.658545386,24.05862373,-1996996.642,2850572.245,931.7608771,25115.63833,2.511563833,2.511563833,0.3499981783,207.7790825,Retain,1.97073293,0.9209059155,-1.049827014,-0.01079661857,-0.5357101256,-1.626550261e-6,-0.617731407,4.923478703,2,0.018,0.074,0.888,0.018,0.002
106,88,88,1.01659007,432.2610717,1.229459212,24.05866287,-1996893.321,2850410.891,79,79,0.8969912799,489.8959624,1.308859527,48.11731937,-1996889.272,2850411.716,439.4324063,8969.912799,0.8969912799,0.8969912799,0.8823529826,4.132816304,Retain,0.01645395765,-0.1087091384,-0.125163096,0.1251633087,0.06258176064,0.6931262664,2.00757203,1.983338989,0,0.582,0.034,0.002,0.302,0.08
107,89,89,5.441741996,224.8645642,1.479738806,240.5834932,-1995985.509,2850503.981,81,81,5.501544775,240.202252,1.589331418,240.5834932,-1995985.002,2850487.862,1223.654743,48437.48931,4.843748931,4.843748931,0.8901099933,16.12707696,Retain,1.694099229,1.705028921,0.01092969163,0.06598300073,0.07144784655,0,2.083929089,2.505876992,3,0.174,0.046,0.004,0.438,0.338
108,100,100,7.175934016,375.0153337,2.833892109,24.05866287,-1997086.82,2850385.055,89,89,4.484971969,381.8977765,2.281508359,24.05862373,-1997137.789,2850278.223,1712.800823,44849.71837,4.484971837,4.484971837,0.6250018223,118.3680437,Retain,1.97073293,1.500732246,-0.4700006841,0.01818605689,-0.2168142852,-1.626550261e-6,0.5097689854,4.360805711,2,0.094,0.158,0.69,0.042,0.016
109,106,106,2.750798751,374.2885472,1.751180916,643.7993277,-1994895.045,2850236.311,94,94,2.631199596,372.4086558,1.704086875,643.7993277,-1994894.788,2850232.659,979.8815044,26311.9934,2.63119934,2.63119934,0.9565219334,3.661245239,Retain,1.011891325,0.9674398622,-0.04445146234,-0.005035228111,-0.02726095928,0,3.069352445,1.364495693,3,0.2,0.03,0.006,0.646,0.118
110,117,117,7.893613243,290.5404853,2.302712124,24.05954832,-1996718.468,2850032.788,100,100,6.578006377,311.3473314,2.252617018,0,-1996729.911,2850057.19,2048.044731,65780.06152,6.578006152,6.578006152,0.8333327146,26.95123684,Retain,2.066053982,1.883731717,-0.182322265,0.06916617931,-0.0219949532,-10.08832878,1.60465069,2.833404245,0,0.488,0.064,0.234,0.154,0.06
111,117,117,7.893613243,290.5404853,2.302712124,24.05954832,-1996718.468,2850032.788,106,106,0.5382036466,727.081166,1.5047047120000001,0,-1996672.825,2849855.495,391.3177349,5382.036466,0.5382036466,0.5382036466,0.06818216576,183.0740605,Retain,2.066053982,-0.6195182652,-2.685572247,0.9172951856,-0.4254909381,-10.08832878,-2.601466825,4.749234187,2,0,0.022,0.978,0,0
112,113,113,0.4784020923,714.0577124,1.393236737,24.05954832,-1996540.026,2849904.812,102,102,0.2990011975,820.6279353,1.265837125,24.05954832,-1996547.092,2849888.692,245.3687354,2990.012133,0.2990012133,0.2990012133,0.6249998028,17.60176033,Retain,-0.7373037029,-1.2073077,-0.4700039976,0.1391060332,-0.0958959656,0,0.5097603883,3.809072521,1,0.138,0.624,0.034,0.204,0
113,118,118,0.8372062404,526.7853991,1.359706036,24.05968529,-1996384.532,2849872.536,107,107,0.8372062404,526.7853991,1.359706036,24.05968529,-1996384.532,2849872.536,441.0280235,8372.062404,0.8372062404,0.8372062404,1,0,Retain,-0.1776848345,-0.1776848345,0,0,0,0,6.908754779,-6.246547919,3,0.134,0.016,0,0.676,0.174
114,124,124,0.4784048137,613.4733882,1.19698461,24.05968529,-1996362.836,2849762.417,113,113,0.2990025469,815.3055488,1.257630062,24.05968529,-1996375.115,2849769.469,243.7784356,2990.02667,0.299002667,0.299002667,0.624999286,14.1608278,Retain,-0.7372980143,-1.207303187,-0.4700051732,0.2844260633,0.04942347666,0,0.509758188,3.591564112,1,0.172,0.63,0.032,0.162,0.004
115,143,143,3.887072383,363.9143066,2.023976712,24.06033397,-1996283.488,2849474.135,129,129,3.887072383,363.9143066,2.023976712,34.59276738,-1996283.488,2849474.135,1414.561251,38870.72383,3.887072383,3.887072383,1,0,Retain,1.357656273,1.357656273,0,0,0,0.3630673798,6.908754779,-7.014218473,3,0.184,0.036,0.016,0.644,0.12
116,145,145,0.7774195595,503.358826,1.251988926,24.06033397,-1996185.623,2849285.275,131,131,0.5980150037,571.2426948,1.246154148,34.59276738,-1996174.761,2849283.185,341.6117022,5980.150037,0.5980150037,0.5980150037,0.7692307151,11.06069224,Retain,-0.2517751007,-0.5141394356,-0.2623643349,0.1265108664,-0.004671301027,0.3630673798,1.200947685,3.101740484,0,0.418,0.174,0.01,0.37,0.028
117,149,149,0.5980194459,571.2418119,1.24615685,0,-1995300.009,2849078.55,136,136,0.5980194459,571.2418119,1.24615685,0,-1995300.009,2849078.55,341.6137118,5980.194459,0.5980194459,0.5980194459,1,0,Retain,-0.5141320073,-0.5141320073,0,0,0,0,6.908754779,-6.078324332,3,0.144,0.016,0.002,0.638,0.2
118,153,153,1.734261791,365.2965278,1.357056533,0,-1995355.502,2848935.926,142,142,1.734261791,365.2965278,1.357056533,0,-1995355.502,2848935.926,633.5198105,17342.61791,1.734261791,1.734261791,1,0,Retain,0.550581842,0.550581842,0,0,0,0,6.908754779,-6.610681257,3,0.104,0.018,0,0.742,0.136
119,150,150,0.2990099211,815.3012496,1.257638938,216.5464955,-1996150.362,2848978.549,137,137,0.2990099211,815.3012496,1.257638938,216.5464955,-1996150.362,2848978.549,243.7831623,2990.099211,0.2990099211,0.2990099211,1,0,Retain,-1.207278525,-1.207278525,0,0,0,0,6.908754779,-5.731751073,3,0.216,0.016,0,0.598,0.17
120,155,155,0.5382208397,637.6586983,1.319664734,24.06130651,-1995544.953,2848831.756,147,147,0.5382208397,637.6586983,1.319664734,24.06130651,-1995544.953,2848831.756,343.2012001,5382.208397,0.5382208397,0.5382208397,1,0,Retain,-0.6194863203,-0.6194863203,0,0,0,0,6.908754779,-6.025647176,3,0.144,0.016,0.004,0.628,0.208
121,157,157,0.2392094859,817.9520777,1.128527449,24.06122371,-1995389.53,2848802.815,148,148,0.2392094859,817.9520777,1.128527449,24.06122371,-1995389.53,2848802.815,195.661896,2392.094859,0.2392094859,0.2392094859,1,0,Retain,-1.430415601,-1.430415601,0,0,0,0,6.908754779,-5.620182536,3,0.23,0.028,0,0.576,0.166
122,160,160,1.614663337,363.5344612,1.303111706,96.2458595,-1996865.729,2848714.523,151,151,1.614663337,363.5344612,1.303111706,96.2458595,-1996865.729,2848714.523,586.9857663,16146.63337,1.614663337,1.614663337,1,0,Retain,0.4791264751,0.4791264751,0,0,0,0,6.908754779,-6.574953574,3,0.102,0.014,0,0.742,0.142
123,161,161,0.5382226826,634.711227,1.313567052,24.06130651,-1995493.716,2848722.507,153,153,0.5382226826,634.711227,1.313567052,24.06130651,-1995493.716,2848722.507,341.6159793,5382.226826,0.5382226826,0.5382226826,1,0,Retain,-0.6194828963,-0.6194828963,0,0,0,0,6.908754779,-6.025648888,3,0.144,0.016,0.004,0.628,0.208
124,165,165,1.016645979,482.7058788,1.372974685,96.2458595,-1996860.469,2848494.189,160,160,1.016645979,482.7058788,1.372974685,96.2458595,-1996860.469,2848494.189,490.7409908,10166.45979,1.016645979,1.016645979,1,0,Retain,0.01650895334,0.01650895334,0,0,0,0,6.908754779,-6.343644813,3,0.124,0.012,0,0.712,0.152
125,166,166,0.2392112122,1032.373173,1.424369103,34.593147,-1997430.636,2848395.422,163,163,0.2392112122,1032.373173,1.424369103,54.16258498,-1997430.636,2848395.422,246.9552382,2392.112122,0.2392112122,0.2392112122,1,0,Retain,-1.430408384,-1.430408384,0,0,0,0.448324313,6.908754779,-5.620186144,3,0.232,0.034,0,0.572,0.162
126,173,173,0.4784247298,613.4600919,1.196983582,168.433681,-1995674.098,2848432.068,168,168,0.4784247298,613.4600919,1.196983582,170.2574995,-1995674.098,2848432.068,293.4944787,4784.247298,0.4784247298,0.4784247298,1,0,Retain,-0.737256385,-0.737256385,0,0,0,0.01076984281,6.908754779,-5.966762144,3,0.158,0.016,0.002,0.616,0.208
127,175,175,0.8970455608,489.8855334,1.308871265,34.593147,-1997542.433,2848287.026,170,170,0.7774396267,503.3523212,1.251988905,54.16258498,-1997544.84,2848278.712,391.3260407,7774.396109,0.7774396109,0.7774396109,0.8666668059,8.655526146,Retain,-0.1086486258,-0.2517492885,-0.1431006626,0.02711860627,-0.04443172505,0.448324313,1.86548454,2.78500276,3,0.278,0.052,0.014,0.56,0.096
128,183,183,1.913708945,460.093795,1.795475104,34.59325514,-1997547.046,2848073.049,178,178,0.8970494071,597.1788776,1.595539969,24.85370977,-1997627.719,2848114.417,389.7435717,5980.334262,0.5980334262,0.5980334262,0.3124996766,90.66049911,Retain,0.6490432149,-0.1086443381,-0.757687553,0.260786325,-0.1180574515,-0.3306403691,-0.7867174596,4.754976116,2,0.026,0.282,0.676,0.016,0
129,183,183,1.913708945,460.093795,1.795475104,34.59325514,-1997547.046,2848073.049,180,180,0.5980344138,573.8846988,1.251937942,24.85370977,-1997508.405,2848052.91,343.2027994,5980.342977,0.5980342977,0.5980342977,0.3125001319,43.57422871,Retain,0.6490432149,-0.5141069786,-1.163150193,0.220998132,-0.3605769647,-0.3306403691,-0.7867153456,4.022332176,2,0.008,0.26,0.726,0.006,0
130,187,187,0.4186243589,812.2725047,1.482549041,24.06239315,-1995299.399,2848142.074,183,183,0.4186243589,812.2725047,1.482549041,24.06239315,-1995299.399,2848142.074,340.0370565,4186.243589,0.4186243589,0.4186243589,1,0,Retain,-0.8707812794,-0.8707812794,0,0,0,0,6.908754779,-5.899999696,3,0.186,0.016,0,0.602,0.196
131,214,214,31.39705456,156.1005134,2.467424389,24.06239315,-1995330.161,2847923.569,217,217,30.85882342,157.2636383,2.464410603,24.06239315,-1995318.59,2847918.227,4901.095923,305598.0537,30.55980537,30.55980537,0.9733335116,12.74547464,Retain,3.446714085,3.42942272,-0.0172913647,0.00742350595,-0.0012221764,0,3.561531783,1.394262635,0,0.488,0.238,0.076,0.09,0.108
132,190,190,2.750961471,409.2594844,1.9148558,54.16356985,-1996937.889,2848054.703,188,188,2.691157687,418.3541821,1.936015169,54.16356985,-1996935.339,2848053.025,1125.857073,26911.57695,2.691157695,2.691157695,0.9782607728,3.051881192,Retain,1.011950477,0.9899714681,-0.02197900848,0.02197900848,0.01098950424,0,3.76270647,1.182475502,3,0.124,0.04,0.006,0.724,0.106
133,192,192,0.3588226709,683.8230434,1.155523379,54.16356985,-1996962.118,2847882.807,191,191,0.3588226709,683.8230434,1.155523379,54.16356985,-1996962.118,2847882.807,245.3712109,3588.226709,0.3588226709,0.3588226709,1,0,Retain,-1.024926965,-1.024926965,0,0,0,0,6.908754779,-5.822926853,3,0.2,0.018,0,0.604,0.178
134,195,195,4.00685969,318.5946307,1.799018327,103.7803626,-1996458.684,2847857.148,195,195,3.887252504,340.7776808,1.895342002,103.7803626,-1996456.168,2847855.531,1324.688893,38872.52504,3.887252504,3.887252504,0.9701493952,2.990917707,Retain,1.388007815,1.357702611,-0.03030520372,0.06731075788,0.05215815602,0,3.449323957,0.9742755909,3,0.22,0.108,0.008,0.544,0.12
135,202,202,0.478433257,613.4543222,1.196982991,49.70673166,-1996727.634,2847671.714,203,203,0.478433257,613.4543222,1.196982991,49.70673166,-1996727.634,2847671.714,293.4969494,4784.33257,0.478433257,0.478433257,1,0,Retain,-0.7372385616,-0.7372385616,0,0,0,0,6.908754779,-5.966771055,3,0.158,0.016,0.002,0.618,0.206
136,204,204,0.7774557118,567.2818635,1.411015538,49.70673166,-1996569.824,2847649.086,206,206,0.7774557118,567.2818635,1.411015538,49.70673166,-1996569.824,2847649.086,441.036525,7774.557118,0.7774557118,0.7774557118,1,0,Retain,-0.2517285989,-0.2517285989,0,0,0,0,6.908754779,-6.209526037,3,0.14,0.016,0,0.664,0.18
137,219,219,11.36280042,279.7514993,2.660174831,72.19002705,-1997082.063,2847632.264,218,218,8.731408448,302.1632357,2.518713922,24.0628883,-1997069.173,2847662.442,2638.310641,87314.08824,8.731408824,8.731408824,0.7684205035,32.81609339,Retain,2.430344899,2.166926691,-0.2634182081,0.07706568025,-0.05464342379,-1.098603453,1.196405552,2.848142013,0,0.5,0.09,0.282,0.082,0.046
138,219,219,11.36280042,279.7514993,2.660174831,72.19002705,-1997082.063,2847632.264,208,208,0.179413012,1099.394321,1.313637464,24.0628883,-1997164.67,2847544.383,197.2455404,1794.128725,0.1794128725,0.1794128725,0.01578949429,120.6111653,Retain,2.430344899,-1.718064801,-4.1484097,1.368612983,-0.705591867,-1.098603453,-4.072101979,4.149772646,2,0,0.004,0.996,0,0
139,220,220,0.4186325135,697.3135421,1.272739858,48.12666912,-1995501.697,2847464.394,223,223,0.4186325135,697.3135421,1.272739858,48.12666912,-1995501.697,2847464.394,291.9181208,4186.325135,0.4186325135,0.4186325135,1,0,Retain,-0.8707618001,-0.8707618001,0,0,0,0,6.908754779,-5.900009436,3,0.186,0.016,0,0.602,0.196
140,229,229,0.4784399599,610.1493424,1.190542595,72.19002705,-1996832.429,2847215.945,231,231,0.2392198327,817.9334895,1.128526209,120.3164757,-1996833.96,2847239.96,195.6659126,2392.198327,0.2392198327,0.2392198327,0.4999996923,24.06347882,Retain,-0.7372245516,-1.430372348,-0.693147796,0.2930772738,-0.05349662421,0.5108181211,-1.22832539e-6,4.121714064,1,0.04,0.87,0.038,0.052,0
141,231,231,1.853954627,368.5375709,1.415553825,48.12666912,-1995518.777,2847282.186,243,243,1.853954627,368.5375709,1.415553825,48.12666912,-1995518.777,2847282.186,683.2519347,18539.54627,1.853954627,1.853954627,1,0,Retain,0.6173209937,0.6173209937,0,0,0,0,6.908754779,-6.644050833,3,0.104,0.018,0,0.744,0.134
142,233,233,0.1794156701,1081.778658,1.292598546,292.4200698,-1996362.097,2847065.091,247,247,0.1794156701,1081.778658,1.292598546,292.4200698,-1996362.097,2847065.091,194.0880429,1794.156701,0.1794156701,0.1794156701,1,0,Retain,-1.718049986,-1.718049986,0,0,0,0,6.908754779,-5.476365343,3,0.234,0.032,0,0.568,0.166
143,241,241,0.1794166431,1081.780245,1.292603947,54.16620751,-1997465.954,2846801.794,256,256,0.1794166431,1081.780245,1.292603947,54.16620751,-1997465.954,2846801.794,194.0893802,1794.166431,0.1794166431,0.1794166431,1,0,Retain,-1.718044563,-1.718044563,0,0,0,0,6.908754779,-5.476368055,3,0.234,0.032,0,0.568,0.166
144,245,245,25.77594117,193.4489035,2.770566677,24.06371956,-1997416.808,2847171.763,249,249,18.5395016,216.2717979,2.626902694,24.06341699,-1997416.424,2847240.612,4157.110514,183600.8794,18.36008794,18.36008794,0.7122955401,68.85005995,Retain,3.249441544,2.919903677,-0.329537867,0.1115225271,-0.0532464064,-1.257351943e-5,0.9044923022,3.179589791,0,0.38,0.242,0.322,0.046,0.01
145,245,245,25.77594117,193.4489035,2.770566677,24.06371956,-1997416.808,2847171.763,234,234,0.2392200254,1019.115676,1.406103587,24.06341699,-1997645.864,2847182.148,243.7928779,2392.200254,0.2392200254,0.2392200254,0.009280748424,229.2908279,Retain,3.249441544,-1.430371542,-4.679813086,1.661677133,-0.6782294102,-1.257351943e-5,-4.569166993,4.382639721,2,0,0,1,0,0
146,245,245,25.77594117,193.4489035,2.770566677,24.06371956,-1997416.808,2847171.763,246,246,0.657856968,819.1317789,1.87419417,24.06371956,-1997691.524,2847037.3,538.8715484,6578.56968,0.657856968,0.657856968,0.02552213181,305.8580216,Retain,3.249441544,-0.4187677452,-3.668209289,1.44323156,-0.3908730847,0,-3.604947925,4.670768453,2,0,0.016,0.984,0,0
147,245,245,25.77594117,193.4489035,2.770566677,24.06371956,-1997416.808,2847171.763,252,252,0.3588325332,679.4097861,1.148081639,24.06380344,-1997335.669,2846906.556,243.7943346,3588.326651,0.3588326651,0.3588326651,0.01392122455,277.3417472,Retain,3.249441544,-1.024899481,-4.274341025,1.256211047,-0.8809594658,3.485620527e-6,-4.191965183,4.572898267,2,0,0.006,0.994,0,0
148,242,242,0.2392223783,817.9288862,1.128525862,49.70541231,-1996981.543,2846820.634,257,257,0.2392223783,817.9288862,1.128525862,49.70541231,-1996981.543,2846820.634,195.6668935,2392.223783,0.2392223783,0.2392223783,1,0,Retain,-1.430361706,-1.430361706,0,0,0,0,6.908754779,-5.620209483,3,0.23,0.028,0,0.576,0.166
149,245,245,25.77594117,193.4489035,2.770566677,24.06371956,-1997416.808,2847171.763,261,261,1.55494601,378.5201119,1.331501576,48.12779375,-1997143.064,2846800.131,588.5783377,15549.46406,1.554946406,1.554946406,0.06032549484,461.569227,Retain,3.249441544,0.4414408249,-2.808000719,0.6712557941,-0.7327445655,0.6931337714,-2.7304015169999998,5.082278384,2,0,0.004,0.996,0,0
150,247,247,0.4784466371,610.1496847,1.190551571,54.16620751,-1997519.534,2846665.755,265,265,0.4784466371,610.1496847,1.190551571,54.16620751,-1997519.534,2846665.755,291.9240648,4784.466371,0.4784466371,0.4784466371,1,0,Retain,-0.7372105955,-0.7372105955,0,0,0,0,6.908754779,-5.966785038,3,0.158,0.016,0.002,0.618,0.206
151,249,249,3.88736934,365.5302503,2.033041736,87.64940285,-1996661.322,2846806.739,263,263,2.272612152,473.5380882,2.013782891,34.59390637,-1996719.185,2846858.305,1076.168414,22726.12144,2.272612144,2.272612144,0.5846144128,77.50574498,Retain,1.357732667,0.8209298977,-0.536802769,0.2588833092,-0.009518075349,-0.9296497509,0.3410498511,4.243863574,1,0.134,0.422,0.398,0.04,0.006
152,248,248,0.239223697,1012.520593,1.397014878,49.70529834,-1997283.913,2846680.785,266,266,0.239223697,1012.520593,1.397014878,49.70529834,-1997283.913,2846680.785,242.2189194,2392.23697,0.239223697,0.239223697,1,0,Retain,-1.430356194,-1.430356194,0,0,0,0,6.908754779,-5.620212239,3,0.23,0.028,0,0.576,0.166
153,249,249,3.88736934,365.5302503,2.033041736,87.64940285,-1996661.322,2846806.739,267,267,0.837281334,586.1170583,1.512917108,34.59390637,-1996532.431,2846723.541,490.7448725,8372.814464,0.8372814464,0.8372814464,0.2153851032,153.4101507,Retain,1.357732667,-0.1775951431,-1.53532781,0.472170488,-0.29549341690000003,-0.9296497509,-1.289407014,4.926620186,2,0.002,0.036,0.96,0.002,0
154,257,257,0.1794185887,1081.781817,1.292612834,34.59404735,-1997123.612,2846510.16,275,275,0.1794185887,1081.781817,1.292612834,34.59404735,-1997123.612,2846510.16,194.091767,1794.185887,0.1794185887,0.1794185887,1,0,Retain,-1.718033719,-1.718033719,0,0,0,0,6.908754779,-5.476373477,3,0.234,0.032,0,0.568,0.166
155,265,265,2.990311016,376.5086827,1.836657786,24.85230205,-1996334.997,2846522.83,277,277,2.093215562,350.9154777,1.432202968,99.41381908,-1996324.547,2846554.223,734.5417388,20932.15519,2.093215519,2.093215519,0.6999992668,33.08724395,Retain,1.095377401,0.7387014299,-0.3566759708,-0.07039571837,-0.2487337038,1.386310565,0.8453941407,3.523854294,1,0.136,0.348,0.296,0.206,0.014
156,264,264,3.229538031,364.4975926,1.84782115,24.06457637,-1996920.175,2846444.095,280,280,2.212831341,398.6209479,1.672743467,34.59404735,-1996971.752,2846450.763,882.0809267,22128.31469,2.212831469,2.212831469,0.6851851403,52.00629802,Retain,1.172339103,0.7942728454,-0.3780662571,0.08949101332,-0.09954211525,0.3629280787,0.7759913203,3.937579447,1,0.216,0.404,0.2,0.178,0.002
157,271,271,2.033419138,481.9057523,1.938521543,34.59399447,-1997367.295,2846322.985,283,283,1.196127441,612.784021,1.890563317,96.25942436,-1997351.189,2846369.048,635.1338671,10167.08881,1.016708881,1.016708881,0.4999996615,48.7973332,Retain,0.7097186805,0.1790892059,-0.5306294746,0.2402639824,-0.02505075488,1.023348269,-1.35123879e-6,4.105201759,1,0.1,0.69,0.184,0.026,0
158,286,286,0.3588444987,683.7878622,1.155499074,120.3269685,-1996828.879,2845793.483,306,306,0.3588444987,683.7878622,1.155499074,130.1885605,-1996828.879,2845793.483,245.3735126,3588.444987,0.3588444987,0.3588444987,1,0,Retain,-1.024866136,-1.024866136,0,0,0,0.07877046017,6.908754779,-5.822957268,3,0.198,0.018,0,0.606,0.178
159,291,291,4.306139632,294.9931559,1.726835874,24.06577897,-1995350.275,2845841.855,312,312,3.94729513,370.9827529,2.07921111,24.06581648,-1995352.97,2845836.781,1464.378414,39472.9525,3.94729525,3.94729525,0.9166668031,5.74518033,Retain,1.460041826,1.373030567,-0.08701125867,0.2292034176,0.1856977883,1.558424452e-6,2.387058782,1.590879374,0,0.604,0.08,0.06,0.172,0.084
160,304,304,3.05020317,448.0199786,2.207276975,24.06577897,-1995334.053,2845591.123,334,334,2.990395276,456.980341,2.229240294,24.06581648,-1995334.675,2845589.23,1366.551853,29903.95516,2.990395516,2.990395516,0.9803922391,1.992558119,Retain,1.115208202,1.095405578,-0.01980262375,0.01980254607,0.00990123419,1.558424452e-6,3.863304466,0.7046818836,3,0.138,0.034,0.008,0.722,0.098
161,305,305,0.2392326392,1019.105688,1.406126877,96.26515376,-1994785.829,2845483.611,335,335,0.2392326392,1019.105688,1.406126877,96.26515376,-1994785.829,2845483.611,243.8033434,2392.326392,0.2392326392,0.2392326392,1,0,Retain,-1.430318815,-1.430318815,0,0,0,0,6.908754779,-5.620230929,3,0.23,0.028,0,0.576,0.166
162,317,317,0.8971322024,488.1198044,1.304216588,0,-1995295.7,2845102.659,359,359,0.8971322024,488.1198044,1.304216588,0,-1995295.7,2845102.659,437.9079952,8971.322024,0.8971322024,0.8971322024,1,0,Retain,-0.108552045,-0.108552045,0,0,0,0,6.908754779,-6.281114314,3,0.13,0.012,0,0.69,0.168
163,318,318,3.827753192,254.7759609,1.406130019,96.26515376,-1994739.92,2845208.834,360,360,3.827753192,254.7759609,1.406130019,96.26515376,-1994739.92,2845208.834,975.2194976,38277.53192,3.827753192,3.827753192,1,0,Retain,1.342277997,1.342277997,0,0,0,0,6.908754779,-7.006529335,3,0.166,0.042,0.016,0.646,0.13
165,321,321,0.418662384,819.7791318,1.496317991,48.13335785,-1996970.507,2844890.47,361,361,0.1794265541,1099.283914,1.313555113,49.70238513,-1996996.183,2844902.613,197.2407246,1794.2643,0.17942643,0.17942643,0.4285706978,28.40273051,Retain,-0.8706904499,-1.717989324,-0.8472988745,0.2933793072,-0.13027013,0.03207681953,-0.2871029056,4.35423066,1,0.046,0.836,0.07,0.048,0
166,324,324,6.339724282,262.347387,1.863403883,49.70247654,-1995718.48,2845102.151,366,366,6.339724282,262.347387,1.863403883,69.1895227,-1995718.48,2845102.151,1663.2101,63397.24282,6.339724282,6.339724282,1,0,Retain,1.846835279,1.846835279,0,0,0,0.3307890168,6.908754779,-7.258807976,3,0.292,0.062,0.014,0.422,0.21
167,327,327,113.1568482,176.9562807,5.310084973,24.06457637,-1996778.823,2845421.126,368,368,45.81280656,260.7419379,4.978510255,34.59460571,-1996417.425,2845570.975,12040.01617,448558.7746,44.85587746,44.85587746,0.3964044438,391.2331067,Retain,4.728774893,3.824563671,-0.9042112217,0.3876284742,-0.06447713671,0.3629442185,-0.41960522,4.177283616,2,0.026,0.294,0.676,0.002,0.002
168,329,329,5.502440431,257.6747039,1.70507909,0,-1995490.588,2844879.332,374,374,5.622058264,252.1923185,1.686842728,0,-1995489.43,2844878.608,1417.839802,54426.31454,5.442631454,5.442631454,0.9891304636,1.365228802,Retain,1.705191709,1.726697836,0.02150612749,-0.02150598672,-0.01075292297,0,4.423861561,0.03182333382,4,0.178,0.022,0.012,0.32,0.468
169,327,327,113.1568482,176.9562807,5.310084973,24.06457637,-1996778.823,2845421.126,321,321,0.6578866243,823.8843624,1.88511069,34.59439137,-1997553.328,2845474.341,542.022502,6578.869963,0.6578869963,0.6578869963,0.005813938856,776.3311603,Retain,4.728774893,-0.418722666,-5.147497559,1.538127483,-1.035621297,0.3629380229,-4.98395937,4.862557967,2,0,0,1,0,0
170,327,327,113.1568482,176.9562807,5.310084973,24.06457637,-1996778.823,2845421.126,322,322,0.4784630337,613.4342504,1.196981073,48.1320914,-1997006.385,2845501.83,293.5056124,4784.630337,0.4784630337,0.4784630337,0.004228317079,241.4486557,Retain,4.728774893,-0.7371763257,-5.465951219,1.243170387,-1.489805223,0.6931874586,-5.250432296,3.694638483,2,0,0.002,0.998,0,0
171,327,327,113.1568482,176.9562807,5.310084973,24.06457637,-1996778.823,2845421.126,323,323,0.239231305,1019.106733,1.406124397,120.3304303,-1996817.466,2845516.892,243.8022336,2392.31305,0.239231305,0.239231305,0.002114156668,103.2693516,Retain,4.728774893,-1.430324392,-6.159099285,1.75077907,-1.328770572,1.609467402,-5.770682118,2.845327819,2,0,0.02,0.98,0,0
172,327,327,113.1568482,176.9562807,5.310084973,24.06457637,-1996778.823,2845421.126,326,326,0.358848087,683.7823018,1.155495455,49.7032408,-1997726.615,2845422.729,245.3738648,3588.476997,0.3588476997,0.3588476997,0.00317124156,947.7928871,Retain,4.728774893,-1.024856136,-5.753631029,1.351736894,-1.52507862,0.7253078046,-5.477367949,5.062114556,2,0,0.002,0.998,0,0
173,327,327,113.1568482,176.9562807,5.310084973,24.06457637,-1996778.823,2845421.126,332,332,0.3588481994,813.5344063,1.37475839,24.85149196,-1997067.899,2845376.327,291.9353569,3588.481994,0.3588481994,0.3588481994,0.003171245977,292.5263067,Retain,4.728774893,-1.024855823,-5.753630716,1.525485519,-1.351329838,0.03217557463,-5.477366886,3.886535515,2,0,0.002,0.998,0,0
174,327,327,113.1568482,176.9562807,5.310084973,24.06457637,-1996778.823,2845421.126,338,338,0.4784663332,717.3119261,1.399680176,24.85149196,-1997034.469,2845258.889,343.209607,4784.663332,0.4784663332,0.4784663332,0.004228346238,302.7799696,Retain,4.728774893,-0.7371694297,-5.465944323,1.399608089,-1.333364072,0.03217557463,-5.250426689,3.920987168,2,0,0,1,0,0
175,327,327,113.1568482,176.9562807,5.310084973,24.06457637,-1996778.823,2845421.126,353,353,0.119617668,1233.41801,1.203380637,72.19969784,-1996396.219,2845061.45,147.538586,1196.17668,0.119617668,0.119617668,0.001057096145,525.1213186,Retain,4.728774893,-2.123454723,-6.852229616,1.941641764,-1.484473044,1.098667258,-6.186402831,4.47160872,2,0,0.01,0.99,0,0
176,327,327,113.1568482,176.9562807,5.310084973,24.06457637,-1996778.823,2845421.126,363,363,16.20811249,256.2970548,2.91074999,24.85149196,-1997372.675,2845106.138,4396.32741,153707.9054,15.37079054,15.37079054,0.1358361495,672.2186068,Retain,4.728774893,2.785511888,-1.943263005,0.3704344416,-0.6011970609,0.03217557463,-1.844134691,4.718562579,2,0,0.004,0.996,0,0
177,326,326,0.6579001125,594.839447,1.361052287,24.85109633,-1996401.601,2844844.066,367,367,0.1196184354,1220.299366,1.19058529,49.70221533,-1996392.541,2844808.47,145.9703009,1196.18323,0.119618323,0.119618323,0.1818183653,36.7311518,Retain,-0.4187021639,-2.123448307,-1.704746143,0.7185599579,-0.1338131138,0.6931275173,-1.499812715,4.385368467,1,0.002,0.886,0.108,0.004,0
178,331,331,5.263222253,280.9150818,1.818008791,69.18960352,-1996733.054,2844699.062,372,372,3.88759743,378.3002916,2.104129122,0,-1996767.46,2844770.278,1031.200359,27512.26631,2.751226631,2.751226631,0.522726668,79.09180698,Retain,1.660743435,1.357791339,-0.3029520953,0.2976358789,0.1461598313,-11.14462035,0.0907875288,4.11261516,2,0.156,0.29,0.512,0.026,0.016
179,332,332,4.186657439,281.9209328,1.627256839,69.1895227,-1995938.739,2844715.442,376,376,4.126848706,286.0066977,1.639006007,69.1895227,-1995938.665,2844714.204,1180.30637,41268.48706,4.126848706,4.126848706,0.9857144432,1.240729518,Retain,1.431902668,1.417514091,-0.01438857764,0.01438857764,0.00719428882,0,4.1674723,0.07291878947,3,0.182,0.056,0.012,0.638,0.112
180,334,334,17.76335825,198.9854021,2.365804331,24.06693353,-1997451.361,2844667.172,379,379,15.84946383,195.0876408,2.190948213,34.59463367,-1997472.153,2844651.022,3141.736398,148925.1474,14.89251474,14.89251474,0.8383839659,26.32701744,Retain,2.87713781,2.763135672,-0.1140021385,-0.01978256845,-0.07678363773,0.3628470837,1.641276446,2.404429712,0,0.692,0.018,0.192,0.04,0.058
181,334,334,17.76335825,198.9854021,2.365804331,24.06693353,-1997451.361,2844667.172,365,365,0.478471833,717.3061481,1.399676946,48.13394676,-1997117.506,2844852.672,343.2107875,4784.718409,0.4784718409,0.4784718409,0.02693588871,381.9290648,Retain,2.87713781,-0.737157935,-3.614295745,1.282271268,-0.5248766043,0.6931280614,-3.551564928,5.079033553,2,0,0,1,0,0
182,331,331,5.263222253,280.9150818,1.818008791,69.18960352,-1996733.054,2844699.062,373,373,0.1794280842,1099.272813,1.313547449,74.55289618,-1996433.719,2844673.206,197.2404276,1794.280995,0.1794280995,0.1794280995,0.03409092204,300.4492511,Retain,1.660743435,-1.717980797,-3.378724231,1.364351738,-0.3250103779,0.07465723635,-3.316162001,5.447275412,2,0,0.05,0.95,0,0
183,331,331,5.263222253,280.9150818,1.818008791,69.18960352,-1996733.054,2844699.062,375,375,0.6579035427,668.0006247,1.52845638,0,-1996600.142,2844656.017,391.3454103,5382.844784,0.5382844784,0.5382844784,0.1022728003,139.7082232,Retain,1.660743435,-0.4186969501,-2.079440385,0.8662366852,-0.1734835072,-11.14462035,-2.163605506,4.681556511,2,0,0.002,0.994,0.004,0
184,5,5,0.4185745,697.3130513,1.272650772,553.5181935,-1997867.802,2852097.365,5,5,0.4185745,697.3130513,1.272650772,720.8497568,-1997867.802,2852097.365,291.8774618,4185.745,0.4185745,0.4185745,1,0,Retain,-0.8709003882,-0.8709003882,0,0,0,0.264135693,6.908754779,-5.899940142,3,0.186,0.016,0,0.61,0.188
185,9,9,0.2989830769,976.2369242,1.505821874,200.3044217,-1998627.473,2851969.004,9,9,0.2989830769,976.2369242,1.505821874,200.3044217,-1998627.473,2851969.004,291.8783194,2989.830769,0.2989830769,0.2989830769,1,0,Retain,-1.207368306,-1.207368306,0,0,0,0,6.908754779,-5.731706183,3,0.216,0.016,0,0.598,0.17
186,12,12,0.7175605209,478.2777676,1.142890255,72.16982865,-1999119.339,2851831.548,12,12,0.7175605209,478.2777676,1.142890255,72.16982865,-1999119.339,2851831.548,343.1932441,7175.605209,0.7175605209,0.7175605209,1,0,Retain,-0.3318979852,-0.3318979852,0,0,0,0,6.908754779,-6.169441343,3,0.146,0.016,0,0.654,0.184
187,38,38,11.83983011,222.1424183,2.156250925,72.16982865,-1999335.612,2851581.798,33,33,11.00267207,239.1899853,2.238139463,72.16982865,-1999334.835,2851576.996,2631.728879,110026.7169,11.00267169,11.00267169,0.9292930381,4.864118494,Retain,2.47146928,2.398138159,-0.07333112139,0.07393945378,0.03727389309,0,2.562911791,0.9187213744,0,0.616,0.152,0.022,0.106,0.104
188,13,13,1.913493607,382.178693,1.491334437,74.57023732,-1998920.086,2851880.424,13,13,1.614510779,452.9523712,1.623559017,74.57023732,-1998911.504,2851877.847,731.2964856,16145.10779,1.614510779,1.614510779,0.8437502866,8.960797446,Retain,0.6489306847,0.4790319876,-0.1698986971,0.1698986971,0.08494934856,0,1.681205992,2.440870415,0,0.744,0.052,0.026,0.166,0.012
189,51,51,0.3587880111,679.4269827,1.148039471,309.1809716,-1998180.357,2851168.292,44,44,0.3587880111,679.4269827,1.148039471,309.1809716,-1998180.357,2851168.292,243.7702558,3587.880111,0.3587880111,0.3587880111,1,0,Retain,-1.025023563,-1.025023563,0,0,0,0,6.908754779,-5.822878554,3,0.2,0.018,0,0.604,0.178
190,56,56,0.7175771885,610.149202,1.458026534,24.05775403,-1998828.723,2851050.58,48,48,0.7175771885,610.149202,1.458026534,24.05775403,-1998828.723,2851050.58,437.8291489,7175.771885,0.7175771885,0.7175771885,1,0,Retain,-0.3318747573,-0.3318747573,0,0,0,0,6.908754779,-6.169452957,3,0.146,0.016,0,0.654,0.184
191,64,64,1.674352873,381.2071092,1.391488287,24.05775403,-1998709.277,2850953.741,56,56,1.674352873,381.2071092,1.391488287,24.05775403,-1998709.277,2850953.741,638.2752184,16743.528730000002,1.674352873,1.674352873,1,0,Retain,0.5154267459,0.5154267459,0,0,0,0,6.908754779,-6.593103709,3,0.106,0.018,0,0.736,0.14
192,67,67,0.2989919367,815.311725,1.257617274,69.18393371,-1998486.869,2850936.596,58,58,0.2989919367,815.311725,1.257617274,69.18393371,-1998486.869,2850936.596,243.7716317,2989.919367,0.2989919367,0.2989919367,1,0,Retain,-1.207338673,-1.207338673,0,0,0,0,6.908754779,-5.731720999,3,0.216,0.016,0,0.598,0.17
193,72,72,1.136171557,474.2695375,1.426074635,24.05779134,-1998632.723,2850831.114,63,63,1.136171557,474.2695375,1.426074635,24.05779134,-1998632.723,2850831.114,538.851559,11361.71557,1.136171557,1.136171557,1,0,Retain,0.1276643276,0.1276643276,0,0,0,0,6.908754779,-6.3992225,3,0.116,0.01,0,0.724,0.15
194,78,78,0.3587932212,822.4229361,1.389672285,96.233530150000007,-1998992.337,2850622.284,69,69,0.3587932212,822.4229361,1.389672285,96.233530150000007,-1998992.337,2850622.284,295.0797745,3587.932212,0.3587932212,0.3587932212,1,0,Retain,-1.025009042,-1.025009042,0,0,0,0,6.908754779,-5.822885815,3,0.2,0.018,0,0.604,0.178
195,92,92,10.4648831,303.7430726,2.771843081,0,-1998715.316,2850334.764,82,82,10.94327476,290.4647921,2.710579926,0,-1998711.421,2850339.66,3178.635534,104648.8359,10.46488359,10.46488359,1.000000047,6.256447926,Retain,2.348025185,2.39272509,0.04469990477,-0.04469981659,-0.02234986421,0,6.9088014,1.232124773,4,0.218,0.04,0.018,0.158,0.566
196,96,96,0.1793994776,1081.750387,1.292506436,0,-1998745.48,2850071.51,86,86,0.1793994776,1081.750387,1.292506436,0,-1998745.48,2850071.51,194.0654543,1793.994776,0.1793994776,0.1793994776,1,0,Retain,-1.718140241,-1.718140241,0,0,0,0,6.908754779,-5.476320216,3,0.234,0.032,0,0.568,0.166
197,98,98,0.23919959,817.9698808,1.128528668,49.71063424,-1998656.364,2850041.035,87,87,0.23919959,817.9698808,1.128528668,49.71063424,-1998656.364,2850041.035,195.6580601,2391.9959,0.23919959,0.23919959,1,0,Retain,-1.430456971,-1.430456971,0,0,0,0,6.908754779,-5.62016185,3,0.23,0.028,0,0.576,0.166
198,105,105,20.03277483,234.484337,2.960598133,24.85539042,-1997622.918,2850416.307,93,93,19.61417811,224.5256263,2.805085104,24.85539042,-1997619.562,2850419.264,4403.885625,195543.7906,19.55437906,19.55437906,0.976119346,4.473209596,Retain,2.997369674,2.976252678,-0.0211169959,-0.04339894336,-0.05395744131,0,3.670518245,0.5720098157,0,0.562,0.112,0.074,0.13,0.122
199,99,99,0.4185993783,701.117301,1.279631851,24.85532349,-1998816.83,2850018.74,88,88,0.4185993783,701.117301,1.279631851,24.85532349,-1998816.83,2850018.74,293.4872664,4185.993783,0.4185993783,0.4185993783,1,0,Retain,-0.8708409541,-0.8708409541,0,0,0,0,6.908754779,-5.899969859,3,0.186,0.016,0,0.602,0.196
200,111,111,0.4784018483,613.4756445,1.196985303,24.85517734,-1998133.082,2849890.602,98,98,0.4784018483,613.4756445,1.196985303,24.85517734,-1998133.082,2849890.602,293.4878822,4784.018483,0.4784018483,0.4784018483,1,0,Retain,-0.7373042128,-0.7373042128,0,0,0,0,6.908754779,-5.96673823,3,0.158,0.016,0.002,0.618,0.206
201,133,133,24.03972272,197.5355293,2.732152996,24.05912571,-1998242.566,2849814.781,120,120,23.74072305,199.9563238,2.74838255,24.85517734,-1998241.119,2849813.422,4747.107506,237407.2263,23.74072263,23.74072263,0.9875622488,1.98476933,Retain,3.179707576,3.167191846,-0.01251572979,0.01218049846,0.005922633562,0.03255037118,4.298183616,-0.331482434,0,0.488,0.198,0.07,0.122,0.122
202,112,112,1.196006142,449.2164534,1.385853834,96.23874012,-1999276.194,2849762.799,101,101,0.1794009152,1081.75398,1.292515908,96.23874012,-1999221.651,2849727.708,194.0676541,1794.009152,0.1794009152,0.1794009152,0.1499999949,64.85586151,Retain,0.1789877914,-1.718132228,-1.897120019,0.8788342081,-0.06972580146,0,-1.729132332,4.655053758,1,0,0.57,0.428,0,0.002
203,120,120,1.435211792,476.0380234,1.608772775,48.11950845,-1999798.148,2849622.591,109,109,1.435211792,476.0380234,1.608772775,48.11950845,-1999798.148,2849622.591,683.2153844,14352.11792,1.435211792,1.435211792,1,0,Retain,0.3613124283,0.3613124283,0,0,0,0,6.908754779,-6.51604655,3,0.104,0.016,0,0.724,0.156
204,123,123,4.843833014,292.0304001,1.813083113,34.59258867,-1999534.367,2849684.526,99,99,1.614604056,391.372057,1.402871532,24.0595387,-1999517.037,2849832.07,631.9109106,16146.04056,1.614604056,1.614604056,0.3333318988,148.5581573,Retain,1.577706352,0.47908976,-1.098616592,0.2928007531,-0.2565075431,-0.3630952662,-0.6916569872,4.784495011,2,0.006,0.084,0.902,0.008,0
205,123,123,4.843833014,292.0304001,1.813083113,34.59258867,-1999534.367,2849684.526,112,112,2.870426453,273.2092265,1.305760845,24.0595387,-1999535.784,2849609.208,784.2269908,28704.26317,2.870426317,2.870426317,0.5925939868,75.33105249,Retain,1.577706352,1.054460608,-0.5232457439,-0.06662000771,-0.3282428797,-0.3630952662,0.3739337516,4.105417475,2,0.046,0.212,0.68,0.05,0.012
206,126,126,1.136211951,520.8082124,1.566038982,34.59264922,-1999261.513,2849551.326,114,114,1.076411272,503.5609057,1.473791992,34.59264922,-1999267.08,2849550.689,542.0386349,10764.11279,1.076411279,1.076411279,0.9473683831,5.60307885,Retain,0.1276998798,0.07363261136,-0.05406726845,-0.03367719004,-0.06071082426,0,2.872604255,2.232009702,3,0.204,0.014,0.006,0.642,0.134
207,131,131,1.136215318,429.1081117,1.290304204,24.85490944,-1999431.638,2849423.727,118,118,0.9568131604,509.5657304,1.40607618,24.85490944,-1999427.376,2849414.721,487.5591035,9568.130441,0.9568130441,0.9568130441,0.8421053905,9.964052628,Retain,0.1277028429,-0.04414714124,-0.1718499841,0.171849958,0.08592496592,0,1.668850819,2.807597756,0,0.596,0.048,0.018,0.308,0.03
208,135,135,1.913631698,434.9577851,1.697349804,48.12052338,-1998950.232,2849377.374,122,122,1.913631805,408.9811501,1.595980387,48.12052338,-1998946.356,2849377.622,782.6393365,18538.30792,1.853830792,1.853830792,0.9687500446,3.8835643,Retain,0.649002849,0.6490029052,5.626813057e-8,-0.06157991346,-0.06157988533,0,3.403521693,1.604874347,3,0.128,0.018,0.002,0.726,0.126
209,138,138,1.196027107,494.7600741,1.526371418,49.70936873,-1999120.281,2849173.646,124,124,1.13622579,520.8000601,1.566024006,49.70936873,-1999120.637,2849172.037,591.7464599,11362.25914,1.136225914,1.136225914,0.9500001363,1.647808164,Retain,0.1790053197,0.1277120597,-0.05129326003,0.05129326003,0.02564663002,0,2.925691246,0.9829149849,3,0.182,0.026,0.006,0.654,0.132
210,139,139,1.07642441,543.8301486,1.591659321,87.64171332,-1997865.052,2849262.457,125,125,1.07642441,543.8301486,1.591659321,87.64171332,-1997865.052,2849262.457,585.3920471,10764.2441,1.07642441,1.07642441,1,0,Retain,0.07364481752,0.07364481752,0,0,0,0,6.908754779,-6.372212745,3,0.118,0.01,0.002,0.716,0.154
211,142,142,1.016623236,481.1526187,1.368541393,24.06046129,-1998891.5,2849168.749,128,128,0.8970200997,545.3066641,1.456924211,24.06046129,-1998892.378,2849173.326,489.1510382,8970.202237,0.8970202237,0.8970202237,0.8823526674,4.660227899,Retain,0.01648658203,-0.1086770095,-0.1251635915,0.1251638086,0.06258201281,0,2.007569016,2.103400563,0,0.57,0.034,0.004,0.316,0.076
212,144,144,0.2392058492,1025.767953,1.415239992,24.06046129,-1998808.969,2849115.162,130,130,0.2392058492,1025.767953,1.415239992,24.06046129,-1998808.969,2849115.162,245.3696944,2392.058492,0.2392058492,0.2392058492,1,0,Retain,-1.430430804,-1.430430804,0,0,0,0,6.908754779,-5.620174934,3,0.23,0.028,0,0.576,0.166
213,159,159,5.202797541,291.911686,1.878300233,34.59302418,-1999538.253,2848597.632,149,149,4.544971528,269.9357903,1.62338348,48.1224671,-1999538.067,2848596.254,1274.97289,42459.59881,4.245959881,4.245959881,0.8160916983,1.389896048,Retain,1.64919647,1.514021463,-0.1351750065,-0.07826719432,-0.1458546976,0.3300889839,1.48589129,0.07771488643,0,0.462,0.048,0.204,0.236,0.05
214,167,167,9.807593006,343.8959254,3.038108752,24.0615909,-1999160.182,2848548.358,140,140,1.076436071,680.8927812,1.992819293,0,-1999219.605,2848742.037,732.9374568,10764.35831,1.076435831,1.076435831,0.1097553528,202.5901731,Retain,2.283156882,0.07365565023,-2.209501232,0.6830657813,-0.4216848347,-10.08841367,-2.085295225,4.741976525,2,0,0.016,0.984,0,0
215,167,167,9.807593006,343.8959254,3.038108752,24.0615909,-1999160.182,2848548.358,152,152,2.930313693,349.1977124,1.686256028,0,-1999134.562,2848578.476,1023.258838,29303.13693,2.930313693,2.930313693,0.2987801075,39.54078478,Retain,2.283156882,1.07510948,-1.208047403,0.01529920383,-0.5887244974,-10.08841367,-0.8511973612,3.108144457,2,0.014,0.02,0.96,0.004,0.002
216,167,167,9.807593006,343.8959254,3.038108752,24.0615909,-1999160.182,2848548.358,154,154,0.1196055889,1233.550063,1.203448707,34.59307965,-1999273.762,2848398.357,97.83127866,598.027906,0.0598027906,0.0598027906,0.006097601171,188.1508423,Retain,2.283156882,-2.123555709,-4.406712591,1.277312452,-0.9260438435,0.3630241691,-4.942887777,4.66803581,2,0,0.006,0.994,0,0
217,163,163,0.2392105509,817.9501357,1.128527282,74.56211131,-1999445.087,2848351.253,156,156,0.2990140967,992.1396543,1.530430836,49.70809686,-1999408.649,2848365.635,147.5394138,1196.056515,0.1196056515,0.1196056515,0.5000015719,39.17420521,Retain,-1.430411149,-1.207264561,0.2231465883,0.193062502,0.3046357962,-0.4054579468,6.275157172e-6,4.955614544,3,0.014,0.076,0.01,0.766,0.134
218,167,167,9.807593006,343.8959254,3.038108752,24.0615909,-1999160.182,2848548.358,157,157,0.2392106536,1025.750707,1.41523041,24.06143484,-1999161.38,2848393.477,245.370497,2392.106536,0.2392106536,0.2392106536,0.0243903528,154.885753,Retain,2.283156882,-1.43041072,-3.713567602,1.092840951,-0.7639428495,-6.48582071e-6,-3.649717739,4.473480726,2,0,0,1,0,0
219,167,167,9.807593006,343.8959254,3.038108752,24.0615909,-1999160.182,2848548.358,158,158,0.4186188407,697.3127379,1.272717606,48.12310006,-1999027.936,2848420.939,291.90825,4186.189301,0.4186189301,0.4186189301,0.04268314661,183.6419083,Retain,2.283156882,-0.8707944611,-3.153951343,0.7068949322,-0.8700807394,0.6931247024,-3.088216101,4.643779658,2,0,0.028,0.972,0,0
220,167,167,9.807593006,343.8959254,3.038108752,24.0615909,-1999160.182,2848548.358,162,162,0.1794086036,1090.598019,1.303110984,48.12310006,-1999039.753,2848308.817,195.6626677,1794.086036,0.1794086036,0.1794086036,0.01829282715,268.1092985,Retain,2.283156882,-1.718089373,-4.001246255,1.154142397,-0.8464807305,0.6931247024,-3.930577808,5.022184959,2,0,0.002,0.998,0,0
221,171,171,0.5382265869,730.0083101,1.510794675,48.1236755,-1999729.992,2848197.773,166,166,0.2392116304,817.9482021,1.12852716,72.18562844,-1999708.726,2848189.755,195.662723,1794.088545,0.1794088545,0.1794088545,0.3333333188,22.72730137,Retain,-0.6194756422,-1.430406636,-0.8109309939,0.1137430942,-0.2917224027,0.4054597773,-0.6916506131,4.005713668,1,0.026,0.81,0.134,0.03,0
223,176,176,2.870540367,409.5264569,1.957306603,34.59325514,-1997790.923,2848301.112,167,167,1.853890602,371.105346,1.425392043,108.325675,-1997815.623,2848328.864,687.9884073,16146.77528,1.614677528,1.614677528,0.5624995024,37.15234841,Retain,1.054500293,0.6172864587,-0.4372138344,-0.09851553532,-0.3171224525,1.141463799,0.2508055038,3.660168696,1,0.048,0.554,0.286,0.104,0.008
224,174,174,0.717636045,476.0323446,1.137584464,24.06177776,-1999073.173,2848182.112,169,169,0.1196062476,1220.298199,1.190523496,96.24701123,-1999046.836,2848159.682,145.9552886,1196.062476,0.1196062476,0.1196062476,0.1666670012,34.5931242,Retain,-0.3317927396,-2.123550201,-1.791757462,0.9413647307,0.04548599985,1.386262155,-1.604652725,4.28194516,1,0.002,0.762,0.23,0.006,0
226,188,188,0.2392143146,817.9433734,1.12852683,175.6187474,-1997997.577,2847913.203,186,186,0.2392143146,817.9433734,1.12852683,74.56090951,-1997997.577,2847913.203,195.6637634,2392.143146,0.2392143146,0.2392143146,1,0,Retain,-1.430395415,-1.430395415,0,0,0,-0.8566913513,6.908754779,-5.620192628,3,0.268,0.026,0.002,0.558,0.146
227,191,191,1.076466416,452.9423267,1.325678513,34.59332185,-1997674.555,2847903.002,190,190,1.076466416,452.9423267,1.325678513,54.1633918,-1997674.555,2847903.002,487.5772031,10764.66416,1.076466416,1.076466416,1,0,Retain,0.07368383999,0.07368383999,0,0,0,0.4483341545,6.908754779,-6.372232256,3,0.128,0.012,0.002,0.704,0.154
228,22,22,0.4783753348,717.414865,1.399747913,49.71333668,-2001311.88,2851549.896,20,20,0.4783753348,717.414865,1.399747913,49.71333668,-2001311.88,2851549.896,343.1935762,4783.753348,0.4783753348,0.4783753348,1,0,Retain,-0.7373596353,-0.7373596353,0,0,0,0,6.908754779,-5.966710518,3,0.158,0.016,0.002,0.618,0.206
229,23,23,0.4783762765,720.7579294,1.406271949,76.33106499,-2000972.746,2851553.486,21,21,0.3587819281,683.8886008,1.155568547,162.4654714,-2000957.434,2851557.478,245.366977,3587.823156,0.3587823156,0.3587823156,0.7500002261,15.82376609,Retain,-0.7373576667,-1.025040518,-0.2876828509,-0.05250829801,-0.1963497234,0.7553785519,1.095953914,3.702619963,3,0.086,0.35,0.08,0.458,0.026
230,29,29,5.142539809,276.6119016,1.76951709,48.11365453,-2001604.851,2851532.084,26,26,5.022946145,283.1978621,1.790458665,48.11365453,-2001603.287,2851530.268,1422.48761,50229.46254,5.022946254,5.022946254,0.9767442628,2.396294145,Retain,1.637547084,1.614016643,-0.02353044067,0.02353036604,0.0117651457,0,3.696594972,0.6279320629,3,0.256,0.064,0.014,0.538,0.128
231,34,34,1.255742487,427.8338621,1.352447817,0,-2001561.646,2851342.665,29,29,1.255742487,427.8338621,1.352447817,0,-2001561.646,2851342.665,537.2491579,12557.42487,1.255742487,1.255742487,1,0,Retain,0.2277270205,0.2277270205,0,0,0,0,6.908754779,-6.449253846,3,0.108,0.014,0,0.724,0.154
232,35,35,0.7175665891,607.9204401,1.452689905,55.22804609,-2001358.19,2851365.138,30,30,0.7175665891,607.9204401,1.452689905,55.22804609,-2001358.19,2851365.138,436.2233966,7175.665891,0.7175665891,0.7175665891,1,0,Retain,-0.3318895285,-0.3318895285,0,0,0,0,6.908754779,-6.169445572,3,0.146,0.016,0,0.654,0.184
233,33,33,0.2989868274,820.6620642,1.26585935,146.4657795,-2001074.001,2851354.772,31,31,0.4185818474,701.132321,1.279632468,162.4654714,-2001075.513,2851345.033,245.3671469,2989.869514,0.2989869514,0.2989869514,1.000000415,9.855866211,Retain,-1.207355762,-0.870882835,0.3364729271,-0.1574147802,0.01082168332,0.103673009,6.909170119,3.464211114,4,0.01,0,0,0.224,0.766
234,40,40,1.375343131,604.017819,1.998252432,0,-2001638.883,2851223.087,34,34,1.19595039,572.590544,1.766427519,0,-2001635.061,2851228.52,684.7898845,11959.50514,1.195950514,1.195950514,0.8695651924,6.642203356,Retain,0.3187032497,0.1789411748,-0.1397620749,-0.0534328208,-0.1233138582,0,1.890631678,2.306607598,3,0.264,0.086,0.104,0.484,0.062
235,37,37,2.332093895,334.8995825,1.442722119,124.2826467,-1999721.651,2851457.469,32,32,2.332093895,334.8995825,1.442722119,124.2826467,-1999721.651,2851457.469,781.0172717,23320.93895,2.332093895,2.332093895,1,0,Retain,0.8467665313,0.8467665313,0,0,0,0,6.908754779,-6.758773602,3,0.108,0.02,0.002,0.744,0.126
236,53,53,7.654117113,274.8959631,2.145413365,24.0570385,-2000765.071,2851104.971,46,46,7.414927691,264.0814165,2.028553047,69.18366547,-2000768.326,2851096.962,1958.144608,74149.27815,7.414927815,7.414927815,0.9687502433,8.644454815,Retain,2.035243688,2.003495224,-0.03174846389,-0.04013525865,-0.0560094906,1.056310059,3.403528058,1.711776827,0,0.396,0.054,0.028,0.27,0.252
237,55,55,3.229097597,334.7359544,1.69682876,48.1155612,-2000475.059,2850937.871,47,47,3.04970415,354.426239,1.746022314,48.1155612,-2000473.7,2850934.439,1080.895066,30497.04375,3.049704375,3.049704375,0.9444447816,3.691208126,Retain,1.172202716,1.115044586,-0.0571581305,0.05715822872,0.02857916347,0,2.816438007,1.292488272,3,0.302,0.058,0.012,0.548,0.08
238,61,61,0.3587900181,683.875795,1.155559937,380.5121811,-1999371.94,2850911.443,52,52,0.3587900181,683.875795,1.155559937,380.5121811,-1999371.94,2850911.443,245.3678089,3587.900181,0.3587900181,0.3587900181,1,0,Retain,-1.025017969,-1.025017969,0,0,0,0,6.908754779,-5.822881351,3,0.2,0.018,0,0.604,0.178
239,69,69,1.494960218,393.6983026,1.357917634,48.1155612,-2000475.18,2850776.866,60,60,1.494960218,393.6983026,1.357917634,48.1155612,-2000475.18,2850776.866,588.5633002,14949.60218,1.494960218,1.494960218,1,0,Retain,0.4020995963,0.4020995963,0,0,0,0,6.908754779,-6.536440134,3,0.102,0.014,0,0.74,0.144
240,71,71,0.298992017,976.239013,1.505847609,24.8560126,-2001636.606,2850648.656,62,62,0.298992017,976.239013,1.505847609,24.8560126,-2001636.606,2850648.656,291.8876716,2989.92017,0.298992017,0.298992017,1,0,Retain,-1.207338405,-1.207338405,0,0,0,0,6.908754779,-5.731721134,3,0.216,0.016,0,0.598,0.17
241,73,73,3.468308103,309.8083609,1.627597587,24.8560126,-2001776.094,2850679.725,64,64,3.468308103,309.8083609,1.627597587,24.8560126,-2001776.094,2850679.725,1074.510848,34683.08103,3.468308103,3.468308103,1,0,Retain,1.243666897,1.243666897,0,0,0,0,6.908754779,-6.957223784,3,0.144,0.034,0.01,0.69,0.122
242,95,95,6.577908586,340.1241984,2.460801122,34.59208947,-2001626.459,2850259.639,85,85,6.577908586,340.1241984,2.460801122,34.59208947,-2001626.459,2850259.639,2237.305885,65779.08586,6.577908586,6.577908586,1,0,Retain,1.883716851,1.883716851,0,0,0,0,6.908754779,-7.277248761,3,0.274,0.066,0.014,0.43,0.216
243,102,102,18.17906538,183.0550527,2.201722419,24.05922127,-1999692.287,2850155.714,90,90,17.82026862,186.7407135,2.223776851,24.05922127,-1999689.753,2850154.258,3327.769678,178202.6876,17.82026876,17.82026876,0.9802631977,2.922405071,Retain,2.900270678,2.880336496,-0.0199341819,0.01993415382,0.009967062875,0,3.85693071,0.1949786608,0,0.502,0.182,0.056,0.128,0.132
244,86,86,0.9567876634,457.6114767,1.262698775,49.71119143,-2001765.633,2850222.146,78,78,0.9567876634,457.6114767,1.262698775,49.71119143,-2001765.633,2850222.146,437.8370155,9567.876634,0.9567876634,0.9567876634,1,0,Retain,-0.04417378946,-0.04417378946,0,0,0,0,6.908754779,-6.313303441,3,0.126,0.012,0,0.7,0.162
245,4,4,0.3587786458,683.8939831,1.155572356,277.7604105,-2001946.355,2851831.757,4,4,0.3587786458,683.8939831,1.155572356,283.0446051,-2001946.355,2851831.757,245.3665571,3587.786458,0.3587786458,0.3587786458,1,0,Retain,-1.025049666,-1.025049666,0,0,0,0.01884552373,6.908754779,-5.822865503,3,0.2,0.018,0,0.602,0.18
246,6,6,0.2989823974,820.6719695,1.26586525,88.74455927,-2002781.583,2851727.735,6,6,0.2989823974,820.6719695,1.26586525,88.74455927,-2002781.583,2851727.735,245.3664729,2989.823974,0.2989823974,0.2989823974,1,0,Retain,-1.207370579,-1.207370579,0,0,0,0,6.908754779,-5.731705047,3,0.216,0.016,0,0.598,0.17
247,110,110,0.6578016237,592.4659771,1.355520076,24.05943362,-2000292.802,2849801.767,97,97,0.6578016237,592.4659771,1.355520076,24.05943362,-2000292.802,2849801.767,389.7250818,6578.016237,0.6578016237,0.6578016237,1,0,Retain,-0.4188518768,-0.4188518768,0,0,0,0,6.908754779,-6.125964398,3,0.146,0.016,0,0.648,0.19
248,8,8,0.597965671,654.3947938,1.427489852,108.3090538,-2003476.948,2851656.743,8,8,0.597965671,654.3947938,1.427489852,108.3090538,-2003476.948,2851656.743,391.305622,5979.65671,0.597965671,0.597965671,1,0,Retain,-0.514221933,-0.514221933,0,0,0,0,6.908754779,-6.07827937,3,0.144,0.016,0.002,0.638,0.2
249,11,11,1.43511753,476.0475331,1.608752081,24.05652341,-2003085.574,2851648.432,11,11,1.43511753,476.0475331,1.608752081,24.05652341,-2003085.574,2851648.432,683.1841596,14351.1753,1.43511753,1.43511753,1,0,Retain,0.361246748,0.361246748,0,0,0,0,6.908754779,-6.51601371,3,0.104,0.016,0,0.724,0.156
250,16,16,0.2989846147,820.6671486,1.265862508,24.05652341,-2003126.508,2851512.831,14,14,0.2989846147,820.6671486,1.265862508,24.05652341,-2003126.508,2851512.831,245.3668512,2989.846147,0.2989846147,0.2989846147,1,0,Retain,-1.207363163,-1.207363163,0,0,0,0,6.908754779,-5.731708755,3,0.216,0.016,0,0.598,0.17
251,17,17,2.391871902,451.2338833,1.968637393,24.05674775,-2002869.715,2851547.936,15,15,2.391871902,451.2338833,1.968637393,24.05674775,-2002869.715,2851547.936,1079.293647,23918.71902,2.391871902,2.391871902,1,0,Retain,0.872076282,0.872076282,0,0,0,0,6.908754779,-6.771428477,3,0.108,0.02,0.002,0.742,0.128
252,18,18,1.973295508,372.2201236,1.474996469,99.42661138,-2002529.246,2851551.61,16,16,1.913498773,357.8716618,1.396485633,99.42661138,-2002527.858,2851552.772,684.7869858,19134.98773,1.913498773,1.913498773,0.9696970198,1.810027813,Retain,0.6797049918,0.6489333848,-0.03077160703,-0.03931097386,-0.05469677737,0,3.434301082,0.8264069835,3,0.16,0.016,0.002,0.71,0.112
253,21,21,1.734110977,367.147009,1.363871663,24.05677967,-2003552.447,2851428.562,19,19,1.614516458,425.1347557,1.523852449,24.85661368,-2003537.783,2851429.561,636.6736586,14949.22676,1.494922676,1.494922676,0.8620686308,14.69823471,Retain,0.5504948772,0.4790355051,-0.07145937202,0.1466438537,0.1109141677,0.03270566803,1.82651415,2.984912936,0,0.486,0.048,0.014,0.41,0.042
254,25,25,2.152687138,432.8327152,1.791453768,87.63555326,-2002279.274,2851519.868,22,22,2.152687138,432.8327152,1.791453768,87.63555326,-2002279.274,2851519.868,931.7534187,21526.87138,2.152687138,2.152687138,1,0,Retain,0.7667168933,0.7667168933,0,0,0,0,6.908754779,-6.718748783,3,0.102,0.02,0.002,0.75,0.126
255,28,28,0.5381733744,545.3269488,1.128530061,24.05674775,-2002914.808,2851396.199,25,25,0.5381733744,545.3269488,1.128530061,24.05674775,-2002914.808,2851396.199,293.4804442,5381.733744,0.5381733744,0.5381733744,1,0,Retain,-0.6195745135,-0.6195745135,0,0,0,0,6.908754779,-6.025603079,3,0.144,0.016,0.004,0.628,0.208
256,32,32,1.195943811,532.3617903,1.642318302,24.05677967,-2003553.914,2851283.001,28,28,1.195943811,532.3617903,1.642318302,24.05697926,-2003553.914,2851283.001,636.6747883,11959.43811,1.195943811,1.195943811,1,0,Retain,0.1789356737,0.1789356737,0,0,0,8.296320153e-6,6.908754779,-6.424858173,3,0.116,0.018,0,0.716,0.15
257,43,43,3.647650386,295.0116897,1.589428134,34.59174897,-2002775.788,2851112.259,38,38,3.587852987,286.5182049,1.530962698,69.18362758,-2002773.339,2851111.955,1027.985197,35878.52995,3.587852995,3.587852995,0.9836066002,2.467784966,Retain,1.294083231,1.27755397,-0.01652926062,-0.0292129052,-0.03747753551,0.6931346004,4.036151358,0.8290494405,3,0.246,0.044,0.014,0.548,0.148
258,44,44,7.175715945,265.956396,2.009731902,88.74432244,-2003163.442,2851074.55,39,39,7.056120696,263.418788,1.973898494,103.7752434,-2003160.886,2851075.455,1858.714762,70561.20425,7.056120425,7.056120425,0.9833332979,2.711647661,Retain,1.97070254,1.953895424,-0.01680711601,-0.009587254997,-0.017990813,0.1564663531,4.020282924,0.5849388276,3,0.308,0.074,0.02,0.364,0.234
259,45,45,8.252066211,249.1459192,2.018971545,34.59174897,-2002412.509,2851128.04,40,40,7.953077807,245.8098326,1.955518526,69.18362758,-2002407,2851130.878,1954.944618,79530.77703,7.953077703,7.953077703,0.963768043,6.198145092,Retain,2.110463619,2.073558999,-0.03690461952,-0.01348054694,-0.0319328567,0.6931346004,3.254720251,1.341544528,0,0.44,0.054,0.014,0.23,0.262
260,81,81,0.2391962422,817.9759224,1.128529106,74.56711464,-2003475.939,2850239.342,71,71,0.2391962422,817.9759224,1.128529106,74.56711464,-2003475.939,2850239.342,195.6567669,2391.962422,0.2391962422,0.2391962422,1,0,Retain,-1.430470967,-1.430470967,0,0,0,0,6.908754779,-5.620154853,3,0.23,0.028,0,0.576,0.166
261,82,82,0.5381908093,637.6856333,1.319683659,0,-2003337.693,2850262.918,72,72,0.5381908093,637.6856333,1.319683659,0,-2003337.693,2850262.918,343.1965471,5381.908093,0.5381908093,0.5381908093,1,0,Retain,-0.6195421175,-0.6195421175,0,0,0,0,6.908754779,-6.025619277,3,0.144,0.016,0.004,0.628,0.208
262,83,83,1.076380819,499.1338624,1.460814522,149.1342928,-2002533.418,2850322.393,73,73,1.076380819,499.1338624,1.460814522,149.1342928,-2002533.418,2850322.393,537.2581158,10763.80819,1.076380819,1.076380819,1,0,Retain,0.07360432058,0.07360432058,0,0,0,0,6.908754779,-6.372192496,3,0.118,0.01,0.002,0.716,0.154
263,90,90,21.46785732,252.8746388,3.305176784,0,-2002987.379,2850235.504,80,80,21.04926183,260.3407955,3.36942451,0,-2002986.901,2850236.583,5479.981476,209894.6405,20.98946405,20.98946405,0.9777158351,1.180709899,Retain,3.066556808,3.046865492,-0.01969131634,0.02909765764,0.01925199947,0,3.738467827,-0.7939510045,0,0.472,0.216,0.07,0.114,0.128
264,93,93,0.657797048,594.8878455,1.361056405,138.3691306,-2002510.699,2849892.34,83,83,0.657797048,594.8878455,1.361056405,138.3691306,-2002510.699,2849892.34,391.3154687,6577.97048,0.657797048,0.657797048,1,0,Retain,-0.4188588329,-0.4188588329,0,0,0,0,6.908754779,-6.12596092,3,0.146,0.016,0,0.648,0.19
265,94,94,0.3587992237,679.4225152,1.14804986,24.05895603,-2002949.893,2849802.887,84,84,0.119599772,1220.296568,1.190489677,48.11801186,-2002938.259,2849815.685,145.9471913,1195.99772,0.119599772,0.119599772,0.3333334191,17.29618351,Retain,-1.024992312,-2.123604344,-1.098612031,0.585606002,0.03629998628,0.6931284729,-0.6916501629,3.935404785,1,0.048,0.752,0.146,0.054,0
266,193,193,1.734312256,507.6875723,1.886058882,24.06253369,-2000005.351,2847664.061,194,194,1.853919765,526.8509088,2.023616765,24.06243389,-2000015.043,2847658.802,782.6567612,12558.80985,1.255880985,1.255880985,0.724137756,11.02713538,Retain,0.5506109405,0.6173021893,0.0666912488,0.03705135968,0.07039698408,-4.147303289e-6,0.9628415766,2.697509242,3,0.088,0.002,0,0.554,0.356
268,199,199,1.734317015,394.867568,1.466934678,49.70688162,-1997647.229,2847691.53,199,199,1.734317015,394.867568,1.466934678,76.34622473,-1997647.229,2847691.53,684.8255419,17343.17015,1.734317015,1.734317015,1,0,Retain,0.5506136846,0.5506136846,0,0,0,0.4291281773,6.908754779,-6.610697178,3,0.122,0.018,0,0.73,0.13
269,208,208,4.186288209,467.7715878,2.699873833,24.06253369,-2000206.061,2847498.375,192,192,0.8970587097,489.8826844,1.308873246,24.06243389,-2000172.15,2847608.011,439.4536349,7774.512172,0.7774512172,0.7774512172,0.1857137345,114.7605017,Retain,1.431814472,-0.1086339679,-1.54044844,0.04618582621,-0.7240383939,-4.147303289e-6,-1.473962685,4.599313783,2,0.008,0.092,0.884,0.016,0
270,208,208,4.186288209,467.7715878,2.699873833,24.06253369,-2000206.061,2847498.375,196,196,0.2990205889,820.58355,1.265809704,24.85344755,-2000271.413,2847524.514,245.3713764,2990.205889,0.2990205889,0.2990205889,0.07142857203,70.38607319,Retain,1.431814472,-1.207242849,-2.639057321,0.562035617,-0.7574930436,0.0323391427,-2.552122787,4.110467334,2,0,0.132,0.868,0,0
271,206,206,3.1098176300000002,504.3636419,2.50903258,24.85335412,-2000489.585,2847428.132,198,198,0.5980403321,651.7076969,1.421716996,124.2671096,-2000474.49,2847506.718,389.7474874,5980.403321,0.5980403321,0.5980403321,0.1923072036,80.02251684,Retain,1.134564085,-0.5140970824,-1.648661167,0.2562986241,-0.5680319594,1.609408453,-1.431138461,4.387403452,2,0.002,0.162,0.834,0.002,0
272,208,208,4.186288209,467.7715878,2.699873833,24.06253369,-2000206.061,2847498.375,210,210,0.837261391,702.9766196,1.814539729,72.18825648,-2000198.249,2847359.371,588.5751823,7774.566637,0.7774566637,0.7774566637,0.1857150356,139.2242089,Retain,1.431814472,-0.1776189622,-1.609433435,0.4073435166,-0.3973732007,1.098593663,-1.473954121,4.792550536,2,0,0.064,0.936,0,0
273,211,211,0.5980435642,568.5917394,1.240400762,88.74278062,-1997797.143,2847504.038,216,216,0.5382395532,631.768541,1.307497506,72.18937189,-1997797.33,2847485.273,291.9167817,4784.345247,0.4784345247,0.4784345247,0.7999994538,18.76651155,Retain,-0.5140916779,-0.6194515517,-0.1053598738,0.1053604233,0.0526804864,-0.2064466646,1.38255264,3.761538048,3,0.334,0.048,0.004,0.558,0.056
274,216,216,5.26279372,223.6742833,1.447502413,69.18722259,-2001920.283,2847160.433,219,219,4.246116545,254.1898069,1.477573707,69.18722259,-2001939.578,2847165.788,1079.319545,42461.16545,4.246116545,4.246116545,0.8068179699,20.02436011,Retain,1.660662011,1.446004811,-0.2146572001,0.1278903579,0.02056175779,0,1.42554073,2.739033413,0,0.716,0.092,0.03,0.158,0.004
275,225,225,81.33362165,96.46127279,2.454048331,48.1236755,-1999337.729,2847535.947,226,226,74.33650404,126.0572356,3.065941847,72.18562844,-1999344.752,2847549.077,8382.835889,703296.7377,70.32967377,70.32967377,0.8647060385,14.88979388,Retain,4.398559482,4.308602137,-0.08995734442,0.2675944447,0.2226157725,0.4054597773,1.848731369,1.073828364,0,0.45,0.2,0.244,0.046,0.06
276,234,234,0.4784424928,613.4482931,1.19698278,24.06371956,-1997652.054,2846937.614,248,248,0.4784424928,613.4482931,1.19698278,24.06371956,-1997652.054,2846937.614,293.4997305,4784.424928,0.4784424928,0.4784424928,1,0,Retain,-0.7372192576,-0.7372192576,0,0,0,0,6.908754779,-5.966780707,3,0.158,0.016,0.002,0.618,0.206
277,253,253,0.9568967103,559.852655,1.544903442,24.06412671,-1997769.866,2846539.768,270,270,0.8970901985,541.7696317,1.447530693,24.06412671,-1997774.92,2846544.168,486.0160269,8372.842716,0.8372842716,0.8372842716,0.8749996344,6.700659107,Retain,-0.04405982411,-0.1085988662,-0.06453904208,-0.03283275574,-0.06510227678,0,1.939080865,2.496749979,3,0.218,0.014,0.006,0.66,0.102
278,255,255,5.38252816,345.6400524,2.262102531,24.06412671,-1997961.586,2846607.545,274,274,4.246217638,381.0918461,2.215265835,24.06412671,-1997947.147,2846603.323,1666.327201,41864.118,4.1864118,4.1864118,0.7777779652,15.04422053,Retain,1.683158182,1.446028619,-0.237129563,0.09764248936,-0.02092229212,0,1.249559032,2.44184622,0,0.702,0.074,0.034,0.184,0.006
279,255,255,5.38252816,345.6400524,2.262102531,24.06412671,-1997961.586,2846607.545,264,264,0.119611986,1220.29781,1.190551676,48.12824881,-1998076.051,2846606.136,97.83376298,598.0599301,0.05980599301,0.05980599301,0.01111113425,114.4732441,Retain,1.683158182,-2.123502225,-3.806660407,1.261452292,-0.6418779112,0.6931263076,-4.403467464,4.471135708,2,0,0.014,0.986,0,0
280,263,263,0.1794190187,1099.345632,1.313601276,48.12945062,-1998056.896,2846305.941,279,279,0.1794190187,1099.345632,1.313601276,102.2806689,-1998056.896,2846305.941,197.2435145,1794.190187,0.1794190187,0.1794190187,1,0,Retain,-1.718031322,-1.718031322,0,0,0,0.753815421,6.908754779,-5.476374675,3,0.236,0.04,0,0.554,0.17
281,282,282,479.8196646,79.2035542,4.894166726,0,-2002532.969,2846526.186,290,290,119.1331261,108.1283867,3.329285662,0,-2002056.091,2846401.106,12931.37875,1186546.845,118.6546845,118.6546845,0.247290166,493.0086253,Retain,6.173410334,4.780241575,-1.39316876,0.311298113,-0.3852862668,0,-1.110409372,3.686188474,2,0,0.078,0.922,0,0
282,282,282,479.8196646,79.2035542,4.894166726,0,-2002532.969,2846526.186,287,287,70.39140015,145.3176281,3.439324636,24.0638948,-2000654.156,2846495.407,10424.77917,699727.5826,69.97275826,69.97275826,0.1458313684,1879.064894,Retain,6.173410334,4.254071099,-1.919339236,0.6069007113,-0.3527689066,10.08850941,-1.762013905,5.024189843,2,0,0.042,0.958,0,0
283,282,282,479.8196646,79.2035542,4.894166726,0,-2002532.969,2846526.186,207,207,0.2392177263,817.9372837,1.128526475,54.16445316,-2000848.654,2847321.264,195.6650972,2392.177263,0.2392177263,0.2392177263,4.985575706e-4,1862.542369,Retain,6.173410334,-1.430381153,-7.603791488,2.334764489,-1.467131255,10.89979859,-6.50375357,5.015358011,2,0,0,1,0,0
284,282,282,479.8196646,79.2035542,4.894166726,0,-2002532.969,2846526.186,222,222,0.179414041,1090.580593,1.303109909,0,-2001500.635,2847066.607,195.6654713,1794.139909,0.1794139909,0.1794139909,3.739196289e-4,1165.232769,Retain,6.173410334,-1.718059066,-7.8914694,2.622444313,-1.323290387,0,-6.590713466,4.546336782,2,0,0,1,0,0
285,282,282,479.8196646,79.2035542,4.894166726,0,-2002532.969,2846526.186,225,225,1.913748311,408.1422728,1.592755292,48.12665996,-2000961.734,2847142.239,781.0815851,19137.48311,1.913748311,1.913748311,0.003988474113,1687.690283,Retain,6.173410334,0.6490637853,-5.524346549,1.639594647,-1.122578627,10.78161234,-5.297632256,4.916776545,2,0,0,1,0,0
286,282,282,479.8196646,79.2035542,4.894166726,0,-2002532.969,2846526.186,230,230,1.973556014,520.9045328,2.064324339,34.59356913,-2004503.16,2846838.014,1028.034273,19735.5603,1.97355603,1.97355603,0.004113120356,1994.715548,Retain,6.173410334,0.6798369989,-5.493573336,1.883545612,-0.8632410554,10.45145199,-5.272827448,5.083917014,2,0,0,1,0,0
287,282,282,479.8196646,79.2035542,4.894166726,0,-2002532.969,2846526.186,233,233,1.973560599,498.9185649,1.977197103,24.06342772,-2001793.395,2846947.789,1032.772865,18539.5101,1.85395101,1.85395101,0.003863849582,851.3039822,Retain,6.173410334,0.6798393222,-5.493571012,1.840421712,-0.9063637945,10.08849,-5.323057101,4.232430221,2,0,0,1,0,0
288,282,282,479.8196646,79.2035542,4.894166726,0,-2002532.969,2846526.186,238,238,52.50793975,134.7346561,2.754145469,34.59356913,-2004968.792,2847229.503,7222.177427,517902.9536,51.79029536,51.79029536,0.1079370005,2535.327939,Retain,6.173410334,3.960964391,-2.212445943,0.5312861597,-0.5749368118,10.45145199,-2.103887389,5.323738442,2,0,0.006,0.994,0,0
289,282,282,479.8196646,79.2035542,4.894166726,0,-2002532.969,2846526.186,240,240,1.19610008,490.7599131,1.514076813,34.59361901,-2000961.834,2846929.441,586.9979716,11961.0008,1.19610008,1.19610008,0.002492811714,1622.060402,Retain,6.173410334,0.1790663313,-5.994344003,1.823933859,-1.173238143,10.45145343,-5.655554291,4.877112865,2,0,0,1,0,0
290,282,282,479.8196646,79.2035542,4.894166726,0,-2002532.969,2846526.186,242,242,0.358830772,817.9323931,1.382156804,34.59372577,-2002498.558,2846769.718,293.499312,3588.307799,0.3588307799,0.3588307799,7.478450893e-4,245.9508129,Retain,6.173410334,-1.024904389,-7.198314723,2.33475851,-1.264398852,10.45145652,-6.34962375,2.99079541,2,0,0.002,0.998,0,0
291,282,282,479.8196646,79.2035542,4.894166726,0,-2002532.969,2846526.186,251,251,0.2392216087,817.9302586,1.12852594,24.0638948,-2001278.466,2846642.76,195.6665923,2392.216087,0.2392216087,0.2392216087,4.985656621e-4,1259.90704,Retain,6.173410334,-1.430364924,-7.603775258,2.3347559,-1.467131729,10.08850941,-6.503748162,4.624453789,2,0,0,1,0,0
292,282,282,479.8196646,79.2035542,4.894166726,0,-2002532.969,2846526.186,260,260,0.2392222574,817.9290758,1.128525838,24.06408393,-2003130.946,2846403.745,195.6668399,2392.222136,0.2392222136,0.2392222136,4.985669226e-4,610.3836344,Retain,6.173410334,-1.430362212,-7.603772546,2.334754454,-1.467131819,10.08851727,-6.5037473200000004,3.899749082,2,0,0.002,0.998,0,0
293,282,282,479.8196646,79.2035542,4.894166726,0,-2002532.969,2846526.186,292,292,103.5838242,96.62693646,2.774209464,24.06408393,-2003526.338,2846237.88,10300.91051,1007729.448,100.7729448,100.7729448,0.2100225401,1034.361204,Retain,6.173410334,4.640381181,-1.533029154,0.1988363736,-0.5676782032,10.08851727,-1.321304519,4.427200064,2,0,0.02,0.978,0.002,0
294,282,282,479.8196646,79.2035542,4.894166726,0,-2002532.969,2846526.186,295,295,0.4186503946,823.5545564,1.503187635,24.85198612,-2002405.438,2845600.996,344.78144,4186.500062,0.4186500062,0.4186500062,8.725153159e-4,933.937987,Retain,6.173410334,-0.8707190877,-7.044129422,2.341608623,-1.180456088,10.12073319,-6.28060014,4.325070887,2,0,0,1,0,0
295,282,282,479.8196646,79.2035542,4.894166726,0,-2002532.969,2846526.186,297,297,5.322812754,293.7878646,1.912051189,0,-2002221.718,2845752.166,1319.979151,38874.48995,3.887448995,3.887448995,0.008101895945,834.2566146,Retain,6.173410334,1.672001877,-4.501408458,1.310836784,-0.939867445,0,-4.692145307,4.212202021,2,0,0,1,0,0
296,289,289,1.255957962,469.8838681,1.485501706,24.06569604,-1997683.375,2845655.726,308,308,0.4186527105,823.5492346,1.503182079,124.2592412,-1997657.233,2845673.471,344.7810258,4186.522258,0.4186522258,0.4186522258,0.3333329925,31.59524683,Retain,0.2278985976,-0.8707135561,-1.098612154,0.5611377599,0.01183168304,1.641549108,-0.6916520777,3.911453987,1,0.032,0.75,0.21,0.008,0
297,301,301,84.02879919,155.7427787,4.027328593,24.85184865,-1998090.081,2845967.698,324,324,59.86680058,162.2329642,3.541010348,24.06495959,-1998274.757,2845938.78,9954.594562,584314.3383,58.43143383,58.43143383,0.6953739004,186.9264301,Retain,4.431159588,4.092122104,-0.3390374835,0.04082756123,-0.1286911805,-0.03217400292,0.823524271,3.587505617,2,0.072,0.064,0.854,0.006,0.004
298,301,301,84.02879919,155.7427787,4.027328593,24.85184865,-1998090.081,2845967.698,282,282,0.3588385866,813.5322342,1.374736306,24.06495959,-1997815.867,2846301.225,291.9267571,3588.384589,0.3588384589,0.3588384589,0.004270422312,431.7796935,Retain,4.431159588,-1.024882611,-5.456042199,1.653179758,-1.074841341,-0.03217400292,-5.242369003,4.424702955,2,0,0.002,0.996,0.002,0
299,301,301,84.02879919,155.7427787,4.027328593,24.85184865,-1998090.081,2845967.698,291,291,0.1196138693,1233.458777,1.203401303,0,-1997108.442,2846077.081,147.5387769,1196.138693,0.1196138693,0.1196138693,0.001423486595,987.7141326,Retain,4.431159588,-2.12348648,-6.554646068,2.069371724,-1.20795131,-10.12072766,-6.022124457,5.252179478,2,0,0.008,0.992,0,0
300,301,301,84.02879919,155.7427787,4.027328593,24.85184865,-1998090.081,2845967.698,296,296,2.09324375,514.1203454,2.098310531,0,-1996978.925,2846048.825,1076.1792,19138.22966,1.913822966,1.913822966,0.02277579811,1114.113271,Retain,4.431159588,0.7387148961,-3.692444691,1.194251581,-0.6519707644,-10.12072766,-3.717070712,5.372600141,2,0,0,1,0,0
301,301,301,84.02879919,155.7427787,4.027328593,24.85184865,-1998090.081,2845967.698,298,298,0.3588430726,679.4057243,1.148091636,24.85197392,-1998685.02,2845807.689,243.8000377,3588.429486,0.3588429486,0.3588429486,0.004270475743,616.0809025,Retain,4.431159588,-1.02487011,-5.456029697,1.473012689,-1.255002159,5.040693738e-6,-5.242358811,4.780165062,2,0,0.004,0.996,0,0
302,301,301,84.02879919,155.7427787,4.027328593,24.85184865,-1998090.081,2845967.698,299,299,2.6315047050000002,558.2705801,2.554711631,34.59416938,-1997301.518,2846042.844,1469.091752,26315.05069,2.631505069,2.631505069,0.03131670444,792.1356321,Retain,4.431159588,0.9675558137,-3.463603774,1.276637964,-0.4551639233,0.3307416793,-3.401385257,5.031519041,2,0,0.024,0.976,0,0
303,297,297,1.315767549,482.7161145,1.561983531,48.13128235,-1997931.438,2845599.291,311,311,0.8373053724,528.6195212,1.364520937,54.16854853,-1997922.544,2845622.094,442.6158589,8373.051243,0.8373051243,0.8373051243,0.6363624982,24.47630654,Retain,0.2744201825,-0.1775664335,-0.451986616,0.09084020541,-0.1351531026,0.1181658126,0.5584348503,3.632901276,1,0.108,0.688,0.09,0.112,0.002
305,306,306,1.016737246,572.713816,1.629060055,48.13178134,-1997925.677,2845328.463,328,328,0.5382717676,721.193594,1.492614751,49.70330166,-1997942.325,2845421.024,243.8025942,3588.478095,0.3588478095,0.3588478095,0.3529405565,94.04605764,Retain,0.01659872197,-0.6193917022,-0.6359904242,0.2305214654,-0.0874737467,0.0321280121,-0.6048534464,5.107860852,1,0.036,0.736,0.156,0.07,0.002
306,306,306,1.016737246,572.713816,1.629060055,48.13178134,-1997925.677,2845328.463,339,339,0.4186579673,812.2832278,1.482628125,49.70287345,-1997894.94,2845217.347,195.6710125,2392.329842,0.2392329842,0.2392329842,0.2352947973,115.2890362,Retain,0.01659872197,-0.8707009995,-0.8872997214,0.3494629386,-0.09418692212,0.032119397,-1.175717076,5.311516589,1,0.002,0.724,0.228,0.042,0.004
307,312,312,9.389907858,240.4784446,2.078748207,34.59459719,-1998259.406,2845161.942,344,344,1.435401995,376.5155353,1.272520364,48.1326703,-1998472.018,2845087.791,540.4511506,13755.93452,1.375593452,1.375593452,0.1464970129,225.1712286,Retain,2.23963548,0.3614449459,-1.878190535,0.4483288506,-0.4907664166,0.3302555133,-1.756712074,4.8694127719999996,2,0,0.03,0.97,0,0
308,312,312,9.389907858,240.4784446,2.078748207,34.59459719,-1998259.406,2845161.942,346,346,5.980832332,336.2618257,2.319815513,48.1326703,-1998165.366,2845176.491,1962.992807,55621.7357,5.56217357,5.56217357,0.5923565655,95.15906259,Retain,2.23963548,1.788559744,-0.4510757362,0.3352596415,0.1097217734,0.3302555133,0.3729525317,4.008107546,1,0.228,0.456,0.282,0.022,0.012
309,336,336,20.51455849,214.6867267,2.743035005,34.59455967,-1998198.49,2844657.728,352,352,0.7775132797,505.3454505,1.257005957,54.16997207,-1997892.247,2844986.435,392.9127986,7177.047526,0.7177047526,0.7177047526,0.03498514252,449.2581952,Retain,3.021134804,-0.2516545551,-3.272789359,0.8560623752,-0.7803323045,0.4484198538,-3.290073069,5.169397534,2,0,0.014,0.986,0,0
310,336,336,20.51455849,214.6867267,2.743035005,34.59455967,-1998198.49,2844657.728,362,362,1.973693665,446.9248796,1.771207626,34.59474812,-1998258.891,2844847.631,930.2266188,18540.75588,1.854075588,1.854075588,0.09037852746,199.2775188,Retain,3.021134804,0.6799067439,-2.341228061,0.7332106452,-0.437403385,5.44739489e-6,-2.299116782,4.356500979,2,0,0.046,0.954,0,0
311,336,336,20.51455849,214.6867267,2.743035005,34.59455967,-1998198.49,2844657.728,371,371,0.1196184543,1220.300449,1.190586441,49.70207507,-1997902.318,2844663.939,145.9704535,1196.184543,0.1196184543,0.1196184543,0.005830905614,296.2374327,Retain,3.021134804,-2.123448149,-5.144582954,1.737672497,-0.8346189803,0.3623414633,-4.981455409,4.752962187,2,0,0.006,0.994,0,0
312,336,336,20.51455849,214.6867267,2.743035005,34.59455967,-1998198.49,2844657.728,382,382,9.569517083,214.5353333,1.872142526,34.59474812,-1998270.052,2844495.172,2052.999537,95695.16551,9.569516551,9.569516551,0.4664744092,177.6104303,Retain,3.021134804,2.258582743,-0.7625520618,-7.05431856e-4,-0.3819814627,5.44739489e-6,-0.1340349999,4.241395729,2,0.006,0.144,0.832,0.014,0.004
313,342,342,13.21826481,199.7279035,2.048429565,380.5497396,-2000087.957,2843412.13,386,386,11.18468481,223.1304912,2.105066716,707.8336034,-2000083.637,2843416.652,2543.781629,108258.1886,10.82581886,10.82581886,0.8190045381,6.254305436,Retain,2.581599571,2.414545415,-0.1670541556,0.1108008049,0.02727372714,0.6205909373,1.505328123,1.114995131,0,0.69,0.178,0.044,0.068,0.02
314,349,349,19.08035033,142.8420388,1.760128117,24.84959512,-2000558.722,2842307.888,406,406,14.17571623,233.6759769,2.481884921,24.84886965,-2000525.665,2842224.427,2680.457613,126205.6533,12.62056533,12.62056533,0.6614430611,89.76925265,Retain,2.948659027,2.651530376,-0.2971286509,0.4921960458,0.3436317203,-2.919357427e-5,0.6682929616,3.595289088,0,0.49,0.212,0.24,0.034,0.024
316,357,357,0.1794416953,1090.4918950000001,1.303104342,0,-2000697.947,2841780.18,409,409,0.1196277194,1220.301255,1.190633335,34.59594785,-2000706.469,2841783.655,145.9818562,1196.277194,0.1196277194,0.1196277194,0.6666662348,9.203402569,Retain,-1.717904941,-2.123370697,-0.4054657559,0.1124688846,-0.09026399334,10.45152074,0.6916486093,3.650999323,3,0.238,0.36,0.026,0.368,0.008
317,359,359,1.256092876,429.0266632,1.356407642,0,-2000595.818,2841759.14,411,411,1.196279137,450.4779964,1.389904353,24.84886965,-2000592.881,2841759.557,538.8974286,11962.79129,1.196279129,1.196279129,0.9523811112,2.967058951,Retain,0.2280060111,0.1792160201,-0.04878999096,0.04879016432,0.02439516884,10.12060779,2.976002617,1.546270125,3,0.178,0.048,0.01,0.63,0.134
318,366,366,1.734667438,366.1767297,1.360485517,69.19331398,-2002224.251,2840383.67,420,420,1.1963218,490.7118567,1.514068862,99.39141292,-2002225.541,2840404.507,587.0491853,11963.21675,1.196321675,1.196321675,0.6896547716,20.87709655,Retain,0.5508157164,0.1792516826,-0.3715640338,0.2927410207,0.1069590038,0.3621570907,0.7967377364,3.335657682,0,0.608,0.21,0.086,0.088,0.008
319,367,367,0.8374265632,469.1949383,1.211216428,24.84784206,-2001981.465,2840361.706,421,421,0.8374265632,469.1949383,1.211216428,24.84784206,-2001981.465,2840361.706,392.9163047,8374.265632,0.8374265632,0.8374265632,1,0,Retain,-0.1774217049,-0.1774217049,0,0,0,0,6.908754779,-6.246679484,3,0.134,0.016,0,0.676,0.174
320,369,369,0.5383477903,545.2340537,1.128520644,48.14603902,-2002051.827,2840238.318,422,422,0.1196330798,1233.250458,1.203294676,48.14603902,-2002040.965,2840263.135,147.5375505,1196.330798,0.1196330798,0.1196330798,0.2222226635,27.09002709,Retain,-0.6192504774,-2.123325889,-1.504075411,0.8161934527,0.06415574709,0,-1.249555408,4.181192751,1,0.006,0.794,0.192,0.008,0
321,368,368,0.358897738,817.8522621,1.382150349,24.84784206,-2001860.911,2840302.791,423,423,0.358897738,817.8522621,1.382150349,24.84784206,-2001860.911,2840302.791,293.5253269,3588.97738,0.358897738,0.358897738,1,0,Retain,-1.024717783,-1.024717783,0,0,0,0,6.908754779,-5.823031444,3,0.2,0.018,0,0.604,0.178
322,109,109,1.076401245,452.9482342,1.325655673,48.11839599,-2001726.986,2849720.355,96,96,1.076401245,452.9482342,1.325655673,48.11839599,-2001726.986,2849720.355,487.5540433,10764.01245,1.076401245,1.076401245,1,0,Retain,0.07362329668,0.07362329668,0,0,0,0,6.908754779,-6.372201984,3,0.118,0.01,0.002,0.716,0.154
323,116,116,3.289011709,401.3056839,2.053066841,24.05922127,-2000110.644,2849750.281,105,105,3.289011709,401.3056839,2.053066841,24.05922127,-2000110.644,2849750.281,1319.899093,32890.11709,3.289011709,3.289011709,1,0,Retain,1.190587127,1.190587127,0,0,0,0,6.908754779,-6.9306839,3,0.136,0.032,0.01,0.7,0.122
324,372,372,0.3589032508,683.6929289,1.155433226,2307.815178,-1999043.182,2839911.938,424,424,0.3589032508,683.6929289,1.155433226,2307.815178,-1999043.182,2839911.938,245.3796147,3589.032508,0.3589032508,0.3589032508,1,0,Retain,-1.024702423,-1.024702423,0,0,0,0,6.908754779,-5.823039124,3,0.2,0.018,0,0.604,0.178
325,119,119,1.315609671,519.3145017,1.680308588,24.05943362,-2000304.767,2849616.901,108,108,1.435210592,441.4020468,1.491719703,24.05943362,-2000305.266,2849617.326,683.215181,13156.10035,1.315610035,1.315610035,1.000000277,0.6551678824,Retain,0.2743001866,0.3613115922,0.08701140565,-0.1625535451,-0.1190478423,0,6.909031882,0.01387624509,4,0.176,0.014,0.014,0.31,0.486
326,121,121,0.4186045038,701.1128082,1.279631485,259.4576603,-2001973.054,2849410.73,110,110,0.4186045038,701.1128082,1.279631485,259.4576603,-2001973.054,2849410.73,293.4889792,4186.045038,0.4186045038,0.4186045038,1,0,Retain,-0.8708287099,-0.8708287099,0,0,0,0,6.908754779,-5.899975981,3,0.186,0.016,0,0.602,0.196
327,122,122,3.229225163,288.0491528,1.460194924,49.70999738,-2001445.065,2849516.486,111,111,3.28902528,282.8119255,1.446859607,49.70999738,-2001444.805,2849518.199,930.1755725,32292.25163,3.229225163,3.229225163,1,1.732656079,Retain,1.172242221,1.190591253,0.01834903262,-0.01834903262,-0.009174516311,0,6.908754779,0.5364763517,3,0.148,0.016,0.002,0.572,0.262
328,128,128,1.913619793,409.813389,1.599223041,372.8252627,-2002471.768,2849373.14,115,115,1.674417295,468.358158,1.709641329,372.8255663,-2002471.306,2849371.124,784.227,16744.17332,1.674417332,1.674417332,0.875000007,2.067761654,Retain,0.6489966282,0.5154652212,-0.133531407,0.1335313907,0.06676568724,8.144372899e-7,1.939084247,0.9748168225,0,0.662,0.062,0.008,0.234,0.034
329,129,129,0.2990027944,820.6244473,1.265835125,49.70999738,-2001272.503,2849394.201,116,116,0.2392025685,817.964509,1.128528283,49.70999738,-2001279.791,2849391.325,195.6592115,2392.025762,0.2392025762,0.2392025762,0.8000011393,7.835009331,Retain,-1.20730236,-1.430444519,-0.2231421592,-0.003246623509,-0.1148177031,0,1.38256313,3.234745814,3,0.216,0.144,0.048,0.55,0.042
330,134,134,0.8372128842,522.9854659,1.349903239,24.85488504,-2000074.883,2849327.092,121,121,0.7176113936,543.0935663,1.297819779,24.85488504,-2000073.394,2849317.716,389.730131,7176.114015,0.7176114015,0.7176114015,0.8571432847,9.493746161,Retain,-0.1776768989,-0.331827091,-0.154150192,0.03772794494,-0.03934715109,0,1.785953312,2.911942002,3,0.238,0.068,0.028,0.59,0.076
331,146,146,18.11978486,237.9976012,2.857881166,24.85488504,-1999922.674,2849155.651,132,132,18.11978486,237.9976012,2.857881166,24.85488504,-1999922.674,2849155.651,4312.465332,181197.8486,18.11978486,18.11978486,1,0,Retain,2.897004427,2.897004427,0,0,0,0,6.908754779,-7.78389255,0,0.522,0.126,0.044,0.152,0.156
332,141,141,0.3588080768,679.4194292,1.148058809,48.12069018,-2001056.04,2849007.821,127,127,0.3588080768,679.4194292,1.148058809,368.3774947,-2001056.04,2849007.821,243.7811788,3588.080768,0.3588080768,0.3588080768,1,0,Retain,-1.024967638,-1.024967638,0,0,0,2.035377913,6.908754779,-5.822906517,3,0.208,0.022,0,0.59,0.18
333,147,147,1.554845407,408.4676839,1.436800195,34.59281057,-2000380.619,2848856.241,133,133,1.315637679,370.5919967,1.199110637,34.59281057,-2000375.896,2848851.821,487.5647945,13156.38286,1.315638286,1.315638286,0.8461537593,6.468304669,Retain,0.441376124,0.2743214754,-0.1670546486,-0.09731108398,-0.1808384083,0,1.699449583,2.218745514,3,0.244,0.072,0.184,0.46,0.04
334,152,152,0.4784169211,714.0518275,1.393246847,803.2958383,-2002877.447,2848475.485,138,138,0.4784169211,714.0518275,1.393246847,803.2958383,-2002877.447,2848475.485,341.6144768,4784.169211,0.4784169211,0.4784169211,1,0,Retain,-0.7372727068,-0.7372727068,0,0,0,0,6.908754779,-5.966753983,3,0.158,0.016,0.002,0.618,0.206
335,156,156,0.8372319314,526.77429,1.359698224,0,-1999914.54,2848543.435,146,146,0.6578256743,597.2854872,1.366571755,149.1252812,-1999940.791,2848544.264,343.201262,5382.209218,0.5382209218,0.5382209218,0.642857614,26.2645664,Retain,-0.1776541484,-0.4188153154,-0.2411611669,0.1256230375,0.005042454052,11.91254875,0.58654697200000006,3.929450836,3,0.232,0.242,0.018,0.496,0.012
336,162,162,12.25949527,212.1816813,2.095748913,34.59302714,-2000415.725,2848458.095,145,145,0.4784189689,720.6802342,1.406183101,0,-2000354.728,2848507.14,344.7870946,4784.189689,0.4784189689,0.4784189689,0.03902436098,78.26920347,Retain,2.506300761,-0.7372684264,-3.243569187,1.222752641,-0.399031953,-10.45143632,-3.179500834,3.67938155,2,0,0.072,0.928,0,0
337,162,162,12.25949527,212.1816813,2.095748913,34.59302714,-2000415.725,2848458.095,155,155,7.535112942,396.7284886,3.072085786,0,-2000432.063,2848429.82,2891.562554,70566.93218,7.056693218,7.056693218,0.5756104196,32.65583401,Retain,2.506300761,2.019573821,-0.4867269401,0.625809244,0.3824457739,-10.45143632,0.3041614469,2.805268707,2,0.194,0.332,0.42,0.016,0.038
338,169,169,49.2167712,112.9792794,2.23588997,681.4493273,-2006467.529,2848501.426,161,161,36.3593426,190.9493472,3.248039163,681.4493273,-2006469.575,2848568.037,7236.283685,354025.2052,35.40252052,35.40252052,0.7193182253,66.64254334,Retain,3.896234444,3.593451189,-0.3027832548,0.5248037613,0.3734121339,0,0.9389151188,2.823605889,2,0.344,0.178,0.426,0.024,0.028
339,10,10,0.4185764433,704.9615244,1.28661282,69.18307176,-2003889.854,2851564.553,10,10,0.1195933569,1233.682104,1.203515979,122.8583694,-2003860.391,2851576.769,147.5400907,1195.931165,0.1195931165,0.1195931165,0.2857139201,31.8955198,Retain,-0.8708957455,-2.123657983,-1.252762238,0.5596153307,-0.06676578825,0.5742697035,-0.9141976497,4.470309722,1,0.014,0.728,0.224,0.034,0
340,20,20,2.870252381,290.5414221,1.388555263,49.71327206,-2004261.42,2851388.895,17,17,2.810454869,296.7232166,1.403249526,55.22805316,-2004263.121,2851389.951,833.9272088,28104.54985,2.810454985,2.810454985,0.9791665022,2.002524989,Retain,1.054399964,1.033346345,-0.02105361849,0.02105361849,0.01052680925,0.1051970841,3.80427707,0.7400730846,3,0.136,0.04,0.006,0.72,0.098
341,24,24,1.375328852,392.9583595,1.300004564,24.85661368,-2003739.377,2851386.425,18,18,1.195938234,411.6713361,1.26998933,24.85661368,-2003740.273,2851392.813,492.3334907,11959.38226,1.195938226,1.195938226,0.8695652859,6.450910138,Retain,0.3186928675,0.1789310105,-0.139761857,0.0465216522,-0.0233592763,0,1.890632497,2.277394742,3,0.316,0.044,0.02,0.548,0.072
342,26,26,0.3587822799,817.989828,1.382160457,48.11371142,-2004601.354,2851284.275,23,23,0.3587822799,817.989828,1.382160457,48.11371142,-2004601.354,2851284.275,293.4802555,3587.822799,0.3587822799,0.3587822799,1,0,Retain,-1.025039537,-1.025039537,0,0,0,0,6.908754779,-5.822870568,3,0.2,0.018,0,0.604,0.178
343,27,27,1.255735486,504.4644374,1.594684259,49.71327206,-2004042.624,2851394.072,24,24,1.195938361,529.6877465,1.634065243,55.22805316,-2004040.644,2851396.495,633.4738953,11959.38585,1.195938585,1.195938585,0.9523809745,3.12866312,Retain,0.2277214452,0.1789311164,-0.04879032884,0.04879032884,0.02439516442,0.1051970841,2.975999662,1.59942959,3,0.154,0.034,0.002,0.674,0.136
344,31,31,0.2989861045,820.6636193,1.265860218,48.11371142,-2004649.421,2851179.149,27,27,0.2989861045,820.6636193,1.265860218,48.11371142,-2004649.421,2851179.149,245.3670187,2989.861045,0.2989861045,0.2989861045,1,0,Retain,-1.20735818,-1.20735818,0,0,0,0,6.908754779,-5.731711246,3,0.216,0.016,0,0.598,0.17
345,42,42,3.767240829,389.0935824,2.130398403,49.71308644,-2004824.832,2851020.297,37,37,3.587847679,408.5482853,2.18300866,49.71308644,-2004824.406,2851026.925,1465.809017,35878.47555,3.587847555,3.587847555,0.9523807259,6.641498617,Retain,1.326342858,1.27755249,-0.04879036743,0.04879022254,0.02439503883,0,2.975994287,1.802681704,3,0.24,0.062,0.016,0.588,0.094
346,50,50,1.734139065,393.9676226,1.463516289,108.3126119,-2004354.575,2850823.622,43,43,1.734139065,393.9676226,1.463516289,108.3126119,-2004354.575,2850823.622,683.1946448,17341.39065,1.734139065,1.734139065,1,0,Retain,0.5505110741,0.5505110741,0,0,0,0,6.908754779,-6.610645873,3,0.104,0.018,0,0.742,0.136
347,52,52,9.208844173,196.0952377,1.678667479,24.05697926,-2003563.76,2850982.607,45,45,9.089248077,198.6754539,1.689675319,24.05697926,-2003563.288,2850984.878,1805.810487,90892.48077,9.089248077,9.089248077,0.9870129092,2.319631853,Retain,2.220164345,2.207092185,-0.01307216044,0.01307216044,0.006536080218,0,4.257560943,0.3041222693,3,0.3,0.102,0.026,0.388,0.184
348,65,65,21.10869673,192.8978358,2.500075553,69.18361657,-2005300.197,2850691.766,57,57,21.10869673,192.8978358,2.500075553,69.18361657,-2005300.197,2850691.766,4071.821916,211086.9673,21.10869673,21.10869673,1,0,Retain,3.049685123,3.049685123,0,0,0,0,6.908754779,-7.860232897,0,0.52,0.134,0.054,0.14,0.152
349,59,59,0.7175778642,545.3217914,1.30311408,110.4550539,-2003922.935,2850672.799,50,50,0.7175778642,545.3217914,1.30311408,110.4550539,-2003922.935,2850672.799,391.3108464,7175.778642,0.7175778642,0.7175778642,1,0,Retain,-0.3318738157,-0.3318738157,0,0,0,0,6.908754779,-6.169453428,3,0.146,0.016,0,0.654,0.184
350,66,66,0.3587900786,679.4262721,1.148041578,110.4550539,-2004095.074,2850573.392,55,55,0.2391932204,817.981323,1.128529428,110.4550539,-2004095.842,2850585.396,195.6555868,2391.932204,0.2391932204,0.2391932204,0.6666662058,12.02895468,Retain,-1.025017801,-1.4304836,-0.4054657995,0.1855907794,-0.01714212038,0,0.6916484788,3.572273606,1,0.292,0.452,0.016,0.238,0.002
351,68,68,2.272335326,366.9930921,1.56059125,69.18385201,-2004479.579,2850579.869,59,59,2.451730491,380.0414937,1.678658866,69.18392601,-2004470.807,2850573.452,833.9313675,22723.35225,2.272335225,2.272335225,0.9999999557,10.86825372,Retain,0.8208080806,0.8967940982,0.07598601756,0.03493741569,0.07293042447,1.069530562e-6,6.908710413,2.547898946,4,0.102,0.004,0.002,0.288,0.604
352,70,70,0.4783882756,613.4849192,1.196986419,24.8559662,-2004594.526,2850448.011,61,61,0.2391942482,817.979497,1.128529334,49.7120322,-2004585.801,2850457.609,195.6558846,2391.939922,0.2391939922,0.2391939922,0.4999996957,12.97203037,Retain,-0.7373325841,-1.430479303,-0.6931467191,0.2876815892,-0.05889177035,0.6931290727,-1.214965059e-6,3.50390385,1,0.092,0.824,0.06,0.024,0
353,75,75,3.647714031,281.8179484,1.518357744,24.8559662,-2004795.26,2850396.974,66,66,3.288922367,297.9320312,1.52418989,49.7120322,-2004795.728,2850394.422,979.8754148,32889.22747,3.288922747,3.288922747,0.9016394155,2.594504882,Retain,1.294100679,1.190559963,-0.1035407155,0.05560408807,0.003833730308,0.6931290727,2.206567655,0.8790956607,3,0.426,0.062,0.016,0.432,0.064
354,77,77,0.5381905579,733.0171893,1.51697095,156.7047217,-2004370.675,2850274.502,68,68,0.5381905579,733.0171893,1.51697095,156.7047217,-2004370.675,2850274.502,394.50293,5381.905579,0.5381905579,0.5381905579,1,0,Retain,-0.6195425847,-0.6195425847,0,0,0,0,6.908754779,-6.025619044,3,0.144,0.016,0.004,0.628,0.208
355,79,79,1.076377972,455.9144243,1.334322475,102.292426,-2003674.316,2850333.795,70,70,1.076377972,455.9144243,1.334322475,102.292426,-2003674.316,2850333.795,490.7362433,10763.77972,1.076377972,1.076377972,1,0,Retain,0.07360167495,0.07360167495,0,0,0,0,6.908754779,-6.372191174,3,0.118,0.01,0.002,0.716,0.154
357,107,107,41.26146355,138.9900797,2.518553532,74.56734536,-2005923.559,2849944.859,95,95,38.6302812,161.16042530000001,2.825643759,24.85561814,-2005891.107,2849963.525,5635.513021,370755.1239,37.07551239,37.07551239,0.8985505894,37.43773891,Retain,3.719928978,3.654036456,-0.06589252243,0.1479977376,0.1150514763,-1.098592052,2.172526172,2.335106422,0,0.496,0.188,0.264,0.022,0.03
358,84,84,2.571358606,362.3617019,1.639149943,143.7166298,-2004008.769,2850188.711,74,74,2.571358606,362.3617019,1.639149943,143.7166298,-2004008.769,2850188.711,931.761881,25713.58606,2.571358606,2.571358606,1,0,Retain,0.9444343999,0.9444343999,0,0,0,0,6.908754779,-6.807607536,3,0.11,0.022,0.002,0.744,0.122
359,107,107,41.26146355,138.9900797,2.518553532,74.56734536,-2005923.559,2849944.859,76,76,0.4783932209,817.9749042,1.595980409,24.85561814,-2005639.647,2849995.374,391.3135428,4783.930891,0.4783930891,0.4783930891,0.01159418615,288.3710177,Retain,3.719928978,-0.7373222469,-4.457251225,1.772429095,-0.4561965178,-1.098592052,-4.363869284,4.376651829,2,0,0.036,0.964,0,0
