OBJECTID,FID_RasterT_Majori12_Project,ID_2015,AREA_2015,ED_2015,SHAPE_2015,ENN_2015,POINT_X_2015,POINT_Y_2015,FID_Vungtau_2020_vect,ID_2020,AREA_2020,ED_2020,SHAPE_2020,ENN_2020,POINT_X_2020,POINT_Y_2020,Shape_Length,Shape_Area,OVERLAP_15_20,MAX_OVERLAP_15_20,RETENTION_15_20,CENTROID_15_20,EVENT TYPE,log_area_parent,log_area_child,log_change_area,log_change_ED,log_change_shape_index,log_change_ENN,logit_retention_ratio,log_centroid_shift,Predicted_Typology,Prob_0,Prob_1,Prob_2,Prob_3,Prob_4
1,200,200,0.3588250681,683.8192415,1.155520814,48.1256613,-1990871.563,2848053.612,180,180,0.1735385164,1018.446717,1.196826841,41.65795438,-1990852.196,2848050.89,154.2085683,1402.662906,0.1402662906,0.1402662906,0.3909043795,19.55724594,Retain,-1.024920285,-1.751355708,-0.726435423,0.398340303,0.03512259156,-0.1443199758,-0.4425978195,4.05822207,1,0.096,0.736,0.036,0.132,0
2,209,209,0.8372607553,586.1296157,1.512930929,49.70664292,-1990711.295,2847994.911,184,184,0.95446184,617.2404344,1.701095599,41.65795438,-1990724.997,2847994.655,445.713911,6268.219797,0.6268219797,0.6268219797,0.7486580205,13.70462021,Retain,-0.1776197214,-0.04660761568,0.1310121058,0.05171767856,0.1172237314,-0.1766423657,1.088831901,3.278980787,3,0.062,0.006,0,0.572,0.36
3,235,235,0.2990246919,815.2929135,1.257657141,24.85305135,-1990436.244,2847630.396,207,207,0.4338462909,678.9644779,1.261566261,0,-1990436.857,2847632.606,240.4222784,2541.511325,0.2541511325,0.2541511325,0.8499335988,2.293650619,Retain,-1.207229127,-0.8350649761,0.3721641514,-0.1829786409,0.003103434818,-10.12077605,1.728614615,2.006560103,4,0.094,0,0,0.128,0.778
4,236,236,4.365741757,391.9794858,2.310401342,24.85305135,-1990319.769,2847782.668,208,208,3.470770327,441.3269106,2.319361351,0,-1990325.659,2847782.099,1582.531133,30899.28897,3.089928897,3.089928897,0.7077672179,5.917325244,Retain,1.473788108,1.244376566,-0.229411542,0.1185763885,0.003870617496,-10.12077605,0.8825603761,1.6135244,0,0.686,0.046,0.14,0.116,0.012
5,289,289,1.674582943,437.702503,1.597818443,120.3228412,-1990390.52,2846712.37,273,273,1.388308131,509.2233584,1.692568751,121.452764,-1990391.936,2846721.66,694.0152366,12219.34317,1.221934317,1.221934317,0.7296947111,9.397386377,Retain,0.5155641452,0.3280858338,-0.1874783115,0.1513472756,0.0576081199,0.009346862765,0.9907510265,2.555120883,0,0.768,0.056,0.01,0.158,0.008
6,293,293,35.22595759,216.7658184,3.629253228,24.06525668,-1989568.048,2846855.25,284,284,31.06339443,221.896212,3.488746486,29.45662204,-1989596.175,2846855.758,7302.200637,284986.3522,28.49863522,28.49863522,0.8090237194,28.1318379,Retain,3.561783242,3.436030098,-0.1257531443,0.02339216608,-0.03948440607,0.2021419676,1.439691704,2.128410824,0,0.54,0.074,0.332,0.028,0.026
7,300,300,2.033442101,408.5720024,1.643537344,55.22340355,-1990443.696,2846369.525,292,292,1.995692938,354.2423363,1.411699925,65.86700926,-1990448.128,2846374.424,696.0814514,17060.44161,1.706044161,1.706044161,0.8389932326,6.606139198,Retain,0.7097299732,0.6909913275,-0.01873864575,-0.1426869146,-0.1520562375,0.176247931,1.645755727,2.105650717,3,0.136,0.022,0.078,0.698,0.066
8,301,301,0.7774938975,503.3339902,1.251987007,74.55587169,-1989881.383,2846338.705,293,293,0.3470770327,848.7055973,1.410473959,88.36986611,-1989872.763,2846342.406,286.5404088,3265.618996,0.3265618996,0.3265618996,0.4200186016,9.380517614,Retain,-0.2516794838,-1.058208527,-0.8065290434,0.5224584158,0.1191938941,0.1699801339,-0.3220417227,2.936946227,1,0.1,0.798,0.088,0.014,0
9,305,305,5.143409086,313.699396,2.006939517,34.59430265,-1989691.438,2846443.261,296,296,4.859078458,303.1091419,1.88482511,41.65795439,-1989692.341,2846456.025,1497.335961,41404.85586,4.140485586,4.140485586,0.8050080242,12.79498631,Retain,1.637716106,1.580848802,-0.05686730358,-0.03434224502,-0.06277589681,0.1857984256,1.41401998,2.302638442,0,0.526,0.014,0.034,0.364,0.062
10,304,304,2.332482715,420.7935134,1.812897798,24.06525668,-1990166.864,2846299.54,299,299,2.169231455,434.5372658,1.805406667,29.45662204,-1990187.065,2846295.276,923.8668261,18100.61869,1.810061869,1.810061869,0.776023701,20.64628103,Retain,0.846933243,0.7743729364,-0.07256030663,0.03213946173,-0.004140691587,0.2021419676,1.239475794,3.176481963,3,0.238,0.008,0.016,0.722,0.016
11,314,314,7.89458287,217.369595,1.722893601,24.85179669,-1989170.375,2846259.558,294,294,0.3470770328,678.9644778,1.128379167,29.45662203,-1989379.365,2846327.678,225.8385046,2777.923107,0.2777923107,0.2777923107,0.0351877123,219.8109008,Retain,2.066176812,-1.058208527,-3.124385339,1.1389697030000001,-0.4232229661,0.1699824003,-3.284249874,4.932048721,2,0,0.064,0.936,0,0
12,314,314,7.89458287,217.369595,1.722893601,24.85179669,-1989170.375,2846259.558,303,303,6.768002138,200.2074742,1.469283489,29.45662203,-1989161.084,2846265.743,1385.988219,63010.14616,6.301014616,6.301014616,0.7981440843,11.16234932,Retain,2.066176812,1.912205938,-0.1539708733,-0.08224490741,-0.1592303441,0.1699824003,1.371045308,1.951912568,0,0.402,0.04,0.336,0.136,0.086
13,313,313,2.691338474,291.9828144,1.351252524,24.85179669,-1989463.327,2846175.242,308,308,2.256000713,365.5962573,1.549053529,29.45662203,-1989453.006,2846173.597,799.8586367,21026.12562,2.102612562,2.102612562,0.7812516273,10.45061417,Retain,0.9900386437,0.8135936496,-0.1764449941,0.2248346567,0.1366121597,0.1699824003,1.269693331,2.424102054,0,0.814,0.02,0.03,0.124,0.012
14,320,320,2.153080286,410.4164746,1.698830172,48.13198498,-1989793.551,2846024.98,316,316,1.475077389,399.3908693,1.368360733,41.65795439,-1989829.011,2846013.185,570.2778937,13111.4553,1.31114553,1.31114553,0.6089626748,37.37024541,Retain,0.7668995081,0.3887104556,-0.3781890525,-0.02723187603,-0.2163264023,-0.1444513637,0.442040714,3.809816758,2,0.07,0.314,0.472,0.136,0.008
15,331,331,0.1196160126,1233.433751,1.203387668,120.3300154,-1988929.164,2845898.368,319,319,2.082462196,367.7724255,1.497141314,29.45662204,-1988991.519,2845894.42,140.2255965,1106.998916,0.1106998916,0.1106998916,0.9254604726,62.48029834,Retain,-2.123468562,0.7335509419,2.857019504,-1.210092888,0.2184168633,-1.407293717,2.506715321,5.768966509,4,0,0,0.024,0.02,0.956
16,381,381,26.97376475,179.2784128,2.626599452,0,-1990344.59,2845409.807,318,318,2.603077745,362.1143882,1.648103262,58.91324407,-1990482.024,2845898.593,773.2842014,12661.96204,1.266196204,1.266196204,0.04694176788,507.7401166,Retain,3.294864718,0.9566944932,-2.338170224,0.7030201751,-0.4660649371,10.98383818,-2.990737604,5.154904289,2,0,0.048,0.952,0,0
17,381,381,26.97376475,179.2784128,2.626599452,0,-1990344.59,2845409.807,331,331,1.648615905,393.0846977,1.423773641,0,-1990301.047,2845702.112,472.8859804,5142.114251,0.5142114251,0.5142114251,0.01906339104,295.5307499,Retain,3.294864718,0.4999360907,-2.794928627,0.7850851282,-0.6123791853,0,-3.89062994,4.61370886,2,0,0.006,0.994,0,0
18,381,381,26.97376475,179.2784128,2.626599452,0,-1990344.59,2845409.807,334,334,0.1735385163,1018.446717,1.196826841,0,-1990263.063,2845605.991,99.01177529,469.1050178,0.04691050178,0.04691050178,0.001739115849,212.4492396,Retain,3.294864718,-1.751355708,-5.046220426,1.737093943,-0.7860162701,0,-5.899380704,4.283640379,2,0,0,1,0,0
19,381,381,26.97376475,179.2784128,2.626599452,0,-1990344.59,2845409.807,342,342,0.6941540654,594.0939181,1.396297981,117.8264882,-1990583.404,2845617.037,88.68739343,159.3096911,0.01593096911,0.01593096911,5.906097743e-4,316.190345,Retain,3.294864718,-0.3650613468,-3.659926064,1.198097442,-0.6318655902,11.67697687,-6.444047137,4.681280137,2,0,0.002,0.998,0,0
20,348,348,0.2392345262,1025.664127,1.415181566,74.55392315,-1988853.91,2845595.684,341,341,0.3470770327,848.7055973,1.410473959,58.91324407,-1988871.238,2845583.898,217.2012444,1083.240993,0.1083240993,0.1083240993,0.4527945904,20.95657929,Retain,-1.430310927,-1.058208527,0.3721023996,-0.1893832486,-0.003332048809,-0.235453181,-0.1890054002,4.330020768,3,0,0.004,0,0.578,0.418
21,345,345,7.595631867,277.447619,2.157039133,0,-1989548.845,2845814.758,352,352,26.46462375,193.6718347,2.810569937,41.65795439,-1989554.607,2845722.175,2091.957694,72984.81706,7.298481706,7.298481706,0.9608788094,92.76217791,Retain,2.027573328,3.275808888,1.24823556,-0.3594670022,0.264650778,10.63727162,3.176983827,4.08862805,4,0.03,0,0.01,0.004,0.956
22,381,381,26.97376475,179.2784128,2.626599452,0,-1990344.59,2845409.807,361,361,2.082462196,509.2233584,2.072964897,117.8264881,-1990158.738,2845294.241,1061.273974,18247.26943,1.824726943,1.824726943,0.06764821151,218.8527015,Retain,3.294864718,0.7335509419,-2.561313776,1.043946762,-0.2367101257,11.67697687,-2.609787101,4.313336061,2,0.004,0.04,0.956,0,0
31,369,369,2.332547678,458.6925823,1.976205255,24.06669026,-1988597.735,2845440.21,356,356,4.685539942,314.3354064,1.919411942,58.91324407,-1988650.586,2845431.433,971.4526716,17919.79148,1.791979148,1.791979148,0.7682497405,53.57483951,Retain,0.8469610942,1.544481158,0.6975200639,-0.3779196412,-0.0291596092,0.8952126083,1.195449646,4.129982607,4,0.03,0,0.004,0.036,0.93
32,381,381,26.97376475,179.2784128,2.626599452,0,-1990344.59,2845409.807,380,380,1.301538873,588.4358808,1.893750613,88.36986611,-1990279.755,2844989.365,511.0967772,5634.131836,0.5634131836,0.5634131836,0.02088745078,425.4111685,Retain,3.294864718,0.26354731260000003,-3.031317405,1.188527991,-0.3271307115,11.38929763,-3.801753962,4.977991091,2,0,0.07,0.93,0,0
33,381,381,26.97376475,179.2784128,2.626599452,0,-1990344.59,2845409.807,384,384,3.644308843,436.4771643,2.350521254,93.15001781,-1990542.2,2845140.997,652.9017261,6006.068875,0.6006068875,0.6006068875,0.0222663352,333.6292341,Retain,3.294864718,1.29316673,-2.001697988,0.8897960823,-0.1110529116,11.4419773,-3.739252083,4.73496588,2,0.004,0.034,0.96,0.002,0
36,384,384,2.392397984,450.4982857,1.965644269,24.06757108,-1990418.568,2844727.575,390,390,0.433846291,678.9644778,1.261566261,29.45662203,-1990324.922,2844787.096,295.5298748,3571.213762,0.3571213762,0.3571213762,0.1492733979,110.9608864,Retain,0.8722962036,-0.8350649759,-1.70736118,0.410214539,-0.4434660508,0.2020458044,-1.734809298,4.845403618,2,0,0.234,0.766,0,0
37,384,384,2.392397984,450.4982857,1.965644269,24.06757108,-1990418.568,2844727.575,394,394,1.301538873,497.9072838,1.602404365,29.45662203,-1990452.568,2844698.727,643.4632529,11847.37286,1.184737286,1.184737286,0.495209114,44.58925889,Retain,0.8722962036,0.26354731260000003,-0.608748891,0.1000596108,-0.2043148347,0.2020458044,-0.01912587661,3.933732266,1,0.068,0.594,0.306,0.032,0
38,184,184,2.451939756,438.8970165,1.938708857,24.85371521,-1991839.106,2848425.201,168,168,2.516308487,351.188523,1.571510633,150.1998906,-1991844.071,2848429.763,897.4454916,20126.78758,2.012678758,2.012678758,0.8208516351,6.743086308,Retain,0.8968794483,0.9227929415,0.02591349328,-0.2229416172,-0.2099848706,1.798926187,1.517779126,2.032591237,3,0.178,0.024,0.042,0.598,0.158
39,383,383,5.681924188,232.3176853,1.56215836,0,-1989950.397,2844889.939,392,392,5.379694007,306.629119,2.006260165,88.36986611,-1989952.343,2844860.073,1590.586232,44452.01427,4.445201427,4.445201427,0.7823408549,29.92919648,Retain,1.737289941,1.682631497,-0.05465844424,0.2775331678,0.2502039457,11.38929763,1.276053818,3.102587859,0,0.658,0.062,0.054,0.14,0.086
40,214,214,1.315693535,518.1030704,1.676442276,48.12613347,-1991531.31,2847943.71,191,191,1.475077389,439.3299562,1.505196806,58.91324407,-1991537.495,2847953.857,630.8338133,11710.33513,1.171033513,1.171033513,0.8900503664,11.88329558,Retain,0.2743639294,0.3887104556,0.1143465263,-0.1649234606,-0.1077501974,0.2022367729,2.083324607,2.910400808,4,0.202,0.01,0.02,0.27,0.498
41,220,220,0.6578512874,594.8624425,1.3610543960000001,48.12613347,-1991540.583,2847751.323,196,196,0.7809233236,528.0834828,1.316442362,58.91324407,-1991541.153,2847743.232,367.8821483,5849.033528,0.5849033528,0.5849033528,0.889111816,8.11110092,Retain,-0.4187763802,-0.2472783111,0.1714980691,-0.1190758073,-0.03332677278,0.2022367729,2.073847076,2.875110021,4,0.076,0.004,0.01,0.42,0.49
42,224,224,1.435311199,375.4377297,1.268837541,49.70627633,-1991713.781,2847721.767,198,198,1.648615905,321.6147527,1.164905706,58.91324407,-1991718.065,2847714.465,493.2613601,12960.50695,1.296050695,1.296050695,0.9029753942,8.466438792,Retain,0.3613816888,0.4999360907,0.1385544019,-0.1547382155,-0.0854610145,0.1699315689,2.221583615,2.527902176,4,0.186,0.002,0.004,0.228,0.58
43,227,227,0.478438081,613.4511799,1.196982894,72.19022111,-1991268.167,2847681.79,199,199,0.3470770327,678.9644779,1.128379167,88.36986611,-1991264.589,2847682.682,234.9225291,3323.300311,0.3323300311,0.3323300311,0.6946145055,3.687910149,Retain,-0.7372284787,-1.058208527,-0.3209800487,0.1014681262,-0.05902189812,0.2022238992,0.8199515404,2.246310244,0,0.402,0.242,0.022,0.322,0.012
44,237,237,0.4784391553,814.6332013,1.589536598,78.34597602,-1991016.748,2847595.3,205,205,0.1735385164,1018.446717,1.196826841,147.2831102,-1990984.751,2847623.769,154.4974557,1076.700589,0.1076700589,0.1076700589,0.2250444131,42.82844775,Retain,-0.7372262333,-1.751355708,-1.014129475,0.2232959668,-0.2837687706,0.6312160716,-1.233363787,4.698203957,1,0.006,0.692,0.276,0.026,0
45,254,254,1.973578821,371.3867712,1.471799788,0,-1991601.87,2847267.374,236,236,1.822154422,420.3113434,1.600511388,83.31590877,-1991601.937,2847273.796,729.8410466,16815.73714,1.681573714,1.681573714,0.8520428452,6.422377298,Retain,0.679848555,0.6000195493,-0.07982900574,0.1237517009,0.083837198,11.33040679,1.745151062,2.092384704,0,0.596,0.042,0.01,0.314,0.038
46,262,262,15.01116938,183.0116979,2.00023573,24.06401006,-1991121.434,2847311.532,239,239,15.27138944,177.4566249,1.956259939,0,-1991124.167,2847308.952,2646.026595,141004.8193,14.10048193,14.10048193,0.9393326779,3.75912163,Retain,2.708794549,2.725981107,0.0171865575,-0.0308238613,-0.02223058255,-10.0885142,2.724479561,0.5424189737,4,0.316,0.052,0.072,0.148,0.412
47,268,268,1.31572667,519.3004967,1.680337985,24.06401006,-1991353.651,2847090.259,245,245,1.301538873,497.9072837,1.602404365,0,-1991348.049,2847088.641,638.8087649,10852.19714,1.085219714,1.085219714,0.8248063513,5.831191765,Retain,0.2743891136,0.2635473127,-0.01084180098,-0.04206882478,-0.04748972527,-10.0885142,1.544776638,2.198563262,3,0.178,0.002,0.054,0.682,0.084
48,285,285,2.33245401,400.163098,1.724005509,96.2594845,-1991765.354,2846665.338,272,272,0.8676925818,543.1715823,1.427299293,58.91324408,-1991768.297,2846692.94,470.5646512,7582.096784,0.7582096784,0.7582096784,0.3250695084,27.75813058,Retain,0.8469209366,-0.1419177955,-0.9888387321,0.3055530504,-0.1888663157,-0.4909750007,-0.7289796731,3.47246929,2,0.036,0.248,0.714,0.002,0
49,285,285,2.33245401,400.163098,1.724005509,96.2594845,-1991765.354,2846665.338,275,275,0.1735385163,1018.446717,1.196826841,58.91324408,-1991897.906,2846622.244,148.6407998,1327.121363,0.1327121363,0.1327121363,0.05689807204,139.3807788,Retain,0.8469209366,-1.751355708,-2.598276645,0.9341617099,-0.3649766124,-0.4909750007,-2.791550049,5.086121253,2,0,0.124,0.876,0,0
50,104,104,0.5382021804,825.3589024,1.708089545,209.304779,-1992286.99,2850164.283,95,95,0.6073848073,678.9644778,1.49270533,300.3997811,-1992268.218,2850163.351,373.3696707,4465.453852,0.4465453852,0.4465453852,0.8296982091,18.79586163,Retain,-0.6195209894,-0.4985927393,0.12092825,-0.1952495142,-0.1347853892,0.3613212802,1.578839703,3.815815359,3,0.128,0.01,0.022,0.526,0.314
51,117,117,1.016613027,578.9504754,1.646699365,49.70972615,-1993535.187,2849854.797,113,113,1.041231098,509.2233584,1.465807536,29.45662204,-1993540.113,2849850.199,505.1070284,8423.606083,0.8423606083,0.8423606083,0.828595135,6.73825134,Retain,0.01647654028,0.04040376132,0.02392722104,-0.1283302009,-0.1163665903,-0.5232680381,1.571092215,2.472075514,3,0.2,0.03,0.044,0.616,0.11
52,119,119,4.485057706,328.6033559,1.963139131,292.9656789,-1992680.94,2849896.42,115,115,4.7723092,308.6202172,1.901882698,300.3997811,-1992670.205,2849882.557,1429.64784,39806.76466,3.980676466,3.980676466,0.8875418618,17.53411266,Retain,1.500751362,1.562830297,0.062078935,-0.06273996791,-0.03170050041,0.02505864168,2.058147819,2.686194571,4,0.134,0.006,0.006,0.162,0.692
53,126,126,7.89371728,303.3357622,2.40413841,49.70972615,-1993880.051,2849755.208,129,129,7.809233236,331.9381892,2.61671537,29.45662204,-1993883.937,2849733.845,2445.84515,63687.4403,6.36874403,6.36874403,0.8068117724,21.71296175,Retain,2.066067162,2.055306782,-0.01076038023,0.09010845626,0.08472826614,-0.5232680381,1.425501142,2.617286814,3,0.28,0.1,0.03,0.494,0.096
54,143,143,0.9568354716,459.26992,1.26730662,192.4910502,-1991992.366,2849107.999,143,143,0.8676925818,475.2751345,1.248886881,206.1963543,-1992001.004,2849117.22,373.8345856,6908.634306,0.6908634306,0.6908634306,0.7220294931,12.63508808,Retain,-0.0441238233,-0.1419177955,-0.09779397223,0.03425576869,-0.01464121744,0.06877888555,0.9523439479,3.130983708,3,0.072,0.02,0.01,0.892,0.006
55,165,165,2.691127731,309.2969496,1.431323694,162.4884291,-1992053.662,2848749.715,156,156,2.776616262,297.0469591,1.396297981,150.1998906,-1992047.03,2848756.008,787.3235208,24681.16075,2.468116075,2.468116075,0.91713078,9.142365153,Retain,0.9899603365,1.021233014,0.03127267784,-0.04041157985,-0.02477524093,-0.07863927957,2.393081162,2.290413271,3,0.162,0.014,0.002,0.602,0.22
56,174,174,0.5980323389,571.2380124,1.246161995,397.6394784,-1994503.207,2848377.071,167,167,0.3470770328,678.9644778,1.128379167,396.2983186,-1994504.817,2848360.185,236.3142427,3159.919042,0.3159919042,0.3159919042,0.5283859812,16.96252266,Retain,-0.5141104481,-1.058208527,-0.5440980792,0.1727628536,-0.09928618597,-0.003378495691,0.1134387814,3.66048548,1,0.112,0.822,0.022,0.044,0
57,175,175,2.810746726,295.5712053,1.397874065,590.2188937,-1993342.315,2848511.264,163,163,2.776616262,297.046959,1.396297981,584.6972526,-1993342.201,2848512.991,790.107303,24767.88078,2.476788078,2.476788078,0.8811850796,1.730411317,Retain,1.033450187,1.021233014,-0.0122171726,0.004980464372,-0.001128121931,-0.009399261922,1.996453653,0.6045767157,3,0.116,0.014,0.006,0.766,0.098
58,204,204,2.152946799,408.9696224,1.692788764,590.2188937,-1992727.752,2847991.137,183,183,1.301538873,452.6429852,1.456731241,0,-1992742.329,2848019.47,614.2934877,12115.80289,1.211580289,1.211580289,0.5627544024,31.86286394,Retain,0.7668375079,0.2635473127,-0.5032901952,0.1014628222,-0.1501822754,-13.28825045,0.2518392217,3.650418765,2,0.094,0.256,0.588,0.048,0.014
59,204,204,2.152946799,408.9696224,1.692788764,590.2188937,-1992727.752,2847991.137,188,188,0.3470770327,848.7055973,1.410473959,0,-1992663.778,2847918.335,290.0862178,3082.508404,0.3082508404,0.3082508404,0.143176246,96.91598762,Retain,0.7668375079,-1.058208527,-1.825046035,0.7300714817,-0.182451536,-13.28825045,-1.783362182,4.762801003,2,0,0.148,0.852,0,0
60,250,250,3.289288319,356.9157262,1.826046041,55.22434293,-1994329.065,2847206.912,241,241,3.81784736,293.1892063,1.616040819,29.45662204,-1994321.383,2847202.673,1185.995046,31086.18843,3.108618843,3.108618843,0.945073384,8.774148283,Retain,1.190671225,1.339686745,0.1490155204,-0.196681537,-0.1221737767,-0.6284692695,2.828279736,2.148952998,4,0.22,0.004,0.044,0.112,0.62
61,258,258,15.54936574,188.6518709,2.098517156,55.22434293,-1993862.36,2847237.618,248,248,15.61846647,192.3732687,2.144662644,29.45662204,-1993862.172,2847226.432,2941.496922,143514.4988,14.35144988,14.35144988,0.9229604681,11.18766733,Retain,2.744019849,2.748453962,0.004434113296,0.01953422872,0.02175128537,-0.6284692695,2.471453769,1.615256439,0,0.412,0.118,0.078,0.204,0.188
62,269,269,0.5382534107,545.2842894,1.128525686,78.34494664,-1992764.54,2846884.324,254,254,0.5206155491,565.8037315,1.151647165,93.15001781,-1992766.876,2846872.625,255.5545779,4053.49327,0.405349327,0.405349327,0.753082691,11.92978702,Retain,-0.6194258061,-0.6527434192,-0.03331761311,0.03693996343,0.02028115688,0.1730877901,1.112406772,3.36120005,3,0.042,0.012,0.002,0.898,0.046
63,272,272,0.1196124425,1220.2983610000001,1.190554485,218.0029923,-1992411.958,2846822.364,257,257,1.735385164,475.2751345,1.766192765,176.7397322,-1992444.326,2846846.114,145.9628676,1196.124425,0.1196124425,0.1196124425,1,40.14691196,Retain,-2.123498409,0.5512293851,2.674727794,-0.9429567996,0.3944070973,-0.2098295071,6.908754779,5.32668458,4,0,0,0.018,0.024,0.958
64,284,284,0.478451828,817.9226417,1.595976189,88.74230241,-1992928.542,2846575.485,276,276,0.4338462909,814.7573734,1.513879513,83.31590877,-1992952.453,2846572.168,306.2104796,2312.900373,0.2312900373,0.2312900373,0.483413426,24.14004697,Retain,-0.7371997462,-0.835064976,-0.09786522982,-0.003877394534,-0.05281000944,-0.0630964447,-0.066238076,4.124878402,3,0.008,0.038,0.006,0.938,0.01
65,288,288,23.44397264,152.4859777,2.082766481,78.34494664,-1993243.135,2846810.126,283,283,22.29969935,145.303682,1.935624861,83.31590878,-1993245.346,2846806.147,3339.5381,210689.2148,21.06892148,21.06892148,0.8986924617,4.551184521,Retain,3.154613432,3.104573196,-0.05004023515,-0.04824673144,-0.07326684901,0.06151728157,2.174069637,0.5106654593,0,0.656,0.08,0.1,0.072,0.092
66,294,294,3.050154413,353.8599419,1.743361227,96.2594845,-1991917.311,2846377.002,295,295,3.297231811,339.4822389,1.738949085,88.36986611,-1991927.362,2846391.242,1064.501822,26190.56996,2.619056996,2.619056996,0.8586637401,17.42986503,Retain,1.115192216,1.193083271,0.07789105486,-0.04147956029,-0.002534032858,-0.08551555072,1.798349027,2.873011322,4,0.304,0,0,0.186,0.51
67,302,302,15.37038081,232.1738557,2.567737924,49.70391062,-1992650.227,2846338.115,302,302,14.3169276,209.8617477,2.240027075,29.45662203,-1992637.178,2846364.9,3156.298579,128160.8128,12.81608128,12.81608128,0.8338167702,29.794945040000002,Retain,2.732442333,2.661442585,-0.07099974781,-0.1010374994,-0.1365373733,-0.5231510443,1.608121868,2.600516088,0,0.528,0.03,0.302,0.08,0.06
68,302,302,15.37038081,232.1738557,2.567737924,49.70391062,-1992650.227,2846338.115,307,307,0.6941540655,594.0939181,1.396297981,29.45662203,-1992869.974,2846150.938,399.3904322,6430.68849,0.643068849,0.643068849,0.04183818587,288.6589187,Retain,2.732442333,-0.3650613467,-3.09750368,0.9395509491,-0.6092008909,-0.5231510443,-3.108629895,4.871393019,2,0,0.01,0.99,0,0
69,303,303,2.272674199,387.4344361,1.647638297,49.70391062,-1992260.047,2846206.346,298,298,0.3470770327,678.9644778,1.128379167,88.36986611,-1992295.57,2846239.308,200.3331268,2426.856806,0.2426856806,0.2426856806,0.1067841931,48.46041333,Retain,0.8209571994,-1.058208527,-1.879165727,0.5610221734,-0.3785606901,0.5754386129,-2.115816124,4.042654223,1,0,0.508,0.492,0,0
70,327,327,0.5382711662,727.0332642,1.504699955,172.972394,-1994589.827,2845653.513,333,333,1.475077389,359.4517824,1.23152466,242.9055281,-1994581.924,2845651.042,391.341043,5382.711662,0.5382711662,0.5382711662,1,8.280632169,Retain,-0.6193928194,0.3887104556,1.008103275,-0.7043921878,-0.2003405503,0.3395389204,6.908754779,2.996101423,4,0.04,0.006,0.008,0.058,0.888
71,347,347,0.4186600252,697.3144575,1.272783349,672.6650824,-1993054.876,2845353.546,355,355,0.8676925818,475.2751345,1.248886881,687.6717655,-1993046.714,2845355.609,292.0809703,3950.497538,0.3950497538,0.3950497538,0.9436051452,8.419017106,Retain,-0.8706960842,-0.1419177954,0.7287782888,-0.3833426007,-0.01895345629,0.02206404959,2.800812342,3.138324845,4,0.022,0,0,0.032,0.946
72,385,385,5.263351867,251.6867794,1.628870934,812.9901645,-1991965.245,2844115.366,400,400,0.6073848073,581.9695524,1.279461712,29.45662204,-1992154.599,2844078.454,257.1891461,3112.795258,0.3112795258,0.3112795258,0.05914093029,192.9181196,Retain,1.660768061,-0.4985927394,-2.1593608,0.8382327554,-0.2414476447,-3.317767552,-2.75116501,5.004251944,2,0,0.002,0.992,0.004,0.002
73,385,385,5.263351867,251.6867794,1.628870934,812.9901645,-1991965.245,2844115.366,401,401,5.119386233,241.6653226,1.542475777,29.45662204,-1991938.346,2844146.64,1012.04065,40193.16905,4.019316905,4.019316905,0.7636420681,41.25050484,Retain,1.660768061,1.633034555,-0.02773350544,-0.04063157091,-0.05449832363,-3.317767552,1.169838577,3.461668506,3,0.278,0.024,0.084,0.52,0.094
74,388,388,2.033594322,408.558882,1.643546079,48.13854062,-1993023.725,2843626.437,405,405,6.247386589,264.0417414,1.861730642,88.36986611,-1992995.165,2843575.938,891.8931494,17958.30375,1.795830375,1.795830375,0.8830819187,58.01507056,Retain,0.7098048291,1.832163231,1.122358401,-0.4365288441,0.1246503566,0.6074384567,2.014559569,4.278182579,4,0.002,0,0.012,0.004,0.982
78,415,415,45.27850323,201.5736469,3.8262633,24.06953251,-1993481.186,2842711.51,409,409,9.978464691,265.6817522,2.367492747,29.45662204,-1993334.877,2843177.996,2086.987551,52744.3982,5.27443982,5.27443982,0.116488829,488.8930286,Retain,3.812832377,2.30042924,-1.512403137,0.2761443643,-0.4800572045,0.2019643144,-2.018691886,4.85809451,2,0,0.026,0.97,0.004,0
79,415,415,45.27850323,201.5736469,3.8262633,24.06953251,-1993481.186,2842711.51,411,411,0.8676925818,611.0680301,1.605711705,58.91324407,-1993070.279,2842893.036,529.0515128,8106.772319,0.8106772319,0.8106772319,0.01790424095,449.2172463,Retain,3.812832377,-0.1419177955,-3.954750173,1.109053487,-0.8683215992,0.8950945213,-3.951320244,4.773457596,2,0,0,1,0,0
80,415,415,45.27850323,201.5736469,3.8262633,24.06953251,-1993481.186,2842711.51,414,414,2.950154778,379.4213259,1.838396591,29.45662203,-1993317.022,2842747.832,1103.546717,19403.44079,1.940344079,1.940344079,0.04285353845,168.1345598,Retain,3.812832377,1.081857636,-2.730974741,0.6324924574,-0.7329949132,0.2019643144,-3.084145239,3.790719312,2,0,0.032,0.968,0,0
82,400,400,0.5981305483,651.6956655,1.421797978,48.14032428,-1992945.656,2842765.84,412,412,0.6073848073,775.9594033,1.705948949,58.91324407,-1992920.471,2842828.652,239.3919071,2544.233527,0.2544233527,0.2544233527,0.4253642511,67.67302346,Retain,-0.5139462406,-0.4985927394,0.0153535012,0.1745225211,0.1821992717,0.2019419554,-0.3001810498,5.044040469,3,0.024,0.116,0.034,0.724,0.102
83,415,415,45.27850323,201.5736469,3.8262633,24.06953251,-1993481.186,2842711.51,416,416,0.6941540654,509.2233584,1.196826841,58.91324407,-1993562.205,2842351.034,344.474153,3671.159352,0.3671159352,0.3671159352,0.008107952098,369.4683887,Retain,3.812832377,-0.3650613468,-4.177893724,0.9267319304,-1.162214932,0.8950945213,-4.691474056,4.578016646,2,0,0.006,0.994,0,0
84,403,403,0.1794404445,1090.496097,1.303104822,24.84906664,-1993885.899,2842463.98,415,415,1.822154422,517.3062688,1.96986017,58.91324408,-1993966.883,2842473.77,13.68985024,1.398510359,1.398510359e-4,1.398510359e-4,7.793729909e-4,81.57369749,Retain,-1.717911912,0.6000195493,2.317931461,-0.7457529117,0.4132128188,0.8632224623,-6.331714832,5.832840033,4,0,0.016,0.198,0.072,0.714
86,410,410,0.2392559215,1025.586372,1.415137556,34.59602621,-1994132.187,2842160.868,421,421,2.429539229,460.7258957,2.025814377,29.45662203,-1994156.598,2842155.358,245.7943384,2290.475522,0.2290475522,0.2290475522,0.957332846,25.02461753,Retain,-1.430221499,0.8877016217,2.31792312,-0.8002165184,0.3587450418,-0.1608150415,3.088598961,4.507375694,4,0,0,0.02,0.008,0.972
89,415,415,45.27850323,201.5736469,3.8262633,24.06953251,-1993481.186,2842711.51,423,423,22.03939158,229.8856106,3.044434653,29.45662203,-1993741.844,2842493.91,4720.932162,170058.4861,17.00584861,17.00584861,0.3755832768,339.5468474,Retain,3.812832377,3.092831379,-0.7200009989,0.1314270321,-0.2285734673,0.2019643144,-0.507278975,4.493563626,2,0.008,0.144,0.826,0.02,0.002
92,417,417,3.708494538,303.1919745,1.647068234,24.84875728,-1994265.093,2841876.773,426,426,3.470770327,271.5857911,1.427299293,29.45662203,-1994289.047,2841922.44,850.2377423,22567.43466,2.256743466,2.256743466,0.6085335822,51.56831193,Retain,1.310626009,1.244376566,-0.06624944371,-0.1100881053,-0.1432128272,0.170104704,0.4402430713,3.859978704,3,0.144,0.122,0.242,0.442,0.05
93,419,419,1.555179974,500.3032952,1.760024685,54.17742834,-1993654.336,2841800.276,425,425,0.3470770327,678.9644778,1.128379167,58.91324407,-1993621.118,2841909.185,207.6411176,2642.12152,0.264212152,0.264212152,0.1698916887,113.86207280000001,Retain,0.4415912776,-1.058208527,-1.499799805,0.3053543058,-0.4445455967,0.08380006813,-1.581730168,5.086565915,2,0,0.45,0.548,0.002,0
94,417,417,3.708494538,303.1919745,1.647068234,24.84875728,-1994265.093,2841876.773,428,428,0.3470770327,678.9644778,1.128379167,29.45662204,-1994298.621,2841791.358,234.2946445,3108.195019,0.3108195019,0.3108195019,0.08381285147,91.75933102,Retain,1.310626009,-1.058208527,-2.368834537,0.8062026266,-0.3782146418,0.1701047042,-2.380864458,4.436232019,2,0,0.15,0.85,0,0
95,419,419,1.555179974,500.3032952,1.760024685,54.17742834,-1993654.336,2841800.276,429,429,0.3470770327,678.9644778,1.128379167,58.91324407,-1993680.032,2841791.358,210.803455,2199.066189,0.2199066189,0.2199066189,0.1414026818,27.19889972,Retain,0.4415912776,-1.058208527,-1.499799805,0.3053543058,-0.4445455967,0.08380006813,-1.797805213,3.654782591,1,0.002,0.618,0.38,0,0
96,35,35,0.5979750016,817.9868499,1.784361747,72.17190654,-1996606.682,2851526.594,13,13,0.3470770327,678.9644778,1.128379167,83.31590877,-1996596.237,2851570.957,196.7219127,2299.040968,0.2299040968,0.2299040968,0.3844710835,45.57550648,Retain,-0.5142063292,-1.058208527,-0.5440021981,-0.1862774498,-0.4582785489,0.1435867952,-0.4696390459,4.648860483,1,0.008,0.68,0.132,0.178,0.002
97,36,36,3.587853745,449.6698082,2.402736593,87.63634156,-1997005.458,2851478.67,27,27,2.603077745,497.9072838,2.266141985,124.9738632,-1997002.738,2851473.75,1344.260115,21767.07152,2.176707152,2.176707152,0.606687816,5.62125672,Retain,1.277554181,0.9566944932,-0.3208596878,0.1019003286,-0.05852951529,0.3549054417,0.4325183487,1.660320987,0,0.464,0.346,0.112,0.068,0.01
98,41,41,1.195956406,408.9926345,1.26173523,24.85626101,-1996680.86,2851342.274,36,36,0.8676925818,475.2751345,1.248886881,29.45662203,-1996675.77,2851350.032,412.7228903,8215.152173,0.8215152173,0.8215152173,0.6869106711,9.2782411,Retain,0.1789462048,-0.1419177955,-0.3208640003,0.1501967197,-0.01023528046,0.1698027857,0.7839815588,2.710671606,0,0.58,0.17,0.018,0.228,0.004
99,42,42,1.31555077,443.7448148,1.435761045,24.0575354,-1996450.837,2851387.071,37,37,1.475077389,399.3908693,1.368360733,29.45662203,-1996446.355,2851393.35,553.2080004,11711.63618,1.171163618,1.171163618,0.8902458534,7.71515203,Retain,0.2742554146,0.3887104556,0.114455041,-0.1053090961,-0.04808157563,0.2024628533,2.08530747,2.478553034,4,0.13,0,0.004,0.266,0.6
100,54,54,4.066270221,300.5325877,1.70956161,24.0575354,-1996451.883,2851196.635,48,48,3.731078102,300.00756,1.634723993,29.45662203,-1996459.572,2851210.284,1098.433167,32801.75262,3.280175262,3.280175262,0.8066791146,15.66578236,Retain,1.402726172,1.316697227,-0.0860289444,-0.00174851881,-0.04476299101,0.2024628533,1.424654003,2.622544555,0,0.484,0.016,0.038,0.432,0.03
101,49,49,0.4185869603,701.1280683,1.279632522,54.15658264,-1997210.591,2851109.619,49,49,0.3470770328,678.9644778,1.128379167,93.15001781,-1997214.826,2851129.107,211.1471588,2396.198253,0.2396198253,0.2396198253,0.5724493309,19.94344411,Retain,-0.8708706202,-1.058208527,-0.187337907,-0.03212175328,-0.1257907068,0.5423240296,0.2912606033,4.000750867,3,0.018,0.2,0.04,0.736,0.006
102,53,53,1.255762406,584.9083266,1.84899872,54.15658264,-1997390.298,2851082.086,52,52,0.4338462909,678.9644778,1.261566261,93.15001781,-1997365.055,2851049.574,261.6739362,3611.958501,0.3611958501,0.3611958501,0.2876307241,41.16124091,Retain,0.2277428826,-0.835064976,-1.062807859,0.1491136825,-0.3822902468,0.5423240296,-0.9048511048,4.176014855,2,0.008,0.488,0.494,0.01,0
103,65,65,2.391943956,286.9597568,1.2519632,240.5834932,-1995806.349,2850966.509,62,62,0.6941540655,594.0939181,1.396297981,251.677489,-1995756.723,2850952.367,400.2772867,6037.365967,0.6037365967,0.6037365967,0.2524041566,51.60152287,Retain,0.872106406,-0.3650613467,-1.237167753,0.7276954325,0.1091115562,0.04508108477,-1.083213572,4.079882304,2,0.006,0.306,0.68,0.008,0
104,67,67,2.033152049,383.3616267,1.542015135,48.11572262,-1997033.782,2850890.461,65,65,1.90892368,370.3442606,1.44342748,117.8264881,-1997038.086,2850886.76,708.7320487,17122.60464,1.712260464,1.712260464,0.8421703949,5.677425535,Retain,0.7095873224,0.6465395649,-0.06304775759,-0.03454573146,-0.06606961027,0.8955918096,1.669337105,1.954245281,3,0.3,0.004,0.014,0.62,0.062
105,75,75,1.076383706,409.7286327,1.199153943,74.56705414,-1997233.094,2850569.794,75,75,1.214769615,387.9797016,1.20628807,88.36986611,-1997237.971,2850573.639,414.2216446,9128.882169,0.9128882169,0.9128882169,0.8481066852,6.210617778,Retain,0.0736070023,0.1945544412,0.1209474389,-0.05454204629,0.00593167315,0.1698301596,1.714444449,2.361982816,4,0.164,0.002,0,0.368,0.466
106,77,77,2.511564625,370.988215,1.658545386,24.05862373,-1996996.642,2850572.245,76,76,1.90892368,339.4822389,1.323141857,41.65795438,-1997019.341,2850578.804,663.3154356,17951.31418,1.795131418,1.795131418,0.7147462583,23.6284661,Retain,0.9209059155,0.6465395649,-0.2743663506,-0.08874866635,-0.2259318417,0.5489812649,0.91644709,3.274406482,2,0.192,0.256,0.276,0.268,0.008
107,79,79,0.8969912799,489.8959624,1.308859527,48.11731937,-1996889.272,2850411.716,84,84,0.8676925818,475.2751345,1.248886881,41.65795438,-1996881.966,2850428.04,374.232865,6950.999893,0.6950999893,0.6950999893,0.7749239094,17.8836121,Retain,-0.1087091384,-0.1419177955,-0.0332086571,-0.03029918004,-0.04690350859,-0.1441466281,1.233182834,3.510660196,3,0.058,0.01,0.004,0.886,0.042
108,89,89,4.484971969,381.8977765,2.281508359,24.05862373,-1997137.789,2850278.223,83,83,0.6073848072,581.9695524,1.279461712,29.45662203,-1997052.815,2850407.42,348.8434837,5800.885213,0.5800885213,0.5800885213,0.129340501,154.6369433,Retain,1.500732246,-0.4985927395,-1.999324985,0.421265159,-0.5783973336,0.2024176173,-1.9002486,4.863085355,2,0,0.022,0.978,0,0
109,89,89,4.484971969,381.8977765,2.281508359,24.05862373,-1997137.789,2850278.223,97,97,3.297231811,339.4822389,1.738949085,29.45662203,-1997168.316,2850244.633,1101.164514,28363.48346,2.836348346,2.836348346,0.6324116104,45.38852692,Retain,1.500732246,1.193083271,-0.3076489743,-0.1177313418,-0.2715558289,0.2024176173,0.5414399183,3.637280214,2,0.126,0.24,0.528,0.092,0.014
110,81,81,5.501544775,240.202252,1.589331418,240.5834932,-1995985.002,2850487.862,85,85,5.206155491,237.6375672,1.529567803,251.677489,-1995976.175,2850507.572,1217.824722,42451.91529,4.245191529,4.245191529,0.7716362771,21.5968427,Retain,1.705028921,1.649841674,-0.05518724725,-0.01073459871,-0.03832822234,0.04508108477,1.214499351,2.792443917,0,0.6,0.012,0.068,0.272,0.048
111,100,100,6.578006377,311.3473314,2.252617018,0,-1996729.911,2850057.19,111,111,6.854771396,300.8070471,2.22167006,131.7340185,-1996728.419,2850040.144,1777.150028,54499.06164,5.449906164,5.449906164,0.8285042385,17.11068432,Retain,1.883731717,1.924944964,0.04121324678,-0.03444009037,-0.01383346698,11.78854775,1.570455554,2.470260608,4,0.156,0.01,0.018,0.216,0.6
113,107,107,0.8372062404,526.7853991,1.359706036,24.05968529,-1996384.532,2849872.536,112,112,0.4338462909,678.9644778,1.261566261,179.1776368,-1996363.53,2849871.309,293.4476949,4131.929748,0.4131929748,0.4131929748,0.4935378583,21.03810289,Retain,-0.1776848345,-0.835064976,-0.6573801414,0.2537755575,-0.0749145132,2.007804086,-0.02579840371,3.707590109,1,0.014,0.9,0.058,0.026,0.002
114,129,129,3.887072383,363.9143066,2.023976712,34.59276738,-1996283.488,2849474.135,137,137,2.256000713,391.7102757,1.659700209,41.65795439,-1996279.012,2849426.288,891.1400364,19674.59554,1.967459554,1.967459554,0.5061545965,48.05575084,Retain,1.357656273,0.8135936495,-0.544062624,0.07360405553,-0.1984272565,0.1858428044,0.02457048374,3.765919428,1,0.056,0.548,0.378,0.014,0.004
115,131,131,0.5980150037,571.2426948,1.246154148,34.59276738,-1996174.761,2849283.185,139,139,0.1735385163,1018.446717,1.196826841,41.65795439,-1996169.116,2849273.34,176.7396,1735.382567,0.1735382567,0.1735382567,0.2901904729,11.34882936,Retain,-0.5141394356,-1.751355708,-1.237216273,0.578219765,-0.04038837122,0.1858428044,-0.8924269005,3.25863737,1,0.034,0.738,0.226,0.002,0
116,136,136,0.5980194459,571.2418119,1.24615685,0,-1995300.009,2849078.55,144,144,0.5206155491,565.8037316,1.151647165,0,-1995300.146,2849081.872,288.1736583,4570.176773,0.4570176773,0.4570176773,0.7642187565,3.324898569,Retain,-0.5141320073,-0.6527434193,-0.138611412,-0.009565354348,-0.07887106038,0,1.173025057,2.031170831,3,0.21,0.03,0.032,0.662,0.066
118,137,137,0.2990099211,815.3012496,1.257638938,216.5464955,-1996150.362,2848978.549,146,146,0.4338462909,678.9644779,1.261566261,206.1963543,-1996157.333,2848987.611,235.9068624,2741.349144,0.2741349144,0.2741349144,0.9168087583,11.43306217,Retain,-1.207278525,-0.8350649761,0.3722135492,-0.1829888655,0.003117909068,-0.04897616153,2.388898147,3.612601015,4,0.004,0.002,0,0.164,0.83
119,142,142,1.734261791,365.2965278,1.357056533,0,-1995355.502,2848935.926,148,148,1.301538873,407.3786867,1.311058117,0,-1995346.294,2848936.553,531.4274908,12584.5818,1.25845818,1.25845818,0.725644875,9.229085646,Retain,0.550581842,0.2635473127,-0.2870345293,0.1090337583,-0.03448350639,0,0.9703762501,2.51954235,0,0.532,0.204,0.03,0.23,0.004
120,147,147,0.5382208397,637.6586983,1.319664734,24.06130651,-1995544.953,2848831.756,149,149,0.4338462909,678.9644778,1.261566261,58.91324407,-1995526.962,2848858.002,215.9168899,1944.785355,0.1944785355,0.1944785355,0.3613359445,31.82043852,Retain,-0.6194863203,-0.835064976,-0.2155786557,0.06276562615,-0.04502370168,0.8954363256,-0.5683713201,4.342248333,3,0.032,0.25,0.016,0.7,0.002
121,151,151,1.614663337,363.5344612,1.303111706,96.2458595,-1996865.729,2848714.523,157,157,1.561846647,339.4822389,1.196826841,117.8264882,-1996861.347,2848728.393,484.0895501,13133.45533,1.313345533,1.313345533,0.8133866069,14.5453211,Retain,0.4791264751,0.4458688695,-0.03325760565,-0.06845246607,-0.08508126889,0.2023052458,1.468051775,3.010139822,3,0.128,0.01,0.01,0.814,0.038
122,153,153,0.5382226826,634.711227,1.313567052,24.06130651,-1995493.716,2848722.507,155,155,0.6073848073,581.9695524,1.279461712,58.91324407,-1995491.614,2848728.393,320.4575196,4535.417651,0.4535417651,0.4535417651,0.8426656471,6.250110552,Retain,-0.6194828963,-0.4985927394,0.1208901569,-0.0867520039,-0.02630692544,0.8954363256,1.673047308,2.714865527,4,0.098,0.004,0.02,0.418,0.46
123,160,160,1.016645979,482.7058788,1.372974685,96.2458595,-1996860.469,2848494.189,161,161,0.7809233236,528.0834828,1.316442362,117.8264882,-1996856.437,2848496.012,415.0877322,7386.402568,0.7386402568,0.7386402568,0.7265461842,4.424710278,Retain,0.01650895334,-0.2472783111,-0.2637872645,0.08984686094,-0.04204677129,0.2023052458,0.9748944819,2.051541247,0,0.408,0.262,0.022,0.296,0.012
124,168,168,0.4784247298,613.4600919,1.196983582,170.2574995,-1995674.098,2848432.068,165,165,0.1735385163,1018.446717,1.196826841,206.1963543,-1995697.81,2848419.098,159.8315774,1436.833066,0.1436833066,0.1436833066,0.3003258352,27.02771364,Retain,-0.737256385,-1.751355708,-1.014099323,0.5069187068,-1.309547321e-4,0.1915158732,-0.8438507758,4.237892905,1,0.016,0.83,0.122,0.032,0
125,183,183,0.4186243589,812.2725047,1.482549041,24.06239315,-1995299.399,2848142.074,177,177,0.3470770327,678.9644779,1.128379167,29.45662204,-1995300.146,2848124.532,218.2168576,2585.049774,0.2585049774,0.2585049774,0.6175105961,17.55771577,Retain,-0.8707812794,-1.058208527,-0.1874272481,-0.1792670699,-0.2729806939,0.2022609601,0.4780023334,3.873306034,3,0.022,0.214,0.122,0.63,0.012
126,188,188,2.691157687,418.3541821,1.936015169,54.16356985,-1996935.339,2848053.025,182,182,1.735385164,475.2751345,1.766192765,65.86700927,-1996915.841,2848037.635,825.0955759,16520.70258,1.652070258,1.652070258,0.6138883151,24.84005102,Retain,0.9899714681,0.5512293851,-0.438742083,0.1275654674,-0.09180557407,0.1956258781,0.4627274071,3.289876777,1,0.312,0.464,0.146,0.074,0.004
127,191,191,0.3588226709,683.8230434,1.155523379,54.16356985,-1996962.118,2847882.807,190,190,0.5206155491,565.8037315,1.151647165,65.86700927,-1996964.445,2847888.879,242.4593042,3517.297119,0.3517297119,0.3517297119,0.9802326897,6.502698936,Retain,-1.024926965,-0.6527434192,0.3721835462,-0.1894519218,-0.003360148691,0.1956258781,3.8554295,2.957199508,4,0.03,0,0,0.046,0.924
128,195,195,3.887252504,340.7776808,1.895342002,103.7803626,-1996456.168,2847855.531,193,193,3.81784736,262.3271846,1.445931259,0,-1996493.808,2847863.439,1019.684262,32407.02421,3.240702421,3.240702421,0.8336742769,38.46205588,Retain,1.357702611,1.339686745,-0.01801586557,-0.2616377814,-0.2706457142,-11.55004168,1.607099211,3.54321183,3,0.17,0.036,0.288,0.364,0.142
129,195,195,3.887252504,340.7776808,1.895342002,103.7803626,-1996456.168,2847855.531,194,194,0.6941540654,509.2233584,1.196826841,0,-1996290.625,2847811.555,322.3860146,4973.098843,0.4973098843,0.4973098843,0.127933517,171.2848442,Retain,1.357702611,-0.36506134690000003,-1.722763958,0.4016564361,-0.4597255429,-11.55004168,-1.912714808,5.036847402,2,0,0.026,0.97,0.002,0.002
130,203,203,0.478433257,613.4543222,1.196982991,49.70673166,-1996727.634,2847671.714,201,201,0.6941540655,509.2233584,1.196826841,58.91324408,-1996732.474,2847671.636,292.4837817,4709.505401,0.4709505401,0.4709505401,0.9843599565,4.840406423,Retain,-0.7372385616,-0.3650613468,0.3721772148,-0.1862190686,-1.30461194e-4,0.1699224087,4.081194966,2.518189485,4,0.022,0,0.004,0.052,0.922
131,206,206,0.7774557118,567.2818635,1.411015538,49.70673166,-1996569.824,2847649.086,203,203,0.7809233236,528.0834828,1.316442362,58.91324408,-1996565.144,2847641.77,404.7019022,6498.629875,0.6498629875,0.6498629875,0.8358842537,8.684585422,Retain,-0.2517285989,-0.2472783111,0.004450287765,-0.07160191147,-0.06937676759,0.1699224087,1.623039053,2.859894046,3,0.122,0.016,0.008,0.768,0.086
132,217,217,30.85882342,157.2636383,2.464410603,24.06239315,-1995318.59,2847918.227,204,204,26.03077745,165.2146896,2.377865558,29.45662204,-1995220.122,2847881.907,4363.575321,243964.0829,24.39640829,24.39640829,0.7905812853,104.9523761,Retain,3.42942272,3.259279586,-0.1701431338,0.04932215516,-0.03574941173,0.2022609601,1.324933147,3.511169797,0,0.48,0.074,0.366,0.044,0.036
133,218,218,8.731408448,302.1632357,2.518713922,24.0628883,-1997069.173,2847662.442,222,222,9.197541367,294.6449621,2.520751084,88.3698661,-1997061.429,2847633.218,2524.202946,73569.92758,7.356992758,7.356992758,0.8425894633,30.23324544,Retain,2.166926691,2.218936206,0.05200951454,-0.02519627366,8.084836149e-4,1.30083004,1.672475962,2.897876834,4,0.162,0.01,0.008,0.116,0.704
135,223,223,0.4186325135,697.3135421,1.272739858,48.12666912,-1995501.697,2847464.394,221,221,0.3470770328,678.9644778,1.128379167,58.91324407,-1995506.342,2847447.029,208.9902542,2736.658231,0.2736658231,0.2736658231,0.653713733,17.97458285,Retain,-0.8707618001,-1.058208527,-0.1874467271,-0.02666634418,-0.1203897077,0.2022256429,0.6340486745,3.896760172,3,0.06,0.172,0.052,0.71,0.006
136,249,249,18.5395016,216.2717979,2.626902694,24.06341699,-1997416.424,2847240.612,249,249,0.5206155491,565.8037315,1.151647165,29.45662204,-1997200.098,2846946.267,279.9041998,4667.647419,0.4667647419,0.4667647419,0.02517676862,365.2890552,Retain,2.919903677,-0.6527434192,-3.572647096,0.9617113137,-0.8246122344,0.2022184136,-3.618409131,5.013104814,2,0,0,1,0,0
137,243,243,1.853954627,368.5375709,1.415553825,48.12666912,-1995518.777,2847282.186,232,232,1.301538873,452.6429852,1.456731241,58.91324407,-1995521.07,2847261.453,574.8704806,11941.28665,1.194128665,1.194128665,0.6440981067,20.85970876,Retain,0.6173209937,0.2635473127,-0.353773681,0.2055610399,0.02867419945,0.2022256429,0.5919414735,3.301571872,0,0.56,0.28,0.064,0.092,0.004
138,252,252,0.3588325332,679.4097861,1.148081639,24.06380344,-1997335.669,2846906.556,253,253,0.3470770327,678.9644779,1.128379167,29.45662204,-1997332.653,2846887.354,192.2533904,2304.878151,0.2304878151,0.2304878151,0.6423269737,19.4380631,Retain,-1.024899481,-1.058208527,-0.03330904681,-6.556488068e-4,-0.01731017221,0.2022023545,0.5842419247,4.052099286,3,0.022,0.006,0.002,0.958,0.012
139,257,257,0.2392223783,817.9288862,1.128525862,49.70541231,-1996981.543,2846820.634,256,256,0.3470770327,678.9644778,1.128379167,58.91324408,-1996979.173,2846798.984,163.2834602,1584.898559,0.1584898559,0.1584898559,0.6625210273,21.77997938,Retain,-1.430361706,-1.058208527,0.372153179,-0.1862065858,-1.299963201e-4,0.1699489512,0.6730985735,4.36858288,3,0,0,0,0.556,0.444
140,261,261,1.55494601,378.5201119,1.331501576,48.12779375,-1997143.064,2846800.131,260,260,1.475077389,479.2690432,1.642032879,29.45662204,-1997163.71,2846796.385,557.4449817,10764.73739,1.076473739,1.076473739,0.6922901066,20.98345969,Retain,0.4414408249,0.3887104556,-0.05273036934,0.2359929094,0.2096277247,-0.4909279312,0.8090465564,3.39542668,3,0.298,0.04,0.05,0.56,0.052
141,263,263,2.272612152,473.5380882,2.013782891,34.59390637,-1996719.185,2846858.305,264,264,2.342769971,427.4961527,1.845831712,41.65795439,-1996705.881,2846840.987,1029.092243,17318.51642,1.731851642,1.731851642,0.7620533228,21.8380533,Retain,0.8209298977,0.8513339775,0.03040407983,-0.1022870602,-0.08708502025,0.1858098804,1.161087496,3.245599797,3,0.09,0.014,0.006,0.754,0.136
142,267,267,0.837281334,586.1170583,1.512917108,34.59390637,-1996532.431,2846723.541,268,268,0.6073848073,678.9644778,1.49270533,41.65795439,-1996518.387,2846721.134,373.9322548,5312.916915,0.5312916915,0.5312916915,0.6345438145,14.24874704,Retain,-0.1775951431,-0.4985927394,-0.3209975963,0.1470492829,-0.01344951522,0.1858098804,0.5506020673,3.317901669,0,0.386,0.34,0.016,0.256,0.002
143,277,277,2.093215562,350.9154777,1.432202968,99.41381908,-1996324.547,2846554.223,280,280,1.735385164,407.3786867,1.513879513,29.45662204,-1996335.546,2846561.858,641.9479906,14934.79803,1.493479803,1.493479803,0.7134859066,13.38910192,Retain,0.7387014299,0.5512293851,-0.1874720448,0.1491977968,0.05546177436,-1.216348498,0.9102913926,2.797529999,0,0.84,0.02,0.036,0.084,0.02
144,280,280,2.212831341,398.6209479,1.672743467,34.59404735,-1996971.752,2846450.763,287,287,2.689847004,306.629119,1.418640168,58.91324407,-1996967.296,2846465.934,807.992307,19662.97026,1.966297026,1.966297026,0.8885887459,15.8120819,Retain,0.7942728454,0.989484316,0.1952114706,-0.2623720241,-0.1647662888,0.5323723647,2.068595215,2.936066086,4,0.202,0.004,0.024,0.194,0.576
145,283,283,1.196127441,612.784021,1.890563317,96.25942436,-1997351.189,2846369.048,291,291,1.561846647,452.6429852,1.595769122,0,-1997327.743,2846406.229,548.3036208,7856.249868,0.7856249868,0.7856249868,0.6568070925,43.95581198,Retain,0.1790892059,0.4458688695,0.2667796636,-0.3029088401,-0.1695190083,-11.47481255,0.6477094382,4.266027946,4,0.048,0.006,0.03,0.128,0.788
146,368,368,45.81280656,260.7419379,4.978510255,34.59460571,-1996417.425,2845570.975,309,309,0.8676925818,475.2751345,1.248886881,0,-1996395.932,2846112.644,366.0753879,4991.630545,0.4991630545,0.4991630545,0.01089571,542.0954759,Retain,3.824563671,-0.1419177955,-3.966481467,0.6003626922,-1.382878041,-10.45148195,-4.42163245,4.955527093,2,0,0,1,0,0
147,296,296,2.09324375,514.1203454,2.098310531,0,-1996978.925,2846048.825,301,301,1.648615905,428.8196702,1.553207608,29.45662204,-1996972.197,2846254.036,177.6559845,1956.647246,0.1956647246,0.1956647246,0.09347441008,205.3210928,Retain,0.7387148961,0.4999360907,-0.2387788054,-0.1814208917,-0.3008102944,10.29070797,-2.262392759,5.527587426,2,0.022,0.328,0.44,0.156,0.054
148,296,296,2.09324375,514.1203454,2.098310531,0,-1996978.925,2846048.825,306,306,0.1735385163,1018.446717,1.196826841,29.45662204,-1997082.271,2846121.481,81.9262209,411.2890057,0.04112890057,0.04112890057,0.01964840482,126.3301588,Retain,0.7387148961,-1.751355708,-2.490070604,0.683576546,-0.5614587562,10.29070797,-3.861292732,5.041914199,2,0,0.146,0.854,0,0
149,296,296,2.09324375,514.1203454,2.098310531,0,-1996978.925,2846048.825,315,315,1.735385164,475.2751345,1.766192765,58.91324407,-1996921.733,2846006.601,629.4642984,10211.81008,1.021181008,1.021181008,0.4878461995,71.09091182,Retain,0.7387148961,0.5512293851,-0.187485511,-0.07856350627,-0.1723062618,10.98383818,-0.04852768673,4.466981067,2,0.054,0.296,0.308,0.298,0.044
150,306,306,0.3588444987,683.7878622,1.155499074,130.1885605,-1996828.879,2845793.483,320,320,0.3470770327,678.9644778,1.128379167,93.15001782,-1996831.89,2845797.459,213.7969041,2837.429873,0.2837429873,0.2837429873,0.7907129366,4.987262711,Retain,-1.024866136,-1.058208527,-0.03334239165,-0.007078915746,-0.02375011157,-0.3347695221,1.325725306,2.691885706,3,0.226,0.014,0.008,0.698,0.054
151,312,312,3.94729513,370.9827529,2.07921111,24.06581648,-1995352.97,2845836.781,322,322,0.6941540655,594.0939181,1.396297981,58.91324407,-1995469.521,2845797.459,412.788097,6759.864162,0.6759864162,0.6759864162,0.1712530718,123.0059592,Retain,1.373030567,-0.3650613467,-1.738091914,0.4708818447,-0.3981641123,0.8952489143,-1.572156006,4.698090592,2,0.002,0.098,0.9,0,0
152,368,368,45.81280656,260.7419379,4.978510255,34.59460571,-1996417.425,2845570.975,338,338,0.2603077745,905.2859705,1.302940032,0,-1996601.147,2845586.353,173.0748332,1489.87579,0.148987579,0.148987579,0.003252094559,184.3635815,Retain,3.824563671,-1.3458906,-5.170454271,1.244719709,-1.340507427,-10.45148195,-5.458088946,3.876998326,2,0,0.004,0.996,0,0
154,368,368,45.81280656,260.7419379,4.978510255,34.59460571,-1996417.425,2845570.975,351,351,31.75754849,213.3358332,3.391426125,0,-1996430.202,2845923.253,6298.520955,223675.4983,22.36754983,22.36754983,0.4882379296,352.509228,Retain,3.824563671,3.458130445,-0.3664332263,-0.2006635689,-0.3838801821,-10.45148195,-0.04696300227,4.525162745,2,0.022,0.1,0.804,0.044,0.03
155,323,323,0.239231305,1019.106733,1.406124397,120.3304303,-1996817.466,2845516.892,344,344,0.5206155491,565.8037315,1.151647165,58.91324407,-1996802.433,2845547.077,167.3294408,1453.893512,0.1453893512,0.1453893512,0.6077354768,33.72131116,Retain,-1.430324392,-0.6527434193,0.7775809724,-0.5884345164,-0.1996440302,-0.7141669583,0.4369013442,4.805686809,4,0.004,0.014,0.016,0.102,0.864
156,334,334,2.990395276,456.980341,2.229240294,24.06581648,-1995334.675,2845589.23,339,339,3.644308843,387.9797016,2.089352226,58.91324407,-1995325.394,2845709.089,866.4807077,16497.9432,1.64979432,1.64979432,0.5516977417,120.2172177,Retain,1.095405578,1.29316673,0.1977611519,-0.1636873496,-0.06480677372,0.8952489143,0.2071154306,4.813970726,4,0.1,0.026,0.038,0.196,0.64
157,334,334,2.990395276,456.980341,2.229240294,24.06581648,-1995334.675,2845589.23,345,345,0.8676925817,475.2751345,1.248886881,58.91324407,-1995279.526,2845467.544,380.589282,7072.661732,0.7072661732,0.7072661732,0.2365126038,133.5994827,Retain,1.095405578,-0.1419177955,-1.237323373,0.03925349437,-0.5794081924,0.8952489143,-1.168984848,4.919516028,2,0.008,0.218,0.758,0.016,0
158,368,368,45.81280656,260.7419379,4.978510255,34.59460571,-1996417.425,2845570.975,350,350,0.5206155491,678.9644778,1.381976598,29.45662204,-1996458.773,2845375.247,354.2999994,4945.786826,0.4945786826,0.4945786826,0.01079564252,200.0478687,Retain,3.824563671,-0.6527434192,-4.47730709,0.9570376361,-1.281615909,-0.1607739819,-4.430181158,3.958644788,2,0,0.01,0.99,0,0
159,368,368,45.81280656,260.7419379,4.978510255,34.59460571,-1996417.425,2845570.975,363,363,11.88738837,252.7531998,2.458300425,29.45662203,-1996839.953,2845257.671,2144.486931,64006.53843,6.400653843,6.400653843,0.1397132008,526.0122708,Retain,3.824563671,2.475478037,-1.349085634,-0.03111765697,-0.7056604739,-0.1607739822,-1.811703767,4.925409549,2,0,0.024,0.968,0.004,0.004
164,360,360,3.827753192,254.7759609,1.406130019,96.26515376,-1994739.92,2845208.834,366,366,3.991385876,236.1615575,1.330963453,242.9055281,-1994737.268,2845204.484,928.5536821,35084.69161,3.508469161,3.508469161,0.9165870906,5.094668952,Retain,1.342277997,1.384138508,0.04186051103,-0.07586843783,-0.05493818231,0.9255599208,2.386027152,1.529616898,4,0.196,0.016,0.008,0.374,0.406
165,363,363,16.20811249,256.2970548,2.91074999,24.85149196,-1997372.675,2845106.138,358,358,5.292924749,322.7863911,2.094875145,29.45662203,-1997408.226,2845359.714,1399.864745,27968.75972,2.796875972,2.796875972,0.1725602517,256.0561302,Retain,2.785511888,1.666370976,-1.119140912,0.2306536345,-0.3289168216,0.1699946617,-1.563019299,4.725009584,2,0.002,0.036,0.962,0,0
167,368,368,45.81280656,260.7419379,4.978510255,34.59460571,-1996417.425,2845570.975,373,373,4.425232167,359.4517824,2.133063281,29.45662204,-1996298.494,2845174.538,1038.227658,17831.97104,1.783197104,1.783197104,0.03892355082,413.8929416,Retain,3.824563671,1.487322744,-2.337240927,0.3210488694,-0.8475715941,-0.160773982,-3.182127521,4.685692869,2,0.002,0.008,0.99,0,0
169,366,366,6.339724282,262.347387,1.863403883,69.1895227,-1995718.48,2845102.151,383,383,6.247386589,235.7515548,1.662259502,58.91324407,-1995729.721,2845087.227,1455.335856,54699.72698,5.469972698,5.469972698,0.8628092413,18.6844015,Retain,1.846835279,1.832163231,-0.01467204836,-0.1068910134,-0.1142270375,-0.1607810018,1.8327169190000001,2.576689854,3,0.248,0.026,0.18,0.384,0.162
170,367,367,0.1196184354,1220.299366,1.19058529,49.70221533,-1996392.541,2844808.47,387,387,0.3470770327,678.9644778,1.128379167,29.45662204,-1996390.041,2844825.39,123.0096092,910.2578784,0.09102578784,0.09102578784,0.7609678854,17.10422874,Retain,-2.123448307,-1.058208527,1.06523978,-0.5862826792,-0.05366278921,-0.5231169362,1.155131685,4.473473288,4,0.006,0,0,0.29,0.704
171,368,368,45.81280656,260.7419379,4.978510255,34.59460571,-1996417.425,2845570.975,388,388,5.813540298,273.6125508,1.861021654,29.45662204,-1996150.651,2844942.117,1821.209672,42993.3796,4.29933796,4.29933796,0.09384576677,683.1038378,Retain,3.824563671,1.760189731,-2.06437394,0.04818188275,-0.9840050874,-0.1607739818,-2.258060419,5.186731451,2,0.002,0.022,0.97,0.004,0.002
172,374,374,5.622058264,252.1923185,1.686842728,0,-1995489.43,2844878.608,391,391,6.594463622,268.0122939,1.94150951,106.2073612,-1995455.568,2844904.07,1361.124902,49758.29789,4.975829789,4.975829789,0.8850548243,42.36657643,Retain,1.726697836,1.886230452,0.1595326158,0.0608408871,0.140607195,11.57315811,2.033661371,3.455399388,4,0.02,0,0.008,0.024,0.948
174,373,373,0.1794280842,1099.272813,1.313547449,74.55289618,-1996433.719,2844673.206,393,393,0.3470770328,848.7055972,1.410473959,58.91324407,-1996448.954,2844663.379,183.1464601,1263.263232,0.1263263232,0.1263263232,0.7040498913,18.12944404,Retain,-1.717980797,-1.058208527,0.6597722695,-0.2586917993,0.07119433543,-0.2354394062,0.8647044278,4.328947858,4,0,0,0,0.386,0.614
175,376,376,4.126848706,286.0066977,1.639006007,69.1895227,-1995938.665,2844714.204,395,395,4.338462909,271.5857911,1.595769122,58.91324407,-1995941.122,2844703.44,1119.881581,37320.87639,3.732087639,3.732087639,0.904343218,11.04068608,Retain,1.417514091,1.467520117,0.05000602634,-0.05173715022,-0.02673413705,-0.1607810018,2.237147744,2.265285651,4,0.21,0.006,0.004,0.314,0.466
176,372,372,3.88759743,378.3002916,2.104129122,0,-1996767.46,2844770.278,397,397,5.292924749,345.0475215,2.239349293,41.65795439,-1996769.838,2844724.223,1336.989576,31739.61818,3.173961818,3.173961818,0.816432739,46.11614964,Retain,1.357791339,1.666370976,0.3085796362,-0.09200615132,0.06228366679,10.63727162,1.488154668,3.724654164,4,0.04,0,0.004,0.05,0.906
178,418,418,0.119629241,1220.301643,1.190641286,49.69724695,-1994628.088,2841737.327,431,431,0.6941540655,594.0939181,1.396297981,158.6287643,-1994589.505,2841725.081,145.0995178,664.3491374,0.06643491374,0.06643491374,0.5553400923,40.48052097,Retain,-2.123357978,-0.3650613468,1.758296631,-0.7198159376,0.1593323778,1.160603301,0.2218236618,5.334889529,4,0,0.002,0.064,0.106,0.828
179,5,5,0.4185745,697.3130513,1.272650772,720.8497568,-1997867.802,2852097.365,1,1,0.3470770327,678.9644779,1.128379167,483.1245228,-1997862.872,2852101.176,216.9485199,2930.647956,0.2930647956,0.2930647956,0.7001496642,6.231276834,Retain,-0.8709003882,-1.058208527,-0.1873081392,-0.02666564006,-0.1203197097,-0.4001556197,0.8461084475,2.837556866,3,0.204,0.144,0.08,0.55,0.022
180,13,13,1.614510779,452.9523712,1.623559017,74.57023732,-1998911.504,2851877.847,4,4,0.2603077746,905.2859705,1.302940032,237.4868793,-1998869.306,2851831.157,206.3489214,2077.746415,0.2077746415,0.2077746415,0.1286920126,62.93304845,Retain,0.4790319876,-1.3458906,-1.824922587,0.6924639042,-0.2199973895,1.158361713,-1.905980053,4.474936277,1,0,0.586,0.414,0,0
181,33,33,11.00267207,239.1899853,2.238139463,72.16982865,-1999334.835,2851576.996,10,10,1.995692938,413.2827256,1.646983246,29.45662204,-1999429.836,2851708.634,797.7825411,18246.89639,1.824689639,1.824689639,0.165840591,162.3383582,Retain,2.398138159,0.6909913275,-1.707146832,0.5468737705,-0.3066996452,-0.8960832396,-1.610583804,4.462984811,2,0,0.024,0.976,0,0
182,33,33,11.00267207,239.1899853,2.238139463,72.16982865,-1999334.835,2851576.996,19,19,0.4338462909,678.9644778,1.261566261,0,-1999480.04,2851532.663,294.5662,4338.462309,0.4338462309,0.4338462309,0.039430988040000003,151.8219043,Retain,2.398138159,-0.835064976,-3.233203135,1.043310657,-0.5732909107,-11.18679121,-3.168969816,4.396010602,2,0,0.016,0.984,0,0
183,33,33,11.00267207,239.1899853,2.238139463,72.16982865,-1999334.835,2851576.996,26,26,0.7809233237,452.6429852,1.128379167,0,-1999409.344,2851438.402,349.0718256,7106.163225,0.7106163225,0.7106163225,0.06458579496,157.3529781,Retain,2.398138159,-0.2472783111,-2.64541647,0.6378455487,-0.6848626863,-11.18679121,-2.658698773,4.431793769,2,0,0.008,0.992,0,0
184,33,33,11.00267207,239.1899853,2.238139463,72.16982865,-1999334.835,2851576.996,30,30,3.297231811,321.6147527,1.647425449,58.91324407,-1999217.876,2851515.919,1047.021918,30833.89875,3.083389875,3.083389875,0.2802400957,131.94615,Retain,2.398138159,1.193083271,-1.205054888,0.296096255,-0.3064311889,-0.2029530327,-0.9410973403,4.255697327,2,0.002,0.024,0.972,0.002,0
185,44,44,0.3587880111,679.4269827,1.148039471,309.1809716,-1998180.357,2851168.292,46,46,0.5206155491,565.8037315,1.151647165,428.8948908,-1998186.895,2851173.292,239.7112004,3450.119701,0.3450119701,0.3450119701,0.961603954,8.230241008,Retain,-1.025023563,-0.6527434193,0.372280144,-0.1830025165,0.003137555513,0.3272842023,3.195976608,3.192813519,4,0.024,0,0,0.048,0.928
186,48,48,0.7175771885,610.149202,1.458026534,24.05775403,-1998828.723,2851050.58,51,51,0.1735385164,1018.446717,1.196826841,65.86700926,-1998820.212,2851070.194,177.3672093,1593.417979,0.1593417979,0.1593417979,0.2220552722,21.38096289,Retain,-0.3318747573,-1.751355708,-1.41948095,0.5123303981,-0.1974100771,1.007153957,-1.250520492,3.800850033,1,0.002,0.932,0.064,0.002,0
187,56,56,1.674352873,381.2071092,1.391488287,24.05775403,-1998709.277,2850953.741,57,57,1.475077389,399.3908693,1.368360733,29.45662204,-1998702.386,2850970.561,559.3150779,12408.84968,1.240884968,1.240884968,0.7411131715,18.1770942,Retain,0.5154267459,0.3887104556,-0.1267162903,0.04659773852,-0.01676040664,0.2024537661,1.049255493,3.214868824,3,0.208,0.056,0.02,0.706,0.01
188,93,93,19.61417811,224.5256263,2.805085104,24.85539042,-1997619.562,2850419.264,80,80,0.3470770327,678.9644778,1.128379167,29.45662204,-1997980.698,2850481.062,235.4304096,2615.422126,0.2615422126,0.2615422126,0.01333434474,366.3859782,Retain,2.976252678,-1.058208527,-4.034461205,1.106578962,-0.9106516408,0.1698378104,-4.232685847,4.987928696,2,0,0.008,0.992,0,0
189,63,63,1.136171557,474.2695375,1.426074635,24.05779134,-1998632.723,2850831.114,64,64,0.95446184,432.0683041,1.19076692,29.45662204,-1998662.217,2850846.591,376.1785355,7070.164173,0.7070164173,0.7070164173,0.6222796309,33.30830217,Retain,0.1276643276,-0.04660761568,-0.1742719433,-0.09319211762,-0.1803280893,0.2024522154,0.4981971436,4.014369482,3,0.072,0.16,0.164,0.598,0.006
190,82,82,10.94327476,290.4647921,2.710579926,0,-1998711.421,2850339.66,94,94,7.722463978,267.0085025,2.093139169,88.36986611,-1998656.711,2850361.084,2115.070467,72681.70766,7.268170766,7.268170766,0.6641678043,58.7548371,Retain,2.39272509,2.044133481,-0.3485916087,-0.08420186891,-0.2584976733,11.38929763,0.6804544753,3.449392901,2,0.14,0.104,0.684,0.038,0.034
191,87,87,0.23919959,817.9698808,1.128528668,49.71063424,-1998656.364,2850041.035,99,99,0.3470770327,678.9644778,1.128379167,88.36986611,-1998658.201,2850039.212,195.6580601,2391.9959,0.23919959,0.23919959,1,2.58775255,Retain,-1.430456971,-1.058208527,0.3722484438,-0.1862567046,-1.324827145e-4,0.5753033514,6.908754779,2.238769547,4,0.058,0.002,0,0.342,0.598
192,90,90,17.82026862,186.7407135,2.223776851,24.05922127,-1999689.753,2850154.258,98,98,2.082462196,396.0626121,1.612306031,29.45662204,-1999443.711,2850144.765,959.6604054,18486.83558,1.848683558,1.848683558,0.1037404989,246.2255332,Retain,2.880336496,0.7335509419,-2.146785554,0.751851214,-0.3215415632,0.2023927822,-2.147859267,4.638448674,2,0,0.02,0.98,0,0
193,93,93,19.61417811,224.5256263,2.805085104,24.85539042,-1997619.562,2850419.264,101,101,17.78769793,241.7775945,2.876543813,29.45662204,-1997595.391,2850421.214,4058.996462,160598.4255,16.05984255,16.05984255,0.8187874331,24.24872385,Retain,2.976252678,2.878507091,-0.097745587,0.07402842367,0.02515563017,0.1698378104,1.503871123,2.272643834,0,0.722,0.084,0.068,0.084,0.042
194,88,88,0.4185993783,701.117301,1.279631851,24.85532349,-1998816.83,2850018.74,104,104,0.3470770328,678.9644778,1.128379167,117.8264881,-1998834.94,2850009.756,209.615748,2514.645752,0.2514645752,0.2514645752,0.6007284965,20.21668403,Retain,-0.8708409541,-1.058208527,-0.1873675731,-0.03210639621,-0.1257901827,1.556109403,0.4076632655,4.014343088,3,0.02,0.186,0.046,0.738,0.01
195,114,114,1.076411272,503.5609057,1.473791992,34.59264922,-1999267.08,2849550.689,127,127,1.128000356,470.0523308,1.408302327,58.91324408,-1999262.061,2849546.38,499.8074335,9015.525154,0.9015525154,0.9015525154,0.8375539529,6.614474965,Retain,0.07363261136,0.1204464691,0.04681385771,-0.068860639,-0.04545371014,0.5324127796,1.635195975,2.424960233,3,0.152,0.004,0.004,0.634,0.206
196,120,120,23.74072305,199.9563238,2.74838255,24.85517734,-1998241.119,2849813.422,134,134,22.56000713,224.5805581,3.009101526,88.36986611,-1998233.459,2849830.637,4879.583383,203124.0678,20.31240678,20.31240678,0.8555934347,18.84256328,Retain,3.167191846,3.116178743,-0.05101310317,0.1161355143,0.09062896268,1.26843604,1.773429683,1.924940405,0,0.732,0.162,0.028,0.054,0.024
198,122,122,1.913631805,408.9811501,1.595980387,48.12052338,-1998946.356,2849377.622,136,136,1.041231098,509.2233584,1.465807536,88.36986611,-1998952.767,2849383.802,529.9525302,10084.91099,1.008491099,1.008491099,0.5270037299,8.904909844,Retain,0.6490029052,0.04040376136,-0.6085991439,0.2192176711,-0.0850819008,0.6078127978,0.107903895,2.434578574,1,0.286,0.488,0.204,0.022,0
199,125,125,1.07642441,543.8301486,1.591659321,87.64171332,-1997865.052,2849262.457,140,140,1.388308131,466.7880785,1.551521355,106.2073612,-1997866.554,2849251.248,562.9018034,9749.947332,0.9749947332,0.9749947332,0.9057716675,11.30949487,Retain,0.07364481752,0.3280858337,0.2544410162,-0.1527616098,-0.02554110172,0.1921343619,2.253613166,2.961273578,4,0.106,0,0.006,0.154,0.734
200,124,124,1.13622579,520.8000601,1.566024006,49.70936873,-1999120.637,2849172.037,141,141,0.6941540654,678.9644778,1.595769122,117.8264881,-1999129.507,2849177.606,470.5123033,6358.380655,0.6358380655,0.6358380655,0.5596053803,10.47272521,Retain,0.1277120597,-0.3650613468,-0.4927734065,0.2652026045,0.01881590127,0.8630080522,0.2390779315,2.857378673,1,0.312,0.542,0.08,0.064,0.002
201,128,128,0.8970200997,545.3066641,1.456924211,24.06046129,-1998892.378,2849173.326,142,142,0.6941540655,678.9644778,1.595769122,88.36986611,-1998868.079,2849151.831,294.5178967,3244.208111,0.3244208111,0.3244208111,0.361665041,32.4414558,Retain,-0.1086770095,-0.3650613468,-0.2563843373,0.2192204879,0.09102831927,1.300930903,-0.5669488533,4.106171377,3,0.098,0.388,0.058,0.454,0.002
203,132,132,18.11978486,237.9976012,2.857881166,24.85488504,-1999922.674,2849155.651,147,147,16.3993898,222.729088,2.544402719,29.45662204,-1999932.862,2849153.721,4094.846085,149077.5944,14.90775944,14.90775944,0.8227337995,10.36935218,Retain,2.897004427,2.797244127,-0.09976030086,-0.06630441409,-0.1161845645,0.1698581425,1.530569477,1.462813712,0,0.638,0.024,0.252,0.044,0.042
204,158,158,0.4186188407,697.3127379,1.272717606,48.12310006,-1999027.936,2848420.939,162,162,0.1735385164,1018.446717,1.196826841,29.45662204,-1999055.865,2848448.555,131.0969039,622.1957169,0.06221957169,0.06221957169,0.1486306053,39.27633074,Retain,-0.8707944611,-1.751355708,-0.8805612468,0.3787999174,-0.06148070598,-0.4908304029,-1.739850369,4.6784097,1,0.022,0.776,0.118,0.084,0
205,167,167,1.853890602,371.105346,1.425392043,108.325675,-1997815.623,2848328.864,171,171,0.6073848073,678.9644778,1.49270533,117.8264882,-1997911.265,2848311.792,265.0580771,3714.338034,0.3714338034,0.3714338034,0.2003536795,97.15391001,Retain,0.6172864587,-0.4985927394,-1.115879198,0.6040828371,0.04614323802,0.08407015943,-1.380356341,4.840028429,2,0.024,0.418,0.544,0.014,0
206,170,170,0.7774396267,503.3523212,1.251988905,54.16258498,-1997544.84,2848278.712,173,173,0.520615549,565.8037316,1.151647165,88.36986611,-1997538.849,2848286.543,289.9384922,4885.550224,0.4885550224,0.4885550224,0.6284153851,9.859563449,Retain,-0.2517492885,-0.6527434193,-0.4009941308,0.1169568893,-0.08354017612,0.4895335276,0.5243272623,2.986782899,1,0.306,0.51,0.034,0.148,0.002
209,149,149,4.544971528,269.9357903,1.62338348,48.1224671,-1999538.067,2848596.254,176,176,17.0067746,290.9847762,3.385137501,29.45662204,-1999313.761,2848507.318,1191.557505,39447.6088,3.94476088,3.94476088,0.8679396243,241.2941331,Retain,1.514021463,2.833611771,1.319590308,0.07508683352,0.7348819874,-0.4908172501,1.876470668,5.301375014,4,0.026,0.008,0.05,0.01,0.906
216,171,171,0.179409485,1090.595786,1.303111517,217.9804334,-1998193.976,2848194.022,175,175,0.4338462909,678.9644778,1.261566261,176.7397322,-1998207.514,2848180.499,151.215802,1257.709617,0.1257709617,0.1257709617,0.7010273826,19.13556255,Retain,-1.71808446,-0.835064976,0.8830194842,-0.473910608,-0.03240086587,-0.2097260221,0.8502812149,4.383007948,4,0,0,0,0.15,0.85
217,178,178,0.8970494071,597.1788776,1.595539969,24.85370977,-1997627.719,2848114.417,181,181,2.689847004,350.4332789,1.621303049,29.45662204,-1997564.03,2848086.998,503.8082504,7326.854872,0.7326854872,0.7326854872,0.8167727233,69.3404816,Retain,-0.1086443381,0.989484316,1.098128654,-0.5330463674,0.01601795962,0.1699054267,1.490414259,4.865730419,4,0.008,0.002,0,0.026,0.964
219,185,185,0.2990179298,815.2971911,1.25764952,74.56090951,-1998120.185,2847922.258,187,187,0.8676925818,678.9644778,1.784124116,176.7397322,-1998101.47,2847924.227,229.4392767,2370.992416,0.2370992416,0.2370992416,0.7929265036,18.81767742,Retain,-1.207251741,-0.1419177955,1.065333946,-0.1829838876,0.3496830853,0.8630540886,1.339099527,4.11084067,4,0.002,0,0.014,0.01,0.974
221,190,190,1.076466416,452.9423267,1.325678513,54.1633918,-1997674.555,2847903.002,192,192,0.6941540654,594.0939181,1.396297981,88.36986611,-1997678.768,2847885.197,399.1886565,6549.065258,0.6549065258,0.6549065258,0.6083854694,18.29701431,Retain,0.07368383999,-0.3650613468,-0.4387451868,0.271272615,0.05190002158,0.4895186318,0.4396227298,3.442315569,1,0.25,0.532,0.064,0.15,0.004
225,199,199,1.734317015,394.867568,1.466934678,76.34622473,-1997647.229,2847691.53,200,200,1.561846647,377.2024877,1.329807601,88.36986611,-1997669.767,2847682.682,564.4063622,13034.02047,1.303402047,1.303402047,0.7515362162,24.21235487,Retain,0.5506136846,0.4458688694,-0.1047448152,-0.0457682919,-0.09814069952,0.1462506647,1.104135374,3.483962435,3,0.15,0.06,0.064,0.708,0.018
226,216,216,0.5382395532,631.768541,1.307497506,72.18937189,-1997797.33,2847485.273,217,217,0.3470770327,678.9644778,1.128379167,117.8264881,-1997803.959,2847476.486,209.5213754,2697.492724,0.2697492724,0.2697492724,0.5011695457,11.0065802,Retain,-0.6194515517,-1.058208527,-0.4387569756,0.07204571629,-0.1473327715,0.4899149062,0.004668853594,3.280674863,1,0.084,0.802,0.026,0.088,0
227,226,226,74.33650404,126.0572356,3.065941847,72.18562844,-1999344.752,2847549.077,237,237,88.76495112,140.0405717,3.721942865,29.45662203,-1999399.266,2847626.577,10000.31649,667868.971,66.7868971,66.7868971,0.8984401132,94.75241472,Retain,4.308602137,4.485991877,0.1773897404,0.105196124,0.1938909942,-0.8963021379,2.171325584,2.969341757,4,0.142,0.038,0.086,0.032,0.702
228,249,249,18.5395016,216.2717979,2.626902694,24.06341699,-1997416.424,2847240.612,247,247,19.43631383,178.8343937,2.224093629,29.45662204,-1997456.923,2847232.548,3445.736578,155953.1007,15.59531007,15.59531007,0.8411935987,41.29423993,Retain,2.919903677,2.967143163,0.04723948628,-0.1900757374,-0.1664559942,0.2022184135,1.662046824,2.833160342,4,0.228,0.006,0.218,0.1,0.448
229,20,20,0.4783753348,717.414865,1.399747913,49.71333668,-2001311.88,2851549.896,11,11,0.1735385164,1018.446717,1.196826841,58.91324408,-2001338.753,2851556.228,177.4179215,1365.817045,0.1365817045,0.1365817045,0.2855115942,27.60946713,Retain,-0.7373596353,-1.751355708,-1.013996073,0.3503796334,-0.156618403,0.1697895405,-0.9151863908,4.259239705,1,0.006,0.808,0.178,0.008,0
231,246,246,0.657856968,819.1317789,1.87419417,24.06371956,-1997691.524,2847037.3,244,244,0.3470770327,848.7055973,1.410473959,29.45662204,-1997803.959,2847049.365,94.24679218,554.3131671,0.05543131671,0.05543131671,0.08426043868,113.0800093,Retain,-0.4187677452,-1.058208527,-0.6394407821,0.03546738905,-0.284253002,0.20220584,-2.375112864,5.509853274,1,0.006,0.692,0.184,0.104,0.014
233,26,26,5.022946145,283.1978621,1.790458665,48.11365453,-2001603.287,2851530.268,22,22,3.81784736,293.1892063,1.616040819,29.45662204,-2001587.796,2851534.136,1123.984966,36406.20831,3.640620831,3.640620831,0.7247979027,15.96693697,Retain,1.614016643,1.339686745,-0.2743298975,0.03467234336,-0.1024926054,-0.4906341094,0.9661387708,2.535939394,2,0.32,0.094,0.398,0.172,0.016
234,32,32,2.332093895,334.8995825,1.442722119,124.2826467,-1999721.651,2851457.469,29,29,1.995692938,295.2019469,1.176416604,147.2831102,-1999716.718,2851456.332,613.5561372,18334.61861,1.833461861,1.833461861,0.7861869821,5.062363941,Retain,0.8467665313,0.6909913275,-0.1557752039,-0.1261710453,-0.2040586472,0.1697970172,1.298697843,1.77101275,3,0.27,0.074,0.206,0.418,0.032
235,46,46,7.414927691,264.0814165,2.028553047,69.18366547,-2000768.326,2851096.962,35,35,0.1735385164,1018.446717,1.196826841,58.91324408,-2000631.794,2851320.575,175.6913324,1653.670729,0.1653670729,0.1653670729,0.02230191309,261.9992505,Retain,2.003495224,-1.751355708,-3.754850932,1.349776467,-0.5276489986,-0.1606963445,-3.737687742,5.138962791,2,0,0.01,0.99,0,0
236,46,46,7.414927691,264.0814165,2.028553047,69.18366547,-2000768.326,2851096.962,55,55,4.512001425,339.4822389,2.034214473,58.91324408,-2000792.673,2851071.893,1617.776319,42776.00356,4.277600356,4.277600356,0.5768903669,34.94604557,Retain,2.003495224,1.50674083,-0.4967543937,0.2511641786,0.00278698176,-0.1606963445,0.3093921834,3.124451263,1,0.162,0.462,0.35,0.022,0.004
237,29,29,1.255742487,427.8338621,1.352447817,0,-2001561.646,2851342.665,42,42,2.429539229,412.228433,1.812570758,29.45662204,-2001599.655,2851302.691,468.9578296,9839.895259,0.9839895259,0.9839895259,0.7835918083,55.16022045,Retain,0.2277270205,0.8877016218,0.6599746013,-0.03715730294,0.2928299977,10.29070797,1.283386939,4.468761611,4,0.01,0.004,0.008,0.012,0.966
239,47,47,3.04970415,354.426239,1.746022314,48.1155612,-2000473.7,2850934.439,59,59,1.041231098,452.6429852,1.302940032,65.86700926,-2000553.243,2850952.367,455.8576812,9953.726058,0.9953726058,0.9953726058,0.3263833332,81.53834328,Retain,1.115044586,0.04040376126,-1.074640825,0.2446034488,-0.2927169636,0.3140264546,-0.7230128715,4.415928293,2,0.002,0.19,0.798,0.01,0
240,47,47,3.04970415,354.426239,1.746022314,48.1155612,-2000473.7,2850934.439,60,60,0.3470770327,678.9644779,1.128379167,65.86700926,-2000337.228,2850922.911,234.893528,3465.953215,0.3465953215,0.3465953215,0.1136488343,136.9583207,Retain,1.115044586,-1.058208527,-2.173253113,0.650068557,-0.4365579998,0.3140264546,-2.046366965,4.934526603,2,0,0.302,0.698,0,0
241,60,60,1.494960218,393.6983026,1.357917634,48.1155612,-2000475.18,2850776.866,69,69,1.475077389,359.4517824,1.23152466,65.86700926,-2000466.317,2850778.227,519.9205332,13166.09651,1.316609651,1.316609651,0.8806987876,8.966489121,Retain,0.4020995963,0.3887104556,-0.01338914075,-0.09100484235,-0.09769941274,0.3140264546,1.991851786,2.564920862,3,0.126,0.014,0.042,0.694,0.124
243,64,64,3.468308103,309.8083609,1.627597587,24.8560126,-2001776.094,2850679.725,72,72,3.81784736,339.4822389,1.871205159,41.65795439,-2001756.502,2850673.868,1017.681428,30239.40127,3.023940127,3.023940127,0.871877595,20.44856438,Retain,1.243666897,1.339686745,0.09601984894,0.09146771441,0.1394776389,0.5163764269,1.911034504,2.968493075,4,0.166,0.008,0.002,0.134,0.69
244,85,85,6.577908586,340.1241984,2.460801122,34.59208947,-2001626.459,2850259.639,79,79,1.648615905,464.5546427,1.682641576,29.45662204,-2001567.43,2850515.944,762.8211858,14709.97669,1.470997669,1.470997669,0.2236269553,263.0149655,Retain,1.883716851,0.4999360907,-1.38378076,0.3117683488,-0.3801220312,-0.1607012463,-1.241479294,5.202721253,2,0,0.014,0.986,0,0
245,85,85,6.577908586,340.1241984,2.460801122,34.59208947,-2001626.459,2850259.639,107,107,4.251693651,346.4104479,2.014962798,29.45662204,-2001643.239,2850148.923,1438.306269,38200.76674,3.820076674,3.820076674,0.5807433509,111.9802995,Retain,1.883716851,1.44731741,-0.4363994411,0.01831349732,-0.1998862232,-0.1607012463,0.3251637787,4.348838406,2,0.094,0.094,0.772,0.024,0.016
246,78,78,0.9567876634,457.6114767,1.262698775,49.71119143,-2001765.633,2850222.146,93,93,0.7809233236,528.0834828,1.316442362,29.45662204,-2001765.874,2850250.318,373.5103397,5677.918424,0.5677918424,0.5677918424,0.5934355804,28.17335928,Retain,-0.04417378946,-0.2472783111,-0.2031045217,0.1432338626,0.04168160176,-0.5232975139,0.377413346,3.932864156,3,0.178,0.24,0.04,0.528,0.014
247,90,90,17.82026862,186.7407135,2.223776851,24.05922127,-1999689.753,2850154.258,108,108,14.05661983,201.1746601,2.127692162,29.45662203,-1999758.096,2850148.493,2931.003184,126681.4899,12.66814899,12.66814899,0.7108842888,68.58605036,Retain,2.880336496,2.643093447,-0.2372430494,0.07445239039,-0.04416913432,0.2023927821,0.8976355349,3.360300442,0,0.418,0.16,0.328,0.064,0.03
248,96,96,1.076401245,452.9482342,1.325655673,48.11839599,-2001726.986,2849720.355,118,118,1.301538873,407.3786867,1.311058117,88.36986611,-2001724.635,2849722.063,475.9738691,10159.60724,1.015960724,1.015960724,0.9438494506,2.905772035,Retain,0.07362329668,0.2635473127,0.189924016,-0.1060346587,-0.01107265069,0.6078570076,2.805336599,1.602596494,4,0.134,0,0.002,0.222,0.642
249,97,97,0.6578016237,592.4659771,1.355520076,24.05943362,-2000292.802,2849801.767,116,116,0.6073848073,581.9695524,1.279461712,65.86700926,-2000280.419,2849809.871,330.6172985,4910.52241,0.491052241,0.491052241,0.7465050606,14.79925051,Retain,-0.4188518768,-0.4985927394,-0.07974086265,-0.01787531785,-0.05774574918,1.007084147,1.077460124,3.476434988,3,0.112,0.044,0.002,0.792,0.05
250,105,105,3.289011709,401.3056839,2.053066841,24.05922127,-2000110.644,2849750.281,122,122,3.384001069,383.0056029,1.987538001,29.45662203,-2000107.995,2849732.184,1279.184193,28000.96039,2.800096039,2.800096039,0.8513487597,18.28984671,Retain,1.190587127,1.219058758,0.02847163042,-0.04667382294,-0.03243800773,0.2023927821,1.739688263,2.883472134,3,0.244,0.018,0.01,0.52,0.208
252,109,109,1.435211792,476.0380234,1.608772775,48.11950845,-1999798.148,2849622.591,125,125,1.561846647,452.6429852,1.595769122,29.45662204,-1999795.554,2849608.818,650.1937211,12140.72069,1.214072069,1.214072069,0.8459184045,14.01514041,Retain,0.3613124283,0.4458688695,0.08455644122,-0.05039402946,-0.008115808832,-0.4907557679,1.697652955,3.03191828,4,0.158,0.002,0.002,0.354,0.484
253,112,112,2.870426453,273.2092265,1.305760845,24.0595387,-1999535.784,2849609.208,126,126,4.945847716,285.8797801,1.793489661,41.65795438,-1999533.372,2849684.441,786.3758453,26118.25655,2.611825655,2.611825655,0.9099085793,75.2712678,Retain,1.054460608,1.598548379,0.5440877709,0.04533347424,0.3173773597,0.5489432366,2.302578915,4.366246416,4,0.022,0,0.016,0.018,0.944
254,6,6,0.2989823974,820.6719695,1.26586525,88.74455927,-2002781.583,2851727.735,7,7,0.3470770327,678.9644778,1.128379167,88.36986611,-2002782.128,2851718.24,201.788075,2229.240312,0.2229240312,0.2229240312,0.7456092168,9.510963431,Retain,-1.207370579,-1.058208527,0.1491620516,-0.1895546689,-0.1149736431,-0.004231044324,1.072747056,3.428600547,3,0.072,0.008,0.006,0.722,0.192
255,11,11,1.43511753,476.0475331,1.608752081,24.05652341,-2003085.574,2851648.432,8,8,0.3470770328,848.7055973,1.410473959,29.45662203,-2003025.145,2851674.055,248.9203542,2478.582893,0.2478582893,0.2478582893,0.1727094013,65.63691194,Retain,0.361246748,-1.058208527,-1.419455275,0.5781946534,-0.1315329843,0.2025049179,-1.561980262,4.575895024,1,0,0.754,0.244,0.002,0
256,111,111,3.28902528,282.8119255,1.446859607,49.70999738,-2001444.805,2849518.199,133,133,3.210462553,293.6062607,1.484035139,147.2831102,-2001460.958,2849512.576,876.2106805,27977.76001,2.797776001,2.797776001,0.8506398591,17.10392954,Retain,1.190591253,1.166415024,-0.02417622919,0.03745751781,0.02536940323,1.08613726,1.734130381,2.816436015,3,0.204,0.04,0.014,0.694,0.048
257,11,11,1.43511753,476.0475331,1.608752081,24.05652341,-2003085.574,2851648.432,15,15,0.7809233238,528.0834827,1.316442362,29.45662203,-2003107.787,2851592.231,307.0901746,5571.525042,0.5571525042,0.5571525042,0.3882277881,60.4314189,Retain,0.361246748,-0.2472783109,-0.6085250589,0.1037366737,-0.2005258558,0.2025049179,-0.4538285253,4.493267267,1,0.05,0.664,0.208,0.074,0.004
258,15,15,2.391871902,451.2338833,1.968637393,24.05674775,-2002869.715,2851547.936,16,16,1.041231098,452.6429852,1.302940032,58.91324407,-2002872.952,2851561.138,467.4069831,9358.682779,0.9358682779,0.9358682779,0.3912702336,13.59280048,Retain,0.872076282,0.04040376132,-0.8316725207,0.003117909385,-0.4127183509,0.8956257997,-0.4410648792,2.745940644,2,0.03,0.478,0.478,0.014,0
259,8,8,0.597965671,654.3947938,1.427489852,108.3090538,-2003476.948,2851656.743,9,9,0.3470770327,678.9644778,1.128379167,88.36986611,-2003489.087,2851629.87,206.4786959,2472.334446,0.2472334446,0.2472334446,0.4134575889,29.48789304,Retain,-0.514221933,-1.058208527,-0.5439865943,0.03685798118,-0.235135316,-0.2034556366,-0.3489777819,4.213489595,1,0.014,0.782,0.106,0.098,0
261,16,16,1.913498773,357.8716618,1.396485633,99.42661138,-2002527.858,2851552.772,18,18,1.388308131,381.9175188,1.269426563,88.3698661,-2002520.7,2851548.864,571.9169333,12317.0726,1.23170726,1.23170726,0.6436937811,8.154775343,Retain,0.6489333848,0.3280858338,-0.320847551,0.06503023037,-0.09539354512,-0.1178875092,0.5901822759,2.346624558,0,0.34,0.266,0.196,0.19,0.008
262,19,19,1.614516458,425.1347557,1.523852449,24.85661368,-2003537.783,2851429.561,25,25,1.388308131,381.9175188,1.269426563,29.45662204,-2003544.318,2851445.766,531.9384545,11632.16793,1.163216793,1.163216793,0.7204737905,17.47241755,Retain,0.4790355051,0.3280858338,-0.1509496714,-0.1072015251,-0.1826763608,0.1697885981,0.9446288923,3.193527919,3,0.15,0.102,0.178,0.54,0.03
263,22,22,2.152687138,432.8327152,1.791453768,87.63555326,-2002279.274,2851519.868,21,21,2.082462196,339.4822389,1.381976598,88.3698661,-2002281.365,2851518.18,845.9613272,17009.52763,1.700952763,1.700952763,0.7901532614,2.687771963,Retain,0.7667168933,0.7335509419,-0.03316595139,-0.242929684,-0.2595126597,0.008344160773,1.322360193,1.178091066,3,0.098,0.03,0.118,0.67,0.084
264,25,25,0.5381733744,545.3269488,1.128530061,24.05674775,-2002914.808,2851396.199,28,28,0.7809233237,452.6429852,1.128379167,58.91324407,-2002914.683,2851408.945,284.4682215,5040.033492,0.5040033492,0.5040033492,0.9365074031,12.74685209,Retain,-0.6195745135,-0.2472783111,0.3722962024,-0.1862818182,-1.337169857e-4,0.8956257997,2.676674213,3.427514993,4,0.01,0,0.004,0.06,0.926
265,38,38,3.587852987,286.5182049,1.530962698,69.18362758,-2002773.339,2851111.955,53,53,3.904616618,271.5857911,1.513879513,65.86700927,-2002779.837,2851115.033,1006.246999,33536.87219,3.353687219,3.353687219,0.9347337337,7.19054591,Retain,1.27755397,1.362159601,0.08460563136,-0.05352399768,-0.01122118201,-0.04912581303,2.64765,1.906494115,4,0.146,0.004,0.002,0.118,0.73
266,40,40,7.953077807,245.8098326,1.955518526,69.18362758,-2002407,2851130.878,54,54,8.503387302,249.4155225,2.051703156,65.86700927,-2002401.897,2851142.032,2008.52608,73159.52277,7.315952277,7.315952277,0.9198894384,12.26565288,Retain,2.073558999,2.14046459,0.06690559097,0.01456207178,0.04801486726,-0.04912581303,2.429526801,2.042469876,4,0.068,0.022,0,0.05,0.86
267,39,39,7.056120696,263.418788,1.973898494,103.7752434,-2003160.886,2851075.455,56,56,7.722463978,244.1220594,1.91372724,106.2073612,-2003166.222,2851092.866,1772.499785,63956.98443,6.395698443,6.395698443,0.906404343,18.20978366,Retain,1.953895424,2.044133481,0.09023805732,-0.07607677185,-0.03095774319,0.02316576085,2.260976587,2.497431159,4,0.046,0.002,0,0.014,0.938
268,73,73,1.076380819,499.1338624,1.460814522,149.1342928,-2002533.418,2850322.393,90,90,0.8676925818,543.1715823,1.427299293,147.2831102,-2002537.638,2850321.996,463.1342038,8116.806554,0.8116806554,0.8116806554,0.7540831652,4.238175694,Retain,0.07360432058,-0.1419177954,-0.215522116,0.08455093837,-0.02321011964,-0.01249045569,1.117776317,1.979931621,3,0.364,0.148,0.022,0.444,0.022
269,80,80,21.04926183,260.3407955,3.36942451,0,-2002986.901,2850236.583,82,82,0.5206155491,565.8037315,1.151647165,58.91324407,-2002870.498,2850407.42,262.6428233,3999.940788,0.3999940788,0.3999940788,0.01900276039,206.724145,Retain,3.046865492,-0.6527434193,-3.699608911,0.7762557292,-1.073548726,10.98383818,-3.893718214,4.380322306,2,0,0.004,0.996,0,0
270,80,80,21.04926183,260.3407955,3.36942451,0,-2002986.901,2850236.583,106,106,19.52308309,253.4800717,3.159461668,0,-2003002.791,2850230.68,5134.388124,177416.404,17.7416404,17.7416404,0.8428628305,16.95085254,Retain,3.046865492,2.971597514,-0.07526797825,-0.02670631733,-0.06434030646,0,1.67452714,1.879309319,0,0.718,0.026,0.156,0.052,0.048
271,72,72,0.5381908093,637.6856333,1.319683659,0,-2003337.693,2850262.918,92,92,0.6073848073,581.9695524,1.279461712,0,-2003335.491,2850260.137,321.6855593,4632.488765,0.4632488765,0.4632488765,0.8607521133,3.547672766,Retain,-0.6195421175,-0.4985927394,0.1209493781,-0.09142729316,-0.03095260413,0,1.815556182,2.148709667,4,0.08,0.004,0.02,0.422,0.474
273,83,83,0.657797048,594.8878455,1.361056405,138.3691306,-2002510.699,2849892.34,110,110,0.4338462909,678.9644778,1.261566261,171.7601461,-2002508.181,2849894.875,289.1924889,3912.909669,0.3912909669,0.3912909669,0.5948505973,3.572794819,Retain,-0.4188588329,-0.835064976,-0.4162061432,0.1321959179,-0.07590715364,0.2161726253,0.3832688812,2.055422365,1,0.376,0.444,0.068,0.11,0.002
274,324,324,59.86680058,162.2329642,3.541010348,24.06495959,-1998274.757,2845938.78,346,346,11.10646505,185.6543494,1.745372477,29.45662204,-1998397.464,2845501.281,2205.688883,102664.4769,10.26644769,10.26644769,0.1714881636,454.3806159,Retain,4.092122104,2.407527375,-1.684594729,0.1348532553,-0.707444109,0.2021543126,-1.570508761,4.6452413,2,0.002,0.018,0.978,0.002,0
275,84,84,0.119599772,1220.296568,1.190489677,48.11801186,-2002938.259,2849815.685,114,114,0.3470770328,678.9644778,1.128379167,88.36986611,-2002958.867,2849803.559,125.2574698,874.9951943,0.08749951943,0.08749951943,0.7316027278,23.91148642,Retain,-2.123604344,-1.058208527,1.065395817,-0.5862803863,-0.05358247794,0.6078649904,1.000416435,4.808567882,4,0.004,0.002,0,0.352,0.642
276,321,321,0.6578866243,823.8843624,1.88511069,34.59439137,-1997553.328,2845474.341,347,347,0.7809233237,678.9644778,1.692568751,29.45662203,-1997638.674,2845425.978,230.5931987,1635.572097,0.1635572097,0.1635572097,0.2486100243,98.09659671,Retain,-0.418722666,-0.2472783111,0.1714443549,-0.1934613725,-0.107739195,-0.1607677865,-1.103354977,5.367689144,3,0.022,0.06,0.178,0.494,0.246
278,339,339,0.4186579673,812.2832278,1.482628125,49.70287345,-1997894.94,2845217.347,357,357,0.5206155491,565.8037315,1.151647165,88.36986611,-1997862.872,2845252.511,150.5338993,931.1317266,0.09311317266,0.09311317266,0.2224086962,47.59133637,Retain,-0.8707009995,-0.6527434193,0.2179575802,-0.361601828,-0.2526230379,0.5754594798,-1.248483454,4.87038719,3,0.002,0.122,0.05,0.486,0.34
280,346,346,5.980832332,336.2618257,2.319815513,48.1326703,-1998165.366,2845176.491,365,365,6.507694364,325.9029494,2.345292057,41.65795438,-1998230.294,2845182.993,1898.271708,42767.55412,4.276755412,4.276755412,0.7150769617,65.25261421,Retain,1.788559744,1.872985225,0.08442548085,-0.03129046399,0.01092227643,-0.1444656017,0.9180649719,3.856366506,4,0.032,0.004,0.016,0.062,0.886
281,352,352,0.7775132797,505.3454505,1.257005957,54.16997207,-1997892.247,2844986.435,382,382,1.475077389,399.3908693,1.368360733,41.65795438,-1997927.85,2844944.083,336.6218872,4878.192826,0.4878192826,0.4878192826,0.627409583,55.32818613,Retain,-0.2516545551,0.3887104556,0.6403650107,-0.2353016961,0.08488080923,-0.2626288577,0.5200321006,4.711492768,4,0,0,0,0.04,0.96
282,362,362,1.973693665,446.9248796,1.771207626,34.59474812,-1998258.891,2844847.631,389,389,1.90892368,493.7923475,1.924569974,58.91324407,-1998228.402,2844868.236,751.9862082,14084.52589,1.408452589,1.408452589,0.7136125604,36.79828858,Retain,0.6799067439,0.646539565,-0.03336717888,0.09972455376,0.08304096433,0.5323521083,0.9109092533,3.837890084,3,0.204,0.046,0.002,0.714,0.034
283,382,382,9.569517083,214.5353333,1.872142526,34.59474812,-1998270.052,2844495.172,396,396,0.1735385163,1018.446717,1.196826841,121.452764,-1998010.155,2844604.465,138.68212,610.8042575,0.06108042575,0.06108042575,0.006382811715,281.9421996,Retain,2.258582743,-1.751355708,-4.009938451,1.55755947,-0.4474097551,1.25580286,-4.90320337,5.084779203,2,0,0.076,0.924,0,0
285,382,382,9.569517083,214.5353333,1.872142526,34.59474812,-1998270.052,2844495.172,399,399,7.028309913,209.5569376,1.567193288,106.2073612,-1998287.084,2844495.003,1390.659817,65272.09117,6.527209117,6.527209117,0.6820834386,17.03259279,Retain,2.258582743,1.949946266,-0.3086364764,-0.0234789678,-0.177797206,1.121672048,0.7616875112,2.278261013,2,0.192,0.064,0.64,0.072,0.032
286,379,379,15.84946383,195.0876408,2.190948213,34.59463367,-1997472.153,2844651.022,398,398,27.50585484,214.1843779,3.168804401,29.45662203,-1997414.843,2844774.979,3447.765697,125063.243,12.5063243,12.5063243,0.7890692348,136.5642005,Retain,2.763135672,3.314398885,0.5512632135,0.09338832548,0.3690199322,-0.1607747903,1.315860939,4.107599267,4,0.048,0.026,0.012,0.03,0.884
287,386,386,11.18468481,223.1304912,2.105066716,707.8336034,-2000083.637,2843416.652,407,407,13.01538873,172.0043344,1.750503691,712.4606378,-2000071.137,2843426.593,2460.148307,102105.2504,10.21052504,10.21052504,0.9129023489,15.97146176,Retain,2.414545415,2.566132406,0.1515869905,-0.2602370863,-0.184443591,0.006515613506,2.339277855,2.135958334,4,0.11,0.004,0.094,0.108,0.684
288,406,406,14.17571623,233.6759769,2.481884921,24.84886965,-2000525.665,2842224.427,422,422,12.06092689,200.2700978,1.962011372,58.91324407,-2000518.524,2842235.644,2677.690762,107425.6022,10.74256022,10.74256022,0.7578142824,13.29736025,Retain,2.651530376,2.489971045,-0.1615593315,-0.1542684974,-0.2350481632,0.8632303891,1.137931639,1.834240493,2,0.306,0.04,0.544,0.066,0.044
289,406,406,14.17571623,233.6759769,2.481884921,24.84886965,-2000525.665,2842224.427,424,424,0.6941540655,509.2233584,1.196826841,58.91324407,-2000444.008,2841927.595,340.6705833,5131.698955,0.5131698955,0.5131698955,0.03620063263,307.8589449,Retain,2.651530376,-0.3650613468,-3.016591723,0.7789512965,-0.7293445649,0.8632303891,-3.255594403,4.97624471,2,0,0,1,0,0
290,411,411,1.196279137,450.4779964,1.389904353,24.84886965,-2000592.881,2841759.557,430,430,1.214769615,436.4771643,1.357074079,65.86700926,-2000589.713,2841768.214,508.8687771,10144.94116,1.014494116,1.014494116,0.8480413017,9.217368815,Retain,0.1792160201,0.1945544412,0.0153384211,-0.03157317484,-0.02390396428,0.9748003727,1.713939893,2.703955037,3,0.126,0.008,0.002,0.694,0.17
291,420,420,1.1963218,490.7118567,1.514068862,99.39141292,-2002225.541,2840404.507,432,432,1.388308131,381.9175188,1.269426563,117.8264881,-2002235.339,2840401.374,510.4890189,10231.74308,1.023174308,1.023174308,0.8552667919,10.2869154,Retain,0.1792516826,0.3280858338,0.1488341512,-0.2506524397,-0.1762353641,0.1701458078,1.770804392,2.813709046,4,0.212,0.008,0.028,0.282,0.47
292,421,421,0.8374265632,469.1949383,1.211216428,24.84784206,-2001981.465,2840361.706,433,433,0.9544618401,432.0683041,1.19076692,29.45662203,-2001982.782,2840360.034,380.6564219,7840.337692,0.7840337692,0.7840337692,0.9362418195,2.128311362,Retain,-0.1774217049,-0.0466076156,0.1308140893,-0.08243464187,-0.01702759722,0.170141535,2.672281295,1.416874419,3,0.098,0,0.002,0.45,0.45
293,423,423,0.358897738,817.8522621,1.382150349,24.84784206,-2001860.911,2840302.791,434,434,0.3470770328,848.7055972,1.410473959,29.45662203,-2001854.244,2840296.434,261.6779587,2708.119771,0.2708119771,0.2708119771,0.7545658508,9.212028748,Retain,-1.024717783,-1.058208527,-0.03349074391,0.03703065036,0.02028527842,0.170141535,1.120372125,3.305342485,3,0.106,0.022,0.002,0.824,0.046
294,248,248,0.4784424928,613.4482931,1.19698278,24.06371956,-1997652.054,2846937.614,252,252,0.3470770327,678.9644778,1.128379167,29.45662204,-1997656.675,2846916.81,213.1471085,2604.277516,0.2604277516,0.2604277516,0.5443240421,21.31047645,Retain,-0.7372192576,-1.058208527,-0.3209892697,0.101472832,-0.05902180281,0.20220584,0.1774061148,4.0002203,1,0.13,0.48,0.01,0.38,0
295,287,287,70.39140015,145.3176281,3.439324636,24.0638948,-2000654.156,2846495.407,259,259,0.3470770327,678.9644779,1.128379167,29.45662203,-2000955.817,2846769.527,111.5033242,722.1861189,0.07221861189,0.07221861189,0.001025957883,407.6044833,Retain,4.254071099,-1.058208527,-5.312279626,1.541646925,-1.114492888,0.2021985579,-6.201686703,4.455629147,2,0,0,1,0,0
296,424,424,0.3589032508,683.6929289,1.155433226,2307.815178,-1999043.182,2839911.938,437,437,0.3470770327,678.9644778,1.128379167,1962.129452,-1999041.137,2839906.134,211.9971064,2794.087756,0.2794087756,0.2794087756,0.7785072299,6.153741664,Retain,-1.024702423,-1.058208527,-0.03350610408,-0.006940071686,-0.02369312373,-0.162270852,1.253767356,2.901938942,3,0.2,0.016,0.006,0.736,0.042
297,265,265,0.4784466371,610.1496847,1.190551571,54.16620751,-1997519.534,2846665.755,271,271,0.4338462909,678.9644778,1.261566261,188.6144105,-1997512.338,2846660.538,267.0886436,3525.538302,0.3525538302,0.3525538302,0.7368717906,8.888406164,Retain,-0.7372105955,-0.835064976,-0.09785438055,0.106864499,0.05793730869,1.247634379,1.027335457,3.12583049,3,0.252,0.054,0,0.658,0.036
298,274,274,4.246217638,381.0918461,2.215265835,24.06412671,-1997947.147,2846603.323,274,274,0.8676925818,543.1715823,1.427299293,0,-1997936.513,2846669.375,457.833018,8305.471793,0.8305471793,0.8305471793,0.1955969406,66.90236974,Retain,1.446028619,-0.1419177954,-1.587946415,0.3543848475,-0.4395883598,-10.08851905,-1.410187201,4.052599969,2,0,0.044,0.956,0,0
299,290,290,119.1331261,108.1283867,3.329285662,0,-2002056.091,2846401.106,266,266,0.5206155491,565.8037315,1.151647165,0,-2001515.493,2846725.342,294.5662,5206.156538,0.5206156538,0.5206156538,0.004370032675,630.3769188,Retain,4.780241575,-0.6527434193,-5.432984994,1.6549279670000001,-1.06156453,0,-5.223545562,4.628563666,2,0,0,1,0,0
300,287,287,70.39140015,145.3176281,3.439324636,24.0638948,-2000654.156,2846495.407,277,277,1.648615905,500.2896152,1.812075543,29.45662204,-2000871.323,2846613.717,802.0846106,14348.40474,1.434840474,1.434840474,0.02038374675,247.3032649,Retain,4.254071099,0.4999360907,-3.754135008,1.236265276,-0.6408022282,0.2021985582,-3.825550068,3.955948814,2,0,0.002,0.998,0,0
301,270,270,0.8970901985,541.7696317,1.447530693,24.06412671,-1997774.92,2846544.168,278,278,0.6941540654,509.2233584,1.196826841,58.91324408,-1997774.502,2846563.331,350.3349209,5680.880129,0.5680880129,0.5680880129,0.6332562922,19.16716285,Retain,-0.1085988662,-0.3650613468,-0.2564624806,-0.06195413894,-0.1901853793,0.8953191283,0.5450668698,3.579915094,1,0.074,0.396,0.14,0.376,0.014
302,292,292,103.5838242,96.62693646,2.774209464,24.06408393,-2003526.338,2846237.88,281,281,0.95446184,493.7923475,1.360876479,0,-2003203.893,2846500.401,276.902197,3180.467975,0.3180467975,0.3180467975,0.00307042919,415.7980745,Retain,4.640381181,-0.04660761563,-4.686988796,1.631257532,-0.7122368663,-10.08851727,-5.501934257,4.282376502,2,0,0,1,0,0
303,274,274,4.246217638,381.0918461,2.215265835,24.06412671,-1997947.147,2846603.323,282,282,2.169231455,434.5372658,1.805406667,0,-1997975.396,2846534.463,634.3600323,14547.13116,1.454713116,1.454713116,0.3425903335,74.42876363,Retain,1.446028619,0.7743729364,-0.6716556826,0.1312412961,-0.2045865452,-10.08851905,-0.6503772746,4.159206544,2,0.05,0.13,0.798,0.016,0.006
305,279,279,0.1794190187,1099.345632,1.313601276,102.2806689,-1998056.896,2846305.941,290,290,0.2603077746,905.2859704,1.302940032,93.1500178,-1998054.34,2846312.949,188.8011523,1473.819961,0.1473819961,0.1473819961,0.8214402082,7.460153177,Retain,-1.718031322,-1.3458906,0.3721407224,-0.1942195185,-0.008149157293,-0.09350844336,1.52176753,3.441090588,3,0.026,0.004,0,0.546,0.424
306,287,287,70.39140015,145.3176281,3.439324636,24.0638948,-2000654.156,2846495.407,304,304,0.3470770327,678.9644778,1.128379167,58.91324407,-2001220.927,2846121.481,203.0027184,1969.061485,0.1969061485,0.1969061485,0.002797304047,679.0060618,Retain,4.254071099,-1.058208527,-5.312279626,1.541646925,-1.114492888,0.8953287649,-5.571665004,4.965960921,2,0,0,1,0,0
308,287,287,70.39140015,145.3176281,3.439324636,24.0638948,-2000654.156,2846495.407,314,314,68.54771396,140.0901391,3.271893225,29.45662203,-2000636.53,2846531.823,9102.07956,573351.1067,57.33511067,57.33511067,0.8145186848,40.45804997,Retain,4.254071099,4.227530057,-0.02654104169,-0.03663581929,-0.04990634013,0.2021985578,1.475493287,2.145619744,0,0.44,0.096,0.292,0.08,0.092
312,290,290,119.1331261,108.1283867,3.329285662,0,-2002056.091,2846401.106,327,327,217.5305303,101.2894754,4.21424227,0,-2002774.884,2846311.316,11258.9856,975833.7715,97.58337715,97.58337715,0.819112033,724.3795842,Retain,4.780241575,5.38233921,0.6020976349,-0.06533677709,0.2357120404,0,1.506050025,4.767561079,4,0.016,0.018,0.052,0.01,0.904
318,298,298,0.3588430726,679.4057243,1.148091636,24.85197392,-1998685.02,2845807.689,321,321,0.8676925818,543.1715823,1.427299293,29.45662204,-1998667.038,2845791.567,243.2801717,3135.723481,0.3135723481,0.3135723481,0.8738425569,24.15113918,Retain,-1.02487011,-0.1419177955,0.8829523142,-0.2237932218,0.2176829353,0.169975269,1.928617907,4.269172953,4,0,0,0,0.012,0.988
319,308,308,0.4186527105,823.5492346,1.503182079,124.2592412,-1997657.233,2845673.471,328,328,0.3470770327,678.9644778,1.128379167,93.15001781,-1997627.219,2845679.632,189.0136961,2203.204228,0.2203204228,0.2203204228,0.5262605909,30.63966625,Retain,-0.8707135561,-1.058208527,-0.1874949713,-0.1930545241,-0.2868020097,-0.2881560618,0.1049288649,4.43004981,3,0.008,0.184,0.156,0.632,0.02
321,324,324,59.86680058,162.2329642,3.541010348,24.06495959,-1998274.757,2845938.78,330,330,52.14832417,180.7559342,3.682203702,0,-1998187.066,2846066.367,8462.608157,406980.7662,40.69807662,40.69807662,0.6798104496,154.8161869,Retain,4.092122104,3.954092046,-0.1380300579,0.1081143384,0.03909930945,-10.08855366,0.7512524776,3.568548872,2,0.244,0.12,0.568,0.056,0.012
322,297,297,5.322812754,293.7878646,1.912051189,0,-2002221.718,2845752.166,335,335,0.1735385164,1018.446717,1.196826841,58.91324407,-2002266.637,2845591.262,175.6799956,1602.7582,0.16027582,0.16027582,0.03011111368,167.0559651,Retain,1.672001877,-1.751355708,-3.423357585,1.243175961,-0.4685028314,10.98383818,-3.440646921,4.854698867,2,0,0.074,0.926,0,0
325,311,311,0.8373053724,528.6195212,1.364520937,54.16854853,-1997922.544,2845622.094,336,336,1.301538873,497.9072837,1.602404365,29.45662204,-1997981.68,2845621.701,394.2264043,6434.915833,0.6434915833,0.6434915833,0.7685267581,59.13711018,Retain,-0.1775664335,0.26354731260000003,0.4411137461,-0.05985504906,0.160701824,-0.6091662259,1.197000596,4.741023719,4,0.002,0,0,0.04,0.958
326,10,10,0.1195933569,1233.682104,1.203515979,122.8583694,-2003860.391,2851576.769,14,14,0.2603077746,905.2859704,1.302940032,93.15001781,-2003876.932,2851546.409,97.20341382,271.4992654,0.02714992654,0.02714992654,0.2270186844,34.57328738,Retain,-2.123657983,-1.3458906,0.7777673838,-0.3095076737,0.07937601822,-0.2768183392,-1.222120159,5.177304201,3,0,0.004,0.004,0.524,0.468
327,17,17,2.810454869,296.7232166,1.403249526,55.22805316,-2004263.121,2851389.951,31,31,2.776616262,318.264599,1.496033552,58.91324408,-2004257.72,2851407.104,815.6017738,22918.66092,2.291866092,2.291866092,0.8154787035,17.9833164,Retain,1.033346345,1.021233014,-0.01211333084,0.07008333535,0.06402666994,0.06459375611,1.481831148,2.945191837,3,0.122,0.02,0,0.8,0.058
328,24,24,1.195938361,529.6877465,1.634065243,55.22805316,-2004040.644,2851396.495,32,32,1.041231098,452.6429852,1.302940032,58.91324408,-2004041.398,2851416.309,461.5966755,8693.62416,0.869362416,0.869362416,0.7269291166,19.82896966,Retain,0.1789311164,0.04040376137,-0.138527355,-0.1571839728,-0.2264476503,0.06459375611,0.9768169044,3.470093797,3,0.09,0.094,0.142,0.638,0.036
329,18,18,1.195938234,411.6713361,1.26998933,24.85661368,-2003740.273,2851392.813,33,33,1.301538873,407.3786867,1.311058117,41.65795439,-2003731.613,2851397.162,441.6093837,9556.97815,0.955697815,0.955697815,0.7991197102,9.691027113,Retain,0.1789310105,0.2635473127,0.0846163022,-0.01048211605,0.03182603506,0.5163522456,1.377086457,2.754203038,4,0.196,0.004,0.002,0.376,0.422
330,23,23,0.3587822799,817.989828,1.382160457,48.11371142,-2004601.354,2851284.275,38,38,0.1735385164,1018.446717,1.196826841,131.7340185,-2004578.982,2851291.119,144.5186445,1161.411044,0.1161411044,0.1161411044,0.3237091431,23.39530974,Retain,-1.025039537,-1.751355708,-0.7263161709,0.2191840175,-0.1439740679,1.007204489,-0.7351709696,4.237463018,1,0.102,0.664,0.132,0.102,0
331,28,28,1.195943811,532.3617903,1.642318302,24.05697926,-2003553.914,2851283.001,39,39,1.128000356,574.5084043,1.7212584,29.45662204,-2003542.335,2851297.916,572.2597977,8346.889447,0.8346889447,0.8346889447,0.6979332449,18.88226039,Retain,0.1789356737,0.120446469,-0.05848920464,0.07619141094,0.04694680862,0.2024859698,0.8356021416,3.421172942,3,0.102,0.05,0.008,0.82,0.02
332,37,37,3.587847679,408.5482853,2.18300866,49.71308644,-2004824.406,2851026.925,44,44,0.5206155491,678.9644778,1.381976598,41.65795438,-2004785.178,2851188.02,338.5091391,4764.945014,0.4764945014,0.4764945014,0.132807896,165.8027871,Retain,1.27755249,-0.6527434192,-1.93029591,0.5079587019,-0.4571892529,-0.1767719858,-1.870007849,5.044393782,2,0.004,0.036,0.96,0,0
333,37,37,3.587847679,408.5482853,2.18300866,49.71308644,-2004824.406,2851026.925,63,63,2.689847004,372.3353588,1.722634489,41.65795438,-2004836.014,2850979.449,977.2812603,22630.1346,2.26301346,2.26301346,0.6307440177,48.87506955,Retain,1.27755249,0.989484316,-0.2880681744,-0.09281515854,-0.2368492458,-0.1767719858,0.5342896663,3.822876599,2,0.128,0.256,0.5,0.094,0.022
334,43,43,1.734139065,393.9676226,1.463516289,108.3126119,-2004354.575,2850823.622,66,66,1.822154422,387.9797016,1.477395127,121.452764,-2004352.446,2850845.061,656.813552,14945.66778,1.494566778,1.494566778,0.8618494377,21.5442369,Retain,0.5505110741,0.6000195492,0.0495084751,-0.01531570704,0.009438530507,0.1145028147,1.824683683,3.367264172,3,0.06,0.002,0.002,0.67,0.266
335,45,45,9.089248077,198.6754539,1.689675319,24.05697926,-2003563.288,2850984.878,68,68,8.069541011,226.3214926,1.813615769,58.91324407,-2003554.81,2850979.449,1795.388325,77499.81773,7.749981773,7.749981773,0.8526537848,10.06821659,Retain,2.207092185,2.088096605,-0.1189955803,0.1302839137,0.07078612356,0.8956161767,1.749976873,1.778301758,0,0.756,0.076,0.008,0.116,0.044
336,50,50,0.7175778642,545.3217914,1.30311408,110.4550539,-2003922.935,2850672.799,70,70,0.6073848072,581.9695525,1.279461712,277.8932165,-2003937.248,2850685.154,315.9724005,4853.086701,0.4853086701,0.4853086701,0.6763149956,18.90768418,Retain,-0.3318738157,-0.4985927395,-0.1667189238,0.06504206768,-0.01831739422,0.9226227853,0.7352809511,3.677923148,3,0.124,0.13,0.008,0.728,0.01
337,57,57,21.10869673,192.8978358,2.500075553,69.18361657,-2005300.197,2850691.766,77,77,21.34523751,173.8811468,2.266199083,65.86700926,-2005298.274,2850695.879,4001.812964,196628.9168,19.66289168,19.66289168,0.9315066643,4.540448412,Retain,3.049685123,3.060828647,0.0111435246,-0.1037886993,-0.09821693701,-0.04912565404,2.59664544,0.5607683762,0,0.358,0.052,0.156,0.108,0.326
338,59,59,2.451730491,380.0414937,1.678658866,69.18392601,-2004470.807,2850573.452,78,78,2.429539229,339.4822389,1.49270533,65.86700926,-2004479.04,2850581.004,823.5683872,20823.01233,2.082301233,2.082301233,0.8493189771,11.17151531,Retain,0.8967940982,0.8877016217,-0.009092476477,-0.1128588106,-0.1174050489,-0.0491301267,1.723831764,2.537424666,3,0.168,0.03,0.064,0.646,0.092
339,61,61,0.2391942482,817.979497,1.128529334,49.7120322,-2004585.801,2850457.609,81,81,0.3470770327,678.9644778,1.128379167,65.86700926,-2004578.982,2850451.605,189.3303941,2251.366305,0.2251366305,0.2251366305,0.941229282,9.085780792,Retain,-1.430479303,-1.058208527,0.3722707759,-0.1862684607,-1.330727797e-4,0.2813857639,2.757732768,3.494425292,4,0.01,0.002,0,0.396,0.592
340,66,66,3.288922367,297.9320312,1.52418989,49.7120322,-2004795.728,2850394.422,87,87,3.297231811,285.8797801,1.464378176,88.36986611,-2004804.557,2850394.242,907.3989755,28370.38402,2.837038402,2.837038402,0.8626042471,8.831068089,Retain,1.190559963,1.193083271,0.002523308135,-0.04129400411,-0.04003235004,0.5752752304,1.830997261,2.15547416,3,0.242,0.012,0.01,0.634,0.102
341,68,68,0.5381905579,733.0171893,1.51697095,156.7047217,-2004370.675,2850274.502,89,89,0.6073848073,581.9695524,1.279461712,176.7397322,-2004366.473,2850272.761,332.9806045,4604.106196,0.4604106196,0.4604106196,0.8554788129,4.548524472,Retain,-0.6195425847,-0.4985927394,0.1209498453,-0.2307510213,-0.1702760986,0.1203142068,1.772507889,2.397158951,3,0.166,0.006,0.03,0.436,0.362
342,70,70,1.076377972,455.9144243,1.334322475,102.292426,-2003674.316,2850333.795,88,88,0.95446184,493.7923475,1.360876479,131.7340185,-2003675.199,2850329.762,462.2470867,8886.692047,0.8886692047,0.8886692047,0.8256107316,4.129082467,Retain,0.07360167495,-0.04660761567,-0.1202092906,0.07980995383,0.01970530852,0.2529470604,1.55032599,1.95386148,3,0.348,0.026,0.008,0.564,0.054
343,74,74,2.571358606,362.3617019,1.639149943,143.7166298,-2004008.769,2850188.711,96,96,2.256000713,391.7102757,1.659700209,131.7340185,-2003992.115,2850191.027,853.8763702,20631.79806,2.063179806,2.063179806,0.8023695338,16.81458199,Retain,0.9444343999,0.8135936496,-0.1308407503,0.07787958422,0.01245920908,-0.08705800114,1.397368655,2.922453699,3,0.426,0.048,0.02,0.486,0.02
345,95,95,38.6302812,161.16042530000001,2.825643759,24.85561814,-2005891.107,2849963.525,103,103,18.82892903,181.4743766,2.221381703,93.1500178,-2005605.009,2850146.79,3279.956017,155267.9988,15.52679988,15.52679988,0.40193339,339.7618903,Retain,3.654036456,2.935394465,-0.7186419908,0.1187141684,-0.240606827,1.321097983,-0.3966015309,4.573594708,2,0.016,0.17,0.798,0.012,0.004
346,95,95,38.6302812,161.16042530000001,2.825643759,24.85561814,-2005891.107,2849963.525,130,130,14.57723537,202.0727613,2.176408569,186.3000356,-2006102.661,2849696.604,3057.030715,122461.0726,12.24610726,12.24610726,0.3170079762,340.5908062,Retain,3.654036456,2.679461091,-0.9745753649,0.2262275374,-0.261060145,2.014239796,-0.7658697916,4.576031426,2,0.002,0.11,0.88,0.006,0.002
347,115,115,1.674417295,468.358158,1.709641329,372.8255663,-2002471.306,2849371.124,131,131,0.1735385164,1018.446717,1.196826841,353.4794644,-2002399.192,2849435.351,159.3544555,1478.442955,0.1478442955,0.1478442955,0.08829596777,96.56889755,Retain,0.5154652212,-1.751355708,-2.266820929,0.7768006208,-0.3566098437,-0.05328512125,-2.324455324,4.884899405,2,0,0.294,0.706,0,0
348,110,110,0.4186045038,701.1128082,1.279631485,259.4576603,-2001973.054,2849410.73,135,135,0.3470770327,678.9644779,1.128379167,294.5662204,-2001986.799,2849391.167,189.8511646,2244.323943,0.2244323943,0.2244323943,0.5361442417,23.90907596,Retain,-0.8708287099,-1.058208527,-0.1873798176,-0.03209998793,-0.1257898967,0.126909845,0.1445395049,4.182079256,3,0.014,0.2,0.03,0.748,0.008
349,121,121,0.7176113936,543.0935663,1.297819779,24.85488504,-2000073.394,2849317.716,138,138,0.6073848073,581.9695524,1.279461712,58.91324407,-2000074.223,2849309.109,341.3783532,5296.714071,0.5296714071,0.5296714071,0.7381033967,8.646640805,Retain,-0.331827091,-0.4985927394,-0.1667656485,0.06913651227,-0.01424631197,0.8629883494,1.033677014,2.895565033,3,0.228,0.07,0.012,0.664,0.026
350,133,133,1.315637679,370.5919967,1.199110637,34.59281057,-2000375.896,2848851.821,152,152,1.214769615,387.9797016,1.20628807,65.86700926,-2000383.517,2848850.427,459.6224736,11491.92827,1.149192827,1.149192827,0.8734873172,7.747534074,Retain,0.2743214754,0.1945544412,-0.07976703422,0.04585130477,0.005967787666,0.6439780991,1.925421959,2.482707879,3,0.238,0.036,0.002,0.638,0.086
351,138,138,0.4784169211,714.0518275,1.393246847,803.2958383,-2002877.447,2848475.485,160,160,0.4338462909,678.9644779,1.261566261,913.6302664,-2002873.443,2848498.631,256.6185451,3005.401134,0.3005401134,0.3005401134,0.6281970812,23.49003997,Retain,-0.7372727068,-0.8350649761,-0.09779226927,-0.05038673642,-0.09928287105,0.1287027543,0.52339462,4.097620367,3,0.04,0.064,0.018,0.858,0.02
353,146,146,0.6578256743,597.2854872,1.366571755,149.1252812,-1999940.791,2848544.264,159,159,0.6073848074,678.9644778,1.49270533,29.45662204,-1999956.396,2848547.445,367.29818,4607.340113,0.4607340113,0.4607340113,0.7003892205,15.92573728,Retain,-0.4188153154,-0.4985927392,-0.07977742387,0.1281736086,0.08828489667,-1.621840782,0.8472466324,3.549771887,3,0.252,0.034,0.036,0.648,0.03
354,155,155,7.535112942,396.7284886,3.072085786,0,-2000432.063,2848429.82,166,166,9.457849142,298.9935315,2.593898942,29.45662204,-2000426.544,2848463.283,2662.390916,58685.90896,5.868590896,5.868590896,0.7788325061,33.91481673,Retain,2.019573821,2.246844994,0.2272711729,-0.2828301996,-0.1691946131,10.29070797,1.255647586,3.086459508,4,0.112,0.004,0.08,0.06,0.744
355,194,194,1.853919765,526.8509088,2.023616765,24.06243389,-2000015.043,2847658.802,213,213,1.561846647,528.0834828,1.861730642,58.91324407,-1999973.93,2847617.223,681.3046848,8994.800523,0.8994800523,0.8994800523,0.4851774437,58.47315103,Retain,0.6173021893,0.4458688694,-0.1714333199,0.002336779559,-0.08337988038,0.8953894739,-0.05918915529,4.332298642,3,0.086,0.282,0.138,0.458,0.036
356,161,161,36.3593426,190.9493472,3.248039163,681.4493273,-2006469.575,2848568.037,189,189,32.01785627,193.2012742,3.083906339,646.0341569,-2006458.737,2848551.892,7299.079617,270763.5119,27.07635119,27.07635119,0.7446875895,19.44513715,Retain,3.593451189,3.466293756,-0.1271574332,0.01172432204,-0.05185439454,-0.05336943649,1.067909677,1.743287795,0,0.48,0.05,0.41,0.042,0.018
357,210,210,0.837261391,702.9766196,1.814539729,72.18825648,-2000198.249,2847359.371,225,225,0.6941540654,509.2233584,1.196826841,58.91324407,-2000160.488,2847329.203,317.000585,4267.028124,0.4267028124,0.4267028124,0.5096410953,48.33161251,Retain,-0.1776189622,-0.36506134690000003,-0.1874423847,-0.3224368948,-0.4161580872,-0.2032083362,0.03849215844,4.539280964,3,0.004,0.204,0.282,0.394,0.116
358,226,226,74.33650404,126.0572356,3.065941847,72.18562844,-1999344.752,2847549.077,227,227,0.3470770327,678.9644779,1.128379167,29.45662204,-1999954.292,2847299.746,122.5238852,909.4638067,0.09094638067,0.09094638067,0.001223441724,658.5623632,Retain,4.308602137,-1.058208527,-5.366810665,1.683832757,-0.9995725757,-0.8963021377,-6.108475491,4.908124614,2,0,0,1,0,0
360,225,225,1.913748311,408.1422728,1.592755292,48.12665996,-2000961.734,2847142.239,243,243,3.731078102,300.00756,1.634723993,58.91324407,-2000943.829,2847143.9,745.3195801,18136.639,1.8136639,1.8136639,0.9477024169,17.98237613,Retain,0.6490637853,1.316697227,0.6676334419,-0.3078081472,0.02600857379,0.2022258334,2.87920419,3.137280833,4,0.06,0,0.004,0.01,0.926
361,233,233,1.973560599,498.9185649,1.977197103,24.06342772,-2001793.395,2846947.789,246,246,1.561846647,339.4822389,1.196826841,29.45662204,-2001666.049,2847042.819,291.5765257,4667.690462,0.4667690462,0.4667690462,0.2365111294,158.8952502,Retain,0.6798393222,0.4458688694,-0.2339704528,-0.3850212555,-0.5020064819,0.2022179677,-1.168992985,5.300696757,2,0.018,0.272,0.434,0.142,0.134
362,233,233,1.973560599,498.9185649,1.977197103,24.06342772,-2001793.395,2846947.789,251,251,1.475077389,399.3908693,1.368360733,29.45662203,-2001843.848,2846993.917,283.5985521,2713.854136,0.2713854136,0.2713854136,0.1375105551,68.36106009,Retain,0.6798393222,0.3887104556,-0.2911288666,-0.222502326,-0.3680667593,0.2022179676,-1.830035141,4.457263276,1,0.018,0.43,0.426,0.09,0.036
363,290,290,119.1331261,108.1283867,3.329285662,0,-2002056.091,2846401.106,258,258,8.243079527,235.8508186,1.910192787,0,-2001317.203,2846909.214,2150.962164,65704.95375,6.570495375,6.570495375,0.05515254731,896.7317015,Retain,4.780241575,2.109374003,-2.670867572,0.7798801935,-0.5555535923,0,-2.824009255,4.981001982,2,0,0,1,0,0
365,238,238,52.50793975,134.7346561,2.754145469,34.59356913,-2004968.792,2847229.503,265,265,52.92924749,164.7323651,3.380818542,106.2073612,-2004982.344,2847232.479,7729.743312,446100.8706,44.61008706,44.61008706,0.8495874581,13.875466,Retain,3.960964391,3.968956069,0.007991677252,0.2010147936,0.2050106322,1.121706128,1.725919061,1.222077059,0,0.38,0.238,0.198,0.092,0.092
