OBJECTID,FID_Vungtau_1996_vect,ID_1996,AREA_1996,ED_1996,SHAPE_1996,ENN_1996,POINT_X_1996,POINT_Y_1996,FID_vungtau_2007_Project,ID_2007,AREA_2007,ED_2007,SHAPE_2007,ENN_2007,POINT_X_2007,POINT_Y_2007,Shape_Length,Shape_Area,OVERLAP_96_07,MAX_OVERLAP_96_07,RETENTION_96_07,CENTROID_96_07,EVENT TYPE,log_area_parent,log_area_child,log_change_area,log_change_ED,log_change_shape_index,log_change_ENN,logit_retention_ratio,log_centroid_shift,Predicted_Typology,Prob_0,Prob_1,Prob_2,Prob_3,Prob_4
1,10,10,1.993169279,392.6358178,1.563713104,170.2690611,-1997387.089,2851747.532,19,19,0.2391879964,1032.521687,1.424504878,216.6205333,-1997299.289,2851803.039,146.5858495,181.3938005,0.01813938005,0.01813938005,0.00910077244,103.8738338,Retain,0.6897259746,-1.430505441,-2.120231415,0.9668768191,-0.09323888851,0.2407659737,-4.587009617,4.870688608,2,0.002,0.216,0.78,0.002,0
2,17,17,0.3623944144,664.4606148,1.128379167,67.304756,-1996585.345,2851551.884,39,39,0.837164884,701.1317517,1.809673408,72.17190654,-1996596.322,2851548.261,232.8861484,2411.272004,0.2411272004,0.2411272004,0.6653722874,11.55922617,Retain,-1.015022118,-0.1777342339,0.8372878838,0.05372021168,0.4723641536,0.06981895925,0.6858459569,3.527446429,4,0.002,0,0.032,0.056,0.91
3,25,25,4.167535766,404.4542873,2.329186044,85.13453053,-1996979.257,2851464.203,41,41,3.647651473,442.2981263,2.382960455,87.63634156,-1997003.595,2851478.485,1544.997107,29276.75789,2.927675789,2.927675789,0.7024956602,28.21895696,Retain,1.427324918,1.294083528,-0.1332413894,0.08944542897,0.02282473429,0.02896271717,0.8572772363,3.198731905,3,0.396,0.08,0.024,0.478,0.022
4,34,34,1.449577658,498.345461,1.692568751,30.09960192,-1996457.422,2851388.218,47,47,1.435145994,440.2920005,1.487934811,24.0575354,-1996451.411,2851396.074,614.9286395,10897.60855,1.089760855,1.089760855,0.7517781812,9.891843948,Retain,0.3712722435,0.361266582,-0.01000566153,-0.1238553891,-0.1288582199,-0.224055333,1.105427266,2.678540483,3,0.09,0.03,0.076,0.728,0.076
5,37,37,1.177781847,408.8988399,1.251824291,30.09960192,-1996674.486,2851314.561,46,46,1.195956406,408.9926345,1.26173523,24.85626101,-1996680.86,2851342.274,418.3978347,8228.388895,0.8228388895,0.8228388895,0.6986343792,28.43711325,Retain,0.1636328787,0.1789462048,0.01531332601,2.293570804e-4,0.007886020085,-0.1913952654,0.8389209332,3.838278765,3,0.004,0.012,0.006,0.916,0.062
6,41,41,8.78806455,226.0536112,1.890397509,30.09960193,-1995651.792,2851395.956,48,48,4.245638951,391.7109535,2.276838956,188.3682218,-1995696.555,2851465.872,1584.716305,35067.63861,3.506763861,3.506763861,0.3990371078,83.01819604,Retain,2.1733945,1.445892327,-0.7275021729,0.5497520154,0.1860009289,1.833858813,-0.4086384901,3.904739552,2,0.068,0.382,0.544,0.004,0.002
7,48,48,4.167535766,288.8959195,1.663704317,30.09960192,-1996452.514,2851167.133,63,63,4.066270221,300.5325877,1.70956161,24.0575354,-1996451.883,2851196.635,1174.214146,31092.27109,3.109227109,3.109227109,0.7460588904,29.50869272,Retain,1.427324918,1.402726172,-0.0245987461,0.03948971007,0.02719033702,-0.224055333,1.075111442,3.24342126,3,0.162,0.016,0.034,0.732,0.056
8,46,46,1.721373468,349.716113,1.294339674,60.19920385,-1995984.145,2851166.134,58,58,0.6577794343,519.3205159,1.188148416,141.5270725,-1995976.11,2851203.66,336.3796443,6384.18489,0.638418489,0.638418489,0.3708773841,38.37681895,Retain,0.5431225004,-0.41888561,-0.9620081104,0.3953995372,-0.08560451798,0.8548223511,-0.5273502417,3.948283354,1,0.046,0.654,0.292,0.008,0
9,49,49,0.3623944145,664.4606147,1.128379167,67.304756,-1997187.337,2851070.291,57,57,0.4185869603,701.1280683,1.279632522,54.15658264,-1997210.591,2851109.619,129.3034997,1005.694788,0.1005694788,0.1005694788,0.2775138766,45.68849557,Retain,-1.015022118,-0.8708706202,0.1441514973,0.05371495815,0.1257907068,-0.2173477665,-0.9546134819,4.901744417,3,0,0.008,0.006,0.862,0.124
10,50,50,0.6341902252,569.5376698,1.279461712,67.304756,-1997344.285,2851007.942,62,62,1.255762406,584.9083266,1.84899872,54.15658264,-1997390.298,2851082.086,228.8223861,2169.036819,0.2169036819,0.2169036819,0.3420167535,87.26200234,Retain,-0.4554063298,0.2277428826,0.6831492124,0.02663020207,0.3682048083,-0.2173477665,-0.6529188216,5.268994682,4,0,0.002,0.064,0.086,0.848
11,56,56,2.627359505,274.9492199,1.257208506,108.5256581,-1995793.933,2850932.767,74,74,2.391943956,286.9597568,1.2519632,141.5270725,-1995806.349,2850966.509,609.8297875,17387.70255,1.738770255,1.738770255,0.6617938094,35.95406443,Retain,0.9659793513,0.872106406,-0.09387294531,0.0427555599,-0.004180912764,0.26550225,0.669855791,3.671645216,3,0.24,0.036,0.014,0.69,0.02
12,63,63,2.446162297,344.5351336,1.520096704,90.29880578,-1997027.363,2850871.299,76,76,2.212548568,396.4932972,1.66370884,48.11572262,-1997038.702,2850878.209,821.84265130000006,18603.94643,1.860394643,1.860394643,0.7605360629,13.27846311,Retain,0.8945203873,0.7941450492,-0.100375338,0.1404630665,0.09027539748,-0.6295055293,1.152767401,2.711323464,0,0.702,0.028,0.018,0.228,0.024
13,73,73,0.6341902252,569.5376698,1.279461712,67.304756,-1997223.887,2850543.548,85,85,1.076383706,409.7286327,1.199153943,74.56705032,-1997233.094,2850569.794,322.4067763,4882.970881,0.4882970881,0.4882970881,0.7699536648,27.81426214,Retain,-0.4554063297,0.0736070023,0.529013332,-0.329329857,-0.06482319098,0.1024663751,1.205009998,4.125652976,4,0.008,0,0,0.068,0.924
14,76,76,3.623944144,382.0648535,2.051742734,0,-1997015.769,2850511.943,100,100,7.175934016,375.0153337,2.833892109,24.05866287,-1997086.82,2850385.055,1370.497136,30373.83951,3.037383951,3.037383951,0.8381431474,145.426299,Retain,1.287562975,1.97073293,0.6831699543,-0.01862345259,0.3229615245,10.08829198,1.639509698,4.908259754,4,0.006,0,0.012,0.004,0.978
16,77,77,1.540176261,429.9451037,1.505196806,0,-1996896.079,2850400.132,88,88,1.01659007,432.2610717,1.229459212,24.05866287,-1996893.321,2850410.891,493.8515151,9287.033939,0.9287033939,0.9287033939,0.602985137,11.10655406,Retain,0.4318968653,0.01645395765,-0.4154429076,0.005372203524,-0.2023492503,10.08829198,0.4170602412,2.764041934,1,0.118,0.416,0.312,0.136,0.018
17,78,78,7.066691081,187.4119683,1.405401598,210.6972135,-1995982.581,2850464.054,89,89,5.441741996,224.8645642,1.479738806,240.5834932,-1995985.509,2850503.981,1207.790818,48497.646890000004,4.849764689,4.849764689,0.6862850849,40.03438585,Retain,1.955392348,1.694099229,-0.2612931185,0.1821890517,0.05154249238,0.1326445091,0.7810819792,3.284432478,0,0.7,0.148,0.082,0.06,0.01
19,94,94,25.27701041,231.0131886,3.276383245,30.09960192,-1997572.86,2850364.892,105,105,20.03277483,234.484337,2.960598133,24.85539042,-1997622.918,2850416.307,4682.969129,176079.4652,17.60794652,17.60794652,0.6965992511,71.75877006,Retain,3.229895303,2.997369674,-0.2325256295,0.01491398987,-0.1013488249,-0.1914302899,0.8292997129,3.230741305,2,0.118,0.026,0.806,0.032,0.018
20,190,190,1.087183243,442.9737432,1.302940032,90.29880578,-1991714.226,2847686.594,221,221,1.435311199,375.4377297,1.268837541,49.70627633,-1991713.781,2847721.767,416.4289178,7410.807602,0.7410807602,0.7410807602,0.6816521177,35.17595694,Retain,0.08359017102,0.3613816888,0.2777915178,-0.1654178734,-0.02652211452,-0.5969839822,0.7597043367,4.090961093,4,0.008,0.002,0.004,0.144,0.842
21,193,193,0.7247888288,498.3454611,1.196826841,60.19920385,-1991216.329,2847657.748,223,223,0.8970704349,493.4026775,1.318286612,72.19022111,-1991238.209,2847683.896,289.7269473,4009.406009,0.4009406009,0.4009406009,0.5531826443,34.09450493,Retain,-0.3218749371,-0.1086208972,0.2132540399,-0.009967902878,0.09665911709,0.1816427086,0.2131088542,4.262467967,3,0.006,0,0.002,0.63,0.362
22,197,197,0.2717958109,885.9474863,1.302940032,85.13453053,-1991011.902,2847573.72,230,230,0.4784391553,814.6332013,1.589536598,78.34597602,-1991016.748,2847595.3,240.6447713,1764.233537,0.1764233537,0.1764233537,0.6491025492,22.11741382,Retain,-1.30270419,-0.7372262333,0.5654779566,-0.08391972614,0.1988192522,-0.08309709124,0.6137903184,4.320127504,4,0,0.002,0.002,0.118,0.878
24,202,202,1.087183243,553.717179,1.62867504,150.4980096,-1990678.298,2847505.996,232,232,0.5382464765,816.4659668,1.689755047,48.12695551,-1990690.471,2847511.893,435.6878257,4271.273361,0.4271273361,0.4271273361,0.3928752017,13.52574258,Retain,0.0835901711,-0.619438689,-0.7030288601,0.3883311807,0.03681675064,-1.1400933,-0.434346009,3.135238515,1,0.298,0.514,0.144,0.042,0.002
25,207,207,2.717958108,332.2303074,1.545096808,175.5093309,-1989818.954,2847451.315,238,238,3.408901709,386.7466759,2.014322005,211.5235178,-1989837.377,2847461.768,908.8763927,18842.47209,1.884247209,1.884247209,0.6932583704,21.18169877,Retain,0.9998809029,1.22639016,0.2265092571,0.1519414691,0.2651960976,0.1866430086,0.8135836168,3.125609244,4,0.138,0.002,0.006,0.214,0.64
26,214,214,1.268380451,474.6147248,1.507860088,67.304756,-1991590.961,2847236.891,239,239,2.033383968,360.4637773,1.449994633,0,-1991603.958,2847269.498,586.8455597,11714.95638,1.171495638,1.171495638,0.9236153377,35.10161064,Retain,0.2377408509,0.7097013844,0.4719605336,-0.2751118968,-0.03913163,-11.11700104,2.480589201,4.011770022,4,0.024,0,0.006,0.05,0.92
27,217,217,13.04619892,198.4153225,2.021679341,0,-1991082.343,2847281.085,246,246,15.0709746,182.2854638,1.996263079,24.06401006,-1991122.841,2847311.789,2558.443056,116964.4474,11.69644474,11.69644474,0.8965404258,50.82104538,Retain,2.568496821,2.712770682,0.144273861,-0.08478848126,-0.01265155075,10.0885142,2.150858016,3.216446757,4,0.052,0.008,0.016,0.014,0.91
28,221,221,1.268380451,522.0761973,1.658646097,0,-1991350.164,2847079.944,250,250,1.31572667,519.3004967,1.680337985,24.06401006,-1991353.651,2847090.259,637.1790107,9736.205914,0.9736205914,0.9736205914,0.7676092697,10.88925369,Retain,0.2377408509,0.2743891136,0.03664826278,-0.005330841873,0.01299328952,10.0885142,1.191868736,2.84136275,3,0.084,0.024,0.006,0.746,0.14
29,233,233,2.717958108,354.3789945,1.648103262,90.29880578,-1991773.422,2846637.623,269,269,2.33245401,400.163098,1.724005509,96.2594845,-1991765.354,2846665.338,854.7600629,17286.9865,1.72869865,1.72869865,0.6360284379,28.86577657,Retain,0.9998809029,0.8469209366,-0.1529599663,0.1215052626,0.04502527943,0.0639225876,0.5569948597,3.435115826,0,0.466,0.214,0.02,0.282,0.018
30,232,232,1.540176261,508.1169407,1.778868953,120.3984077,-1990391.024,2846694.34,274,274,1.674582943,437.702503,1.597818443,120.3228412,-1990390.52,2846712.37,713.3563161,11592.46931,1.159246931,1.159246931,0.7526716,18.03720605,Retain,0.4318968653,0.5155641452,0.08366727989,-0.1491721566,-0.1073385167,-6.278288307e-4,1.110204666,3.248908577,4,0.104,0.016,0.01,0.43,0.44
31,247,247,44.30271717,217.4104261,4.082165582,0,-1989624.058,2846749.951,278,278,35.40537611,214.3079927,3.597228641,24.06525668,-1989565.977,2846857.17,7571.195215,307218.9239,30.72189239,30.72189239,0.6934539088,121.9396402,Retain,3.791046011,3.566863676,-0.2241823346,-0.01437273311,-0.1264639004,10.088566,0.8145008277,3.480376308,2,0.118,0.044,0.794,0.024,0.02
33,247,247,44.30271717,217.4104261,4.082165582,0,-1989624.058,2846749.951,285,285,2.332482715,420.7935134,1.812897798,24.06525668,-1990166.864,2846299.54,927.964515,18791.90836,1.879190836,1.879190836,0.04241705602,705.3433706,Retain,3.791046011,0.846933243,-2.944112768,0.6603553147,-0.8117010691,10.088566,-3.094603734,5.23552809,2,0,0.008,0.992,0,0
34,247,247,44.30271717,217.4104261,4.082165582,0,-1989624.058,2846749.951,287,287,5.502251816,301.7022809,1.996383137,0,-1989691.464,2846436.543,1629.128205,48807.51018,4.880751018,4.880751018,0.1101682093,320.5756703,Retain,3.791046011,1.70515743,-2.085888581,0.3276537748,-0.7152905158,0,-2.081111169,4.446963406,2,0.002,0.01,0.988,0,0
35,245,245,1.993169279,392.6358178,1.563713104,30.09960193,-1991915.802,2846325.499,279,279,3.16976846,340.5067206,1.710151264,96.2594845,-1991920.022,2846379.354,697.0643344,15204.76426,1.520476426,1.520476426,0.7628435987,54.02049767,Retain,0.6897259746,1.153658544,0.4639325696,-0.1424476473,0.0895186375,1.162512728,1.165435448,4.216884028,4,0.022,0.002,0.004,0.046,0.926
36,244,244,0.3623944145,664.4606148,1.128379167,67.304756,-1989873.134,2846314.554,281,281,0.6578793351,594.8493666,1.361053491,55.22340066,-1989874.936,2846335.911,240.908968,3113.627717,0.3113627717,0.3113627717,0.8591820383,21.43331646,Retain,-1.015022118,-0.4187337457,0.5962883718,-0.1106673978,0.1874767881,-0.197840864,1.802599764,4.144869212,4,0,0,0,0.01,0.99
37,246,246,1.902570676,442.9737432,1.723627649,90.29880578,-1990444.31,2846355.403,280,280,2.093249291,396.8985034,1.619888065,55.22340355,-1990445.628,2846367.659,785.8190231,14588.43169,1.458843169,1.458843169,0.7667747575,12.32712248,Retain,0.6432059589,0.7387175434,0.09551158446,-0.1098299088,-0.06207411652,-0.4917303606,1.187213178,2.762644996,4,0.112,0,0.004,0.298,0.586
38,248,248,2.26496509,345.5195197,1.466892917,60.19920386,-1992258.828,2846171.882,284,284,2.332481428,398.809794,1.718185226,49.70391062,-1992257.855,2846206.762,770.2862085,15427.30315,1.542730315,1.542730315,0.681127635,34.89430895,Retain,0.8175593461,0.8469326916,0.02937334549,0.1434354578,0.1581221306,-0.1915720051,0.7572947314,3.715937676,3,0.196,0.018,0.002,0.704,0.08
39,251,251,3.442746937,262.2870848,1.37285454,0,-1989454.116,2846145.837,292,292,2.691338474,291.9828144,1.351252524,0,-1989463.327,2846175.242,762.4423355,23425.02908,2.342502908,2.342502908,0.6804168157,30.8135163,Retain,1.236269681,0.9900386437,-0.2462310373,0.1072552983,-0.0158602203,0,0.7540323948,3.38221599,0,0.456,0.284,0.04,0.216,0.004
40,249,249,7.79147991,208.6097279,1.64262944,30.09960192,-1989152.493,2846227.755,293,293,7.954390009,215.7352588,1.716404476,24.06576277,-1989171.693,2846260.451,1597.649559,63133.00453,6.313300453,6.313300453,0.8102825812,37.91653316,Retain,2.053030818,2.073723979,0.02069316118,0.0335868265,0.04393340709,-0.2237134184,1.447823579,3.181263156,4,0.146,0.036,0.028,0.35,0.44
42,253,253,1.630774865,442.9737432,1.595769122,67.304756,-1989802.901,2845991.819,300,300,2.212887794,399.3242298,1.675716042,48.13198498,-1989793.728,2846026.58,665.6131836,11707.10504,1.170710504,1.170710504,0.7178860366,35.95124081,Retain,0.4890552791,0.7942983567,0.3052430776,-0.1037368049,0.04888473384,-0.3352780601,0.9318533284,3.910028717,4,0.006,0,0.004,0.064,0.926
43,254,254,3.895739955,216.3360141,1.204533468,60.19920386,-1988719.199,2845957.908,303,303,2.930586829,317.4180561,1.532865297,141.5539386,-1988696.995,2846007.603,779.7986703,19470.64225,1.947064225,1.947064225,0.49979317089999997,54.43012276,Retain,1.359883637,1.075202686,-0.2846809509,0.383386874,0.2410463986,0.8550121615,-8.256649418e-4,3.889359224,1,0.246,0.566,0.138,0.036,0.014
44,255,255,0.6341902252,569.5376698,1.279461712,183.0887308,-1992184.353,2845843.71,298,298,0.2392312057,817.9130293,1.128524804,218.0120254,-1992189.623,2845871.958,190.1269576,2252.052572,0.2252052572,0.2252052572,0.3551067932,28.73558791,Retain,-0.4554063298,-1.430324807,-0.9749184769,0.3619310836,-0.1255281549,0.1745784456,-0.5954035087,4.158239259,1,0.006,0.928,0.06,0.006,0
45,265,265,1.721373469,349.716113,1.294339674,257.1711116,-1991855.747,2845607.213,308,308,1.674632622,320.8525447,1.171278926,295.1151901,-1991859.867,2845623.368,525.6600463,13571.6827,1.35716827,1.35716827,0.7884217426,16.67245581,Retain,0.5431225004,0.5155938112,-0.02752868925,-0.08614006449,-0.09990440912,0.137623588,1.311990515,3.114621675,3,0.12,0.026,0.038,0.784,0.032
46,274,274,32.07190568,157.6686205,2.518852396,0,-1989457.946,2845710.521,322,322,15.55017921,210.7186543,2.344043956,24.06664118,-1989640.879,2845685.925,3180.372588,138161.8036,13.81618036,13.81618036,0.4307876337,184.5786681,Retain,3.467980434,2.744072164,-0.7239082708,0.2900283603,-0.07192577509,10.08862353,-0.2780749852,4.056455902,2,0.024,0.286,0.686,0.002,0.002
47,274,274,32.07190568,157.6686205,2.518852396,0,-1989457.946,2845710.521,299,299,0.3588468513,822.2923102,1.389555402,24.06576277,-1989171.834,2846059.793,205.7353278,334.0753996,0.03340753996,0.03340753996,0.001041644993,451.4985897,Retain,3.467980434,-1.02485958,-4.492840014,1.651600449,-0.5948195582,10.08858703,-6.193957781,4.95094919,2,0,0.002,0.998,0,0
48,274,274,32.07190568,157.6686205,2.518852396,0,-1989457.946,2845710.521,310,310,1.375589341,496.7161256,1.643416823,49.70310072,-1989217.419,2845808.761,686.2360958,13624.47611,1.362447611,1.362447611,0.04248103075,259.8161666,Retain,3.467980434,0.3188822511,-3.149098183,1.147523196,-0.4270258961,10.81384272,-3.093064585,4.398352904,2,0,0.056,0.944,0,0
49,274,274,32.07190568,157.6686205,2.518852396,0,-1989457.946,2845710.521,316,316,0.4186609555,697.3144173,1.27278469,24.85131672,-1989523.451,2845481.665,286.1504844,3964.103692,0.3964103692,0.3964103692,0.01236005036,238.0455948,Retain,3.467980434,-0.8706938621,-4.338674296,1.486740918,-0.68259623,10.12070626,-4.304061273,4.310841157,2,0,0,1,0,0
50,274,274,32.07190568,157.6686205,2.518852396,0,-1989457.946,2845710.521,319,319,0.5980890383,654.3237506,1.42748211,24.06664118,-1989636.43,2845429.012,331.6924242,4950.315719,0.4950315719,0.4950315719,0.01543505325,333.322186,Retain,3.467980434,-0.5140156426,-3.981996077,1.423106769,-0.5678912696,10.08862353,-4.09379858,4.647487273,2,0,0,1,0,0
51,276,276,4.348732973,276.8585895,1.62867504,60.19920386,-1988614.594,2845387.11,328,328,5.382809778,280.702775,1.837157078,24.85137214,-1988613.27,2845398.619,1203.003346,38203.66637,3.820366637,3.820366637,0.8785010855,11.58524642,Retain,1.469884532,1.683210501,0.2133259693,0.01378950056,0.1204524852,-0.8847225324,1.97125263,2.287241418,4,0.066,0.002,0.004,0.062,0.866
52,288,288,43.75912554,108.6798935,2.02804968,67.304756,-1990301.851,2845301.294,333,333,31.51920219,112.8730846,1.787611212,34.59476546,-1990376.035,2845438.16,3443.381828,302389.2069,30.23892069,30.23892069,0.6910311922,155.6778894,Retain,3.778700175,3.450596953,-0.3281032215,0.03785723806,-0.1261943727,-0.6655144715,0.8031593575,3.73081034,2,0.064,0.048,0.87,0.006,0.012
53,288,288,43.75912554,108.6798935,2.02804968,67.304756,-1990301.851,2845301.294,337,337,4.784781228,368.0546883,2.271111545,34.59476546,-1989947.127,2844871.488,1706.501213,45131.61802,4.513161802,4.513161802,0.1031364714,557.2806383,Retain,3.778700175,1.565440304,-2.213259871,1.219824732,0.1131947963,-0.6655144715,-2.15431582,5.006085602,2,0.008,0.03,0.956,0.002,0.004
54,289,289,2.26496509,425.2547935,1.805406667,67.304756,-1990413.121,2844725.897,338,338,1.913918178,486.0357556,1.896814982,168.4719125,-1990394.411,2844734.386,858.5961155,14520.94421,1.452094421,1.452094421,0.6411111709,20.54537919,Retain,0.8175593461,0.6491525431,-0.168406803,0.1335936892,0.04939028768,0.9175292195,0.5789662763,3.18627,0,0.624,0.128,0.012,0.224,0.012
55,90,90,0.8153874325,590.6316576,1.504505556,150.4980096,-1992252.675,2850152.253,115,115,0.5382021804,825.3589024,1.708089545,209.304779,-1992286.99,2850164.283,354.7428362,3344.078809,0.3344078809,0.3344078809,0.4101214559,36.36357069,Retain,-0.2040919014,-0.6195209894,-0.415429088,0.3346257547,0.1269112107,0.3298397364,-0.3627218032,4.268005862,1,0.078,0.72,0.05,0.148,0.004
56,294,294,5.798310631,249.1727305,1.692568751,770.9259625,-1991910.03,2844122.926,341,341,4.186752717,258.1723962,1.490196466,49.700583,-1991936.4,2844150.699,1045.575279,32542.47592,3.254247592,3.254247592,0.5612406438,38.29683308,Retain,1.757566605,1.431925426,-0.325641179,0.03548121135,-0.1273393781,-2.741556855,0.2457022906,3.338974958,2,0.166,0.168,0.622,0.03,0.014
58,142,142,0.7247888289,498.3454611,1.196826841,210.6972135,-1991968.819,2849072.43,154,154,0.9568354716,459.26992,1.26730662,192.4910502,-1991992.366,2849107.999,269.0221608,3914.804508,0.3914804508,0.3914804508,0.5401303595,42.65725071,Retain,-0.321874937,-0.0441238233,0.2777511137,-0.08165543524,0.05722012161,-0.09037198679,0.1605449827,4.486523118,4,0.002,0.002,0,0.462,0.534
59,150,150,3.080352523,254.0584703,1.257850299,134.609512,-1992039.42,2848734.03,168,168,2.691127731,309.2969496,1.431323694,162.4884291,-1992053.662,2848749.715,723.3486925,23323.5612,2.33235612,2.33235612,0.7571718179,21.1863589,Retain,1.125044046,0.9899603365,-0.1350837094,0.1967373787,0.129195524,0.1882274359,1.134446227,3.063247645,0,0.694,0.062,0.024,0.2,0.02
60,163,163,2.627359505,389.5113949,1.781045384,134.609512,-1991834.279,2848416.855,189,189,3.28918972,431.0391131,2.205241773,162.4884291,-1991867.203,2848408.734,963.5517169,20327.16358,2.032716358,2.032716358,0.7736727136,33.91128839,Retain,0.9659793512,1.190641249,0.2246618976,0.10130571570000001,0.2136366645,0.1882274359,1.226049866,3.613152705,4,0.064,0.004,0.006,0.184,0.742
61,168,168,1.268380451,427.1532524,1.357074079,525.6669488,-1989819.384,2848262.428,194,194,0.8970585452,489.8828506,1.30887357,520.3819696,-1989827.963,2848273.45,422.2011693,7970.731302,0.7970731303,0.7970731303,0.6284180191,13.96709601,Retain,0.2377408509,-0.1086341513,-0.3463750022,0.1370234285,-0.03616407255,-0.01010471681,0.5243385168,3.09027039,1,0.374,0.454,0.022,0.142,0.008
62,173,173,0.1811972073,996.690922,1.196826841,192.7314906,-1991287.815,2848075.38,198,198,0.3588243128,817.940175,1.382157514,188.356126,-1991301.425,2848090.577,176.31576,1244.418302,0.1244418302,0.1244418302,0.6867756523,20.39980971,Retain,-1.708169298,-1.02492239,0.6832469084,-0.1976515157,0.1439719385,-0.02296340125,0.7833554843,4.442024184,4,0,0.002,0,0.316,0.682
63,176,176,0.3623944144,664.4606148,1.128379167,60.19920385,-1990866.421,2848030.231,200,200,0.3588250681,683.8192415,1.155520814,48.1256613,-1990871.563,2848053.612,181.5268526,1836.283613,0.1836283613,0.1836283613,0.506708586,23.93938351,Retain,-1.015022118,-1.024920285,-0.00989816706,0.02871800979,0.02376892629,-0.2238394261,0.02678238316,4.255442722,3,0.004,0.004,0.002,0.962,0.028
64,178,178,0.8153874325,516.8027004,1.316442362,30.09960192,-1990720.939,2847978.393,207,207,0.8372607553,586.1296157,1.512930929,49.70664292,-1990711.295,2847994.911,341.290744,4893.431234,0.4893431234,0.4893431234,0.6001357194,19.12746622,Retain,-0.2040919014,-0.1776197214,0.02647217996,0.1258797748,0.1391158648,0.5016135335,0.4051978142,3.625588497,3,0.098,0.048,0.004,0.808,0.042
65,180,180,0.3623944144,830.5757685,1.410473959,30.09960192,-1990851.371,2847909.833,209,209,0.2990218458,981.5251407,1.514076975,48.1256613,-1990859.426,2847941.059,201.6808954,632.6834111,0.06326834111,0.06326834111,0.174584206,32.24915352,Retain,-1.015022118,-1.207238646,-0.1922165278,0.1669884707,0.0708802068,0.4692911435,-1.548979295,4.553398805,3,0.018,0.256,0.002,0.718,0.006
66,185,185,1.177781847,562.2359048,1.7212584,30.09960193,-1991513.562,2847906.36,212,212,1.315693535,518.1030704,1.676442276,48.12613347,-1991531.31,2847943.71,572.8549725,7749.286053,0.7749286053,0.7749286053,0.6579559766,41.35270988,Retain,0.1636328787,0.2743639294,0.1107310507,-0.08174732121,-0.02638179588,0.4693009542,0.6527979419,4.21271064,3,0.04,0.012,0.006,0.56,0.382
67,189,189,0.7247888289,581.4030379,1.396297981,30.09960193,-1991521.087,2847725.472,217,217,0.6578512874,594.8624425,1.3610543960000001,48.12613347,-1991540.583,2847751.323,326.586205,3840.223338,0.3840223338,0.3840223338,0.5298403045,32.37799692,Retain,-0.3218749371,-0.4187763802,-0.09690144308,0.02288597648,-0.02556474506,0.4693009542,0.1192641383,4.210812381,3,0.012,0.084,0.012,0.88,0.012
68,198,198,5.254719009,332.2303074,2.148369928,180.5976116,-1990326.185,2847721.451,227,227,0.2990246919,815.2929135,1.257657141,24.85305135,-1990436.244,2847630.396,171.3977662,1498.335686,0.1498335686,0.1498335686,0.0285140972,142.8424314,Retain,1.659126532,-1.207229127,-2.866355659,0.8977190263,-0.5354588033,-1.983256182,-3.494987559,4.704550822,2,0,0.01,0.99,0,0
69,198,198,5.254719009,332.2303074,2.148369928,180.5976116,-1990326.185,2847721.451,228,228,4.545156257,376.5065503,2.264341954,24.85305135,-1990315.1,2847779.34,1606.719166,31536.50554,3.153650554,3.153650554,0.6001558881,58.9415451,Retain,1.659126532,1.514062107,-0.1450644248,0.1251070195,0.05257480707,-1.983256182,0.4052816787,3.819364835,2,0.29,0.176,0.36,0.138,0.036
70,109,109,3.442746937,297.2586961,1.555901813,120.3984077,-1992732.596,2849890.862,132,132,4.54485876,324.2796306,1.950181055,292.9656789,-1992680.637,2849896.532,1033.537819,27597.63091,2.759763091,2.759763091,0.801616599,52.26705512,Retain,1.236269681,1.513996651,0.2777269701,0.08700341075,0.2258668958,0.889244265,1.39264753,3.910615486,4,0.056,0.002,0.006,0.062,0.874
71,108,108,0.7247888289,498.3454611,1.196826841,120.3984077,-1993503.898,2849847.494,130,130,1.016613027,578.9504754,1.646699365,49.70972615,-1993535.187,2849854.797,346.5341549,4132.916597,0.4132916597,0.4132916597,0.570223551,32.13000112,Retain,-0.321874937,0.01647654028,0.3383514773,0.1499234058,0.3190991444,-0.8845938857,0.282191365,4.203123743,4,0.014,0.028,0.012,0.24,0.706
72,124,124,8.425670136,235.7763472,1.930623238,60.19920386,-1993881.397,2849717.912,140,140,8.730934231,257.1681715,2.143594546,49.70972615,-1993890.516,2849735.682,2100.491754,70591.981,7.0591981,7.0591981,0.8378203735,19.9721329,Retain,2.131283014,2.166872378,0.03558936356,0.08684656038,0.1046412422,-0.191455011,1.637144991,2.501111451,4,0.268,0.044,0.018,0.32,0.35
73,138,138,0.3623944144,664.4606148,1.128379167,511.6932327,-1994448.273,2849113.817,148,148,0.2392076986,817.9553166,1.128527701,384.9685544,-1994440.529,2849152.588,123.3990532,714.8877681,0.07148877681,0.07148877681,0.1972678771,39.53715728,Retain,-1.015022118,-1.430423073,-0.415400955,0.207832104,1.316264631e-4,-0.2845629932,-1.399647002,4.757142214,1,0.042,0.544,0.034,0.378,0.002
74,160,160,0.3623944145,664.4606148,1.128379167,404.9487283,-1994508.472,2848361.327,179,179,0.5980323389,571.2380124,1.246161995,397.6394784,-1994503.207,2848377.071,240.7116613,3383.058803,0.3383058803,0.3383058803,0.9335295105,16.6013376,Retain,-1.015022118,-0.5141104481,0.5009116695,-0.1511696488,0.09928618597,-0.01821465526,2.628352896,3.889419507,4,0,0,0,0.034,0.966
75,156,156,3.26154973,258.4013502,1.316442362,609.4704872,-1993347.129,2848496.775,180,180,2.870550082,289.4134853,1.383236357,590.2188937,-1993344.36,2848511.134,796.1121565,26167.00191,2.616700191,2.616700191,0.8022873811,14.62402812,Retain,1.18220246,1.054503677,-0.1276987823,0.1133424134,0.04949302228,-0.03209699864,1.39685288,2.663998029,0,0.636,0.086,0.012,0.264,0.002
76,182,182,1.811972072,531.5684918,2.018506018,277.5046181,-1992713.031,2847950.467,203,203,2.152946799,408.9696224,1.692788764,590.2188937,-1992727.752,2847991.137,817.7554505,12102.27512,1.210227512,1.210227512,0.6679062723,43.25214559,Retain,0.5944157948,0.7668375079,0.1724217131,-0.2621911742,-0.1759803176,0.7546539902,0.697220034,4.042227007,4,0.046,0.018,0.014,0.41,0.512
77,219,219,3.533345541,323.7115816,1.716510092,67.304756,-1994325.174,2847183.969,235,235,3.40889879,330.2741691,1.720191234,55.22434293,-1994327.678,2847205.724,1089.818852,27758.21639,2.775821639,2.775821639,0.7856071836,21.89865262,Retain,1.262245167,1.226389304,-0.03585586363,0.02007018592,0.002142254106,-0.1978238015,1.295265578,3.027713134,3,0.184,0.012,0.016,0.77,0.018
78,224,224,14.13338216,187.4119683,1.987538001,67.304756,-1993849.947,2847210.789,243,243,15.54936574,188.6518709,2.098517156,55.22434293,-1993862.36,2847237.618,2680.722468,128324.6362,12.83246362,12.83246362,0.9079541946,29.56202725,Retain,2.648539528,2.744019849,0.09548032064,0.006594131291,0.05433429161,-0.1978238015,2.279202798,2.63461968,4,0.122,0.022,0.006,0.036,0.814
79,226,226,0.5435916216,553.717179,1.151647165,42.56726527,-1992762.696,2846871.396,252,252,0.5382534107,545.2842894,1.128525686,78.34494664,-1992764.54,2846884.324,257.0678471,4110.030236,0.4110030236,0.4110030236,0.7560878558,13.05857799,Retain,-0.6095570096,-0.6194258061,-0.00986879652,-0.01534675863,-0.02028115689,0.6100252046,1.128579753,3.446665258,3,0.052,0.018,0.004,0.866,0.06
80,230,230,8.516268739,275.6804678,2.269476781,42.56726527,-1992448.891,2846865.953,251,251,0.4186416086,812.2766006,1.482587062,346.5597406,-1992288.609,2846952.5,338.9343843,4064.093867,0.4064093867,0.4064093867,0.04772153148,182.1561513,Retain,2.1419783040000002,-0.8707400745,-3.012718378,1.080598453,-0.4257607355,2.096949072,-2.973786006,4.706245575,2,0,0.13,0.87,0,0
81,235,235,0.452993018,797.3527377,1.513879513,67.304756,-1992934.263,2846546.321,272,272,0.6578717262,743.5658327,1.701316462,87.65017705,-1992943.088,2846559.489,356.1005419,2665.767806,0.2665767806,0.2665767806,0.5884787845,15.8516962,Retain,-0.7918785663,-0.4187453116,0.37313325470000003,-0.06983985641,0.1167267709,0.2641192799,0.3569510943,3.731643819,4,0.002,0.002,0.004,0.228,0.764
82,240,240,23.64623554,165.4786972,2.269959803,60.19920386,-1993232.238,2846799.549,273,273,23.5037779,156.2604154,2.137041125,78.34494664,-1993242.148,2846811.956,3706.16562,215203.2146,21.52032146,21.52032146,0.9100950306,15.87930935,Retain,3.163203929,3.15716117,-0.006042758475,-0.05731852357,-0.06033990281,0.2634584949,2.304832538,1.755842915,0,0.5,0.094,0.12,0.118,0.168
83,250,250,15.0393682,236.1637125,2.583586647,60.19920386,-1992631.962,2846317.273,283,283,15.31057412,233.0807811,2.572748129,49.70391062,-1992650.367,2846337.545,3567.257083,125351.3461,12.53513461,12.53513461,0.8334881123,27.38057471,Retain,2.71067131,2.728543709,0.01787239906,-0.01314016792,-0.004203968384,-0.1915720051,1.605764178,2.52689962,4,0.33,0.022,0.05,0.172,0.426
84,264,264,1.630774865,406.0592646,1.462788361,180.5976116,-1994561.983,2845588.819,302,302,2.153086808,364.9758059,1.510740647,122.8585584,-1994552.652,2845623.728,618.0600059,9958.492621,0.9958492621,0.9958492621,0.6106601736,36.13455936,Retain,0.4890552792,0.7669025372,0.277847258,-0.1066680546,0.03225557443,-0.3852350514,0.4491591467,3.915114708,4,0.006,0.008,0.012,0.126,0.848
85,272,272,0.1811972072,996.6909222,1.196826841,180.5976116,-1994418.174,2845336.317,311,311,0.2990419634,820.5340921,1.265778649,192.5298572,-1994404.877,2845347.512,177.8736869,1207.055671,0.1207055671,0.1207055671,0.6661557808,17.3826717,Retain,-1.708169298,-1.20717137,0.5009979286,-0.194485254,0.05601371029,0.06397948506,0.6893581669,4.28198095,3,0,0,0,0.648,0.352
86,273,273,0.3623944144,664.4606148,1.128379167,30.09960192,-1993033.592,2845351.366,315,315,1.076554964,497.645428,1.456576136,666.6704416,-1993025.215,2845328.448,239.2678455,3604.354343,0.3604354343,0.3604354343,0.9945943423,24.40149207,Retain,-1.015022118,0.07376609494,1.088788213,-0.2890877744,0.2553063319,3.097752164,5.046158277,4.274561263,4,0.004,0,0.006,0.008,0.982
88,296,296,5.798310631,301.0837161,2.04518724,42.56726527,-1993157.283,2843501.652,344,344,4.366254209,448.1563022,2.641673166,49.69951499,-1993098.53,2843551.323,1664.760033,31339.89117,3.133989117,3.133989117,0.5405003831,76.93555047,Retain,1.757566605,1.473905481,-0.2836611235,0.3977537079,0.2559231462,0.1549062661,0.1620317502,4.036562703,1,0.286,0.484,0.186,0.03,0.014
89,297,297,0.8153874325,516.8027003,1.316442362,90.29880578,-1992710.857,2843353.087,346,346,0.7177450206,543.0801435,1.297908529,48.13910129,-1992710.206,2843356.858,383.1048249,6576.658978,0.6576658978,0.6576658978,0.8065685974,3.826981332,Retain,-0.2040919014,-0.3316408975,-0.1275489961,0.04959572546,-0.01417877261,-0.6290197731,1.423948587,2.016748491,3,0.348,0.038,0.026,0.534,0.054
90,299,299,0.6341902253,569.5376698,1.279461712,90.29880578,-1992777.745,2843169.145,348,348,0.6579353364,667.9896672,1.528468239,34.59560218,-1992785.297,2843191.108,326.5148881,3757.142449,0.3757142449,0.3757142449,0.5924314659,23.22462131,Retain,-0.4554063297,-0.4186486254,0.03675770423,0.159447779,0.1778266312,-0.9593798351,0.3732620628,3.945324144,3,0.052,0.04,0.016,0.852,0.04
93,305,305,1.177781847,408.8988399,1.251824291,85.13453053,-1994259.572,2842391.186,350,350,1.076643067,546.694387,1.600204757,49.6981197,-1994276.932,2842413.615,422.2660954,5093.77373,0.5093773731,0.5093773731,0.4324887282,28.36282263,Retain,0.1636328787,0.07384792919,-0.08978494948,0.2904221486,0.2455296739,-0.5382572428,-0.2711553462,3.835662986,3,0.146,0.248,0.082,0.442,0.082
94,312,312,59.70447978,150.2346458,3.274678171,0,-1993559.65,2842669.784,362,362,60.29156214,160.4476668,3.514444927,24.06947644,-1993518.687,2842725.557,9258.33451,492108.6108,49.21086108,49.21086108,0.8242406811,69.1989383,Retain,4.089407056,4.099192163,0.009785106824,0.06576944824,0.07066200165,10.08874132,1.540886052,2.764661386,0,0.33,0.218,0.192,0.07,0.19
95,312,312,59.70447978,150.2346458,3.274678171,0,-1993559.65,2842669.784,345,345,0.7775567876,631.1468722,1.569970748,24.06947644,-1993422.718,2843321.552,192.5448108,1335.690366,0.1335690366,0.1335690366,0.002237169424,665.9968632,Retain,4.089407056,-0.2515985989,-4.341005655,1.435340219,-0.7351626082,10.08874132,-5.73181803,5.028947877,2,0,0,1,0,0
96,306,306,1.993169279,422.838573,1.683998727,60.19920385,-1994528.995,2842212.799,352,352,0.6579511239,670.3493349,1.533885943,49.6981197,-1994455.116,2842291.047,350.5271438,2136.190778,0.2136190778,0.2136190778,0.1071755821,107.6146668,Retain,0.6897259746,-0.4186246302,-1.108350605,0.4608084897,-0.09336681272,-0.1916885178,-2.111753688,4.906068195,2,0.012,0.16,0.826,0,0.002
97,306,306,1.993169279,422.838573,1.683998727,60.19920385,-1994528.995,2842212.799,355,355,0.11962769,1220.300673,1.190632621,99.39588472,-1994633.899,2842219.359,66.61698116,204.2931394,0.02042931394,0.02042931394,0.01024966326,105.1088285,Retain,0.6897259746,-2.123370942,-2.813096917,1.059862079,-0.3466863797,0.5014450338,-4.478124376,4.882507745,2,0,0.25,0.75,0,0
98,316,316,25.27701041,185.7631826,2.634617454,30.09960193,-1993276.277,2842214.912,365,365,17.46564011,293.2498791,3.457205245,34.59560218,-1993288.95,2842285.594,4881.084152,141088.7711,14.10887711,14.10887711,0.5581703249,71.80897674,Retain,3.229895303,2.860235529,-0.3696597745,0.4565524245,0.2717225372,0.1392103053,0.233268907,3.23144071,1,0.258,0.462,0.246,0.008,0.026
99,314,314,4.348732973,249.1727305,1.465807536,67.304756,-1994246.355,2841894.929,363,363,4.007565313,256.9278429,1.450930277,49.69740205,-1994269.15,2841872.334,830.1675703,32960.63775,3.296063775,3.296063775,0.757936575,32.09589554,Retain,1.469884532,1.388183903,-0.08170062912,0.03064892578,-0.01020138878,-0.3032729798,1.138595792,3.30618199,3,0.322,0.03,0.058,0.564,0.026
100,96,96,0.6341902253,569.5376698,1.279461712,90.29880578,-1997585.082,2850014.655,104,104,1.195999753,451.8795394,1.394065856,74.56581024,-1997583.459,2850029.934,354.2109703,5780.368124,0.5780368124,0.5780368124,0.9114565148,15.3649081,Retain,-0.4554063297,0.1789824489,0.6343887786,-0.2314092876,0.08578510168,-0.1914398043,2.321416054,3.532219403,4,0.006,0,0.002,0.018,0.974
101,89,89,2.899155315,332.2303074,1.595769122,427.7957215,-1994881.896,2850216.215,106,106,2.750798751,374.2885472,1.751180916,643.7993277,-1994895.045,2850236.311,921.0510229,22062.03085,2.206203085,2.206203085,0.760981336,24.01618641,Retain,1.064419424,1.011891325,-0.05252809951,0.1191985911,0.09293454132,0.408740495,1.155205375,3.218924906,3,0.446,0.05,0.004,0.472,0.028
102,106,106,8.878663154,244.0875728,2.051703156,85.13453054,-1996711.272,2850015.576,113,113,0.4784020923,714.0577124,1.393236737,24.05954832,-1996540.026,2849904.812,18.74926245,14.547534,0.0014547534,0.0014547534,1.638482477e-4,203.94555,Retain,2.183651,-0.7373037029,-2.920954703,1.073436723,-0.3870406284,-1.263670964,-6.756859112,4.798397392,2,0,0.076,0.924,0,0
103,106,106,8.878663154,244.0875728,2.051703156,85.13453054,-1996711.272,2850015.576,117,117,7.893613243,290.5404853,2.302712124,24.05954832,-1996718.468,2850032.788,2306.377398,69579.6748,6.95796748,6.95796748,0.7836728751,18.65597941,Retain,2.183651,2.066053982,-0.1175970177,0.1742158652,0.1154173563,-1.263670964,1.283863205,2.40675975,0,0.766,0.062,0.066,0.078,0.028
104,107,107,1.087183243,442.9737432,1.302940032,30.09960193,-1996387.189,2849843.732,118,118,0.8372062404,526.7853991,1.359706036,24.05968529,-1996384.532,2849872.536,393.6632481,5278.590789,0.5278590789,0.5278590789,0.485529079,28.92590369,Retain,0.08359017107,-0.1776848345,-0.2612750056,0.1732827554,0.04264525264,-0.2239659765,-0.05778422084,3.895341943,1,0.182,0.458,0.066,0.276,0.018
105,113,113,0.452993018,664.4606148,1.261566261,30.09960193,-1996341.538,2849736.878,124,124,0.4784048137,613.4733882,1.19698461,24.05968529,-1996362.836,2849762.417,197.3710431,2419.771068,0.2419771068,0.2419771068,0.5341740319,33.25341999,Retain,-0.7918785664,-0.7372980143,0.05458055211,-0.07983871972,-0.05254844366,-0.2239659765,0.1366354583,4.472491916,3,0.006,0.006,0.012,0.86,0.116
106,135,135,4.25813437,339.2990373,1.975092211,95.18329875,-1996251.367,2849393.359,143,143,3.887072383,363.9143066,2.023976712,24.06033397,-1996283.488,2849474.135,1064.550087,24800.11964,2.480011964,2.480011964,0.5824174977,86.92821861,Retain,1.448831123,1.357656273,-0.09117484948,0.07003658383,0.02444915909,-1.375208846,0.3320290408,4.31304359,3,0.146,0.168,0.276,0.34,0.07
107,135,135,4.25813437,339.2990373,1.975092211,95.18329875,-1996251.367,2849393.359,145,145,0.7774195595,503.358826,1.251988926,24.06033397,-1996185.623,2849285.275,380.5465108,5792.912919,0.5792912919,0.5792912919,0.1360434504,126.5089386,Retain,1.448831123,-0.2517751007,-1.700606224,0.394421453,-0.4558816588,-1.375208846,-1.842381242,4.688270253,2,0,0.024,0.976,0,0
108,141,141,0.3623944145,664.4606147,1.128379167,30.09960192,-1995291.062,2849053.617,149,149,0.5980194459,571.2418119,1.24615685,0,-1995300.009,2849078.55,238.7658126,2512.738775,0.2512738775,0.2512738775,0.6933712757,26.48916299,Retain,-1.015022117,-0.5141320073,0.5008901102,-0.1511629974,0.09928205765,-10.31230045,0.8141131816,4.356649458,4,0.006,0,0.004,0.034,0.956
109,143,143,0.452993018,664.4606148,1.261566261,180.5976116,-1996136.861,2848972.348,150,150,0.2990099211,815.3012496,1.257638938,216.5464955,-1996150.362,2848978.549,225.3998972,2303.047944,0.2303047944,0.2303047944,0.5084069407,14.85674422,Retain,-0.7918785664,-1.207278525,-0.415399959,0.2045820704,-0.003117909037,0.1815329491,0.03356379186,3.666825452,1,0.088,0.708,0.002,0.2,0.002
110,145,145,1.902570676,316.4098166,1.231162606,30.09960192,-1995356.278,2848923.902,153,153,1.734261791,365.2965278,1.357056533,0,-1995355.502,2848935.926,568.833308,15329.16663,1.532916663,1.532916663,0.8057081306,12.04804273,Retain,0.643205959,0.550581842,-0.092624117,0.1436711676,0.09735910905,-10.31230045,1.418466725,2.739747179,0,0.624,0.04,0.09,0.21,0.036
111,147,147,0.2717958109,885.9474863,1.302940032,0,-1995536.876,2848807.804,155,155,0.5382208397,637.6586983,1.319664734,24.06130651,-1995544.953,2848831.756,194.910471,1837.32827,0.183732827,0.183732827,0.6759958015,25.27691896,Retain,-1.30270419,-0.6194863203,0.6832178696,-0.3288544937,0.01275444113,10.08840185,0.7338269706,4.453648284,4,0.004,0.002,0.004,0.06,0.93
112,151,151,2.26496509,292.3626705,1.241217084,60.19920385,-1996867.679,2848700.248,160,160,1.614663337,363.5344612,1.303111706,96.2458595,-1996865.729,2848714.523,566.8572681,15767.5721,1.57675721,1.57675721,0.6961507783,14.40751014,Retain,0.8175593461,0.4791264751,-0.338432871,0.2178790424,0.04866260692,0.4692406056,0.8271844126,2.831404284,0,0.836,0.066,0.06,0.038,0
113,149,149,0.7247888289,581.4030379,1.396297981,0,-1995486.71,2848714.997,161,161,0.5382226826,634.711227,1.313567052,24.06130651,-1995493.716,2848722.507,338.3003898,4717.324165,0.4717324165,0.4717324165,0.650854977,10.27100043,Retain,-0.3218749371,-0.6194828963,-0.2976079592,0.0877259215,-0.06107805809,10.08840185,0.6214746891,3.0627242,1,0.26,0.408,0.03,0.294,0.008
114,155,155,1.540176261,390.8591852,1.368360733,60.19920385,-1996851.815,2848484.381,165,165,1.016645979,482.7058788,1.372974685,96.2458595,-1996860.469,2848494.189,489.3740419,9811.985605,0.9811985605,0.9811985605,0.6370690064,13.07982009,Retain,0.4318968653,0.01650895334,-0.415387912,0.2110601667,0.003366210754,0.4692406056,0.5614821663,2.927563552,0,0.468,0.374,0.076,0.078,0.004
115,157,157,0.1811972073,996.690922,1.196826841,42.56726526,-1997428.134,2848376.376,166,166,0.2392112122,1032.373173,1.424369103,34.593147,-1997430.636,2848395.422,136.3197413,475.5436155,0.04755436155,0.04755436155,0.2624453338,19.20961,Retain,-1.708169298,-1.430408384,0.2777609136,0.0351747689,0.1740552257,-0.2074245228,-1.030849238,4.381912322,3,0.002,0.006,0.002,0.672,0.318
116,158,158,0.7247888289,498.3454611,1.196826841,150.4980096,-1995663.545,2848402.714,173,173,0.4784247298,613.4600919,1.196983582,168.433681,-1995674.098,2848432.068,251.5709987,2948.423502,0.2948423502,0.2948423502,0.4067975919,31.19374489,Retain,-0.321874937,-0.737256385,-0.415381448,0.2078216788,1.309547805e-4,0.1125915209,-0.3764490628,4.173552059,1,0.034,0.7,0.006,0.258,0.002
117,167,167,1.177781847,408.8988399,1.251824291,42.56726526,-1997545.059,2848269.87,175,175,0.8970455608,489.8855334,1.308871265,34.593147,-1997542.433,2848287.026,396.5773992,7773.365609,0.7773365609,0.7773365609,0.6600004601,17.35624005,Retain,0.1636328787,-0.1086486258,-0.2722815046,0.1807039683,0.04456321603,-0.2074245228,0.6618734079,3.344558217,0,0.568,0.144,0.048,0.23,0.01
119,175,175,0.8153874324,590.6316576,1.504505556,85.13453053,-1997486.661,2848048.625,183,183,1.913708945,460.093795,1.795475104,34.59325514,-1997547.046,2848073.049,431.3577159,5927.955007,0.5927955007,0.5927955007,0.7270108381,65.1380389,Retain,-0.2040919015,0.6490432149,0.8531351163,-0.2497621993,0.1768053588,-0.9005568317,0.9772273852,4.850934939,4,0.004,0.002,0,0.01,0.984
120,179,179,2.808556712,385.8158408,1.82396593,60.19920385,-1996930.519,2848023.92,190,190,2.750961471,409.2594844,1.9148558,54.16356985,-1996937.889,2848054.703,1021.657043,19232.30461,1.923230461,1.923230461,0.68477537,31.65266574,Retain,1.032670726,1.011950477,-0.02072024916,0.05898923159,0.04862910702,-0.1056487365,0.7740973095,3.510883543,3,0.052,0.026,0.006,0.876,0.04
121,183,183,1.268380451,474.6147248,1.507860088,67.30475601,-1997671.081,2847884.033,191,191,1.076466416,452.9423267,1.325678513,34.59332185,-1997674.555,2847903.002,461.9220609,8654.906838,0.8654906838,0.8654906838,0.6823588959,19.284955,Retain,0.2377408509,0.07368383999,-0.1640570109,-0.04673856612,-0.1287670716,-0.6655562005,0.7629547874,3.412871628,3,0.094,0.2,0.174,0.486,0.046
122,184,184,0.3623944144,664.4606148,1.128379167,60.19920385,-1996946.54,2847849.633,192,192,0.3588226709,683.8230434,1.155523379,54.16356985,-1996962.118,2847882.807,146.009493,1068.310759,0.1068310759,0.1068310759,0.2947922806,36.64876993,Retain,-1.015022118,-1.024926965,-0.009904847738,0.02872356982,0.02377114595,-0.1056487365,-0.8702519613,4.681283153,3,0,0.018,0,0.978,0.004
123,186,186,3.533345541,306.6741299,1.626167455,108.5256581,-1996448.353,2847831.496,195,195,4.00685969,318.5946307,1.799018327,103.7803626,-1996458.684,2847857.148,1140.514941,26441.65628,2.644165628,2.644165628,0.7483461771,27.6535143,Retain,1.262245167,1.388007815,0.1257626473,0.03813382676,0.1010151504,-0.04470943658,1.0871808,3.26103134,4,0.03,0,0.004,0.164,0.802
124,194,194,1.993169279,362.4330626,1.44342748,60.19920385,-1997644.304,2847663.563,199,199,1.734317015,394.867568,1.466934678,49.70688162,-1997647.229,2847691.53,596.5006298,13046.05237,1.304605237,1.304605237,0.6545381018,28.1195658,Retain,0.6897259746,0.5506136846,-0.13911229,0.08571063549,0.01615449047,-0.1915122342,0.6376835769,3.564003143,3,0.332,0.122,0.024,0.494,0.028
125,192,192,0.3623944144,664.4606148,1.128379167,60.19920386,-1996705.743,2847638.936,202,202,0.478433257,613.4543222,1.196982991,49.70673166,-1996727.634,2847671.714,170.8238452,1171.095558,0.1171095558,0.1171095558,0.3231549692,39.41553487,Retain,-1.015022118,-0.7372385616,0.2777835561,-0.07986979906,0.05902197901,-0.191515251,-0.7376969922,4.754061397,3,0,0.008,0.002,0.602,0.388
126,196,196,32.07190568,157.6686205,2.518852396,95.18329875,-1995327.114,2847898.779,187,187,0.4186243589,812.2725047,1.482549041,24.06239315,-1995299.399,2848142.074,289.0301034,2764.944765,0.2764944765,0.2764944765,0.008621080371,244.8679894,Retain,3.467980434,-0.8707812794,-4.338761714,1.639340389,-0.5300404678,-1.37512327,-4.636148447,4.339098056,2,0,0,1,0,0
127,195,195,0.7247888289,498.3454611,1.196826841,60.19920386,-1996566.533,2847627.649,204,204,0.7774557118,567.2818635,1.411015538,49.70673166,-1996569.824,2847649.086,326.2208384,4355.964236,0.4355964236,0.4355964236,0.6009977062,21.68851327,Retain,-0.3218749371,-0.2517285989,0.07014633819,0.1295627605,0.1646359296,-0.191515251,0.4087833533,3.810131296,3,0.06,0.014,0.004,0.728,0.194
128,196,196,32.07190568,157.6686205,2.518852396,95.18329875,-1995327.114,2847898.779,214,214,31.39705456,156.1005134,2.467424389,24.06239315,-1995330.161,2847923.569,4661.546337,268450.605,26.8450605,26.8450605,0.8370272964,24.97664993,Retain,3.467980434,3.446714085,-0.0212663497,-0.009995375473,-0.02062855033,-1.37512327,1.6313507,2.056356148,0,0.462,0.134,0.15,0.148,0.106
129,205,205,11.50602266,256.3666939,2.453122768,90.29880578,-1997090.284,2847601.845,219,219,11.36280042,279.7514993,2.660174831,72.19002705,-1997082.063,2847632.264,3019.245524,88298.51821,8.829851821,8.829851821,0.7674113013,31.51032443,Retain,2.4428706080000002,2.430344899,-0.01252570851,0.08729288897,0.08103003472,-0.2238195506,1.190763268,2.801276626,3,0.372,0.096,0.054,0.388,0.09
130,204,204,0.6341902252,569.5376699,1.279461712,30.09960192,-1995499.609,2847421.789,220,220,0.4186325135,697.3135421,1.272739858,48.12666912,-1995501.697,2847464.394,231.8872965,2520.584229,0.2520584229,0.2520584229,0.3974492397,42.65563001,Retain,-0.4554063298,-0.8707618001,-0.4153554703,0.2024102287,-0.005267506449,0.4693120844,-0.415250035,4.553250821,1,0.032,0.77,0.01,0.188,0
132,213,213,1.811972072,365.4533381,1.387722887,30.09960192,-1995510.789,2847247.641,231,231,1.853954627,368.5375709,1.415553825,48.12666912,-1995518.777,2847282.186,607.8048557,12336.33262,1.233633262,1.233633262,0.6808235521,35.45602089,Retain,0.5944157948,0.6173209937,0.02290519883,0.008404057561,0.01985665698,0.4693120844,0.7558986595,3.843478329,3,0.024,0.006,0.002,0.914,0.054
133,212,212,0.5435916217,553.717179,1.151647165,90.29880578,-1996826.142,2847202.492,229,229,0.4784399599,610.1493424,1.190542595,72.19002705,-1996832.429,2847215.945,256.076116,3894.933185,0.3894933185,0.3894933185,0.7165182519,14.85008494,Retain,-0.6095570095,-0.7372245516,-0.1276675421,0.09704970174,0.03321593069,-0.2238195506,0.9251292885,3.57521637,3,0.182,0.044,0.004,0.752,0.018
135,225,225,0.3623944144,664.4606148,1.128379167,30.09960193,-1997638.831,2846916.546,234,234,0.4784424928,613.4482931,1.19698278,24.06371956,-1997652.054,2846937.614,211.4279758,2163.595578,0.2163595578,0.2163595578,0.5970278491,24.87393814,Retain,-1.015022118,-0.7372192576,0.27780286,-0.07987962718,0.05902180281,-0.2237983198,0.3922913809,4.293736798,4,0.002,0.002,0.002,0.454,0.54
136,228,228,24.64282018,178.3295032,2.497258337,0,-1997405.891,2847151.256,245,245,25.77594117,193.4489035,2.770566677,24.06371956,-1997416.808,2847171.763,4577.991524,216463.2248,21.64632248,21.64632248,0.8784028092,23.2320398,Retain,3.204485588,3.249441544,0.0449559565,0.08138043236,0.1038584106,10.08850213,1.970338942,2.115697544,0,0.388,0.134,0.024,0.078,0.376
137,227,227,0.1811972072,996.6909221,1.196826841,67.304756,-1997443.184,2846796.147,241,241,0.1794166431,1081.780245,1.292603947,54.16620751,-1997465.954,2846801.794,130.0985061,304.4361144,0.03044361146,0.03044361146,0.1680136903,23.46025478,Retain,-1.708169298,-1.718044563,-0.009875264438,0.08192262438,0.07698499216,-0.2171700626,-1.595037488,4.58179992,3,0.012,0.04,0,0.92,0.028
138,228,228,24.64282018,178.3295032,2.497258337,0,-1997405.891,2847151.256,242,242,0.2392223783,817.9288862,1.128525862,49.70541231,-1996981.543,2846820.634,118.0042556,875.3434087,0.08753434086,0.08753434086,0.003552123507,537.9424722,Retain,3.204485588,-1.430361706,-4.634847294,1.523142416,-0.7942812311,10.81388922,-5.389606064,5.257875633,2,0,0,1,0,0
139,231,231,0.724788829,498.345461,1.196826841,67.304756,-1997518.433,2846645.649,247,247,0.4784466371,610.1496847,1.190551571,54.16620751,-1997519.534,2846665.755,276.1183559,4389.141973,0.4389141973,0.4389141973,0.6055752789,20.1358381,Retain,-0.3218749369,-0.7372105955,-0.4153356586,0.2024107785,-0.005257050856,-0.2171700626,0.4278684104,3.73585329,1,0.138,0.498,0.062,0.3,0.002
140,229,229,3.714542748,324.1271292,1.762232194,127.7017958,-1996662.062,2846789.173,249,249,3.88736934,365.5302503,2.033041736,87.64940285,-1996661.322,2846806.739,1244.867463,29847.67757,2.984767757,2.984767757,0.8035357135,17.58206375,Retain,1.312255588,1.357732667,0.04547707875,0.1202132271,0.1429517665,-0.3763494488,1.404707618,2.783173301,0,0.39,0.038,0.012,0.38,0.18
141,236,236,0.1811972072,996.6909221,1.196826841,42.56726526,-1997112.088,2846495.151,257,257,0.1794185887,1081.781817,1.292612834,34.59404735,-1997123.612,2846510.16,135.1882148,846.9486611,0.08469486611,0.08469486611,0.467418165,18.92236877,Retain,-1.708169298,-1.718033719,-0.009864420545,0.08192407739,0.07699186712,-0.2073984973,-0.1302510398,4.366847193,3,0.024,0.036,0.002,0.91,0.028
142,257,257,0.5435916216,553.717179,1.151647165,67.30475601,-1996811.092,2845772.761,286,286,0.3588444987,683.7878622,1.155499074,120.3269685,-1996828.879,2845793.483,196.6700008,2159.045437,0.2159045437,0.2159045437,0.3971815147,27.30903551,Retain,-0.6095570095,-1.024866136,-0.4153091262,0.2109936774,0.003339114311,0.580975325,-0.4163656634,4.184397683,1,0.026,0.748,0.004,0.22,0.002
144,261,261,3.714542748,243.0953469,1.321674145,30.09960192,-1995310.517,2845812.771,291,291,4.306139632,294.9931559,1.726835874,24.06577897,-1995350.275,2845841.855,771.9156996,25654.59868,2.565459868,2.565459868,0.6906529394,49.26025551,Retain,1.312255588,1.460041826,0.1477862378,0.1934984155,0.26739153450000003,-0.2237127453,0.8013930757,3.813375029,4,0.152,0.026,0.026,0.224,0.572
146,270,270,3.26154973,387.6020253,1.974663542,30.09960192,-1995324.506,2845551.194,304,304,3.05020317,448.0199786,2.207276975,24.06577897,-1995334.053,2845591.123,1150.716107,20047.63677,2.004763677,2.004763677,0.6146659848,41.05462938,Retain,1.18220246,1.115208202,-0.06699425806,0.1448587213,0.1113615922,-0.2237127453,0.4660022646,3.696191674,3,0.346,0.158,0.066,0.374,0.056
147,278,278,4.25813437,226.1993582,1.316728141,190.3665975,-1994737.422,2845193.504,318,318,3.827753192,254.7759609,1.406130019,96.26515376,-1994739.92,2845208.834,916.0667561,36194.32413,3.619432413,3.619432413,0.8500042739,15.53262435,Retain,1.448831123,1.342277997,-0.1065531259,0.1189678479,0.06569128493,-0.6818401364,1.729165619,2.590956369,0,0.718,0.072,0.02,0.158,0.032
148,280,280,0.6341902254,569.5376697,1.279461712,0,-1995293.212,2845086.92,317,317,0.8971322024,488.1198044,1.304216588,0,-1995295.7,2845102.659,358.9620178,5554.802469,0.5554802469,0.5554802469,0.8758890073,15.93478734,Retain,-0.4554063296,-0.108552045,0.3468542846,-0.1542640494,0.0191630929,0,1.94717914,3.568635464,4,0.004,0.002,0,0.064,0.93
149,281,281,6.070106442,247.9330652,1.723168198,67.304756,-1995717.174,2845092.375,324,324,6.339724282,262.347387,1.863403883,49.70247654,-1995718.48,2845102.151,1493.421206,54632.62311,5.463262311,5.463262311,0.9000274317,9.862746477,Retain,1.803376141,1.846835279,0.04345913827,0.0565107186,0.07824028773,-0.3031708793,2.188686824,1.959542936,4,0.178,0.044,0.02,0.272,0.486
150,282,282,0.8153874324,664.4606148,1.692568751,30.09960193,-1996934.835,2844878.134,321,321,0.418662384,819.7791318,1.496317991,48.13335785,-1996970.507,2844890.47,312.0975659,2627.642214,0.2627642214,0.2627642214,0.322256894,37.74482016,Retain,-0.2040919015,-0.8706904499,-0.6665985484,0.2100593465,-0.1232399277,0.4694510533,-0.7417953696,4.305285639,1,0.008,0.896,0.086,0.01,0
151,286,286,0.3623944145,830.5757684,1.410473959,30.09960192,-1996389.698,2844817.098,326,326,0.6579001125,594.839447,1.361052287,24.85109633,-1996401.601,2844844.066,266.984781,2361.937087,0.2361937087,0.2361937087,0.6517586896,29.47755262,Retain,-1.015022118,-0.4187021639,0.5963199537,-0.3338276251,-0.03566764827,-0.1916030605,0.6254444026,4.463538971,4,0,0,0.002,0.034,0.964
152,287,287,5.798310631,218.0261392,1.480997657,0,-1995478.244,2844864.129,329,329,5.502440431,257.6747039,1.70507909,0,-1995490.588,2844879.332,1214.492169,47560.48014,4.756048014,4.756048014,0.8202471922,19.58307888,Retain,1.757566605,1.705191709,-0.05237489604,0.1670829915,0.1408955435,0,1.513693756,2.668298575,0,0.62,0.052,0.02,0.256,0.052
153,290,290,7.5196841,272.1886856,2.105546972,30.09960193,-1996736.024,2844704.225,331,331,5.263222253,280.9150818,1.818008791,69.18960352,-1996733.054,2844699.062,1345.73992,43141.14818,4.314114818,4.314114818,0.5737095815,5.95646627,Retain,2.017524129,1.660743435,-0.3567806943,0.0315569008,-0.1468334464,0.8323198969,0.2964009187,1.348248147,2,0.154,0.232,0.536,0.06,0.018
154,290,290,7.5196841,272.1886856,2.105546972,30.09960193,-1996736.024,2844704.225,320,320,0.2392357515,1019.101868,1.406130752,34.59469036,-1996686.173,2844922.383,217.0195949,1723.025783,0.1723025783,0.1723025783,0.02291353945,223.7817419,Retain,2.017524129,-1.430305805,-3.447829934,1.320181474,-0.403733493,0.1391839491,-3.711153269,4.974278557,2,0,0.032,0.968,0,0
155,292,292,287.7411651,124.2725457,5.946634714,30.09960192,-1997288.61,2845632.432,327,327,113.1568482,176.9562807,5.310084973,24.06457637,-1996778.823,2845421.126,20220.90254,1062047.164,106.2047164,106.2047164,0.3690980968,551.8453554,Retain,5.662061344,4.728774893,-0.9332864506,0.3534255976,-0.1132176277,-0.223762716,-0.5349660687,4.054603937,2,0.01,0.204,0.784,0.002,0
156,292,292,287.7411651,124.2725457,5.946634714,30.09960192,-1997288.61,2845632.432,301,301,84.02879919,155.7427787,4.027328593,24.85184865,-1998090.081,2845967.698,13913.98545,751640.5802,75.16405802,75.16405802,0.2612210804,868.7681063,Retain,5.662061344,4.431159588,-1.230901756,0.2257286889,-0.3897221891,-0.1915727891,-1.037163418,4.508411661,2,0.002,0.022,0.976,0,0
157,292,292,287.7411651,124.2725457,5.946634714,30.09960192,-1997288.61,2845632.432,258,258,0.239224847,817.9244568,1.128525573,55.22395656,-1997629.756,2846441.704,134.1081481,859.8292859,0.08598292859,0.08598292859,2.988203949e-4,878.2381386,Retain,5.662061344,-1.430351387,-7.092412731,1.884292878,-1.661913487,0.606869794,-6.646999749,4.519253195,2,0,0,1,0,0
158,292,292,287.7411651,124.2725457,5.946634714,30.09960192,-1997288.61,2845632.432,260,260,0.4784490828,821.2188421,1.602403321,34.59399447,-1997235.833,2846463.818,332.0755028,2087.44572,0.208744572,0.208744572,7.254595356e-4,833.0595568,Retain,5.662061344,-0.7372054838,-6.399266827,1.888312527,-1.311320887,0.1391638343,-6.362536369,4.466440608,2,0,0,1,0,0
159,292,292,287.7411651,124.2725457,5.946634714,30.09960192,-1997288.61,2845632.432,264,264,3.229538031,364.4975926,1.84782115,24.06457637,-1996920.175,2846444.095,1150.022572,24526.42165,2.452642165,2.452642165,0.008523779227,891.3709058,Retain,5.662061344,1.172339103,-4.489722241,1.076042844,-1.168818277,-0.223762716,-4.646411306,4.534096014,2,0,0,1,0,0
160,292,292,287.7411651,124.2725457,5.946634714,30.09960192,-1997288.61,2845632.432,265,265,2.990311016,376.5086827,1.836657786,24.85230205,-1996334.997,2846522.83,1000.828304,24436.7216,2.44367216,2.44367216,0.008492605359,1304.678808,Retain,5.662061344,1.095377401,-4.566683943,1.108464006,-1.174877966,-0.1915545458,-4.649721351,4.915047203,2,0.002,0,0.998,0,0
161,292,292,287.7411651,124.2725457,5.946634714,30.09960192,-1997288.61,2845632.432,267,267,0.2392258705,817.922626,1.128525461,24.85227863,-1997595.762,2846299.192,219.5136686,2032.469068,0.2032469068,0.2032469068,7.06353249e-4,734.1052938,Retain,5.662061344,-1.430347108,-7.092408452,1.88429064,-1.661913586,-0.1915554881,-6.373690392,4.339988104,2,0,0,1,0,0
162,292,292,287.7411651,124.2725457,5.946634714,30.09960192,-1997288.61,2845632.432,268,268,0.4784517382,616.734289,1.203406163,24.85230205,-1996231.655,2846386.184,295.0775926,4784.517382,0.4784517382,0.4784517382,0.001662785157,1298.190235,Retain,5.662061344,-0.7371999337,-6.399261277,1.601961178,-1.59766946,-0.1915545458,-5.927719648,4.910061488,2,0,0,1,0,0
163,292,292,287.7411651,124.2725457,5.946634714,30.09960192,-1997288.61,2845632.432,271,271,2.033419138,481.9057523,1.938521543,34.59399447,-1997367.295,2846322.985,986.3414513,19241.20529,1.924120529,1.924120529,0.00668698387,695.0217823,Retain,5.662061344,0.7097186805,-4.952342663,1.355271457,-1.120899874,0.1391638343,-4.862523571,4.285278896,2,0,0,1,0,0
164,292,292,287.7411651,124.2725457,5.946634714,30.09960192,-1997288.61,2845632.432,312,312,9.389907858,240.4784446,2.078748207,34.59459719,-1998259.406,2845161.942,2218.627633,85622.34012,8.562234012,8.562234012,0.02975672254,1078.798184,Retain,5.662061344,2.23963548,-3.422425863,0.6601533553,-1.051059576,0.1391812563,-3.452468391,4.724938106,2,0,0,1,0,0
165,291,291,4.620528784,260.5727901,1.580046875,67.304756,-1995938.204,2844695.372,332,332,4.186657439,281.9209328,1.627256839,69.1895227,-1995938.739,2844715.442,1120.054559,35297.6882,3.52976882,3.52976882,0.763931789,20.0770579,Retain,1.530509154,1.431902668,-0.09860648569,0.07874440473,0.02944116189,0.02761813751,1.171438755,2.806737938,0,0.47,0.034,0.026,0.452,0.018
166,292,292,287.7411651,124.2725457,5.946634714,30.09960192,-1997288.61,2845632.432,334,334,17.76335825,198.9854021,2.365804331,24.06693353,-1997451.361,2844667.172,3711.614893,148094.8541,14.80948541,14.80948541,0.05146808036,978.8843447,Retain,5.662061344,2.87713781,-2.784923533,0.4707543629,-0.9217074036,-0.223664773,-2.895764155,4.627748792,2,0,0.006,0.994,0,0
167,308,308,1.177781847,408.8988399,1.251824291,60.19920386,-1994780.527,2842104.082,360,360,0.8373949033,526.7020391,1.359644043,102.268829,-1994805.129,2842115.416,393.0997984,6324.852042,0.6324852042,0.6324852042,0.5370138841,27.08709255,Retain,0.1636328787,-0.1774595117,-0.3410923904,0.2531672077,0.08262101251,0.5299389645,0.1480297376,3.789642746,1,0.262,0.464,0.064,0.206,0.004
168,317,317,2.446162298,393.7544384,1.737253376,90.29880577,-1994593.755,2841708.757,364,364,1.973883572,447.6821481,1.774294111,78.33601805,-1994589.333,2841721.157,872.6161765,18201.16114,1.820116114,1.820116114,0.7440700543,13.16480269,Retain,0.8945203873,0.6800029587,-0.2145174286,0.1283560276,0.0210973133,-0.1421150462,1.064674784,2.702727512,0,0.824,0.034,0.02,0.116,0.006
169,3,3,0.8153874325,590.6316576,1.504505556,257.1711116,-2001928.024,2851827.797,4,4,0.3587786458,683.8939831,1.155572356,277.7604105,-2001946.355,2851831.757,239.2364828,3308.627881,0.3308627881,0.3308627881,0.4057737156,18.75350279,Retain,-0.2040919014,-1.025049666,-0.8209577646,0.1466103398,-0.2638685425,0.077016954,-0.3806845937,3.605844766,1,0.014,0.738,0.232,0.016,0
170,11,11,0.8153874325,516.8027004,1.316442362,229.2317388,-2000071.882,2851683.988,14,14,0.2989843594,986.9423228,1.522337958,280.006568,-2000086.504,2851726.407,165.1924723,1344.592216,0.1344592216,0.1344592216,0.1649022492,44.86805196,Retain,-0.2040919014,-1.207364017,-1.003272115,0.6469504232,0.1453143657,0.2000788172,-1.617346778,4.478159185,1,0.008,0.872,0.082,0.038,0
171,18,18,0.2717958108,885.9474864,1.302940032,60.19920385,-2001305.966,2851526.801,22,22,0.4783753348,717.414865,1.399747913,49.71333668,-2001311.88,2851549.896,201.5359958,1822.871977,0.1822871977,0.1822871977,0.6706769953,23.83974658,Retain,-1.30270419,-0.7373596353,0.5653445548,-0.2110033928,0.07166888454,-0.1913823825,0.7097065852,4.395113196,4,0,0.002,0,0.102,0.896
172,16,16,0.7247888289,581.4030379,1.396297981,90.29880578,-2000953.55,2851548.122,23,23,0.4783762765,720.7579294,1.406271949,76.33106499,-2000972.746,2851553.486,338.4363689,4165.203466,0.4165203466,0.4165203466,0.5746782097,19.93209999,Retain,-0.3218749371,-0.7373576667,-0.4154827297,0.2148591247,0.007117759898,-0.1680422106,0.3003544034,3.725684077,1,0.112,0.512,0.05,0.326,0
173,23,23,2.808556712,321.5132007,1.519971608,90.29880578,-2002266.888,2851493.142,25,25,2.152687138,432.8327152,1.791453768,87.63555326,-2002279.274,2851519.868,979.928733,16976.92778,1.697692778,1.697692778,0.6044716029,29.45730489,Retain,1.032670726,0.7667168933,-0.2659538325,0.2973127117,0.1643357955,-0.02993712398,0.4232600055,3.43900545,0,0.434,0.334,0.1,0.12,0.012
174,24,24,5.073521802,296.634203,1.88482511,0,-2001599.079,2851507.81,29,29,5.142539809,276.6119016,1.76951709,48.11365453,-2001604.851,2851532.084,1356.70876,39176.18237,3.917618237,3.917618237,0.7721693903,24.95068089,Retain,1.624035212,1.637547084,0.01351187162,-0.06988429343,-0.06312835762,10.78134208,1.217516124,2.977288527,3,0.206,0.014,0.038,0.398,0.344
175,31,31,0.7247888289,581.4030379,1.396297981,0,-2001559.304,2851329.9,34,34,1.255742487,427.8338621,1.352447817,0,-2001561.646,2851342.665,460.6138806,5901.145005,0.5901145005,0.5901145005,0.8141881841,12.97840026,Retain,-0.321874937,0.2277270205,0.5496019575,-0.3067092657,-0.03190828694,0,1.473317209,3.296665917,4,0.012,0,0,0.042,0.946
176,32,32,0.4529930181,797.3527377,1.513879513,67.304756,-2001356.132,2851356.237,35,35,0.7175665891,607.9204401,1.452689905,55.22804609,-2001358.19,2851365.138,341.2839573,3864.363897,0.3864363897,0.3864363897,0.8530736111,9.1357166,Retain,-0.7918785662,-0.3318895285,0.4599890377,-0.2712531444,-0.04125862554,-0.1977567483,1.753302608,3.180605313,4,0.04,0,0.002,0.074,0.884
177,43,43,1.630774865,516.8027004,1.861730642,0,-2001652.111,2851192.361,40,40,1.375343131,604.017819,1.998252432,0,-2001638.883,2851223.087,745.3320758,7987.918075,0.7987918075,0.7987918075,0.4898234727,33.45236907,Retain,0.4890552792,0.3187032497,-0.1703520295,0.1559425215,0.07076650681,0,-0.0406304482,3.837989804,1,0.112,0.568,0.044,0.26,0.016
178,52,52,8.335071532,223.8943376,1.823445737,42.56726526,-2002400.13,2851094.828,45,45,8.252066211,249.1459192,2.018971545,34.59174897,-2002412.509,2851128.04,1817.315578,64552.87863,6.455287863,6.455287863,0.774473001,35.4433191,Retain,2.120472098,2.110463619,-0.01000847955,0.1068645124,0.1018602726,-0.2074649359,1.230609028,3.080091883,3,0.298,0.062,0.034,0.52,0.086
179,54,54,12.23081149,231.3307326,2.282212277,60.19920385,-2000752.579,2851163.822,36,36,1.494931957,590.0214417,2.03504293,24.0570385,-2000793.054,2851401.649,804.8344608,10365.25327,1.036525327,1.036525327,0.08474706102,241.2460001,Retain,2.5039583,0.4020806919,-2.101877608,0.9363104489,-0.1146283551,-0.9172065566,-2.368890649,4.806207099,2,0,0.01,0.99,0,0
180,54,54,12.23081149,231.3307326,2.282212277,60.19920385,-2000752.579,2851163.822,53,53,7.654117113,274.8959631,2.145413365,24.0570385,-2000765.071,2851104.971,2271.69135,63865.75451,6.386575451,6.386575451,0.5221710316,60.16301932,Retain,2.5039583,2.035243688,-0.4687146119,0.172544281,-0.06181302492,-0.9172065566,0.08856495682,3.417460281,2,0.136,0.324,0.51,0.02,0.01
181,59,59,3.533345541,340.7490332,1.806852728,0,-2000487.874,2850893.938,55,55,3.229097597,334.7359544,1.69682876,48.1155612,-2000475.059,2850937.871,910.9293391,17330.27728,1.733027728,1.733027728,0.4904778512,45.76437259,Retain,1.262245167,1.172202716,-0.09004245089,-0.01780420818,-0.06282543363,10.7813817,-0.03801714834,3.764770107,3,0.132,0.228,0.148,0.432,0.06
183,65,65,0.9965846397,422.838573,1.19076692,0,-2000464.089,2850756.981,69,69,1.494960218,393.6983026,1.357917634,48.1155612,-2000475.18,2850776.866,397.974802,8520.166506,0.8520166506,0.8520166506,0.854936567,22.76857505,Retain,-0.003421205986,0.4020995963,0.4055208023,-0.07140559577,0.1313548054,10.7813817,1.768155269,3.699500763,4,0.002,0.004,0.006,0.06,0.928
184,66,66,0.2717958109,885.9474863,1.302940032,30.09960192,-2001616.995,2850643.88,71,71,0.298992017,976.239013,1.505847609,24.8560126,-2001636.606,2850648.656,186.6116227,1160.876688,0.1160876688,0.1160876688,0.4271135322,20.18396226,Retain,-1.30270419,-1.207338405,0.09536578512,0.09704976848,0.144732661,-0.1914052592,-0.293043163,4.228654922,3,0.01,0.04,0.006,0.842,0.102
185,72,72,2.808556712,385.8158408,1.82396593,30.09960192,-2001771.701,2850664.917,73,73,3.468308103,309.8083609,1.627597587,24.8560126,-2001776.094,2850679.725,1035.81567,25425.01556,2.542501556,2.542501556,0.905269794,15.44540634,Retain,1.032670726,1.243666897,0.2109961708,-0.2194062436,-0.1139081582,-0.1914052592,2.247803167,2.793405957,4,0.22,0.008,0.018,0.11,0.644
186,88,88,0.7247888289,498.3454611,1.196826841,60.19920385,-2001762.477,2850197.402,86,86,0.9567876634,457.6114767,1.262698775,49.71119143,-2001765.633,2850222.146,322.2217648,6037.666538,0.6037666538,0.6037666538,0.8330242269,24.94387805,Retain,-0.3218749371,-0.04417378946,0.2777011476,-0.08527301359,0.05357756023,-0.1914255351,1.602442689,3.949970924,4,0.012,0,0.002,0.23,0.756
187,99,99,7.247888289,307.3130343,2.333897583,42.56726526,-2001613.483,2850279.424,95,95,6.577908586,340.1241984,2.460801122,34.59208947,-2001626.459,2850259.639,2172.270966,58010.0789,5.80100789,5.80100789,0.8003721441,23.66013639,Retain,1.980710156,1.883716851,-0.0969933052,0.1014439564,0.05294730375,-0.207455093,1.38487371,2.745843752,0,0.638,0.124,0.046,0.158,0.034
188,104,104,0.7247888289,498.3454611,1.196826841,150.4980096,-2002503.679,2849855.019,93,93,0.657797048,594.8878455,1.361056405,138.3691306,-2002510.699,2849892.34,283.4671247,2894.505599,0.2894505599,0.2894505599,0.3993584729,37.97504626,Retain,-0.3218749371,-0.4188588329,-0.09698389575,0.1770793593,0.1285874115,-0.08402430283,-0.4073014698,4.370258011,3,0.036,0.164,0.018,0.762,0.02
189,1,1,0.4529930181,664.4606147,1.261566261,395.8984519,-1997852.538,2852084.647,5,5,0.4185745,697.3130513,1.272650772,553.5181935,-1997867.802,2852097.365,237.283085,2519.141486,0.2519141486,0.2519141486,0.5561104444,19.86782359,Retain,-0.7918785663,-0.8709003882,-0.07902182195,0.048258845,0.008747934018,0.3351361583,0.2249374428,3.957456075,3,0.004,0.024,0.002,0.964,0.006
190,2,2,0.452993018,797.3527378,1.513879513,183.0887308,-1998629.108,2851940.169,9,9,0.2989830769,976.2369242,1.505821874,200.3044217,-1998627.473,2851969.004,258.1354782,1976.579854,0.1976579854,0.1976579854,0.4363378189,28.88102718,Retain,-0.7918785664,-1.207368306,-0.4154897397,0.2024081444,-0.005336725473,0.08986694523,-0.2555217055,4.331523731,1,0.036,0.754,0.006,0.204,0
191,5,5,1.811972072,365.4533381,1.387722887,150.4980096,-1998918.064,2851860.405,13,13,1.913493607,382.178693,1.491334437,74.57023732,-1998920.086,2851880.424,621.0620269,15259.00173,1.525900173,1.525900173,0.8421212427,20.12016224,Retain,0.5944157948,0.6489306847,0.0545148899,0.04474967672,0.07200712167,-0.7022016295,1.668969392,3.276929154,3,0.096,0.002,0.006,0.52,0.376
192,29,29,3.170951126,284.7688349,1.430481681,90.29880577,-1999720.434,2851431.916,37,37,2.332093895,334.8995825,1.442722119,124.2826467,-1999721.651,2851457.469,760.1879125,20937.28933,2.093728933,2.093728933,0.6602842018,25.5820125,Retain,1.154031583,0.8467665313,-0.3072650514,0.1621529876,0.008520461913,0.3194311171,0.6631350113,3.237277709,0,0.672,0.18,0.034,0.106,0.008
193,30,30,12.23081149,211.6430106,2.087981445,90.29880577,-1999329.648,2851541.963,38,38,11.83983011,222.1424183,2.156250925,72.16982865,-1999335.612,2851581.798,2573.633593,99282.29996,9.928229996,9.928229996,0.8117392706,40.27897371,Retain,2.5039583,2.47146928,-0.03248901923,0.04841775695,0.03217324733,-0.2240993805,1.457284773,3.016240208,0,0.394,0.09,0.088,0.304,0.124
194,44,44,0.3623944144,664.4606148,1.128379167,419.2389426,-1998180.624,2851130.49,51,51,0.3587880111,679.4269827,1.148039471,309.1809716,-1998180.357,2851168.292,156.2622106,1410.249689,0.1410249689,0.1410249689,0.3891477442,37.80307306,Retain,-1.015022118,-1.025023563,-0.01000144549,0.02227416446,0.01727344175,-0.3045134031,-0.4499653428,4.712292852,3,0,0.01,0.002,0.96,0.028
195,55,55,2.808556712,342.9474141,1.621303049,30.09960193,-1998734.554,2850938.726,56,56,0.7175771885,610.149202,1.458026534,24.05775403,-1998828.723,2851050.58,294.4635847,4232.750973,0.4232750973,0.4232750973,0.1507091153,146.2160951,Retain,1.032670726,-0.3318747573,-1.364545483,0.576126397,-0.1061463446,-0.2240462459,-1.723613536,5.04112205,2,0.01,0.112,0.876,0.002,0
196,57,57,0.3623944144,664.4606148,1.128379167,419.2389426,-1999354.508,2850859.594,61,61,0.3587900181,683.875795,1.155559937,380.5121811,-1999371.94,2850911.443,102.4522439,78.50715377,0.007850715377,0.007850715377,0.0216634558,54.7009313,Retain,-1.015022118,-1.025017969,-0.00999585163,0.02880070897,0.02380278316,-0.09692259311,-3.766121596,5.081775018,3,0,0.022,0.02,0.948,0.01
197,55,55,2.808556712,342.9474141,1.621303049,30.09960193,-1998734.554,2850938.726,64,64,1.674352873,381.2071092,1.391488287,24.05775403,-1998709.277,2850953.741,592.3554432,11094.24691,1.109424691,1.109424691,0.3950159475,29.40015232,Retain,1.032670726,0.5154267459,-0.5172439798,0.1057656975,-0.1528562924,-0.2240462459,-0.4253991879,3.437063448,1,0.074,0.472,0.44,0.012,0.002
199,60,60,0.7247888289,498.3454611,1.196826841,30.09960193,-1998632.118,2850799.394,72,72,1.136171557,474.2695375,1.426074635,24.05779134,-1998632.723,2850831.114,366.5766834,4831.493596,0.4831493596,0.4831493596,0.6666070728,31.72555435,Retain,-0.3218749371,0.1276643276,0.4495392647,-0.04951772882,0.1752519035,-0.2240446951,0.6913830556,4.190456418,4,0.002,0,0.002,0.042,0.954
201,92,92,10.50943802,257.7648937,2.357265949,30.09960192,-1998705.291,2850319.098,92,92,10.4648831,303.7430726,2.771843081,0,-1998715.316,2850334.764,2746.457725,83861.87514,8.386187514,8.386187514,0.7979672652,18.59856821,Retain,2.352273712,2.348025185,-0.004248527123,0.1641342834,0.1620100199,-10.31230045,1.369952754,2.319366453,0,0.566,0.062,0.086,0.188,0.098
202,93,93,1.993169279,422.838573,1.683998727,30.09960192,-1998290.077,2850146.78,97,97,2.092989299,397.6807936,1.622980077,24.05912571,-1998303.202,2850154.838,786.8509402,15812.79252,1.581279252,1.581279252,0.7933491991,15.40139882,Retain,0.6897259746,0.7385933307,0.04886735606,-0.06134082493,-0.0369071469,-0.2239892335,1.341665335,2.96202522,3,0.134,0.002,0.012,0.676,0.176
203,95,95,0.6341902252,569.5376698,1.279461712,30.09960193,-1998685.867,2850018.955,96,96,0.1793994776,1081.750387,1.292506436,0,-1998745.48,2850071.51,65.48650758,242.2905212,0.02422905212,0.02422905212,0.03820470761,79.47171591,Retain,-0.4554063297,-1.718140241,-1.262733911,0.6415108104,0.01014385474,-10.31230045,-3.201043985,5.175481874,2,0.006,0.38,0.578,0.032,0.004
204,95,95,0.6341902252,569.5376698,1.279461712,30.09960193,-1998685.867,2850018.955,98,98,0.23919959,817.9698808,1.128528668,49.71063424,-1998656.364,2850041.035,157.0981407,1454.581259,0.1454581259,0.1454581259,0.2293604035,36.85083443,Retain,-0.4554063297,-1.430456971,-0.9750506414,0.3620005893,-0.1255247314,0.5016938259,-1.208872543,4.406973506,1,0,0.932,0.064,0.004,0
205,97,97,0.3623944144,664.4606148,1.128379167,30.09960193,-1998812.716,2849986.705,99,99,0.4185993783,701.117301,1.279631851,24.85532349,-1998816.83,2850018.74,189.9362619,1555.736811,0.1555736811,0.1555736811,0.429293816,32.29802123,Retain,-1.015022118,-0.8708409541,0.1441811636,0.05369960096,0.1257901827,-0.1914329826,-0.2841569268,4.554912929,3,0,0.014,0.008,0.83,0.148
206,100,100,17.30433329,184.3791235,2.163636253,30.09960193,-1999690.883,2850136.179,102,102,18.17906538,183.0550527,2.201722419,24.05922127,-1999692.287,2850155.714,3150.505543,157122.1386,15.71221386,15.71221386,0.907993021,19.58554167,Retain,2.850956949,2.900270678,0.04931372878,-0.007207149184,0.01744971521,-0.2239852618,2.279662883,2.121729149,4,0.298,0.042,0.032,0.084,0.544
207,105,105,0.6341902253,569.5376698,1.279461712,30.09960192,-1998135.474,2849851.257,111,111,0.4784018483,613.4756445,1.196985303,24.85517734,-1998133.082,2849890.602,225.4928509,2239.782787,0.2239782787,0.2239782787,0.3531720764,39.41792833,Retain,-0.4554063297,-0.7373042128,-0.2818978831,0.07431563798,-0.06663330359,-0.1914388622,-0.6038422244,4.474314223,3,0.088,0.346,0.052,0.506,0.008
208,127,127,23.46503834,194.9768599,2.664334656,30.09960192,-1998236,2849776.415,133,133,24.03972272,197.5355293,2.732152996,24.05912571,-1998242.566,2849814.781,4511.537522,199531.5195,19.95315195,19.95315195,0.8503353656,38.9237896,Retain,3.155511583,3.179707576,0.02419599256,0.01303757879,0.02513557507,-0.2239892333,1.731749732,2.656240464,0,0.364,0.068,0.084,0.14,0.344
209,115,115,1.540176261,390.8591852,1.368360733,90.29880578,-1999277.489,2849736.17,112,112,1.196006142,449.2164534,1.385853834,96.23874012,-1999276.194,2849762.799,487.5095908,9397.809577,0.9397809577,0.9397809577,0.610177537,26.6603815,Retain,0.4318968653,0.1789877914,-0.2529090739,0.1391574955,0.01270295849,0.06370706179,0.4471340868,3.639632643,1,0.24,0.464,0.046,0.242,0.008
210,119,119,1.449577658,456.8166727,1.551521355,30.09960193,-1999790.953,2849602.935,120,120,1.435211792,476.0380234,1.608772775,48.11950845,-1999798.148,2849622.591,605.3896844,10463.31716,1.046331716,1.046331716,0.7218183244,20.93163197,Retain,0.3712722435,0.3613124283,-0.009959815163,0.04121557555,0.03623566797,0.4691632882,0.9512951732,3.428038101,3,0.018,0.014,0.002,0.944,0.022
211,120,120,4.801725991,300.8878255,1.859937585,42.56726527,-1999520.056,2849678.61,123,123,4.843833014,292.0304001,1.813083113,34.59258867,-1999534.367,2849684.526,1360.954454,38782.97808,3.878297808,3.878297808,0.8076882803,15.48516009,Retain,1.568975435,1.577706352,0.008730917604,-0.02987961593,-0.02551415713,-0.2074406627,1.431109514,2.527823953,3,0.218,0.002,0.012,0.606,0.162
212,121,121,0.7247888289,498.3454611,1.196826841,67.30475601,-1999234.11,2849535.211,126,126,1.136211951,520.8082124,1.566038982,34.59264922,-1999261.513,2849551.326,329.1738494,4659.626784,0.4659626784,0.4659626784,0.6428943988,31.79057507,Retain,-0.321874937,0.1276998798,0.4495748168,0.04408832617,0.2688757346,-0.6655756438,0.5867068172,4.192503731,4,0,0,0,0.072,0.928
213,131,131,1.358979054,487.2711175,1.602404365,30.09960193,-1999405.678,2849387.723,131,131,1.136215318,429.1081117,1.290304204,24.85490944,-1999431.638,2849423.727,437.4185358,7363.133492,0.7363133492,0.7363133492,0.5418136115,44.38744298,Retain,0.3067337223,0.1277028429,-0.1790308795,-0.1271117817,-0.2166272214,-0.1914496405,0.1673098012,4.211977224,3,0.026,0.206,0.368,0.38,0.02
214,132,132,1.540176261,390.8591852,1.368360733,90.29880578,-1998972.952,2849367.893,135,135,1.913631698,434.9577851,1.697349804,48.12052338,-1998950.232,2849377.374,555.6539268,10213.90043,1.021390043,1.021390043,0.6631643851,24.61880253,Retain,0.4318968653,0.649002849,0.2171059837,0.1069016257,0.2154546176,-0.6294057609,0.675970256,3.55996761,4,0.034,0.004,0.004,0.284,0.674
215,136,136,1.177781847,408.8988399,1.251824291,108.5256581,-1997857.632,2849226.111,139,139,1.07642441,543.8301486,1.591659321,87.64171332,-1997865.052,2849262.457,472.3104325,7018.737178,0.7018737178,0.7018737178,0.5959284562,37.09517062,Retain,0.1636328787,0.07364481752,-0.08998806122,0.2851691811,0.2401751505,-0.2137273656,0.3877335646,4.10406225,3,0.15,0.17,0.028,0.618,0.034
216,137,137,0.9059860361,664.4606148,1.784124116,60.19920386,-1999107.692,2849128.866,138,138,1.196027107,494.7600741,1.526371418,49.70936873,-1999120.281,2849173.646,304.9632022,1015.195534,0.1015195534,0.1015195534,0.1120542143,46.51531757,Retain,-0.0987313858,0.1790053197,0.2777367055,-0.2949026597,-0.156034307,-0.1914622009,-2.062168774,4.461533802,4,0.024,0.054,0.144,0.308,0.47
217,140,140,1.26838045,427.1532524,1.357074079,60.19920386,-1998881.515,2849133.166,142,142,1.016623236,481.1526187,1.368541393,24.06046129,-1998891.5,2849168.749,406.5987878,6364.909605,0.6364909605,0.6364909605,0.5018139157,36.95739799,Retain,0.2377408508,0.01648658203,-0.2212542688,0.1190416607,0.008414526251,-0.9170642948,0.007241212191,4.063287419,1,0.122,0.442,0.116,0.296,0.024
218,140,140,1.26838045,427.1532524,1.357074079,60.19920386,-1998881.515,2849133.166,144,144,0.2392058492,1025.767953,1.415239992,24.06046129,-1998808.969,2849115.162,85.5092927,236.7294214,0.02367294214,0.02367294214,0.01866391281,74.74685716,Retain,0.2377408508,-1.430430804,-1.668171655,0.8760539803,0.04196815289,-0.9170642948,-3.911148378,4.767615063,2,0.024,0.252,0.714,0.008,0.002
219,144,144,17.30433329,222.6464887,2.612692833,30.09960193,-1999896.38,2849145.729,146,146,18.11978486,237.9976012,2.857881166,24.85488504,-1999922.674,2849155.651,4332.77009,141287.3193,14.12873193,14.12873193,0.8164851946,28.10358111,Retain,2.850956949,2.897004427,0.04604747818,0.0666753336,0.08969907269,-0.1914506222,1.488503086,2.48281906,0,0.39,0.086,0.036,0.14,0.348
220,153,153,0.8153874325,590.6316576,1.504505556,90.29880578,-1999904.662,2848533.563,156,156,0.8372319314,526.77429,1.359698224,0,-1999914.54,2848543.435,409.7905834,6144.1439,0.61441439,0.61441439,0.7535244786,13.96519378,Retain,-0.2040919014,-0.1776541484,0.02643775299,-0.1144204057,-0.1012015292,-11.41089059,1.114776048,3.311050573,3,0.138,0.032,0.088,0.632,0.11
221,166,166,2.26496509,451.833218,1.918244584,60.19920385,-1997798.359,2848288.486,176,176,2.870540367,409.5264569,1.957306603,34.59325514,-1997790.923,2848301.112,1039.516135,19040.69631,1.904069631,1.904069631,0.8406618004,14.6534157,Retain,0.8175593461,1.054500293,0.236940947,-0.09831161607,0.02015885741,-0.5539881067,1.658092939,2.848326973,4,0.162,0,0,0.114,0.724
222,181,181,0.452993018,664.4606148,1.261566261,108.5256581,-1998009.056,2847876.723,188,188,0.2392143146,817.9433734,1.12852683,175.6187474,-1997997.577,2847913.203,140.8860143,1028.20699,0.102820699,0.102820699,0.2269807588,38.24334683,Retain,-0.7918785663,-1.430395415,-0.6385168488,0.2078175026,-0.1114409218,0.481325292,-1.222335498,4.61229998,1,0.018,0.908,0.052,0.022,0
223,191,191,0.9965846396,543.6495939,1.530986039,60.19920385,-1997859.105,2847667.668,197,197,0.6578438754,597.2704463,1.366556247,49.70688162,-1997844.767,2847700.47,309.636038,2757.671289,0.2757671289,0.2757671289,0.2767122008,35.79875274,Retain,-0.003421206014,-0.4187876472,-0.4153664412,0.09406510921,-0.1136181114,-0.1915122342,-0.9586034976,4.152016533,1,0.082,0.72,0.128,0.068,0.002
224,203,203,0.8153874326,516.8027003,1.316442362,60.19920385,-1997791.001,2847436.6,211,211,0.5980435642,568.5917394,1.240400762,88.74278062,-1997797.143,2847504.038,247.0893214,3098.543742,0.3098543742,0.3098543742,0.3800087686,67.71747682,Retain,-0.2040919013,-0.5140916779,-0.3099997766,0.09550149365,-0.0594983947,0.3880776098,-0.4884945722,4.889769958,1,0.188,0.458,0.042,0.308,0.004
225,218,218,133.8141375,131.8124307,4.301326764,0,-1999417.673,2847744.142,159,159,5.202797541,291.911686,1.878300233,34.59302418,-1999538.253,2848597.632,1405.432874,43236.07941,4.323607941,4.323607941,0.03231054671,861.9650301,Retain,4.896451804,1.64919647,-3.247255334,0.7950713788,-0.8285562884,10.45143623,-3.370070014,4.883354903,2,0,0.014,0.986,0,0
226,218,218,133.8141375,131.8124307,4.301326764,0,-1999417.673,2847744.142,164,164,0.1196056044,1233.549121,1.203447866,24.0615909,-1999318.77,2848323.152,147.5393883,1196.056044,0.1196056044,0.1196056044,8.938188943e-4,587.3962879,Retain,4.896451804,-2.123555579,-7.020007382,2.236270825,-1.273732866,10.08841367,-6.269266085,4.499840443,2,0,0.004,0.996,0,0
227,218,218,133.8141375,131.8124307,4.301326764,0,-1999417.673,2847744.142,167,167,9.807593006,343.8959254,3.038108752,24.0615909,-1999160.182,2848548.358,3433.557478,83657.44111,8.365744111,8.365744111,0.06251764026,844.4316386,Retain,4.896451804,2.283156882,-2.613294922,0.9589591368,-0.3476883239,10.08841367,-2.692946393,4.862804009,2,0,0.054,0.946,0,0
228,218,218,133.8141375,131.8124307,4.301326764,0,-1999417.673,2847744.142,171,171,0.5382265869,730.0083101,1.510794675,48.1236755,-1999729.992,2848197.773,381.2572347,4090.910894,0.4090910894,0.4090910894,0.003057158959,550.7487915,Retain,4.896451804,-0.6194756422,-5.515927446,1.711675985,-1.046287738,10.78155033,-5.505213036,4.435419648,2,0,0,1,0,0
229,218,218,133.8141375,131.8124307,4.301326764,0,-1999417.673,2847744.142,174,174,0.717636045,476.0323446,1.137584464,24.06177776,-1999073.173,2848182.112,303.0728292,5733.707216,0.5733707216,0.5733707216,0.004284829183,557.2233642,Retain,4.896451804,-0.3317927396,-5.228244543,1.28410587,-1.330016401,10.08842143,-5.239624745,4.447107008,2,0,0,1,0,0
230,218,218,133.8141375,131.8124307,4.301326764,0,-1999417.673,2847744.142,178,178,0.5382288003,634.7092087,1.31357034,48.12421842,-1999216.116,2848080.561,333.1963218,4589.025309,0.4589025309,0.4589025309,0.003429402449,392.1770679,Retain,4.896451804,-0.6194715299,-5.515923334,1.571787023,-1.186174644,10.78156161,-5.417058233,4.095855033,2,0,0,1,0,0
231,218,218,133.8141375,131.8124307,4.301326764,0,-1999417.673,2847744.142,181,181,0.2392131288,817.945511,1.128526982,24.06212175,-1999893.351,2847960.966,165.8090424,1647.624159,0.1647624159,0.1647624159,0.001231278091,522.7640903,Retain,4.896451804,-1.430400372,-6.326852176,1.82541579,-1.338010299,10.08843573,-6.104949418,4.383271246,2,0,0,1,0,0
232,218,218,133.8141375,131.8124307,4.301326764,0,-1999417.673,2847744.142,184,184,0.2990175032,815.2969345,1.257648227,24.06212175,-1999909.999,2847870.691,243.938166,2882.387039,0.2882387039,0.2882387039,0.002154022805,508.330926,Retain,4.896451804,-1.207253168,-6.103704972,1.822172451,-1.229680035,10.08843573,-5.757921871,4.355273673,2,0,0,1,0,0
233,218,218,133.8141375,131.8124307,4.301326764,0,-1999417.673,2847744.142,185,185,0.7774464961,631.2228931,1.570048487,24.85364077,-2000177.784,2847810.188,388.2401453,5026.393876,0.5026393876,0.5026393876,0.00375625025,762.9749362,Retain,4.896451804,-0.2517404526,-5.148192256,1.566279106,-1.007817023,10.12079977,-5.345535628,4.761365533,2,0,0,1,0,0
234,218,218,133.8141375,131.8124307,4.301326764,0,-1999417.673,2847744.142,193,193,1.734312256,507.6875723,1.886058882,24.06253369,-2000005.351,2847664.061,798.0521236,12597.36179,1.259736179,1.259736179,0.009414073896,593.1091931,Retain,4.896451804,0.5506109405,-4.345840863,1.348486311,-0.8244341207,10.08845285,-4.556147456,4.509519246,2,0,0,1,0,0
235,218,218,133.8141375,131.8124307,4.301326764,0,-1999417.673,2847744.142,196,196,0.358824399,683.8203768,1.155521656,24.06255845,-1999978.893,2847545.609,245.3714357,3588.24399,0.358824399,0.358824399,0.002681513371,595.3010512,Retain,4.896451804,-1.024922149,-5.921373953,1.646315344,-1.314371633,10.08845388,-5.602748441,4.513207967,2,0,0,1,0,0
236,218,218,133.8141375,131.8124307,4.301326764,0,-1999417.673,2847744.142,208,208,4.186288209,467.7715878,2.699873833,24.06253369,-2000206.061,2847498.375,1506.634287,27941.99186,2.794199186,2.794199186,0.02088119565,825.8066703,Retain,4.896451804,1.431814472,-3.464637331,1.266600184,-0.4657184815,10.08845285,-3.802046172,4.840500943,2,0,0.042,0.958,0,0
237,218,218,133.8141375,131.8124307,4.301326764,0,-1999417.673,2847744.142,225,225,81.33362165,96.46127279,2.454048331,48.1236755,-1999337.729,2847535.947,8278.365954,776119.1222,77.61191222,77.61191222,0.5799978511,223.0157128,Retain,4.896451804,4.398559482,-0.4978923223,-0.3122383228,-0.561184484,10.78155033,0.3221091204,3.531385755,2,0.048,0.154,0.678,0.038,0.082
238,237,237,1.268380451,427.1532524,1.357074079,30.09960193,-1997761.379,2846523.101,253,253,0.9568967103,559.852655,1.544903442,24.06412671,-1997769.866,2846539.768,458.5786931,7397.668581,0.7397668581,0.7397668581,0.5832373542,18.70385664,Retain,0.2377408509,-0.04405982411,-0.281800675,0.2705307794,0.1296304419,-0.2237814011,0.3353938905,3.382277721,0,0.414,0.288,0.108,0.18,0.01
239,239,239,5.435916217,265.7842459,1.748077489,30.09960193,-1997958.89,2846588.46,255,255,5.38252816,345.6400524,2.262102531,24.06412671,-1997961.586,2846607.545,1596.606577,41063.89527,4.106389527,4.106389527,0.7554181049,19.27430306,Retain,1.693028083,1.683158182,-0.009869901398,0.2627130486,0.2577780979,-0.2237814011,1.124963796,2.684675544,3,0.42,0.04,0.046,0.428,0.066
240,242,242,0.1811972072,996.6909221,1.196826841,60.19920385,-1998060.225,2846299.504,263,263,0.1794190187,1099.345632,1.313601276,48.12945062,-1998056.896,2846305.941,162.2849291,1257.082657,0.1257082657,0.1257082657,0.6937649181,7.247196665,Retain,-1.708169298,-1.718031322,-0.009862024082,0.09802968772,0.09309867568,-0.2237606928,0.8159603475,3.407202294,3,0.206,0.042,0.002,0.712,0.038
241,267,267,4.348732973,276.8585895,1.62867504,42.56726527,-1997799.362,2845577.74,297,297,1.315767549,482.7161145,1.561983531,48.13128235,-1997931.438,2845599.291,576.0316561,7957.924787,0.7957924787,0.7957924787,0.1829941005,133.8227538,Retain,1.469884532,0.2744201825,-1.19546435,0.5559218576,-0.04181031725,0.1228440739,-1.491965854,4.733946341,2,0.002,0.148,0.846,0.004,0
242,267,267,4.348732973,276.8585895,1.62867504,42.56726527,-1997799.362,2845577.74,289,289,1.255957962,469.8838681,1.485501706,24.06569604,-1997683.375,2845655.726,454.8482865,4633.30342,0.463330342,0.463330342,0.1065437553,139.7675082,Retain,1.469884532,0.2278985976,-1.241985935,0.5289787064,-0.09201426087,-0.5702800513,-2.118318195,4.777410218,2,0.004,0.046,0.946,0.002,0.002
243,267,267,4.348732973,276.8585895,1.62867504,42.56726527,-1997799.362,2845577.74,295,295,0.3588461171,683.785168,1.155497127,24.06569604,-1997686.206,2845569.996,245.3736524,3588.46117,0.358846117,0.358846117,0.08251739512,113.4210576,Retain,1.469884532,-1.024861626,-2.494746158,0.9041369178,-0.3432361611,-0.5702800513,-2.397668031,4.56853856,2,0,0.054,0.944,0.002,0
244,271,271,0.452993018,664.4606148,1.261566261,0,-1997936.817,2845372.436,306,306,1.016737246,572.713816,1.629060055,48.13178134,-1997925.677,2845328.463,279.5226601,3897.821538,0.3897821538,0.3897821538,0.8604595177,45.36252274,Retain,-0.7918785664,0.01659872197,0.8084772883,-0.1485894625,0.2556491817,10.78171875,1.813132487,4.783012544,4,0.002,0.004,0.01,0.042,0.942
246,293,293,23.01204532,172.6551204,2.336426594,30.09960193,-1998181.809,2844641.063,336,336,20.51455849,214.6867267,2.743035005,34.59455967,-1998198.49,2844657.728,4463.925982,180077.6163,18.00776163,18.00776163,0.7825363363,23.57928725,Retain,3.136017788,3.021134804,-0.1148829839,0.2178837997,0.1604423077,0.1391801714,1.277197736,2.164767126,0,0.724,0.074,0.11,0.056,0.036
247,298,298,13.58979054,168.3300224,1.750503691,686.3765284,-2000065.662,2843410.544,342,342,13.21826481,199.7279035,2.048429565,380.5497396,-2000087.957,2843412.13,2583.455504,111707.2096,11.17072096,11.17072096,0.8219936083,22.35189886,Retain,2.609318815,2.581599571,-0.02771924462,0.1710294862,0.1571698639,-0.5898082912,1.525526921,2.374661551,0,0.646,0.124,0.038,0.142,0.05
248,310,310,15.40176261,132.892123,1.471226436,30.09960193,-2000543.266,2842253.94,349,349,19.08035033,142.8420388,1.760128117,24.84959512,-2000558.722,2842307.888,2096.642643,141076.2228,14.10762228,14.10762228,0.9159745307,56.11837969,Retain,2.734481958,2.948659027,0.2141770687,0.07220170254,0.1792902369,-0.1916634683,2.378128847,3.232605166,4,0.088,0.008,0.012,0.016,0.876
250,311,311,1.087183243,553.717179,1.62867504,30.09960193,-2000420.536,2841975.194,351,351,0.3588819151,683.7274937,1.155457295,49.69814487,-2000441.361,2841921.195,223.6857621,2991.467071,0.2991467071,0.2991467071,0.2751575771,57.87558983,Retain,0.08359017095,-1.024761872,-1.108352043,0.210905388,-0.3432706334,0.5014425581,-0.9663613087,4.588882839,1,0.006,0.554,0.432,0.008,0
251,315,315,1.630774865,369.144786,1.329807601,95.18329875,-2000595.281,2841747.775,357,357,0.1794416953,1090.4918950000001,1.303104342,0,-2000697.947,2841780.18,37.58798307,85.87693056,0.008587693056,0.008587693056,0.005266020001,107.658434,Retain,0.4890552792,-1.717904941,-2.20696022,1.083195212,-0.02028489779,-11.46357028,-5.068338749,5.006810159,2,0.004,0.078,0.91,0.006,0.002
252,315,315,1.630774865,369.144786,1.329807601,95.18329875,-2000595.281,2841747.775,359,359,1.256092876,429.0266632,1.356407642,0,-2000595.818,2841759.14,504.7234825,10813.70905,1.081370905,1.081370905,0.6631025092,11.37752763,Retain,0.4890552792,0.2280060111,-0.2610492681,0.150330128,0.01980549394,-11.46357028,0.675693951,2.759565341,0,0.688,0.054,0.13,0.118,0.01
253,319,319,1.268380451,427.1532523,1.357074079,67.304756,-2002222.57,2840361.282,366,366,1.734667438,366.1767297,1.360485517,69.19331398,-2002224.251,2840383.67,501.1851768,10647.7169,1.06477169,1.06477169,0.8394734324,22.45022986,Retain,0.2377408509,0.5508157164,0.3130748654,-0.1540267687,0.002510664007,0.02767293075,1.649295709,3.564839912,4,0.008,0,0,0.078,0.914
254,320,320,0.3623944145,664.4606147,1.128379167,30.09960193,-2001973.174,2840324.733,367,367,0.8374265632,469.1949383,1.211216428,24.84784206,-2001981.465,2840361.706,174.6350409,1628.800099,0.1628800099,0.1628800099,0.4494550782,37.89102273,Retain,-1.015022117,-0.1774217049,0.8376004125,-0.3479572769,0.07084292932,-0.1917340148,-0.2024649327,4.71461661,4,0,0.004,0.008,0.05,0.938
255,321,321,0.1811972072,996.6909224,1.196826841,90.29880578,-2001837.726,2840294.633,368,368,0.358897738,817.8522621,1.382150349,24.84784206,-2001860.911,2840302.791,181.5236924,1058.245712,0.1058245712,0.1058245712,0.5840298139,24.57918282,Retain,-1.708169298,-1.024717783,0.6834515151,-0.1977590026,0.143966755,-1.290324155,0.3386480868,4.628390134,4,0.002,0,0,0.37,0.628
256,322,322,0.5435916216,553.717179,1.151647165,30.09960193,-2002048.423,2840234.434,369,369,0.5383477903,545.2340537,1.128520644,48.14603902,-2002051.827,2840238.318,269.6983253,4495.779012,0.4495779012,0.4495779012,0.8270508288,5.164787239,Retain,-0.6095570095,-0.6192504774,-0.009693467852,-0.01543889037,-0.0202856243,0.4697144724,1.560311403,2.519200957,3,0.136,0.02,0.01,0.688,0.146
257,324,324,0.5435916217,553.717179,1.151647165,1941.365991,-1999038.463,2839903.338,372,372,0.3589032508,683.6929289,1.155433226,2307.815178,-1999043.182,2839911.938,240.4711107,3400.429519,0.3400429519,0.3400429519,0.6255485521,9.809573922,Retain,-0.6095570095,-1.024702423,-0.4151454138,0.2108548334,0.00328212647,0.1729093407,0.5120971059,3.160604223,1,0.2,0.598,0.008,0.194,0
258,12,12,0.7247888289,581.4030379,1.396297981,120.3984077,-2003485.679,2851645.946,8,8,0.597965671,654.3947938,1.427489852,108.3090538,-2003476.948,2851656.743,373.4274265,4304.843516,0.4304843516,0.4304843516,0.5939445179,13.8858393,Retain,-0.321874937,-0.514221933,-0.192346996,0.1182666163,0.02209311834,-0.1058166304,0.3795186582,3.36424399,3,0.282,0.172,0.012,0.526,0.008
259,19,19,0.1811972073,996.690922,1.196826841,30.09960193,-2003132.008,2851491.685,16,16,0.2989846147,820.6671486,1.265862508,24.05652341,-2003126.508,2851512.831,122.2628513,933.1199086,0.09331199086,0.09331199086,0.514974774,21.84908692,Retain,-1.708169298,-1.207363163,0.5008061351,-0.1943231085,0.05607995898,-0.2240973979,0.05979734885,4.510654491,3,0,0,0,0.654,0.346
260,20,20,3.714542748,388.952555,2.114678632,30.09960192,-2002929.387,2851557.39,11,11,1.43511753,476.0475331,1.608752081,24.05652341,-2003085.574,2851648.432,564.1659612,7245.19247,0.724519247,0.724519247,0.1950493765,180.7841154,Retain,1.312255588,0.361246748,-0.9510088399,0.2020603391,-0.2734440809,-0.2240973978,-1.413655931,5.113546267,2,0.008,0.092,0.892,0.004,0.004
261,20,20,3.714542748,388.952555,2.114678632,30.09960192,-2002929.387,2851557.39,17,17,2.391871902,451.2338833,1.968637393,24.05674775,-2002869.715,2851547.936,981.8274468,15507.72734,1.550772734,1.550772734,0.4174868454,60.41576313,Retain,1.312255588,0.872076282,-0.440179306,0.1485284237,-0.07156122926,-0.2240880724,-0.332421539,4.017503751,1,0.098,0.442,0.418,0.038,0.004
262,21,21,1.630774865,369.144786,1.329807601,90.29880578,-2002526.672,2851515.096,18,18,1.973295508,372.2201236,1.474996469,99.42661138,-2002529.246,2851551.61,590.3013888,12032.02895,1.203202895,1.203202895,0.7378105468,36.60491594,Retain,0.4890552791,0.6797049918,0.1906497127,0.008296468312,0.1036213247,0.09629454597,1.032167396,3.928047168,4,0.01,0.002,0,0.348,0.64
263,39,39,2.899155315,373.7590958,1.795240262,30.09960193,-2003553.403,2851345.89,21,21,1.734110977,367.147009,1.363871663,24.05677967,-2003552.447,2851428.562,602.4004354,10710.54535,1.071054535,1.071054535,0.3694367561,82.67702966,Retain,1.064419424,0.5504948772,-0.5139245469,-0.01784912372,-0.2748113972,-0.224086746,-0.5335153542,4.455109134,2,0.022,0.27,0.644,0.054,0.01
264,28,28,0.5435916216,553.717179,1.151647165,60.19920385,-2002906.261,2851356.237,28,28,0.5381733744,545.3269488,1.128530061,24.05674775,-2002914.808,2851396.199,200.5561446,2435.686159,0.2435686159,0.2435686159,0.4480727926,40.86555483,Retain,-0.6095570096,-0.6195745135,-0.01001750388,-0.01526852835,-0.02027728028,-0.917218642,-0.2080413643,4.587455446,3,0,0.034,0.036,0.87,0.06
265,39,39,2.899155315,373.7590958,1.795240262,30.09960193,-2003553.403,2851345.89,32,32,1.195943811,532.3617903,1.642318302,24.05677967,-2003553.914,2851283.001,584.0923168,8463.57222,0.846357222,0.846357222,0.2919323492,62.89135537,Retain,1.064419424,0.1789356737,-0.8854837504,0.3537118541,-0.08903002105,-0.224086746,-0.8840092467,4.181579851,2,0.038,0.322,0.63,0.008,0.002
266,51,51,3.895739955,262.6937314,1.462647783,42.56726526,-2002774.313,2851079.741,43,43,3.647650386,295.0116897,1.589428134,34.59174897,-2002775.788,2851112.259,1000.49388,28031.41557,2.803141557,2.803141557,0.719540213,32.55172578,Retain,1.359883637,1.294083231,-0.06580040641,0.1160261475,0.08312594432,-0.2074649359,0.9400116418,3.375284231,0,0.522,0.078,0.04,0.318,0.042
267,53,53,8.063275721,231.4413377,1.853923264,85.13453054,-2003156.697,2851050.506,44,44,7.175715945,265.956396,2.009731902,88.74432244,-2003163.442,2851074.55,1753.840903,58309.78376,5.830978376,5.830978376,0.7231525471,24.97154295,Retain,2.087319891,1.97070254,-0.116617351,0.13900593,0.08069725449,0.04152625849,0.9579298379,2.746481937,0,0.684,0.072,0.04,0.182,0.022
268,62,62,8.063275721,186.6462401,1.495099406,90.29880578,-2003556.785,2850958.516,52,52,9.208844173,196.0952377,1.678667479,24.05697926,-2003563.76,2850982.607,1505.138307,74461.27129,7.446127129,7.446127129,0.9234618022,25.08020888,Retain,2.087319891,2.220164345,0.1328444544,0.04938538691,0.1158076141,-1.32266859,2.478441043,2.750823913,4,0.116,0.008,0.01,0.04,0.826
269,80,80,0.9965846396,483.2440835,1.360876479,90.29880578,-2003668.329,2850313.696,79,79,1.076377972,455.9144243,1.334322475,102.292426,-2003674.316,2850333.795,431.1997334,7152.153309,0.7152153309,0.7152153309,0.7176664204,20.97170379,Retain,-0.003421206014,0.07360167495,0.07702288097,-0.058216749,-0.01970530851,0.1247100995,0.9307723706,3.617297319,3,0.038,0.002,0.004,0.722,0.234
270,85,85,0.3623944144,664.4606148,1.128379167,90.29880578,-2003478.154,2850227.502,81,81,0.2391962422,817.9759224,1.128529106,74.56711464,-2003475.939,2850239.342,184.2346805,2105.531804,0.2105531804,0.2105531804,0.5810055894,12.04578816,Retain,-1.015022118,-1.430470967,-0.4154488491,0.2078572955,1.328709907e-4,-0.1914223114,0.3262386485,3.568674083,1,0.226,0.44,0.022,0.312,0
271,84,84,1.087183243,442.9737432,1.302940032,150.4980096,-2002519.983,2850292.718,83,83,1.076380819,499.1338624,1.460814522,149.1342928,-2002533.418,2850322.393,375.7066419,6107.936301,0.6107936301,0.6107936301,0.5618129546,32.57497691,Retain,0.08359017096,0.07360432058,-0.009985850383,0.1193638232,0.114370898,-0.009102604181,0.2480219492,4.01414497,3,0.05,0.136,0.01,0.76,0.044
272,102,102,22.4684537,235.7763472,3.152694546,30.09960193,-2002993.526,2850221.433,82,82,0.5381908093,637.6856333,1.319683659,0,-2003337.693,2850262.918,287.0516595,3351.456202,0.3351456202,0.3351456202,0.01491627438,346.6586414,Retain,3.112112267,-0.6195421175,-3.731654385,0.9949617499,-0.8708654426,-10.31230045,-4.126399134,4.864652247,2,0,0.002,0.998,0,0
273,102,102,22.4684537,235.7763472,3.152694546,30.09960193,-2002993.526,2850221.433,90,90,21.46785732,252.8746388,3.305176784,0,-2002987.379,2850235.504,5332.57961,184804.1866,18.48041866,18.48041866,0.8225051403,15.35446144,Retain,3.112112267,3.066556808,-0.04555545908,0.07001019287,0.04723246333,-10.31230045,1.529009988,1.747780014,0,0.476,0.178,0.16,0.108,0.078
275,111,111,0.3623944144,664.4606148,1.128379167,30.09960193,-2002936.361,2849776.008,94,94,0.3587992237,679.4225152,1.14804986,24.05895603,-2002949.893,2849802.887,163.2017737,1660.036292,0.1660036292,0.1660036292,0.4580744698,30.09298857,Retain,-1.015022118,-1.024992312,-0.009970194828,0.02226758907,0.01728249166,-0.223996286,-0.1677597251,4.484201438,3,0,0.01,0.002,0.962,0.026
276,114,114,0.9059860361,465.1224303,1.248886881,90.29880578,-2001723.347,2849709.789,109,109,1.076401245,452.9482342,1.325655673,48.11839599,-2001726.986,2849720.355,418.4706989,7619.105921,0.7619105921,0.7619105921,0.8409738802,11.17581177,Retain,-0.0987313858,0.07362329668,0.1723546825,-0.02652281633,0.05965452491,-0.6294499708,1.660411942,3.035571891,4,0.16,0,0,0.306,0.534
277,112,112,0.6341902253,569.5376698,1.279461712,30.09960193,-2000272.546,2849760.958,110,110,0.6578016237,592.4659771,1.355520076,24.05943362,-2000292.802,2849801.767,243.085847,2183.619928,0.2183619928,0.2183619928,0.3443162385,45.55914762,Retain,-0.4554063297,-0.4188518768,0.03655445291,0.03946852273,0.05774574919,-0.2239764364,-0.6427419351,4.619101486,3,0.006,0.022,0.006,0.91,0.056
279,118,118,5.254719009,366.5989599,2.370615094,30.09960193,-2000170.311,2849688.304,119,119,1.315609671,519.3145017,1.680308588,24.05943362,-2000304.767,2849616.901,599.6976741,9283.499785,0.9283499785,0.9283499785,0.1766697661,152.2392279,Retain,1.659126532,0.2743001866,-1.384826345,0.3482411778,-0.3441719948,-0.2239764364,-1.534644638,4.768261397,2,0.002,0.016,0.982,0,0
280,118,118,5.254719009,366.5989599,2.370615094,30.09960193,-2000170.311,2849688.304,116,116,3.289011709,401.3056839,2.053066841,24.05922127,-2000110.644,2849750.281,1169.520077,23786.04839,2.378604839,2.378604839,0.4526607102,86.03093551,Retain,1.659126532,1.190587127,-0.4685394045,0.09045494277,-0.1438147595,-0.2239852618,-0.1895446529,4.197520248,2,0.092,0.236,0.664,0.004,0.004
281,126,126,3.352148334,269.3759249,1.391282943,30.09960192,-2001441.55,2849483.554,122,122,3.229225163,288.0491528,1.460194924,49.70999738,-2001445.065,2849516.486,858.5785688,24140.46878,2.414046878,2.414046878,0.7201491812,33.1193713,Retain,1.209601434,1.172242221,-0.03735921313,0.06702324079,0.04834363422,0.5016810149,0.9430223904,3.467712766,3,0.15,0.04,0.008,0.748,0.054
282,128,128,0.5435916217,553.7171789,1.151647165,300.9960193,-2001973.174,2849369.663,121,121,0.4186045038,701.1128082,1.279631485,259.4576603,-2001973.054,2849410.73,187.1446615,2184.539291,0.2184539291,0.2184539291,0.4018714057,41.06680339,Retain,-0.6095570094,-0.8708287099,-0.2612717005,0.2360147497,0.1053788995,-0.1485029773,-0.3968588384,4.59236789,3,0.046,0.428,0.028,0.492,0.006
283,129,129,0.452993018,664.4606148,1.261566261,30.09960192,-2001271.853,2849357.623,129,129,0.2990027944,820.6244473,1.265835125,49.70999738,-2001272.503,2849394.201,134.3908062,866.6817284,0.08666817285,0.08666817285,0.1913234187,36.58359215,Retain,-0.7918785663,-1.20730236,-0.4154237935,0.2110899657,0.003378068918,0.5016810149,-1.437456458,4.567931398,1,0.02,0.79,0.02,0.17,0
284,130,130,1.358979054,487.2711175,1.602404365,0,-2002437.711,2849365.65,128,128,1.913619793,409.813389,1.599223041,372.8252627,-2002471.768,2849373.14,576.6664002,9537.929967,0.9537929967,0.9537929967,0.701845252,34.87094324,Retain,0.3067337224,0.6489966282,0.3422629058,-0.1731187702,-0.001987317333,12.82886781,0.8541757509,3.970680669,4,0.012,0.002,0.006,0.114,0.866
286,134,134,0.452993018,664.4606148,1.261566261,60.19920386,-2000073.889,2849315.484,134,134,0.8372128842,522.9854659,1.349903239,24.85488504,-2000074.883,2849327.092,300.5181745,4014.764176,0.4014764176,0.4014764176,0.8862750675,11.65053257,Retain,-0.7918785664,-0.1776768989,0.6142016675,-0.2394219323,0.06767890151,-0.8845811918,2.045617672,3.423741949,4,0.002,0,0,0.012,0.986
287,139,139,0.6341902253,569.5376698,1.279461712,277.5046181,-2001016.436,2849081.567,137,137,1.076421414,455.898636,1.334303193,48.12069018,-2000988.532,2849120.627,308.3333969,2040.772497,0.2040772497,0.2040772497,0.3217918561,48.00313566,Retain,-0.4554063297,0.07364203379,0.5290483635,-0.2225544307,0.04196975105,-1.752108164,-0.7439199182,4.671355275,4,0.002,0.002,0.022,0.174,0.8
288,146,146,1.540176261,351.7732667,1.23152466,42.56726527,-2000380.551,2848854.429,147,147,1.554845407,408.4676839,1.436800195,34.59281057,-2000380.619,2848856.241,562.7501357,13236.06012,1.323606012,1.323606012,0.8593860621,1.812927266,Retain,0.4318968653,0.441376124,0.009479258686,0.1494259628,0.1541655922,-0.2074342481,1.80427659,0.951910765,3,0.354,0.018,0.006,0.534,0.088
289,154,154,0.1811972072,996.6909221,1.196826841,818.7976958,-2002876.162,2848466.675,152,152,0.4784169211,714.0518275,1.393246847,803.2958383,-2002877.447,2848475.485,180.6769764,1465.162394,0.1465162394,0.1465162394,0.8086009802,8.902732041,Retain,-1.708169298,-0.7372727068,0.9708965912,-0.3334851667,0.1519631289,-0.01911395367,1.436970066,3.612920111,4,0,0,0.002,0.02,0.978
290,164,164,12.68380451,194.5920372,1.954991631,90.29880578,-2000411.649,2848445.39,162,162,12.25949527,212.1816813,2.095748913,34.59302714,-2000415.725,2848458.095,2380.439272,102318.3323,10.23183323,10.23183323,0.8066848731,13.34190687,Retain,2.540325944,2.506300761,-0.03402518284,0.08653764503,0.06952505361,-0.9594542685,1.424690768,1.893186894,0,0.408,0.172,0.07,0.268,0.082
291,187,187,54.08736636,87.92694902,1.824168657,673.04756,-2006475.383,2848483.414,169,169,49.2167712,112.9792794,2.23588997,681.4493273,-2006467.529,2848501.426,5499.693033,477006.442,47.7006442,47.7006442,0.8819184112,19.65031338,Retain,3.990600635,3.896234444,-0.09436619111,0.2506980885,0.203514993,0.01240587959,2.003423918,1.5552088,0,0.448,0.176,0.258,0.062,0.056
292,268,268,534.8941557,62.91217542,4.104532484,0,-2002492.606,2846529.452,282,282,479.8196646,79.2035542,4.894166726,0,-2002532.969,2846526.186,39615.15572,4627586.977,462.7586977,462.7586977,0.8651406876,40.4946974,Retain,6.282068888,6.173410334,-0.1086585531,0.2302814613,0.1759521848,0,1.85242747,1.132526231,1,0.258,0.472,0.196,0.04,0.034
293,211,211,2.446162298,393.7544384,1.737253376,30.09960193,-2001450.89,2847257.117,201,201,0.1196083959,1220.299044,1.190535013,102.2840506,-2001411.32,2847357.642,118.7203577,856.9800705,0.08569800704,0.08569800704,0.03503365542,108.0329357,Retain,0.8945203873,-2.12353224,-3.018052628,1.131123764,-0.3779025498,1.22321836,-3.288675619,4.807550146,2,0,0.26,0.74,0,0
294,211,211,2.446162298,393.7544384,1.737253376,30.09960193,-2001450.89,2847257.117,205,205,0.1196087063,1220.298647,1.19053617,102.2840506,-2001530.729,2847277.674,98.01693768,599.7054176,0.05997054176,0.05997054176,0.02451617451,82.44281274,Retain,0.8945203873,-2.123529645,-3.018050032,1.131123439,-0.3779015776,1.22321836,-3.644645641,4.537221753,2,0,0.258,0.742,0,0
295,268,268,534.8941557,62.91217542,4.104532484,0,-2002492.606,2846529.452,206,206,3.1098176300000002,504.3636419,2.50903258,24.85335412,-2000489.585,2847428.132,1409.02407,14935.39558,1.493539558,1.493539558,0.002792215137,2195.386357,Retain,6.282068888,1.134564085,-5.147504803,2.081557807,-0.4921945946,10.12078823,-5.573011139,5.125444282,2,0.002,0.056,0.942,0,0
296,268,268,534.8941557,62.91217542,4.104532484,0,-2002492.606,2846529.452,213,213,0.1794135289,1090.582449,1.303110267,24.06289928,-2000716.16,2847261.412,195.6652458,1794.135289,0.1794135289,0.1794135289,3.354187497e-4,1921.334801,Retain,6.282068888,-1.71806192,-8.000130808,2.852727477,-1.147337927,10.08846804,-6.619174727,4.992106452,2,0,0,1,0,0
297,268,268,534.8941557,62.91217542,4.104532484,0,-2002492.606,2846529.452,215,215,0.1794135918,1090.58221,1.303110209,0,-2000770.452,2847201.681,196.6041733,995.4298785,0.09954298786,0.09954298786,1.860984772e-4,1848.7038,Retain,6.282068888,-1.71806157,-8.000130457,2.852727257,-1.147337972,0,-6.737899519,4.953571064,2,0,0,1,0,0
298,268,268,534.8941557,62.91217542,4.104532484,0,-2002492.606,2846529.452,216,216,5.26279372,223.6742833,1.447502413,69.18722259,-2001920.283,2847160.433,1124.843401,47173.15215,4.717315215,4.717315215,0.008819156397,851.8752556,Retain,6.282068888,1.660662011,-4.621406876,1.268451188,-1.04225225,11.14458593,-4.615570181,4.178771776,2,0,0,1,0,0
299,15,15,0.5435916216,553.717179,1.151647165,60.19920385,-2003884.498,2851551.884,10,10,0.4185764433,704.9615244,1.28661282,69.18307176,-2003889.854,2851564.553,268.1045469,3405.073621,0.3405073621,0.3405073621,0.6264028888,13.75391177,Retain,-0.6095570095,-0.8708957455,-0.261338736,0.2414891769,0.1108198089,0.1390949208,0.515737822,3.498539428,3,0.24,0.34,0.024,0.39,0.006
300,26,26,3.170951126,246.7996569,1.23975079,60.19920386,-2004254.294,2851378.597,20,20,2.870252381,290.5414221,1.388555263,49.71327206,-2004261.42,2851388.895,797.9409937,26039.62856,2.603962856,2.603962856,0.8211929961,12.52367061,Retain,1.154031583,1.054399964,-0.09963161907,0.1631692533,0.1133534438,-0.1913836825,1.520091081,2.523049499,0,0.742,0.05,0.022,0.166,0.02
301,27,27,1.358979054,354.3789945,1.165384993,30.09960193,-2003734,2851356.237,24,24,1.375328852,392.9583595,1.300004564,24.85661368,-2003739.377,2851386.425,441.9786575,8305.293503,0.8305293503,0.8305293503,0.6111421274,30.66310176,Retain,0.3067337224,0.3186928675,0.01195914509,0.1033367043,0.1093162769,-0.191381078,0.4511822466,3.842090729,3,0.082,0.094,0.018,0.7,0.106
302,35,35,1.630774865,406.0592646,1.462788361,60.19920386,-2004033.324,2851369.615,27,27,1.255735486,504.4644374,1.594684259,49.71327206,-2004042.624,2851394.072,565.2306287,9432.020099,0.9432020099,0.9432020099,0.5783765928,26.16602032,Retain,0.4890552791,0.2277214452,-0.2613338339,0.2169982257,0.08633130876,-0.1913836825,0.3154711932,3.592337155,1,0.226,0.422,0.162,0.182,0.008
303,38,38,0.6341902253,569.5376698,1.279461712,67.30475601,-2004606.889,2851265.938,26,26,0.3587822799,817.989828,1.382160457,48.11371142,-2004601.354,2851284.275,263.8720874,2920.257531,0.2920257531,0.2920257531,0.4604702839,19.15369734,Retain,-0.4554063297,-1.025039537,-0.5696332074,0.3620249753,0.0772083716,-0.3356577796,-0.1581319527,3.752616085,1,0.036,0.792,0.042,0.13,0
304,58,58,4.620528784,338.7446271,2.054060937,60.19920385,-2004811.684,2851015.698,42,42,3.767240829,389.0935824,2.130398403,49.71308644,-2004824.832,2851020.297,1392.330052,31481.45544,3.148145544,3.148145544,0.6813388015,13.92891822,Retain,1.530509154,1.326342858,-0.204166296,0.1385733751,0.03649022708,-0.191387416,0.7582646306,2.441149283,0,0.796,0.044,0.05,0.1,0.01
305,61,61,1.26838045,379.6917799,1.20628807,90.29880578,-2004338.142,2850810.144,50,50,1.734139065,393.9676226,1.463516289,108.3126119,-2004354.575,2850823.622,443.9993512,9905.024328,0.9905024328,0.9905024328,0.7809190314,21.25298688,Retain,0.2377408508,0.5505110741,0.3127702233,0.0369089119,0.1932940236,0.1818955231,1.267755677,3.510039013,4,0.004,0.002,0,0.028,0.966
306,67,67,0.9059860361,465.1224303,1.248886881,95.18329875,-2003914.598,2850648.896,59,59,0.7175778642,545.3217914,1.30311408,110.4550539,-2003922.935,2850672.799,340.4326784,5553.329884,0.5553329883,0.5553329883,0.6129597656,25.3149787,Retain,-0.09873138575,-0.3318738157,-0.2331424299,0.1590754014,0.04250418639,0.1488027407,0.4588203666,3.853166401,3,0.214,0.24,0.02,0.516,0.01
307,71,71,0.3623944144,664.4606148,1.128379167,95.18329875,-2004080.146,2850558.598,66,66,0.3587900786,679.4262721,1.148041578,110.4550539,-2004095.074,2850573.392,183.7378361,2080.799382,0.2080799382,0.2080799382,0.5741808647,21.01663339,Retain,-1.015022118,-1.025017801,-0.009995683094,0.0222731185,0.01727527695,0.1488027407,0.2983241859,4.125237772,3,0.006,0.006,0.002,0.96,0.026
308,70,70,1.26838045,474.6147249,1.507860088,85.13453053,-2004471.441,2850580.097,68,68,2.272335326,366.9930921,1.56059125,69.18385201,-2004479.579,2850579.869,601.7488542,12368.18715,1.236818715,1.236818715,0.9751165071,8.141336111,Retain,0.2377408508,0.8208080806,0.5830672298,-0.2571603442,0.03437327072,-0.2074625264,3.629976527,2.550571648,4,0.036,0,0.002,0.014,0.948
309,74,74,22.6496509,151.4970202,2.033901492,60.19920385,-2005298.939,2850685.136,65,65,21.10869673,192.8978358,2.500075553,69.18361657,-2005300.197,2850691.766,4116.481542,193953.4099,19.39534099,19.39534099,0.8563196435,6.748512076,Retain,3.120144439,3.049685123,-0.07045931624,0.2415947446,0.2063650865,0.1391027955,1.779283958,0.9217629406,0,0.664,0.128,0.066,0.078,0.064
310,75,75,0.5435916217,553.717179,1.151647165,30.09960192,-2004591.839,2850423.149,70,70,0.4783882756,613.4849192,1.196986419,24.8559662,-2004594.526,2850448.011,237.5132804,3240.458359,0.3240458359,0.3240458359,0.596119997,25.00610589,Retain,-0.6095570095,-0.7373325841,-0.1277755747,0.1025016332,0.03861384587,-0.1914071256,0.3885273587,4.096303468,3,0.038,0.078,0.006,0.856,0.022
311,79,79,3.623944144,315.618792,1.69491791,30.09960192,-2004771.684,2850395.307,75,75,3.647714031,281.8179484,1.518357744,24.8559662,-2004795.26,2850396.974,1028.816088,29843.53247,2.984353247,2.984353247,0.8235097253,23.63514549,Retain,1.287562975,1.294100679,0.00653770328,-0.1132738416,-0.11000499,-0.1914071256,1.53587312,3.091360584,3,0.212,0.04,0.118,0.54,0.09
312,83,83,0.5435916216,775.2040506,1.612306031,162.091317,-2004371.109,2850262.618,77,77,0.5381905579,733.0171893,1.51697095,156.7047217,-2004370.675,2850274.502,354.7884148,3419.106459,0.3419106459,0.3419106459,0.6289843925,11.89152181,Retain,-0.6095570096,-0.6195425847,-0.009985575151,-0.05595713356,-0.06094992112,-0.03379636877,0.5267592362,3.353053231,3,0.04,0.032,0.012,0.862,0.054
313,87,87,0.8153874325,590.6316576,1.504505556,95.18329875,-2005071.761,2850215.796,80,80,0.9567815751,511.2360015,1.410661778,74.56734536,-2005086.276,2850226.684,419.3374708,5883.029544,0.5883029544,0.5883029544,0.7215011305,18.14525427,Retain,-0.2040919014,-0.04418015281,0.1599117486,-0.1443612442,-0.06440536995,-0.2440989068,0.9497207369,3.572875057,3,0.072,0.002,0.016,0.518,0.392
314,91,91,2.899155315,332.2303074,1.595769122,134.609512,-2004000.194,2850164.481,84,84,2.571358606,362.3617019,1.639149943,143.7166298,-2004008.769,2850188.711,869.3307286,20454.94345,2.045494345,2.045494345,0.7055483831,25.70312044,Retain,1.064419424,0.9444343999,-0.1199850242,0.08681446427,0.02682195219,0.06546495837,0.8718865922,3.286806538,3,0.338,0.088,0.004,0.544,0.026
315,125,125,42.5813437,115.9271711,2.133978242,124.103838,-2005924.995,2849923.816,107,107,41.26146355,138.9900797,2.518553532,74.56734536,-2005923.559,2849944.859,5596.434222,378196.8165,37.81968165,37.81968165,0.8881749229,21.09189778,Retain,3.751416216,3.719928978,-0.03148723766,0.1814404033,0.1656967845,-0.5094105841,2.06445535,1.745593221,0,0.478,0.2,0.218,0.058,0.046
